relative_path,original_filename,source_folder,resolved_title,resolved_artist,resolved_album,duration_seconds,file_hash,file_size,action,reason,duplicate_status,duplicate_group,representative,representative_reason,bitrate,sample_rate,has_cover,metadata_status
Sunnify/01 - Gino e Geno/A Galera Do Chapéu - Ao Vivo - Gino & Geno.mp3,A Galera Do Chapéu - Ao Vivo - Gino & Geno.mp3,Sunnify/01 - Gino e Geno,A Galera Do Chapéu - Ao Vivo,Gino & Geno,,195,097f6c3c9a0b4264ccc2b612c2abecb932862bd52f3d9b7566c78e802977fdbb,4737761,IMPORT,preserved,UNIQUE,,Sunnify/01 - Gino e Geno/A Galera Do Chapéu - Ao Vivo - Gino & Geno.mp3,"sem erro de leitura; metadata GOOD; título HIGH; artista HIGH; cover presente; bitrate 192 kbps; sample rate 44100 Hz; desempate final por relative_path",192000,44100,true,GOOD
Sunnify/01 - Gino e Geno/A Mulher E A Bebida - Gino & Geno.mp3,A Mulher E A Bebida - Gino & Geno.mp3,Sunnify/01 - Gino e Geno,A Mulher E A Bebida,Gino & Geno,,240,ce98441145bac2877d4701d9c6c8ba780454a720a41338cbd88c1d2c3c23429e,5816381,IMPORT,preserved,UNIQUE,,Sunnify/01 - Gino e Geno/A Mulher E A Bebida - Gino & Geno.mp3,"sem erro de leitura; metadata GOOD; título HIGH; artista HIGH; cover presente; bitrate 192 kbps; sample rate 44100 Hz; desempate final por relative_path",192000,44100,true,GOOD
Sunnify/01 - Gino e Geno/Acidente De Amor - Ao Vivo - Gino & Geno.mp3,Acidente De Amor - Ao Vivo - Gino & Geno.mp3,Sunnify/01 - Gino e Geno,Acidente De Amor - Ao Vivo,Gino & Geno,,238,1365724cbec5c6c31bef016be11f67aeba60c59f62624aee63659505ccb319fe,5768849,IMPORT,preserved,UNIQUE,,Sunnify/01 - Gino e Geno/Acidente De Amor - Ao Vivo - Gino & Geno.mp3,"sem erro de leitura; metadata GOOD; título HIGH; artista HIGH; cover presente; bitrate 192 kbps; sample rate 44100 Hz; desempate final por relative_path",192000,44100,true,GOOD
Sunnify/01 - Gino e Geno/Agita Aí - Ao Vivo - Gino & Geno.mp3,Agita Aí - Ao Vivo - Gino & Geno.mp3,Sunnify/01 - Gino e Geno,Agita Aí - Ao Vivo,Gino & Geno,,199,4be42d7d3dc935409a7b0cd26508b708fc39d37556b24ff138d53ce5d107dc52,4849448,IMPORT,preserved,UNIQUE,,Sunnify/01 - Gino e Geno/Agita Aí - Ao Vivo - Gino & Geno.mp3,"sem erro de leitura; metadata GOOD; título HIGH; artista HIGH; cover presente; bitrate 192 kbps; sample rate 44100 Hz; desempate final por relative_path",192000,44100,true,GOOD
Sunnify/01 - Gino e Geno/Aí É Só Bebendo - Gino & Geno.mp3,Aí É Só Bebendo - Gino & Geno.mp3,Sunnify/01 - Gino e Geno,Aí É Só Bebendo,Gino & Geno,,196,8dd08ef6c41e9c34d55387fec268406d05da0f69533748dcbea610d6fc3f0bce,4748319,IMPORT,preserved,UNIQUE,,Sunnify/01 - Gino e Geno/Aí É Só Bebendo - Gino & Geno.mp3,"sem erro de leitura; metadata GOOD; título HIGH; artista HIGH; cover presente; bitrate 192 kbps; sample rate 44100 Hz; desempate final por relative_path",192000,44100,true,GOOD
"Sunnify/01 - Gino e Geno/Arrependida - Ao Vivo - Gino & Geno, Matao, Monteiro.mp3","Arrependida - Ao Vivo - Gino & Geno, Matao, Monteiro.mp3",Sunnify/01 - Gino e Geno,Arrependida - Ao Vivo,"Gino & Geno, Matao, Monteiro",,200,38c27331de11d0317ea5e68cf748db754375fbc89ddd4a6780a6c983ff5c7d48,4865805,IMPORT,preserved,UNIQUE,,"Sunnify/01 - Gino e Geno/Arrependida - Ao Vivo - Gino & Geno, Matao, Monteiro.mp3","sem erro de leitura; metadata GOOD; título HIGH; artista HIGH; cover presente; bitrate 192 kbps; sample rate 44100 Hz; desempate final por relative_path",192000,44100,true,GOOD
Sunnify/01 - Gino e Geno/Bebo Pa Carai - Ao Vivo - Gino & Geno.mp3,Bebo Pa Carai - Ao Vivo - Gino & Geno.mp3,Sunnify/01 - Gino e Geno,Bebo Pa Carai - Ao Vivo,Gino & Geno,,224,b2ea25c6eb7b7eccfbabb0f026366caa82d7ba79103bd9aac64f7f604f8b8ac8,5442510,IMPORT,preserved,UNIQUE,,Sunnify/01 - Gino e Geno/Bebo Pa Carai - Ao Vivo - Gino & Geno.mp3,"sem erro de leitura; metadata GOOD; título HIGH; artista HIGH; cover presente; bitrate 192 kbps; sample rate 44100 Hz; desempate final por relative_path",192000,44100,true,GOOD
Sunnify/01 - Gino e Geno/Bebo Pa Carai - Gino & Geno.mp3,Bebo Pa Carai - Gino & Geno.mp3,Sunnify/01 - Gino e Geno,Bebo Pa Carai,Gino & Geno,,224,4a08f79bf0274fffaedb61835345baa59263d4f3155cd210fc8338743dd1d6fa,5429160,IMPORT,preserved,UNIQUE,,Sunnify/01 - Gino e Geno/Bebo Pa Carai - Gino & Geno.mp3,"sem erro de leitura; metadata GOOD; título HIGH; artista HIGH; cover presente; bitrate 192 kbps; sample rate 44100 Hz; desempate final por relative_path",192000,44100,true,GOOD
Sunnify/01 - Gino e Geno/Bola Da Vez - Gino & Geno.mp3,Bola Da Vez - Gino & Geno.mp3,Sunnify/01 - Gino e Geno,Bola Da Vez,Gino & Geno,,194,98e18717ad809cbbb8a00b0a3d5f8426ce3fb70d84216069d383b17ecbc1bf20,4702937,IMPORT,preserved,UNIQUE,,Sunnify/01 - Gino e Geno/Bola Da Vez - Gino & Geno.mp3,"sem erro de leitura; metadata GOOD; título HIGH; artista HIGH; cover presente; bitrate 192 kbps; sample rate 44100 Hz; desempate final por relative_path",192000,44100,true,GOOD
Sunnify/01 - Gino e Geno/Cara Boa - Gino & Geno.mp3,Cara Boa - Gino & Geno.mp3,Sunnify/01 - Gino e Geno,Cara Boa,Gino & Geno,,207,330f93ec03eca9a5fd95caacd74852aaef3bdfed36135329d1549b5f55692a90,5016840,IMPORT,preserved,UNIQUE,,Sunnify/01 - Gino e Geno/Cara Boa - Gino & Geno.mp3,"sem erro de leitura; metadata GOOD; título HIGH; artista HIGH; cover presente; bitrate 192 kbps; sample rate 44100 Hz; desempate final por relative_path",192000,44100,true,GOOD
Sunnify/01 - Gino e Geno/Cara de Boi - Ao Vivo - Gino & Geno.mp3,Cara de Boi - Ao Vivo - Gino & Geno.mp3,Sunnify/01 - Gino e Geno,Cara de Boi - Ao Vivo,Gino & Geno,,196,3ad40da4cd9c4c6dfc0147f3c516ea024e7f3fdb2c0591dd36e05c2ae2aefdfd,4766093,IMPORT,preserved,UNIQUE,,Sunnify/01 - Gino e Geno/Cara de Boi - Ao Vivo - Gino & Geno.mp3,"sem erro de leitura; metadata GOOD; título HIGH; artista HIGH; cover presente; bitrate 192 kbps; sample rate 44100 Hz; desempate final por relative_path",192000,44100,true,GOOD
Sunnify/01 - Gino e Geno/Churrasco De Paixão - Ao Vivo - Gino & Geno.mp3,Churrasco De Paixão - Ao Vivo - Gino & Geno.mp3,Sunnify/01 - Gino e Geno,Churrasco De Paixão - Ao Vivo,Gino & Geno,,143,63d7fab69c7bfde1ada108ce27a8e6ad12f0bedcdc2a8a40d19912bf4c3445c1,3497067,IMPORT,preserved,UNIQUE,,Sunnify/01 - Gino e Geno/Churrasco De Paixão - Ao Vivo - Gino & Geno.mp3,"sem erro de leitura; metadata GOOD; título HIGH; artista HIGH; cover presente; bitrate 192 kbps; sample rate 44100 Hz; desempate final por relative_path",192000,44100,true,GOOD
Sunnify/01 - Gino e Geno/Com Dinheiro É Mole - Gino & Geno.mp3,Com Dinheiro É Mole - Gino & Geno.mp3,Sunnify/01 - Gino e Geno,Com Dinheiro É Mole,Gino & Geno,,161,61e8fe36ae1bf64753267c8bb61d218acbb99977893e92d1430d6b057bb001bf,3908015,IMPORT,preserved,UNIQUE,,Sunnify/01 - Gino e Geno/Com Dinheiro É Mole - Gino & Geno.mp3,"sem erro de leitura; metadata GOOD; título HIGH; artista HIGH; cover presente; bitrate 192 kbps; sample rate 44100 Hz; desempate final por relative_path",192000,44100,true,GOOD
Sunnify/01 - Gino e Geno/Dando Mole - Ao Vivo - Gino & Geno.mp3,Dando Mole - Ao Vivo - Gino & Geno.mp3,Sunnify/01 - Gino e Geno,Dando Mole - Ao Vivo,Gino & Geno,,213,e7063e499374fd8121831f8f2f8a818e122d1be50fbf3e9fe947a8c9f9b83fde,5179554,IMPORT,preserved,UNIQUE,,Sunnify/01 - Gino e Geno/Dando Mole - Ao Vivo - Gino & Geno.mp3,"sem erro de leitura; metadata GOOD; título HIGH; artista HIGH; cover presente; bitrate 192 kbps; sample rate 44100 Hz; desempate final por relative_path",192000,44100,true,GOOD
"Sunnify/01 - Gino e Geno/Estrela De Ouro - Ao Vivo - Gino & Geno, Andre, Andrade.mp3","Estrela De Ouro - Ao Vivo - Gino & Geno, Andre, Andrade.mp3",Sunnify/01 - Gino e Geno,Estrela De Ouro - Ao Vivo,"Gino & Geno, Andre, Andrade",,239,63e0be2034ea0aaf357b09e73fed790bbae35d743a983971ea75ef04e3983427,5807163,IMPORT,preserved,UNIQUE,,"Sunnify/01 - Gino e Geno/Estrela De Ouro - Ao Vivo - Gino & Geno, Andre, Andrade.mp3","sem erro de leitura; metadata GOOD; título HIGH; artista HIGH; cover presente; bitrate 192 kbps; sample rate 44100 Hz; desempate final por relative_path",192000,44100,true,GOOD
Sunnify/01 - Gino e Geno/Eu Já Fui De Você - Ao Vivo - Gino & Geno.mp3,Eu Já Fui De Você - Ao Vivo - Gino & Geno.mp3,Sunnify/01 - Gino e Geno,Eu Já Fui De Você - Ao Vivo,Gino & Geno,,210,645ede8a69726afd872fe59832e68a4aff9bd6c28f2050786e03156efccdec33,5093314,IMPORT,preserved,UNIQUE,,Sunnify/01 - Gino e Geno/Eu Já Fui De Você - Ao Vivo - Gino & Geno.mp3,"sem erro de leitura; metadata GOOD; título HIGH; artista HIGH; cover presente; bitrate 192 kbps; sample rate 44100 Hz; desempate final por relative_path",192000,44100,true,GOOD
Sunnify/01 - Gino e Geno/Fica Nervoso Não - Gino & Geno.mp3,Fica Nervoso Não - Gino & Geno.mp3,Sunnify/01 - Gino e Geno,Fica Nervoso Não,Gino & Geno,,172,b5ca9689695521faad698d3d035a1dfa878ecef7fc72cd3c8d3f2207653660a5,4172842,IMPORT,preserved,UNIQUE,,Sunnify/01 - Gino e Geno/Fica Nervoso Não - Gino & Geno.mp3,"sem erro de leitura; metadata GOOD; título HIGH; artista HIGH; cover presente; bitrate 192 kbps; sample rate 44100 Hz; desempate final por relative_path",192000,44100,true,GOOD
Sunnify/01 - Gino e Geno/Freio De Mão - Gino & Geno.mp3,Freio De Mão - Gino & Geno.mp3,Sunnify/01 - Gino e Geno,Freio De Mão,Gino & Geno,,204,b3acd65c730d12f53c3c2fc9f8ce0f2fb68dbd5d194fb5212e45c9b77b6e87a9,4944778,IMPORT,preserved,UNIQUE,,Sunnify/01 - Gino e Geno/Freio De Mão - Gino & Geno.mp3,"sem erro de leitura; metadata GOOD; título HIGH; artista HIGH; cover presente; bitrate 192 kbps; sample rate 44100 Hz; desempate final por relative_path",192000,44100,true,GOOD
Sunnify/01 - Gino e Geno/Nóis Enverga Mas Não Quebra - Ao Vivo - Gino & Geno.mp3,Nóis Enverga Mas Não Quebra - Ao Vivo - Gino & Geno.mp3,Sunnify/01 - Gino e Geno,Nóis Enverga Mas Não Quebra - Ao Vivo,Gino & Geno,,189,7270e1374063931c49e11c50a54d9a61ce41f2a9570edf8d8e1b52dc3c8688e7,4594524,IMPORT,preserved,UNIQUE,,Sunnify/01 - Gino e Geno/Nóis Enverga Mas Não Quebra - Ao Vivo - Gino & Geno.mp3,"sem erro de leitura; metadata GOOD; título HIGH; artista HIGH; cover presente; bitrate 192 kbps; sample rate 44100 Hz; desempate final por relative_path",192000,44100,true,GOOD
Sunnify/01 - Gino e Geno/O Gavião - Gino & Geno.mp3,O Gavião - Gino & Geno.mp3,Sunnify/01 - Gino e Geno,O Gavião,Gino & Geno,,230,50239346cdb7174d1c3173e25feb2fa7263472bebb49968c38dcd5eb11d6e883,5580269,IMPORT,preserved,UNIQUE,,Sunnify/01 - Gino e Geno/O Gavião - Gino & Geno.mp3,"sem erro de leitura; metadata GOOD; título HIGH; artista HIGH; cover presente; bitrate 192 kbps; sample rate 44100 Hz; desempate final por relative_path",192000,44100,true,GOOD
Sunnify/01 - Gino e Geno/O Olhar Dessa Malvada - Ao Vivo - Gino & Geno.mp3,O Olhar Dessa Malvada - Ao Vivo - Gino & Geno.mp3,Sunnify/01 - Gino e Geno,O Olhar Dessa Malvada - Ao Vivo,Gino & Geno,,171,947bec527972bd9a7badb0f51c21c55a7814e6d09ab7d42e40dd3221aab77cf2,4167310,IMPORT,preserved,UNIQUE,,Sunnify/01 - Gino e Geno/O Olhar Dessa Malvada - Ao Vivo - Gino & Geno.mp3,"sem erro de leitura; metadata GOOD; título HIGH; artista HIGH; cover presente; bitrate 192 kbps; sample rate 44100 Hz; desempate final por relative_path",192000,44100,true,GOOD
Sunnify/01 - Gino e Geno/Pinga Na Garganta - Ao Vivo - Gino & Geno.mp3,Pinga Na Garganta - Ao Vivo - Gino & Geno.mp3,Sunnify/01 - Gino e Geno,Pinga Na Garganta - Ao Vivo,Gino & Geno,,211,a64a24fbea0a02cf7ca6881604c1e68e715dc5ab186eb2480add5966f18d9579,5127935,IMPORT,preserved,UNIQUE,,Sunnify/01 - Gino e Geno/Pinga Na Garganta - Ao Vivo - Gino & Geno.mp3,"sem erro de leitura; metadata GOOD; título HIGH; artista HIGH; cover presente; bitrate 192 kbps; sample rate 44100 Hz; desempate final por relative_path",192000,44100,true,GOOD
Sunnify/01 - Gino e Geno/Que Bicho Que É - Ao Vivo - Gino & Geno.mp3,Que Bicho Que É - Ao Vivo - Gino & Geno.mp3,Sunnify/01 - Gino e Geno,Que Bicho Que É - Ao Vivo,Gino & Geno,,183,74f4430ac37a5e71f464b123249013a4e5873197fc29d9ef11b36621a7dcf787,4466647,IMPORT,preserved,UNIQUE,,Sunnify/01 - Gino e Geno/Que Bicho Que É - Ao Vivo - Gino & Geno.mp3,"sem erro de leitura; metadata GOOD; título HIGH; artista HIGH; cover presente; bitrate 192 kbps; sample rate 44100 Hz; desempate final por relative_path",192000,44100,true,GOOD
Sunnify/01 - Gino e Geno/Que Bicho Que É - Gino & Geno.mp3,Que Bicho Que É - Gino & Geno.mp3,Sunnify/01 - Gino e Geno,Que Bicho Que É,Gino & Geno,,183,d981fdbd10c45878a354fd4bce788435b40a7f2b7a0100ab2ac0efb97a47efed,4453299,IMPORT,preserved,UNIQUE,,Sunnify/01 - Gino e Geno/Que Bicho Que É - Gino & Geno.mp3,"sem erro de leitura; metadata GOOD; título HIGH; artista HIGH; cover presente; bitrate 192 kbps; sample rate 44100 Hz; desempate final por relative_path",192000,44100,true,GOOD
Sunnify/01 - Gino e Geno/Querendo Maria - Gino & Geno.mp3,Querendo Maria - Gino & Geno.mp3,Sunnify/01 - Gino e Geno,Querendo Maria,Gino & Geno,,236,aab3dcfb695e73385b5ba9cb33f2eda9cf544d44eb8b084cf4199643bf943172,5726730,IMPORT,preserved,UNIQUE,,Sunnify/01 - Gino e Geno/Querendo Maria - Gino & Geno.mp3,"sem erro de leitura; metadata GOOD; título HIGH; artista HIGH; cover presente; bitrate 192 kbps; sample rate 44100 Hz; desempate final por relative_path",192000,44100,true,GOOD
Sunnify/01 - Gino e Geno/Reza Pra Nós - Gino & Geno.mp3,Reza Pra Nós - Gino & Geno.mp3,Sunnify/01 - Gino e Geno,Reza Pra Nós,Gino & Geno,,210,02b384070ddbd70375043811ae85044da6fb388c02e24e020122c23c6efae244,5104180,IMPORT,preserved,UNIQUE,,Sunnify/01 - Gino e Geno/Reza Pra Nós - Gino & Geno.mp3,"sem erro de leitura; metadata GOOD; título HIGH; artista HIGH; cover presente; bitrate 192 kbps; sample rate 44100 Hz; desempate final por relative_path",192000,44100,true,GOOD
"Sunnify/01 - Gino e Geno/Sou Feio, Mas Tô Na Moda - Ao Vivo - Gino & Geno.mp3","Sou Feio, Mas Tô Na Moda - Ao Vivo - Gino & Geno.mp3",Sunnify/01 - Gino e Geno,"Sou Feio, Mas Tô Na Moda - Ao Vivo",Gino & Geno,,175,d08b3e5c743d6d5398815dc431d213efc41ed52dcc67e4a7e5a89e9b57cea23b,4274631,IMPORT,preserved,UNIQUE,,"Sunnify/01 - Gino e Geno/Sou Feio, Mas Tô Na Moda - Ao Vivo - Gino & Geno.mp3","sem erro de leitura; metadata GOOD; título HIGH; artista HIGH; cover presente; bitrate 192 kbps; sample rate 44100 Hz; desempate final por relative_path",192000,44100,true,GOOD
"Sunnify/01 - Gino e Geno/Tá Nervoso... Vai Pescá - Ao Vivo - Gino & Geno, Ataide, Alexandre.mp3","Tá Nervoso... Vai Pescá - Ao Vivo - Gino & Geno, Ataide, Alexandre.mp3",Sunnify/01 - Gino e Geno,Tá Nervoso... Vai Pescá - Ao Vivo,"Gino & Geno, Ataide, Alexandre",,185,bbce708b61d24152f8299ef55099ea973d1d77d27d024afd16c4ea3c8c7b848a,4503727,IMPORT,preserved,UNIQUE,,"Sunnify/01 - Gino e Geno/Tá Nervoso... Vai Pescá - Ao Vivo - Gino & Geno, Ataide, Alexandre.mp3","sem erro de leitura; metadata GOOD; título HIGH; artista HIGH; cover presente; bitrate 192 kbps; sample rate 44100 Hz; desempate final por relative_path",192000,44100,true,GOOD
Sunnify/01 - Gino e Geno/Tô Ficando Com Ela - Ao Vivo - Gino & Geno.mp3,Tô Ficando Com Ela - Ao Vivo - Gino & Geno.mp3,Sunnify/01 - Gino e Geno,Tô Ficando Com Ela - Ao Vivo,Gino & Geno,,194,a349841a1bd76f5034dea4f48b9b8d79128bf66beca18ab55846151206e4ad4c,4728976,IMPORT,preserved,UNIQUE,,Sunnify/01 - Gino e Geno/Tô Ficando Com Ela - Ao Vivo - Gino & Geno.mp3,"sem erro de leitura; metadata GOOD; título HIGH; artista HIGH; cover presente; bitrate 192 kbps; sample rate 44100 Hz; desempate final por relative_path",192000,44100,true,GOOD
Sunnify/01 - Gino e Geno/Um Botão Pra Dar - Gino & Geno.mp3,Um Botão Pra Dar - Gino & Geno.mp3,Sunnify/01 - Gino e Geno,Um Botão Pra Dar,Gino & Geno,,210,0c2527076cd751962f86550c1d7b09406fe33c589bf5ce5a089c856c1472b3fc,5101050,IMPORT,preserved,UNIQUE,,Sunnify/01 - Gino e Geno/Um Botão Pra Dar - Gino & Geno.mp3,"sem erro de leitura; metadata GOOD; título HIGH; artista HIGH; cover presente; bitrate 192 kbps; sample rate 44100 Hz; desempate final por relative_path",192000,44100,true,GOOD
Sunnify/01 - Gino e Geno/Vou Beber Veneno - Ao Vivo - Gino & Geno.mp3,Vou Beber Veneno - Ao Vivo - Gino & Geno.mp3,Sunnify/01 - Gino e Geno,Vou Beber Veneno - Ao Vivo,Gino & Geno,,250,32db7a5c3625ab4cb27ddc0e58249799455f24d51ce13ab76a5af20bbefc3e5e,6049201,IMPORT,preserved,UNIQUE,,Sunnify/01 - Gino e Geno/Vou Beber Veneno - Ao Vivo - Gino & Geno.mp3,"sem erro de leitura; metadata GOOD; título HIGH; artista HIGH; cover presente; bitrate 192 kbps; sample rate 44100 Hz; desempate final por relative_path",192000,44100,true,GOOD
Sunnify/02 - Baitaca/A Cavalo na Verdade - Baitaca.mp3,A Cavalo na Verdade - Baitaca.mp3,Sunnify/02 - Baitaca,A Cavalo na Verdade,Baitaca,,314,8b9eba3a4024f01646544da4ff06a95c16fa2177d9f8ce03d37eddd7a370d760,7585707,IMPORT,preserved,UNIQUE,,Sunnify/02 - Baitaca/A Cavalo na Verdade - Baitaca.mp3,"sem erro de leitura; metadata GOOD; título HIGH; artista HIGH; cover presente; bitrate 192 kbps; sample rate 44100 Hz; desempate final por relative_path",192000,44100,true,GOOD
Sunnify/02 - Baitaca/Bagual Sem Freio - Baitaca.mp3,Bagual Sem Freio - Baitaca.mp3,Sunnify/02 - Baitaca,Bagual sem Freio,Baitaca,Bailanta da Boneca,166,f5a82f3cda77648e40fd6db5dc36a0e45d4aa45f2ebffb7b1aa68a9831269ce1,4047410,IMPORT,preserved,UNIQUE,,Sunnify/02 - Baitaca/Bagual Sem Freio - Baitaca.mp3,"sem erro de leitura; metadata GOOD; título HIGH; artista HIGH; cover presente; bitrate 192 kbps; sample rate 44100 Hz; desempate final por relative_path",192000,44100,true,GOOD
Sunnify/02 - Baitaca/Baile de Bugio - Baitaca.mp3,Baile de Bugio - Baitaca.mp3,Sunnify/02 - Baitaca,Baile de Bugio,Baitaca,Bailanta da Boneca,163,9fc3ae50de055dd35817965c8f877cc379d473ff5365ee7e30a577d1b763a4bd,3960802,IMPORT,preserved,UNIQUE,,Sunnify/02 - Baitaca/Baile de Bugio - Baitaca.mp3,"sem erro de leitura; metadata GOOD; título HIGH; artista HIGH; cover presente; bitrate 192 kbps; sample rate 44100 Hz; desempate final por relative_path",192000,44100,true,GOOD
Sunnify/02 - Baitaca/Cada Vez Mais Xucro - Ao Vivo - Baitaca.mp3,Cada Vez Mais Xucro - Ao Vivo - Baitaca.mp3,Sunnify/02 - Baitaca,Cada Vez Mais Xucro - Ao Vivo,Baitaca,,170,c1be22a892d9cd7a946f92336be33cac21596444192b296e5f93710dcb2c61e8,4131738,IMPORT,preserved,UNIQUE,,Sunnify/02 - Baitaca/Cada Vez Mais Xucro - Ao Vivo - Baitaca.mp3,"sem erro de leitura; metadata GOOD; título HIGH; artista HIGH; cover presente; bitrate 192 kbps; sample rate 44100 Hz; desempate final por relative_path",192000,44100,true,GOOD
Sunnify/02 - Baitaca/Cada Vez Mais Xucro - Baitaca.mp3,Cada Vez Mais Xucro - Baitaca.mp3,Sunnify/02 - Baitaca,Cada Vez Mais Xucro,Baitaca,Meu Rio Grande É Desse Jeito,170,e0031332ccfea43bfddfe6a58a63a188cd833cc7d17d665e5b2db89d608c42e6,4112731,IMPORT,preserved,UNIQUE,,Sunnify/02 - Baitaca/Cada Vez Mais Xucro - Baitaca.mp3,"sem erro de leitura; metadata GOOD; título HIGH; artista HIGH; cover presente; bitrate 192 kbps; sample rate 44100 Hz; desempate final por relative_path",192000,44100,true,GOOD
Sunnify/02 - Baitaca/Cadela Baia - Baitaca.mp3,Cadela Baia - Baitaca.mp3,Sunnify/02 - Baitaca,Cadela Baia,Baitaca,Galponeiro e Aporreado,188,e3beab2653f96d9be9fe37ded45fc0b1cbba4f3bbdb105ef0ea90bdfb20e6177,4553644,IMPORT,preserved,UNIQUE,,Sunnify/02 - Baitaca/Cadela Baia - Baitaca.mp3,"sem erro de leitura; metadata GOOD; título HIGH; artista HIGH; cover presente; bitrate 192 kbps; sample rate 44100 Hz; desempate final por relative_path",192000,44100,true,GOOD
Sunnify/02 - Baitaca/Campeiro Que Canta Triste - Baitaca.mp3,Campeiro Que Canta Triste - Baitaca.mp3,Sunnify/02 - Baitaca,Campeiro Que Canta Triste,Baitaca,,383,05bef4a0456c5f84bdace9b41a8f5461a05a37e0d861eb0a3ce7997c67ec223c,9237786,IMPORT,preserved,UNIQUE,,Sunnify/02 - Baitaca/Campeiro Que Canta Triste - Baitaca.mp3,"sem erro de leitura; metadata GOOD; título HIGH; artista HIGH; cover presente; bitrate 192 kbps; sample rate 44100 Hz; desempate final por relative_path",192000,44100,true,GOOD
Sunnify/02 - Baitaca/Castração a Pealo - Baitaca.mp3,Castração a Pealo - Baitaca.mp3,Sunnify/02 - Baitaca,Castração a Pealo,Baitaca,Galponeiro e Aporreado,260,372e49bc5c9c342af5008e5e5e150b5723e01f71aeb81f08e2aa480747db188d,6278208,IMPORT,preserved,UNIQUE,,Sunnify/02 - Baitaca/Castração a Pealo - Baitaca.mp3,"sem erro de leitura; metadata GOOD; título HIGH; artista HIGH; cover presente; bitrate 192 kbps; sample rate 44100 Hz; desempate final por relative_path",192000,44100,true,GOOD
Sunnify/02 - Baitaca/Coiceando a Cola - Baitaca.mp3,Coiceando a Cola - Baitaca.mp3,Sunnify/02 - Baitaca,Coiceando a Cola,Baitaca,,225,8baa0dd92d60ea56a9d754b2424108cadf16f9e62f25d21db2355939fb47ccd3,5450043,IMPORT,preserved,UNIQUE,,Sunnify/02 - Baitaca/Coiceando a Cola - Baitaca.mp3,"sem erro de leitura; metadata GOOD; título HIGH; artista HIGH; cover presente; bitrate 192 kbps; sample rate 44100 Hz; desempate final por relative_path",192000,44100,true,GOOD
Sunnify/02 - Baitaca/Cuiudo do Alegrete - Baitaca.mp3,Cuiudo do Alegrete - Baitaca.mp3,Sunnify/02 - Baitaca,Cuiudo do Alegrete,Baitaca,Baitaca Canta Francisco Vargas,296,f0bf592ecf68f9cae4c8f5c1cecec51af8c02fd2459926edefc43e00282a07ba,7156028,IMPORT,preserved,UNIQUE,,Sunnify/02 - Baitaca/Cuiudo do Alegrete - Baitaca.mp3,"sem erro de leitura; metadata GOOD; título HIGH; artista HIGH; cover presente; bitrate 192 kbps; sample rate 44100 Hz; desempate final por relative_path",192000,44100,true,GOOD
Sunnify/02 - Baitaca/De Chão Batido - Baitaca.mp3,De Chão Batido - Baitaca.mp3,Sunnify/02 - Baitaca,De Chão Batido,Baitaca,,241,d084a7610ba674ec9329d6be7c218b89bc6c98c574dcb0890f3eca091c106314,5817813,IMPORT,preserved,UNIQUE,,Sunnify/02 - Baitaca/De Chão Batido - Baitaca.mp3,"sem erro de leitura; metadata GOOD; título HIGH; artista HIGH; cover presente; bitrate 192 kbps; sample rate 44100 Hz; desempate final por relative_path",192000,44100,true,GOOD
Sunnify/02 - Baitaca/Dedo Inchado - Baitaca.mp3,Dedo Inchado - Baitaca.mp3,Sunnify/02 - Baitaca,Dedo Inchado,Baitaca,Bailanta da Boneca,261,c27147a5f0945bf71db5409d59a6ab9244478d3df6a2fa70ea042910b4b4c371,6332384,IMPORT,preserved,UNIQUE,,Sunnify/02 - Baitaca/Dedo Inchado - Baitaca.mp3,"sem erro de leitura; metadata GOOD; título HIGH; artista HIGH; cover presente; bitrate 192 kbps; sample rate 44100 Hz; desempate final por relative_path",192000,44100,true,GOOD
Sunnify/02 - Baitaca/Do Fundo da Grota - Baitaca.mp3,Do Fundo da Grota - Baitaca.mp3,Sunnify/02 - Baitaca,Do Fundo da Grota,Baitaca,Galponeiro e Aporreado,239,9445473097dadeb4a533158da4e5b5b454d5bcd9ad4406e8347aa4c2ebf80440,5789003,IMPORT,preserved,UNIQUE,,Sunnify/02 - Baitaca/Do Fundo da Grota - Baitaca.mp3,"sem erro de leitura; metadata GOOD; título HIGH; artista HIGH; cover presente; bitrate 192 kbps; sample rate 44100 Hz; desempate final por relative_path",192000,44100,true,GOOD
Sunnify/02 - Baitaca/Domador Ventena - Ao Vivo - Baitaca.mp3,Domador Ventena - Ao Vivo - Baitaca.mp3,Sunnify/02 - Baitaca,Domador Ventena - Ao Vivo,Baitaca,,208,f44efae7e3b3b2e2615dd4ad9b4829c165ad60740ef996e7f766e08ae0c62bf1,5041073,IMPORT,preserved,UNIQUE,,Sunnify/02 - Baitaca/Domador Ventena - Ao Vivo - Baitaca.mp3,"sem erro de leitura; metadata GOOD; título HIGH; artista HIGH; cover presente; bitrate 192 kbps; sample rate 44100 Hz; desempate final por relative_path",192000,44100,true,GOOD
Sunnify/02 - Baitaca/Domador Ventena - Baitaca.mp3,Domador Ventena - Baitaca.mp3,Sunnify/02 - Baitaca,Domador Ventena,Baitaca,Meu Rio Grande É Desse Jeito,208,03d534ccffbc4bcb3d8e00056020971d296987c8564c3b5e7e6052435a67f74f,5046565,IMPORT,preserved,UNIQUE,,Sunnify/02 - Baitaca/Domador Ventena - Baitaca.mp3,"sem erro de leitura; metadata GOOD; título HIGH; artista HIGH; cover presente; bitrate 192 kbps; sample rate 44100 Hz; desempate final por relative_path",192000,44100,true,GOOD
Sunnify/02 - Baitaca/Embaixo do Mau Tempo - Baitaca.mp3,Embaixo do Mau Tempo - Baitaca.mp3,Sunnify/02 - Baitaca,Embaixo do Mau Tempo,Baitaca,"Gaúcho de Raiz, Vol. 19",220,de249c6ce4a26194257fcf8b583b83d5c98d3750a33925b4f94489aa0989f55a,5343237,IMPORT,preserved,UNIQUE,,Sunnify/02 - Baitaca/Embaixo do Mau Tempo - Baitaca.mp3,"sem erro de leitura; metadata GOOD; título HIGH; artista HIGH; cover presente; bitrate 192 kbps; sample rate 44100 Hz; desempate final por relative_path",192000,44100,true,GOOD
"Sunnify/02 - Baitaca/Estampa de Galpão - Baitaca, Grupo do Fundo da Grota.mp3","Estampa de Galpão - Baitaca, Grupo do Fundo da Grota.mp3",Sunnify/02 - Baitaca,Estampa de Galpão,"Baitaca, Grupo do Fundo da Grota",Estampa de Galpão,209,20d016d95bbda4fdf9e39de0dcbaaf32fda1ffcfe017b1334d416f7cba9e452b,5059061,IMPORT,preserved,UNIQUE,,"Sunnify/02 - Baitaca/Estampa de Galpão - Baitaca, Grupo do Fundo da Grota.mp3","sem erro de leitura; metadata GOOD; título HIGH; artista HIGH; cover presente; bitrate 192 kbps; sample rate 44100 Hz; desempate final por relative_path",192000,44100,true,GOOD
Sunnify/02 - Baitaca/Frutas da Mata - Baitaca.mp3,Frutas da Mata - Baitaca.mp3,Sunnify/02 - Baitaca,Frutas da Mata,Baitaca,,243,441466f2452a4d8770f455817a23ff3ba049539457713d04cdde38c21f7b59aa,5879344,IMPORT,preserved,UNIQUE,,Sunnify/02 - Baitaca/Frutas da Mata - Baitaca.mp3,"sem erro de leitura; metadata GOOD; título HIGH; artista HIGH; cover presente; bitrate 192 kbps; sample rate 44100 Hz; desempate final por relative_path",192000,44100,true,GOOD
Sunnify/02 - Baitaca/Gaúcho de Raiz - Baitaca.mp3,Gaúcho de Raiz - Baitaca.mp3,Sunnify/02 - Baitaca,Gaúcho de Raiz,Baitaca,"Gaúcho de Raiz, Vol. 19",223,ac678a13de62c73cfb0a0b5aeee5343451fafdf24f1cc54aba827a8c65680e2d,5417904,IMPORT,preserved,UNIQUE,,Sunnify/02 - Baitaca/Gaúcho de Raiz - Baitaca.mp3,"sem erro de leitura; metadata GOOD; título HIGH; artista HIGH; cover presente; bitrate 192 kbps; sample rate 44100 Hz; desempate final por relative_path",192000,44100,true,GOOD
Sunnify/02 - Baitaca/História Do Tico-Loco - Ao Vivo - Baitaca.mp3,História Do Tico-Loco - Ao Vivo - Baitaca.mp3,Sunnify/02 - Baitaca,História Do Tico-Loco - Ao Vivo,Baitaca,,248,fde0f4b6a24800afa47374e040e59f0044f314acfb8ef1c43e0d8fb8905609b7,5998125,IMPORT,preserved,UNIQUE,,Sunnify/02 - Baitaca/História Do Tico-Loco - Ao Vivo - Baitaca.mp3,"sem erro de leitura; metadata GOOD; título HIGH; artista HIGH; cover presente; bitrate 192 kbps; sample rate 44100 Hz; desempate final por relative_path",192000,44100,true,GOOD
Sunnify/02 - Baitaca/Mais pra Louco do que Certo - Baitaca.mp3,Mais pra Louco do que Certo - Baitaca.mp3,Sunnify/02 - Baitaca,Mais pra Louco do que Certo,Baitaca,,187,d7e6b957d635c377a7a9bd55791741f45a092af944c9ee7a0982677f5a536e04,4550497,IMPORT,preserved,UNIQUE,,Sunnify/02 - Baitaca/Mais pra Louco do que Certo - Baitaca.mp3,"sem erro de leitura; metadata GOOD; título HIGH; artista HIGH; cover presente; bitrate 192 kbps; sample rate 44100 Hz; desempate final por relative_path",192000,44100,true,GOOD
Sunnify/02 - Baitaca/Mal Falquejado - Baitaca.mp3,Mal Falquejado - Baitaca.mp3,Sunnify/02 - Baitaca,Mal Falquejado,Baitaca,,138,60dc392c15fc935babd13c480e4b8f110d9ca2dde7c933976dbbe0d179797731,3367146,IMPORT,preserved,UNIQUE,,Sunnify/02 - Baitaca/Mal Falquejado - Baitaca.mp3,"sem erro de leitura; metadata GOOD; título HIGH; artista HIGH; cover presente; bitrate 192 kbps; sample rate 44100 Hz; desempate final por relative_path",192000,44100,true,GOOD
Sunnify/02 - Baitaca/Marca de Campo - Baitaca.mp3,Marca de Campo - Baitaca.mp3,Sunnify/02 - Baitaca,Marca de Campo,Baitaca,,223,67108529ef74b0bc7265ffd24178b87ab4c1e10e0a4e2bdeacfd0348e060f4c3,5395440,IMPORT,preserved,UNIQUE,,Sunnify/02 - Baitaca/Marca de Campo - Baitaca.mp3,"sem erro de leitura; metadata GOOD; título HIGH; artista HIGH; cover presente; bitrate 192 kbps; sample rate 44100 Hz; desempate final por relative_path",192000,44100,true,GOOD
Sunnify/02 - Baitaca/Na Fazenda Ferradura - Ao Vivo - Baitaca.mp3,Na Fazenda Ferradura - Ao Vivo - Baitaca.mp3,Sunnify/02 - Baitaca,Na Fazenda Ferradura - Ao Vivo,Baitaca,,195,89e1bd625f5f0c98a29a41e6ed3d642ada63fb46f25922cd90453c9a2ee2f37c,4737969,IMPORT,preserved,UNIQUE,,Sunnify/02 - Baitaca/Na Fazenda Ferradura - Ao Vivo - Baitaca.mp3,"sem erro de leitura; metadata GOOD; título HIGH; artista HIGH; cover presente; bitrate 192 kbps; sample rate 44100 Hz; desempate final por relative_path",192000,44100,true,GOOD
Sunnify/02 - Baitaca/Na Fazenda Ferradura - Baitaca.mp3,Na Fazenda Ferradura - Baitaca.mp3,Sunnify/02 - Baitaca,Na Fazenda Ferradura,Baitaca,Meu Rio Grande É Desse Jeito,195,3ba40377ed326419ad7320eb1b8702b0b6545f70cbed66bf24185e7f24ece660,4718962,IMPORT,preserved,UNIQUE,,Sunnify/02 - Baitaca/Na Fazenda Ferradura - Baitaca.mp3,"sem erro de leitura; metadata GOOD; título HIGH; artista HIGH; cover presente; bitrate 192 kbps; sample rate 44100 Hz; desempate final por relative_path",192000,44100,true,GOOD
Sunnify/02 - Baitaca/Nego Bom Não Se Mistura - Baitaca.mp3,Nego Bom Não Se Mistura - Baitaca.mp3,Sunnify/02 - Baitaca,Nego Bom Não Se Mistura,Baitaca,,231,1adb7b0e92aba9c0053638c2894f0b7d3f6d15f7ea288337d924e10334d9e77f,5597897,IMPORT,preserved,UNIQUE,,Sunnify/02 - Baitaca/Nego Bom Não Se Mistura - Baitaca.mp3,"sem erro de leitura; metadata GOOD; título HIGH; artista HIGH; cover presente; bitrate 192 kbps; sample rate 44100 Hz; desempate final por relative_path",192000,44100,true,GOOD
Sunnify/02 - Baitaca/Ninguém É Mais Que Ninguém - Baitaca.mp3,Ninguém É Mais Que Ninguém - Baitaca.mp3,Sunnify/02 - Baitaca,Ninguém É Mais Que Ninguém,Baitaca,,175,f754d7534783774b06ae15a42651e0dc9054979879fdc6f04a0d9cbfd8b9150d,4247735,IMPORT,preserved,UNIQUE,,Sunnify/02 - Baitaca/Ninguém É Mais Que Ninguém - Baitaca.mp3,"sem erro de leitura; metadata GOOD; título HIGH; artista HIGH; cover presente; bitrate 192 kbps; sample rate 44100 Hz; desempate final por relative_path",192000,44100,true,GOOD
Sunnify/02 - Baitaca/O Sertanejo É Assim - Ao Vivo - Lucas Reis & Thácio.mp3,O Sertanejo É Assim - Ao Vivo - Lucas Reis & Thácio.mp3,Sunnify/02 - Baitaca,O Sertanejo É Assim - Ao Vivo,Lucas Reis & Thácio,O Sertanejo É Assim (Ao Vivo),187,2907fec45e9cb778883205e4120a202e5744a209e46213936fa5ef72b4882548,4534748,IMPORT,preserved,UNIQUE,,Sunnify/02 - Baitaca/O Sertanejo É Assim - Ao Vivo - Lucas Reis & Thácio.mp3,"sem erro de leitura; metadata GOOD; título HIGH; artista HIGH; cover presente; bitrate 192 kbps; sample rate 44100 Hz; desempate final por relative_path",192000,44100,true,GOOD
Sunnify/02 - Baitaca/O Valor Que Uma Mãe Tem - Baitaca.mp3,O Valor Que Uma Mãe Tem - Baitaca.mp3,Sunnify/02 - Baitaca,O Valor Que uma Mãe Tem,Baitaca,História do Tico Louco,281,4258460ae87f0dd2da3532e735f360a37878ae1891eb95313a77387ec8591740,6795921,IMPORT,preserved,UNIQUE,,Sunnify/02 - Baitaca/O Valor Que Uma Mãe Tem - Baitaca.mp3,"sem erro de leitura; metadata GOOD; título HIGH; artista HIGH; cover presente; bitrate 192 kbps; sample rate 44100 Hz; desempate final por relative_path",192000,44100,true,GOOD
Sunnify/02 - Baitaca/Os Costumes da Estância - Baitaca.mp3,Os Costumes da Estância - Baitaca.mp3,Sunnify/02 - Baitaca,Os Costumes da Estância,Baitaca,,173,a64eba311eb9259fba8d4c300dc75c3bb94d0113bad68bd12574697ab67509d9,4201917,IMPORT,preserved,UNIQUE,,Sunnify/02 - Baitaca/Os Costumes da Estância - Baitaca.mp3,"sem erro de leitura; metadata GOOD; título HIGH; artista HIGH; cover presente; bitrate 192 kbps; sample rate 44100 Hz; desempate final por relative_path",192000,44100,true,GOOD
Sunnify/02 - Baitaca/Palanqueando o Passado - Baitaca.mp3,Palanqueando o Passado - Baitaca.mp3,Sunnify/02 - Baitaca,Palanqueando o Passado,Baitaca,,192,c2c9b307f15b0fa44a49e96452f0db22150166a0ca27d7e8411b0b468c7408c0,4651252,IMPORT,preserved,UNIQUE,,Sunnify/02 - Baitaca/Palanqueando o Passado - Baitaca.mp3,"sem erro de leitura; metadata GOOD; título HIGH; artista HIGH; cover presente; bitrate 192 kbps; sample rate 44100 Hz; desempate final por relative_path",192000,44100,true,GOOD
Sunnify/02 - Baitaca/Peão Sem Sorte - Baitaca.mp3,Peão Sem Sorte - Baitaca.mp3,Sunnify/02 - Baitaca,Peão Sem Sorte,Baitaca,,188,ab175f96db53305e7d18b94aa96f3bef06e7850aa8f2f4498d5f86134b7c2212,4569297,IMPORT,preserved,UNIQUE,,Sunnify/02 - Baitaca/Peão Sem Sorte - Baitaca.mp3,"sem erro de leitura; metadata GOOD; título HIGH; artista HIGH; cover presente; bitrate 192 kbps; sample rate 44100 Hz; desempate final por relative_path",192000,44100,true,GOOD
Sunnify/02 - Baitaca/Pedido de um Pai Pra Filho - Baitaca.mp3,Pedido de um Pai Pra Filho - Baitaca.mp3,Sunnify/02 - Baitaca,Pedido de um Pai Pra Filho,Baitaca,,214,8a9be8f898d6098e136c0a8f8fce4a257810f6d94c0e8c783badbc26f2263db7,5179581,IMPORT,preserved,UNIQUE,,Sunnify/02 - Baitaca/Pedido de um Pai Pra Filho - Baitaca.mp3,"sem erro de leitura; metadata GOOD; título HIGH; artista HIGH; cover presente; bitrate 192 kbps; sample rate 44100 Hz; desempate final por relative_path",192000,44100,true,GOOD
Sunnify/02 - Baitaca/Pinto Papudo - Baitaca.mp3,Pinto Papudo - Baitaca.mp3,Sunnify/02 - Baitaca,Pinto Papudo,Baitaca,,175,898fdf4f2c946a2e9dfd771546751b80461ad010b81a63fe04fd51d35edc9214,4246992,IMPORT,preserved,UNIQUE,,Sunnify/02 - Baitaca/Pinto Papudo - Baitaca.mp3,"sem erro de leitura; metadata GOOD; título HIGH; artista HIGH; cover presente; bitrate 192 kbps; sample rate 44100 Hz; desempate final por relative_path",192000,44100,true,GOOD
Sunnify/02 - Baitaca/Prevendo o Futuro - Baitaca.mp3,Prevendo o Futuro - Baitaca.mp3,Sunnify/02 - Baitaca,Prevendo o Futuro,Baitaca,,208,09dc672fe6b6ba04509cf100b3984a3f3481e832cd54df96fbb3f5e4de09ff35,5045982,IMPORT,preserved,UNIQUE,,Sunnify/02 - Baitaca/Prevendo o Futuro - Baitaca.mp3,"sem erro de leitura; metadata GOOD; título HIGH; artista HIGH; cover presente; bitrate 192 kbps; sample rate 44100 Hz; desempate final por relative_path",192000,44100,true,GOOD
Sunnify/02 - Baitaca/Puxão de Orelha - Baitaca.mp3,Puxão de Orelha - Baitaca.mp3,Sunnify/02 - Baitaca,Puxão de Orelha,Baitaca,Galponeiro e Aporreado,226,0d241bd51d066a139c16e4bf1f512b106f5fa320bbf88e970156e63657f60d7e,5469899,IMPORT,preserved,UNIQUE,,Sunnify/02 - Baitaca/Puxão de Orelha - Baitaca.mp3,"sem erro de leitura; metadata GOOD; título HIGH; artista HIGH; cover presente; bitrate 192 kbps; sample rate 44100 Hz; desempate final por relative_path",192000,44100,true,GOOD
Sunnify/02 - Baitaca/Quando Canta um Missioneiro - Baitaca.mp3,Quando Canta um Missioneiro - Baitaca.mp3,Sunnify/02 - Baitaca,Quando Canta um Missioneiro,Baitaca,"Da Doma pro Rodeio, Vol. 12",203,254111c4bb6748ccdf8a3289323b9943b4ec608d375a97256953c2ddc008aab0,4914173,IMPORT,preserved,UNIQUE,,Sunnify/02 - Baitaca/Quando Canta um Missioneiro - Baitaca.mp3,"sem erro de leitura; metadata GOOD; título HIGH; artista HIGH; cover presente; bitrate 192 kbps; sample rate 44100 Hz; desempate final por relative_path",192000,44100,true,GOOD
Sunnify/02 - Baitaca/Quando Chego Num Rodeio - Baitaca.mp3,Quando Chego Num Rodeio - Baitaca.mp3,Sunnify/02 - Baitaca,Quando Chego Num Rodeio,Baitaca,"Gaúcho de Raiz, Vol. 19",239,bbb6579d4436151edb2420d52bc3a698fbcc977d6ecaa23a52136725613f5795,5806387,IMPORT,preserved,UNIQUE,,Sunnify/02 - Baitaca/Quando Chego Num Rodeio - Baitaca.mp3,"sem erro de leitura; metadata GOOD; título HIGH; artista HIGH; cover presente; bitrate 192 kbps; sample rate 44100 Hz; desempate final por relative_path",192000,44100,true,GOOD
Sunnify/02 - Baitaca/Querência Amada - Baitaca.mp3,Querência Amada - Baitaca.mp3,Sunnify/02 - Baitaca,Querência Amada,Baitaca,"Gaúcho de Raiz, Vol. 19",236,e036d52c1979d82e2ddb801148ce65f305aa90f0997f5c1a7627b906e7034076,5722277,IMPORT,preserved,UNIQUE,,Sunnify/02 - Baitaca/Querência Amada - Baitaca.mp3,"sem erro de leitura; metadata GOOD; título HIGH; artista HIGH; cover presente; bitrate 192 kbps; sample rate 44100 Hz; desempate final por relative_path",192000,44100,true,GOOD
Sunnify/02 - Baitaca/Recanto Hospitaleiro - Baitaca.mp3,Recanto Hospitaleiro - Baitaca.mp3,Sunnify/02 - Baitaca,Recanto Hospitaleiro,Baitaca,,213,523f237eecb28dbc94a8eb362d1214dfa445aac6dcc2e005c41d6e1e9272c5ce,5165185,IMPORT,preserved,UNIQUE,,Sunnify/02 - Baitaca/Recanto Hospitaleiro - Baitaca.mp3,"sem erro de leitura; metadata GOOD; título HIGH; artista HIGH; cover presente; bitrate 192 kbps; sample rate 44100 Hz; desempate final por relative_path",192000,44100,true,GOOD
Sunnify/02 - Baitaca/Reformando a Mulher Véia - Baitaca.mp3,Reformando a Mulher Véia - Baitaca.mp3,Sunnify/02 - Baitaca,Reformando a Mulher Véia,Baitaca,,279,5e21a6f72ff4a7d3283a1d5c01721ee82f42e2e40552effe5e2dc4e93b7f5df9,6746973,IMPORT,preserved,UNIQUE,,Sunnify/02 - Baitaca/Reformando a Mulher Véia - Baitaca.mp3,"sem erro de leitura; metadata GOOD; título HIGH; artista HIGH; cover presente; bitrate 192 kbps; sample rate 44100 Hz; desempate final por relative_path",192000,44100,true,GOOD
Sunnify/02 - Baitaca/Retoço de Xucro - Baitaca.mp3,Retoço de Xucro - Baitaca.mp3,Sunnify/02 - Baitaca,Retoço de Xucro,Baitaca,Meu Rio Grande É Desse Jeito,240,461a31cdce4231c5d1ab4a6a5c7801f68cecfb944325819c943678126938e80a,5783305,IMPORT,preserved,UNIQUE,,Sunnify/02 - Baitaca/Retoço de Xucro - Baitaca.mp3,"sem erro de leitura; metadata GOOD; título HIGH; artista HIGH; cover presente; bitrate 192 kbps; sample rate 44100 Hz; desempate final por relative_path",192000,44100,true,GOOD
Sunnify/02 - Baitaca/Rodeio de Vacaria - Baitaca.mp3,Rodeio de Vacaria - Baitaca.mp3,Sunnify/02 - Baitaca,Rodeio de Vacaria,Baitaca,,152,70f9c9467a8b7c893d829462b60297ea9bacb5ba2ec1289855b0219ade2504a6,3694762,IMPORT,preserved,UNIQUE,,Sunnify/02 - Baitaca/Rodeio de Vacaria - Baitaca.mp3,"sem erro de leitura; metadata GOOD; título HIGH; artista HIGH; cover presente; bitrate 192 kbps; sample rate 44100 Hz; desempate final por relative_path",192000,44100,true,GOOD
Sunnify/02 - Baitaca/Sinto Orgulho do que Sou - Baitaca.mp3,Sinto Orgulho do que Sou - Baitaca.mp3,Sunnify/02 - Baitaca,Sinto Orgulho do que Sou,Baitaca,Baitaca Canta Francisco Vargas,179,2e20c0c316646ce14c0c6d7a066ca0e831e587f0b5966decb7e426d80e191702,4337640,IMPORT,preserved,UNIQUE,,Sunnify/02 - Baitaca/Sinto Orgulho do que Sou - Baitaca.mp3,"sem erro de leitura; metadata GOOD; título HIGH; artista HIGH; cover presente; bitrate 192 kbps; sample rate 44100 Hz; desempate final por relative_path",192000,44100,true,GOOD
Sunnify/02 - Baitaca/Soltito Ao Vento - Baitaca.mp3,Soltito Ao Vento - Baitaca.mp3,Sunnify/02 - Baitaca,Soltito ao Vento,Baitaca,História do Tico Louco,145,bbc39d9dbe925f478062e18a1ff8d87d17fa134a91d5bf865db1f8d381033677,3533189,IMPORT,preserved,UNIQUE,,Sunnify/02 - Baitaca/Soltito Ao Vento - Baitaca.mp3,"sem erro de leitura; metadata GOOD; título HIGH; artista HIGH; cover presente; bitrate 192 kbps; sample rate 44100 Hz; desempate final por relative_path",192000,44100,true,GOOD
Sunnify/02 - Baitaca/Surungo Costeiro - Baitaca.mp3,Surungo Costeiro - Baitaca.mp3,Sunnify/02 - Baitaca,Surungo Costeiro,Baitaca,,237,dc7df646968c7d47b00a3b555828bd3a666d9026b0f05fa1f010fdecc20f9408,5732880,IMPORT,preserved,UNIQUE,,Sunnify/02 - Baitaca/Surungo Costeiro - Baitaca.mp3,"sem erro de leitura; metadata GOOD; título HIGH; artista HIGH; cover presente; bitrate 192 kbps; sample rate 44100 Hz; desempate final por relative_path",192000,44100,true,GOOD
Sunnify/02 - Baitaca/Surungo de Grota - Baitaca.mp3,Surungo de Grota - Baitaca.mp3,Sunnify/02 - Baitaca,Surungo de Grota,Baitaca,,214,ea5bb4e6c69643eb3aa14eb81d7de26a842832abb0e6a8e758876bc273cd2fbc,5186467,IMPORT,preserved,UNIQUE,,Sunnify/02 - Baitaca/Surungo de Grota - Baitaca.mp3,"sem erro de leitura; metadata GOOD; título HIGH; artista HIGH; cover presente; bitrate 192 kbps; sample rate 44100 Hz; desempate final por relative_path",192000,44100,true,GOOD
Sunnify/02 - Baitaca/Tenho Orgulho em Ser Campeiro - Baitaca.mp3,Tenho Orgulho em Ser Campeiro - Baitaca.mp3,Sunnify/02 - Baitaca,Tenho Orgulho em Ser Campeiro,Baitaca,,304,e1cfb911090c03a325c23b8ace68953a06ed104a0fa7b3e77e532d6e80eeed5c,7360115,IMPORT,preserved,UNIQUE,,Sunnify/02 - Baitaca/Tenho Orgulho em Ser Campeiro - Baitaca.mp3,"sem erro de leitura; metadata GOOD; título HIGH; artista HIGH; cover presente; bitrate 192 kbps; sample rate 44100 Hz; desempate final por relative_path",192000,44100,true,GOOD
Sunnify/02 - Baitaca/Vaneira Véia - Baitaca.mp3,Vaneira Véia - Baitaca.mp3,Sunnify/02 - Baitaca,Vaneira Véia,Baitaca,,207,c45c67d90af9cff075a8fe7e6a5c477c039beaf65f9b4f559c5406bbf89c17f7,5024885,IMPORT,preserved,UNIQUE,,Sunnify/02 - Baitaca/Vaneira Véia - Baitaca.mp3,"sem erro de leitura; metadata GOOD; título HIGH; artista HIGH; cover presente; bitrate 192 kbps; sample rate 44100 Hz; desempate final por relative_path",192000,44100,true,GOOD
"Sunnify/03 - Eduardo Costa e Leonardo/Ainda Ontem Chorei de Saudade - Ao Vivo - Leonardo, Eduardo Costa.mp3","Ainda Ontem Chorei de Saudade - Ao Vivo - Leonardo, Eduardo Costa.mp3",Sunnify/03 - Eduardo Costa e Leonardo,Ainda Ontem Chorei de Saudade - Ao Vivo,"Leonardo, Eduardo Costa",,197,337698e4c06f2cdf46f4f12630807dee48c5f5852c151e98c04913af0ac6c565,4790521,IMPORT,preserved,UNIQUE,,"Sunnify/03 - Eduardo Costa e Leonardo/Ainda Ontem Chorei de Saudade - Ao Vivo - Leonardo, Eduardo Costa.mp3","sem erro de leitura; metadata GOOD; título HIGH; artista HIGH; cover presente; bitrate 192 kbps; sample rate 44100 Hz; desempate final por relative_path",192000,44100,true,GOOD
"Sunnify/03 - Eduardo Costa e Leonardo/Apaixonado - Ao Vivo - Leonardo, Eduardo Costa.mp3","Apaixonado - Ao Vivo - Leonardo, Eduardo Costa.mp3",Sunnify/03 - Eduardo Costa e Leonardo,Apaixonado - Ao Vivo,"Leonardo, Eduardo Costa",,152,b5840b304a1581f94e08abcd32d6ab79e58f957e9e164985aede92c44e2e2ae7,3716322,IMPORT,preserved,UNIQUE,,"Sunnify/03 - Eduardo Costa e Leonardo/Apaixonado - Ao Vivo - Leonardo, Eduardo Costa.mp3","sem erro de leitura; metadata GOOD; título HIGH; artista HIGH; cover presente; bitrate 192 kbps; sample rate 44100 Hz; desempate final por relative_path",192000,44100,true,GOOD
"Sunnify/03 - Eduardo Costa e Leonardo/As Paredes Azuis - Ao Vivo - Leonardo, Eduardo Costa.mp3","As Paredes Azuis - Ao Vivo - Leonardo, Eduardo Costa.mp3",Sunnify/03 - Eduardo Costa e Leonardo,As Paredes Azuis - Ao Vivo,"Leonardo, Eduardo Costa",,204,92505617158ac6fb6dda8a5c2f55028ab4f275076c8b085a540ae3c17d0919a0,4973744,IMPORT,preserved,UNIQUE,,"Sunnify/03 - Eduardo Costa e Leonardo/As Paredes Azuis - Ao Vivo - Leonardo, Eduardo Costa.mp3","sem erro de leitura; metadata GOOD; título HIGH; artista HIGH; cover presente; bitrate 192 kbps; sample rate 44100 Hz; desempate final por relative_path",192000,44100,true,GOOD
"Sunnify/03 - Eduardo Costa e Leonardo/Blusa Vermelha - Ao Vivo - Leonardo, Eduardo Costa.mp3","Blusa Vermelha - Ao Vivo - Leonardo, Eduardo Costa.mp3",Sunnify/03 - Eduardo Costa e Leonardo,Blusa Vermelha - Ao Vivo,"Leonardo, Eduardo Costa",,195,4b5bcb19468416142f8520542d99a058ab0dd87b272c8c477b658200dd3d158b,4757860,IMPORT,preserved,UNIQUE,,"Sunnify/03 - Eduardo Costa e Leonardo/Blusa Vermelha - Ao Vivo - Leonardo, Eduardo Costa.mp3","sem erro de leitura; metadata GOOD; título HIGH; artista HIGH; cover presente; bitrate 192 kbps; sample rate 44100 Hz; desempate final por relative_path",192000,44100,true,GOOD
"Sunnify/03 - Eduardo Costa e Leonardo/Borbulhas de Amor (Tenho um Coração) - Ao Vivo - Leonardo, Eduardo Costa.mp3","Borbulhas de Amor (Tenho um Coração) - Ao Vivo - Leonardo, Eduardo Costa.mp3",Sunnify/03 - Eduardo Costa e Leonardo,Borbulhas de Amor (Tenho um Coração) - Ao Vivo,"Leonardo, Eduardo Costa",,213,2448f0e6c894394db2bcf81639431da9e76c6768c6ed80f2ff34a37eeed37610,5188413,IMPORT,preserved,UNIQUE,,"Sunnify/03 - Eduardo Costa e Leonardo/Borbulhas de Amor (Tenho um Coração) - Ao Vivo - Leonardo, Eduardo Costa.mp3","sem erro de leitura; metadata GOOD; título HIGH; artista HIGH; cover presente; bitrate 192 kbps; sample rate 44100 Hz; desempate final por relative_path",192000,44100,true,GOOD
"Sunnify/03 - Eduardo Costa e Leonardo/Como Eu Chorei - Ao Vivo - Leonardo, Eduardo Costa.mp3","Como Eu Chorei - Ao Vivo - Leonardo, Eduardo Costa.mp3",Sunnify/03 - Eduardo Costa e Leonardo,Como Eu Chorei - Ao Vivo,"Leonardo, Eduardo Costa",,233,b3c0c615067e486197e2e606810829b3db76cd92958369adfe0aaffed7dc903a,5649632,IMPORT,preserved,UNIQUE,,"Sunnify/03 - Eduardo Costa e Leonardo/Como Eu Chorei - Ao Vivo - Leonardo, Eduardo Costa.mp3","sem erro de leitura; metadata GOOD; título HIGH; artista HIGH; cover presente; bitrate 192 kbps; sample rate 44100 Hz; desempate final por relative_path",192000,44100,true,GOOD
"Sunnify/03 - Eduardo Costa e Leonardo/Crises de Amor - Ao Vivo - Leonardo, Eduardo Costa.mp3","Crises de Amor - Ao Vivo - Leonardo, Eduardo Costa.mp3",Sunnify/03 - Eduardo Costa e Leonardo,Crises de Amor - Ao Vivo,"Leonardo, Eduardo Costa",,225,552b19484d7574eaf3c07395bda2545c9c50305a84e80aa82da3ecf52fbb0536,5456572,IMPORT,preserved,UNIQUE,,"Sunnify/03 - Eduardo Costa e Leonardo/Crises de Amor - Ao Vivo - Leonardo, Eduardo Costa.mp3","sem erro de leitura; metadata GOOD; título HIGH; artista HIGH; cover presente; bitrate 192 kbps; sample rate 44100 Hz; desempate final por relative_path",192000,44100,true,GOOD
"Sunnify/03 - Eduardo Costa e Leonardo/De Igual Pra Igual - Ao Vivo - Leonardo, Eduardo Costa.mp3","De Igual Pra Igual - Ao Vivo - Leonardo, Eduardo Costa.mp3",Sunnify/03 - Eduardo Costa e Leonardo,De Igual Pra Igual - Ao Vivo,"Leonardo, Eduardo Costa",,223,eaf860eb40af0a75c46249869bfafbfa30b8bf30fe9c4da6fcf498a11b73988a,5409282,IMPORT,preserved,UNIQUE,,"Sunnify/03 - Eduardo Costa e Leonardo/De Igual Pra Igual - Ao Vivo - Leonardo, Eduardo Costa.mp3","sem erro de leitura; metadata GOOD; título HIGH; artista HIGH; cover presente; bitrate 192 kbps; sample rate 44100 Hz; desempate final por relative_path",192000,44100,true,GOOD
"Sunnify/03 - Eduardo Costa e Leonardo/Decida - Ao Vivo - Leonardo, Eduardo Costa.mp3","Decida - Ao Vivo - Leonardo, Eduardo Costa.mp3",Sunnify/03 - Eduardo Costa e Leonardo,Decida - Ao Vivo,"Leonardo, Eduardo Costa",,227,8040eff4fcc2055f4f2835f6e08b6a4998279aea38005d94fb97a79c44df4b30,5516802,IMPORT,preserved,UNIQUE,,"Sunnify/03 - Eduardo Costa e Leonardo/Decida - Ao Vivo - Leonardo, Eduardo Costa.mp3","sem erro de leitura; metadata GOOD; título HIGH; artista HIGH; cover presente; bitrate 192 kbps; sample rate 44100 Hz; desempate final por relative_path",192000,44100,true,GOOD
"Sunnify/03 - Eduardo Costa e Leonardo/Laço Aberto - Ao Vivo - Leonardo, Eduardo Costa.mp3","Laço Aberto - Ao Vivo - Leonardo, Eduardo Costa.mp3",Sunnify/03 - Eduardo Costa e Leonardo,Laço Aberto - Ao Vivo,"Leonardo, Eduardo Costa",,189,e684e1b53e7f1977f523ef147fedad8778628305b3c0ae9bc9fd1fefd439a868,4586132,IMPORT,preserved,UNIQUE,,"Sunnify/03 - Eduardo Costa e Leonardo/Laço Aberto - Ao Vivo - Leonardo, Eduardo Costa.mp3","sem erro de leitura; metadata GOOD; título HIGH; artista HIGH; cover presente; bitrate 192 kbps; sample rate 44100 Hz; desempate final por relative_path",192000,44100,true,GOOD
"Sunnify/03 - Eduardo Costa e Leonardo/Liguei Pra Dizer Que Te Amo - Ao Vivo - Leonardo, Eduardo Costa.mp3","Liguei Pra Dizer Que Te Amo - Ao Vivo - Leonardo, Eduardo Costa.mp3",Sunnify/03 - Eduardo Costa e Leonardo,Liguei Pra Dizer Que Te Amo - Ao Vivo,"Leonardo, Eduardo Costa",,190,b6c6261ca009247b06c1548b5dd0459ac895253a8195a28dd3e5119a63734337,4628607,IMPORT,preserved,UNIQUE,,"Sunnify/03 - Eduardo Costa e Leonardo/Liguei Pra Dizer Que Te Amo - Ao Vivo - Leonardo, Eduardo Costa.mp3","sem erro de leitura; metadata GOOD; título HIGH; artista HIGH; cover presente; bitrate 192 kbps; sample rate 44100 Hz; desempate final por relative_path",192000,44100,true,GOOD
"Sunnify/03 - Eduardo Costa e Leonardo/Mal Acostumada (feat. Ivete Sangalo) - Ao Vivo - Leonardo, Eduardo Costa, Ivete Sangalo.mp3","Mal Acostumada (feat. Ivete Sangalo) - Ao Vivo - Leonardo, Eduardo Costa, Ivete Sangalo.mp3",Sunnify/03 - Eduardo Costa e Leonardo,Mal Acostumada (feat. Ivete Sangalo) - Ao Vivo,"Leonardo, Eduardo Costa, Ivete Sangalo",,232,e428c8aa7583dc42ffbb79fb6976ff83f0b69721b6a8f7b3508b7f7144562787,5638640,IMPORT,preserved,UNIQUE,,"Sunnify/03 - Eduardo Costa e Leonardo/Mal Acostumada (feat. Ivete Sangalo) - Ao Vivo - Leonardo, Eduardo Costa, Ivete Sangalo.mp3","sem erro de leitura; metadata GOOD; título HIGH; artista HIGH; cover presente; bitrate 192 kbps; sample rate 44100 Hz; desempate final por relative_path",192000,44100,true,GOOD
"Sunnify/03 - Eduardo Costa e Leonardo/Me Mata de uma Vez - Ao Vivo - Leonardo, Eduardo Costa.mp3","Me Mata de uma Vez - Ao Vivo - Leonardo, Eduardo Costa.mp3",Sunnify/03 - Eduardo Costa e Leonardo,Me Mata de uma Vez - Ao Vivo,"Leonardo, Eduardo Costa",,175,e52a654402a386ce4bd284047533a19854961a7a92ecb35cff0e7a405ce0924c,4270479,IMPORT,preserved,UNIQUE,,"Sunnify/03 - Eduardo Costa e Leonardo/Me Mata de uma Vez - Ao Vivo - Leonardo, Eduardo Costa.mp3","sem erro de leitura; metadata GOOD; título HIGH; artista HIGH; cover presente; bitrate 192 kbps; sample rate 44100 Hz; desempate final por relative_path",192000,44100,true,GOOD
"Sunnify/03 - Eduardo Costa e Leonardo/Na Hora do Adeus - Ao Vivo - Leonardo, Eduardo Costa.mp3","Na Hora do Adeus - Ao Vivo - Leonardo, Eduardo Costa.mp3",Sunnify/03 - Eduardo Costa e Leonardo,Na Hora do Adeus - Ao Vivo,"Leonardo, Eduardo Costa",,233,69f63492978af127a4fa890998e6c9434326038c5cac9c3648a8d29b313f33bc,5661559,IMPORT,preserved,UNIQUE,,"Sunnify/03 - Eduardo Costa e Leonardo/Na Hora do Adeus - Ao Vivo - Leonardo, Eduardo Costa.mp3","sem erro de leitura; metadata GOOD; título HIGH; artista HIGH; cover presente; bitrate 192 kbps; sample rate 44100 Hz; desempate final por relative_path",192000,44100,true,GOOD
"Sunnify/03 - Eduardo Costa e Leonardo/Não Quero Piedade - Ao Vivo - Leonardo, Eduardo Costa.mp3","Não Quero Piedade - Ao Vivo - Leonardo, Eduardo Costa.mp3",Sunnify/03 - Eduardo Costa e Leonardo,Não Quero Piedade - Ao Vivo,"Leonardo, Eduardo Costa",,200,38a41f11be6a6580a2d08a2dc0bfa820e06a0fd7674112d4646c8040db2a48e3,4860390,IMPORT,preserved,UNIQUE,,"Sunnify/03 - Eduardo Costa e Leonardo/Não Quero Piedade - Ao Vivo - Leonardo, Eduardo Costa.mp3","sem erro de leitura; metadata GOOD; título HIGH; artista HIGH; cover presente; bitrate 192 kbps; sample rate 44100 Hz; desempate final por relative_path",192000,44100,true,GOOD
"Sunnify/03 - Eduardo Costa e Leonardo/Paixão de um Homem Dama de Vermelho - Ao Vivo - Leonardo, Eduardo Costa.mp3","Paixão de um Homem Dama de Vermelho - Ao Vivo - Leonardo, Eduardo Costa.mp3",Sunnify/03 - Eduardo Costa e Leonardo,Paixão de um Homem / Dama de Vermelho - Ao Vivo,"Leonardo, Eduardo Costa",,194,c39b00162f1e25da5a49136fb1634b2bd7137bbb2c5d01065073694a797ac52b,4721505,IMPORT,preserved,UNIQUE,,"Sunnify/03 - Eduardo Costa e Leonardo/Paixão de um Homem Dama de Vermelho - Ao Vivo - Leonardo, Eduardo Costa.mp3","sem erro de leitura; metadata GOOD; título HIGH; artista HIGH; cover presente; bitrate 192 kbps; sample rate 44100 Hz; desempate final por relative_path",192000,44100,true,GOOD
"Sunnify/03 - Eduardo Costa e Leonardo/Passe Livre - Ao Vivo - Leonardo, Eduardo Costa.mp3","Passe Livre - Ao Vivo - Leonardo, Eduardo Costa.mp3",Sunnify/03 - Eduardo Costa e Leonardo,Passe Livre - Ao Vivo,"Leonardo, Eduardo Costa",,145,91c48f895fbc27fbafb72f92fdbc757ebd160ed897155a42ad4e50f20d65d116,3542488,IMPORT,preserved,UNIQUE,,"Sunnify/03 - Eduardo Costa e Leonardo/Passe Livre - Ao Vivo - Leonardo, Eduardo Costa.mp3","sem erro de leitura; metadata GOOD; título HIGH; artista HIGH; cover presente; bitrate 192 kbps; sample rate 44100 Hz; desempate final por relative_path",192000,44100,true,GOOD
"Sunnify/03 - Eduardo Costa e Leonardo/Pedaço de Minha Vida - Ao Vivo - Leonardo, Eduardo Costa.mp3","Pedaço de Minha Vida - Ao Vivo - Leonardo, Eduardo Costa.mp3",Sunnify/03 - Eduardo Costa e Leonardo,Pedaço de Minha Vida - Ao Vivo,"Leonardo, Eduardo Costa",,173,a1645092e5998315b7b95baa443d3dfd3422022e5858daf4f50c3f4e21290e5a,4219022,IMPORT,preserved,UNIQUE,,"Sunnify/03 - Eduardo Costa e Leonardo/Pedaço de Minha Vida - Ao Vivo - Leonardo, Eduardo Costa.mp3","sem erro de leitura; metadata GOOD; título HIGH; artista HIGH; cover presente; bitrate 192 kbps; sample rate 44100 Hz; desempate final por relative_path",192000,44100,true,GOOD
"Sunnify/03 - Eduardo Costa e Leonardo/Princesa - Ao Vivo - Leonardo, Eduardo Costa.mp3","Princesa - Ao Vivo - Leonardo, Eduardo Costa.mp3",Sunnify/03 - Eduardo Costa e Leonardo,Princesa - Ao Vivo,"Leonardo, Eduardo Costa",,227,753f4ff1508bc94b1f4374583848b64d165ea721be8a7321dce9f3f2749618fc,5505905,IMPORT,preserved,UNIQUE,,"Sunnify/03 - Eduardo Costa e Leonardo/Princesa - Ao Vivo - Leonardo, Eduardo Costa.mp3","sem erro de leitura; metadata GOOD; título HIGH; artista HIGH; cover presente; bitrate 192 kbps; sample rate 44100 Hz; desempate final por relative_path",192000,44100,true,GOOD
"Sunnify/03 - Eduardo Costa e Leonardo/Quem Será Seu Outro Amor - Ao Vivo - Leonardo, Eduardo Costa.mp3","Quem Será Seu Outro Amor - Ao Vivo - Leonardo, Eduardo Costa.mp3",Sunnify/03 - Eduardo Costa e Leonardo,Quem Será Seu Outro Amor? - Ao Vivo,"Leonardo, Eduardo Costa",,227,99a9d2f7125ada4a6f8af5a3fa6c0076be56dd2e0aa0be0fc742c78246100b56,5518492,IMPORT,preserved,UNIQUE,,"Sunnify/03 - Eduardo Costa e Leonardo/Quem Será Seu Outro Amor - Ao Vivo - Leonardo, Eduardo Costa.mp3","sem erro de leitura; metadata GOOD; título HIGH; artista HIGH; cover presente; bitrate 192 kbps; sample rate 44100 Hz; desempate final por relative_path",192000,44100,true,GOOD
"Sunnify/03 - Eduardo Costa e Leonardo/São Tantas Coisas - Ao Vivo - Leonardo, Eduardo Costa.mp3","São Tantas Coisas - Ao Vivo - Leonardo, Eduardo Costa.mp3",Sunnify/03 - Eduardo Costa e Leonardo,São Tantas Coisas - Ao Vivo,"Leonardo, Eduardo Costa",,176,f87b5afb9bbf0a86df4bd8d514e53d6197ab133a16d6ca6965021b547a239e58,4293070,IMPORT,preserved,UNIQUE,,"Sunnify/03 - Eduardo Costa e Leonardo/São Tantas Coisas - Ao Vivo - Leonardo, Eduardo Costa.mp3","sem erro de leitura; metadata GOOD; título HIGH; artista HIGH; cover presente; bitrate 192 kbps; sample rate 44100 Hz; desempate final por relative_path",192000,44100,true,GOOD
"Sunnify/03 - Eduardo Costa e Leonardo/Seu Amor Ainda é Tudo - Ao Vivo - Leonardo, Eduardo Costa.mp3","Seu Amor Ainda é Tudo - Ao Vivo - Leonardo, Eduardo Costa.mp3",Sunnify/03 - Eduardo Costa e Leonardo,Seu Amor Ainda é Tudo - Ao Vivo,"Leonardo, Eduardo Costa",,247,db1c776e655b05690e4b3f6129976ebbc313a012cd7524b0b5ae1b401061a28e,5989784,IMPORT,preserved,UNIQUE,,"Sunnify/03 - Eduardo Costa e Leonardo/Seu Amor Ainda é Tudo - Ao Vivo - Leonardo, Eduardo Costa.mp3","sem erro de leitura; metadata GOOD; título HIGH; artista HIGH; cover presente; bitrate 192 kbps; sample rate 44100 Hz; desempate final por relative_path",192000,44100,true,GOOD
"Sunnify/03 - Eduardo Costa e Leonardo/Sonhei Com Você - Ao Vivo - Leonardo, Eduardo Costa.mp3","Sonhei Com Você - Ao Vivo - Leonardo, Eduardo Costa.mp3",Sunnify/03 - Eduardo Costa e Leonardo,Sonhei Com Você - Ao Vivo,"Leonardo, Eduardo Costa",,238,1d0a39408b3f42e657c0f9065498958737ba0bfb08c378273ec912bc01bf6cbe,5787698,IMPORT,preserved,UNIQUE,,"Sunnify/03 - Eduardo Costa e Leonardo/Sonhei Com Você - Ao Vivo - Leonardo, Eduardo Costa.mp3","sem erro de leitura; metadata GOOD; título HIGH; artista HIGH; cover presente; bitrate 192 kbps; sample rate 44100 Hz; desempate final por relative_path",192000,44100,true,GOOD
"Sunnify/03 - Eduardo Costa e Leonardo/Tranque a Porta e Me Beija - Ao Vivo - Leonardo, Eduardo Costa.mp3","Tranque a Porta e Me Beija - Ao Vivo - Leonardo, Eduardo Costa.mp3",Sunnify/03 - Eduardo Costa e Leonardo,Tranque a Porta e Me Beija - Ao Vivo,"Leonardo, Eduardo Costa",,178,9d14c8a4c0cb134db3c4d9f361389befdc86ddd3f90e93b2d1f461c2379eb6c1,4342665,IMPORT,preserved,UNIQUE,,"Sunnify/03 - Eduardo Costa e Leonardo/Tranque a Porta e Me Beija - Ao Vivo - Leonardo, Eduardo Costa.mp3","sem erro de leitura; metadata GOOD; título HIGH; artista HIGH; cover presente; bitrate 192 kbps; sample rate 44100 Hz; desempate final por relative_path",192000,44100,true,GOOD
"Sunnify/03 - Eduardo Costa e Leonardo/Último Adeus - Ao Vivo - Leonardo, Eduardo Costa.mp3","Último Adeus - Ao Vivo - Leonardo, Eduardo Costa.mp3",Sunnify/03 - Eduardo Costa e Leonardo,Último Adeus - Ao Vivo,"Leonardo, Eduardo Costa",,227,9f395df54929dbeae39668d63c75321f4b47d3ac783782d15bfdf64815da07f9,5525996,IMPORT,preserved,UNIQUE,,"Sunnify/03 - Eduardo Costa e Leonardo/Último Adeus - Ao Vivo - Leonardo, Eduardo Costa.mp3","sem erro de leitura; metadata GOOD; título HIGH; artista HIGH; cover presente; bitrate 192 kbps; sample rate 44100 Hz; desempate final por relative_path",192000,44100,true,GOOD
"Sunnify/03 - Eduardo Costa e Leonardo/Um Degrau na Escada - Ao Vivo - Leonardo, Eduardo Costa.mp3","Um Degrau na Escada - Ao Vivo - Leonardo, Eduardo Costa.mp3",Sunnify/03 - Eduardo Costa e Leonardo,Um Degrau na Escada - Ao Vivo,"Leonardo, Eduardo Costa",,214,1597e0bc1837e5d329a7cfe7a29d154228a079017cbe73594b31f20066b29bac,5202812,IMPORT,preserved,UNIQUE,,"Sunnify/03 - Eduardo Costa e Leonardo/Um Degrau na Escada - Ao Vivo - Leonardo, Eduardo Costa.mp3","sem erro de leitura; metadata GOOD; título HIGH; artista HIGH; cover presente; bitrate 192 kbps; sample rate 44100 Hz; desempate final por relative_path",192000,44100,true,GOOD
"Sunnify/03 - Eduardo Costa e Leonardo/Uma Vez por Mês - Ao Vivo - Leonardo, Eduardo Costa.mp3","Uma Vez por Mês - Ao Vivo - Leonardo, Eduardo Costa.mp3",Sunnify/03 - Eduardo Costa e Leonardo,Uma Vez por Mês - Ao Vivo,"Leonardo, Eduardo Costa",,179,38f10bb3a3ca4158e5fd09503a120eb6b53ac977c4f45eae088d21964ac26009,4347664,IMPORT,preserved,UNIQUE,,"Sunnify/03 - Eduardo Costa e Leonardo/Uma Vez por Mês - Ao Vivo - Leonardo, Eduardo Costa.mp3","sem erro de leitura; metadata GOOD; título HIGH; artista HIGH; cover presente; bitrate 192 kbps; sample rate 44100 Hz; desempate final por relative_path",192000,44100,true,GOOD
"Sunnify/03 - Eduardo Costa e Leonardo/Vá Com Deus - Ao Vivo - Leonardo, Eduardo Costa.mp3","Vá Com Deus - Ao Vivo - Leonardo, Eduardo Costa.mp3",Sunnify/03 - Eduardo Costa e Leonardo,Vá Com Deus - Ao Vivo,"Leonardo, Eduardo Costa",,244,b8b64b9d2e39b439ca71f2a381168e26cc2284a844586d3e7d9e35cd61d88f33,5921592,IMPORT,preserved,UNIQUE,,"Sunnify/03 - Eduardo Costa e Leonardo/Vá Com Deus - Ao Vivo - Leonardo, Eduardo Costa.mp3","sem erro de leitura; metadata GOOD; título HIGH; artista HIGH; cover presente; bitrate 192 kbps; sample rate 44100 Hz; desempate final por relative_path",192000,44100,true,GOOD
"Sunnify/03 - Eduardo Costa e Leonardo/Vestido de Seda - Ao Vivo - Leonardo, Eduardo Costa.mp3","Vestido de Seda - Ao Vivo - Leonardo, Eduardo Costa.mp3",Sunnify/03 - Eduardo Costa e Leonardo,Vestido de Seda - Ao Vivo,"Leonardo, Eduardo Costa",,149,2b8245a09beb3a5148b5218701caa28a2ccaac4e5c8bf703764e289f02ffaf10,3632633,IMPORT,preserved,UNIQUE,,"Sunnify/03 - Eduardo Costa e Leonardo/Vestido de Seda - Ao Vivo - Leonardo, Eduardo Costa.mp3","sem erro de leitura; metadata GOOD; título HIGH; artista HIGH; cover presente; bitrate 192 kbps; sample rate 44100 Hz; desempate final por relative_path",192000,44100,true,GOOD
"Sunnify/04 - Goiano e Paranaense/A Viola e a Pescaria - Goiano, Paranaense.mp3","A Viola e a Pescaria - Goiano, Paranaense.mp3",Sunnify/04 - Goiano e Paranaense,A Viola e a Pescaria,"Goiano, Paranaense",,196,e60e37d5b1e92171afce38f5de869e96af73526f87d696141b7f8d9a519e3761,4740419,IMPORT,preserved,UNIQUE,,"Sunnify/04 - Goiano e Paranaense/A Viola e a Pescaria - Goiano, Paranaense.mp3","sem erro de leitura; metadata GOOD; título HIGH; artista HIGH; cover presente; bitrate 192 kbps; sample rate 44100 Hz; desempate final por relative_path",192000,44100,true,GOOD
"Sunnify/04 - Goiano e Paranaense/A Viola e a Saudade - Goiano, Paranaense.mp3","A Viola e a Saudade - Goiano, Paranaense.mp3",Sunnify/04 - Goiano e Paranaense,A Viola e a Saudade,"Goiano, Paranaense",,200,5e4f949435485e75efd2792cfe0935abee9051a8052e2be9a632ce87e333efc6,4844419,IMPORT,preserved,UNIQUE,,"Sunnify/04 - Goiano e Paranaense/A Viola e a Saudade - Goiano, Paranaense.mp3","sem erro de leitura; metadata GOOD; título HIGH; artista HIGH; cover presente; bitrate 192 kbps; sample rate 44100 Hz; desempate final por relative_path",192000,44100,true,GOOD
"Sunnify/04 - Goiano e Paranaense/Amor Amigo - Goiano, Paranaense.mp3","Amor Amigo - Goiano, Paranaense.mp3",Sunnify/04 - Goiano e Paranaense,Amor Amigo,"Goiano, Paranaense",,185,ee9a7433c8eb16dbc3e1696531e6e1f1c97aadef83baeea2dc10e1541fe36173,4491083,IMPORT,preserved,UNIQUE,,"Sunnify/04 - Goiano e Paranaense/Amor Amigo - Goiano, Paranaense.mp3","sem erro de leitura; metadata GOOD; título HIGH; artista HIGH; cover presente; bitrate 192 kbps; sample rate 44100 Hz; desempate final por relative_path",192000,44100,true,GOOD
Sunnify/04 - Goiano e Paranaense/Casa de Capim - Goiano & Paranaense.mp3,Casa de Capim - Goiano & Paranaense.mp3,Sunnify/04 - Goiano e Paranaense,Casa de Capim,Goiano & Paranaense,,172,07054ba6f9dd2b69c7b8c73364f9781c064d20605c45f1c46fb4e4939079838f,4182996,IMPORT,preserved,UNIQUE,,Sunnify/04 - Goiano e Paranaense/Casa de Capim - Goiano & Paranaense.mp3,"sem erro de leitura; metadata GOOD; título HIGH; artista HIGH; cover presente; bitrate 192 kbps; sample rate 44100 Hz; desempate final por relative_path",192000,44100,true,GOOD
"Sunnify/04 - Goiano e Paranaense/Colar de Paixões - Goiano, Paranaense.mp3","Colar de Paixões - Goiano, Paranaense.mp3",Sunnify/04 - Goiano e Paranaense,Colar de Paixões,"Goiano, Paranaense",,250,b7a8a9ecc9449a5429effd88bb36d9dfee941f5b1287ef9d3417635cb55425a9,6045578,IMPORT,preserved,UNIQUE,,"Sunnify/04 - Goiano e Paranaense/Colar de Paixões - Goiano, Paranaense.mp3","sem erro de leitura; metadata GOOD; título HIGH; artista HIGH; cover presente; bitrate 192 kbps; sample rate 44100 Hz; desempate final por relative_path",192000,44100,true,GOOD
"Sunnify/04 - Goiano e Paranaense/Doutor no Sertão - Goiano, Paranaense.mp3","Doutor no Sertão - Goiano, Paranaense.mp3",Sunnify/04 - Goiano e Paranaense,Doutor no Sertão,"Goiano, Paranaense",,225,008e0b3d7338be8fa491bb53fa20dcb19e57d40cfa959398713989a08775d635,5447063,IMPORT,preserved,UNIQUE,,"Sunnify/04 - Goiano e Paranaense/Doutor no Sertão - Goiano, Paranaense.mp3","sem erro de leitura; metadata GOOD; título HIGH; artista HIGH; cover presente; bitrate 192 kbps; sample rate 44100 Hz; desempate final por relative_path",192000,44100,true,GOOD
"Sunnify/04 - Goiano e Paranaense/Duas Pedras que se Rolam - Goiano, Paranaense.mp3","Duas Pedras que se Rolam - Goiano, Paranaense.mp3",Sunnify/04 - Goiano e Paranaense,Duas Pedras que se Rolam,"Goiano, Paranaense",,202,655a7a222937613b1fa6585861437357526b50514f703114309046e254463965,4887905,IMPORT,preserved,UNIQUE,,"Sunnify/04 - Goiano e Paranaense/Duas Pedras que se Rolam - Goiano, Paranaense.mp3","sem erro de leitura; metadata GOOD; título HIGH; artista HIGH; cover presente; bitrate 192 kbps; sample rate 44100 Hz; desempate final por relative_path",192000,44100,true,GOOD
"Sunnify/04 - Goiano e Paranaense/Grito de Liberdade - Goiano, Paranaense.mp3","Grito de Liberdade - Goiano, Paranaense.mp3",Sunnify/04 - Goiano e Paranaense,Grito de Liberdade,"Goiano, Paranaense",,168,54560f272c0f3a7c08fa23159314626d7de1bfeacf4ed4c6b23324908642a542,4071255,IMPORT,preserved,UNIQUE,,"Sunnify/04 - Goiano e Paranaense/Grito de Liberdade - Goiano, Paranaense.mp3","sem erro de leitura; metadata GOOD; título HIGH; artista HIGH; cover presente; bitrate 192 kbps; sample rate 44100 Hz; desempate final por relative_path",192000,44100,true,GOOD
Sunnify/04 - Goiano e Paranaense/Homem do Milênio - Goiano & Paranaense.mp3,Homem do Milênio - Goiano & Paranaense.mp3,Sunnify/04 - Goiano e Paranaense,Homem do Milênio,Goiano & Paranaense,,195,953f75117a5139a625f7e13054821afbf1f43a32b785a73006d57367a4239617,4724592,IMPORT,preserved,UNIQUE,,Sunnify/04 - Goiano e Paranaense/Homem do Milênio - Goiano & Paranaense.mp3,"sem erro de leitura; metadata GOOD; título HIGH; artista HIGH; cover presente; bitrate 192 kbps; sample rate 44100 Hz; desempate final por relative_path",192000,44100,true,GOOD
Sunnify/04 - Goiano e Paranaense/Ingrata Maria - Goiano & Paranaense.mp3,Ingrata Maria - Goiano & Paranaense.mp3,Sunnify/04 - Goiano e Paranaense,Ingrata Maria,Goiano & Paranaense,,225,80edaaec51a60a5eb54e9c970ff9b417a5ec8be0e53f5e2e95330d770fa0b74c,5448169,IMPORT,preserved,UNIQUE,,Sunnify/04 - Goiano e Paranaense/Ingrata Maria - Goiano & Paranaense.mp3,"sem erro de leitura; metadata GOOD; título HIGH; artista HIGH; cover presente; bitrate 192 kbps; sample rate 44100 Hz; desempate final por relative_path",192000,44100,true,GOOD
"Sunnify/04 - Goiano e Paranaense/Isso já Virou Saudade - Goiano, Paranaense.mp3","Isso já Virou Saudade - Goiano, Paranaense.mp3",Sunnify/04 - Goiano e Paranaense,Isso já Virou Saudade,"Goiano, Paranaense",,247,187bd86a49f9bf9bb3d463a66fcb8e77720c0acf034a5cdd365f698a3a2c7ff3,5971709,IMPORT,preserved,UNIQUE,,"Sunnify/04 - Goiano e Paranaense/Isso já Virou Saudade - Goiano, Paranaense.mp3","sem erro de leitura; metadata GOOD; título HIGH; artista HIGH; cover presente; bitrate 192 kbps; sample rate 44100 Hz; desempate final por relative_path",192000,44100,true,GOOD
Sunnify/04 - Goiano e Paranaense/Lições de Vida - Goiano & Paranaense.mp3,Lições de Vida - Goiano & Paranaense.mp3,Sunnify/04 - Goiano e Paranaense,Lições de Vida,Goiano & Paranaense,,254,9c1be6fdea8d2ab0b42c3fd66adc69ab3beb3945a0c51ddaddc16fc3ff194f78,6174045,IMPORT,preserved,UNIQUE,,Sunnify/04 - Goiano e Paranaense/Lições de Vida - Goiano & Paranaense.mp3,"sem erro de leitura; metadata GOOD; título HIGH; artista HIGH; cover presente; bitrate 192 kbps; sample rate 44100 Hz; desempate final por relative_path",192000,44100,true,GOOD
Sunnify/04 - Goiano e Paranaense/Mantendo a Tradição - Goiano & Paranaense.mp3,Mantendo a Tradição - Goiano & Paranaense.mp3,Sunnify/04 - Goiano e Paranaense,Mantendo a Tradição,Goiano & Paranaense,,207,98010e8b5f51e51b768d7255afeed2537334c72ad40f7e5c0abe72c97141069e,5026458,IMPORT,preserved,UNIQUE,,Sunnify/04 - Goiano e Paranaense/Mantendo a Tradição - Goiano & Paranaense.mp3,"sem erro de leitura; metadata GOOD; título HIGH; artista HIGH; cover presente; bitrate 192 kbps; sample rate 44100 Hz; desempate final por relative_path",192000,44100,true,GOOD
"Sunnify/04 - Goiano e Paranaense/Marcas de um Amor - Goiano, Paranaense.mp3","Marcas de um Amor - Goiano, Paranaense.mp3",Sunnify/04 - Goiano e Paranaense,Marcas de um Amor,"Goiano, Paranaense",,178,12dffabcaa324d20b900c2992db5f13be49f753451e6278b09ce26e62ae0c366,4315378,IMPORT,preserved,UNIQUE,,"Sunnify/04 - Goiano e Paranaense/Marcas de um Amor - Goiano, Paranaense.mp3","sem erro de leitura; metadata GOOD; título HIGH; artista HIGH; cover presente; bitrate 192 kbps; sample rate 44100 Hz; desempate final por relative_path",192000,44100,true,GOOD
"Sunnify/04 - Goiano e Paranaense/Meu Recanto, Meu Paraíso - Goiano & Paranaense.mp3","Meu Recanto, Meu Paraíso - Goiano & Paranaense.mp3",Sunnify/04 - Goiano e Paranaense,"Meu Recanto, Meu Paraíso",Goiano & Paranaense,,255,4b1bc1b6421b2f3a8e91c6bb1c0b5746cdd975b6cbdc76bbdbc70b3813262bff,6172401,IMPORT,preserved,UNIQUE,,"Sunnify/04 - Goiano e Paranaense/Meu Recanto, Meu Paraíso - Goiano & Paranaense.mp3","sem erro de leitura; metadata GOOD; título HIGH; artista HIGH; cover presente; bitrate 192 kbps; sample rate 44100 Hz; desempate final por relative_path",192000,44100,true,GOOD
"Sunnify/04 - Goiano e Paranaense/Minha Vida, Minha Luz - Goiano & Paranaense.mp3","Minha Vida, Minha Luz - Goiano & Paranaense.mp3",Sunnify/04 - Goiano e Paranaense,"Minha Vida, Minha Luz",Goiano & Paranaense,,195,2c8b09fe3ec3b455d47ad1b144e416328948a465d97eb37b6bfedd6553fe6020,4730877,IMPORT,preserved,UNIQUE,,"Sunnify/04 - Goiano e Paranaense/Minha Vida, Minha Luz - Goiano & Paranaense.mp3","sem erro de leitura; metadata GOOD; título HIGH; artista HIGH; cover presente; bitrate 192 kbps; sample rate 44100 Hz; desempate final por relative_path",192000,44100,true,GOOD
"Sunnify/04 - Goiano e Paranaense/Nas Mãos do Criador - Dennis Rogers, Ferreirinha e Joari.mp3","Nas Mãos do Criador - Dennis Rogers, Ferreirinha e Joari.mp3",Sunnify/04 - Goiano e Paranaense,Nas Mãos do Criador,"Dennis Rogers, Ferreirinha e Joari",,132,b064e027f3f76222ceb2929b9515bc9f333ae5e6ff3f6a83c1a395fffafe0165,3220721,IMPORT,preserved,UNIQUE,,"Sunnify/04 - Goiano e Paranaense/Nas Mãos do Criador - Dennis Rogers, Ferreirinha e Joari.mp3","sem erro de leitura; metadata GOOD; título HIGH; artista HIGH; cover presente; bitrate 192 kbps; sample rate 44100 Hz; desempate final por relative_path",192000,44100,true,GOOD
"Sunnify/04 - Goiano e Paranaense/O Caipira Lavrador - Goiano, Paranaense.mp3","O Caipira Lavrador - Goiano, Paranaense.mp3",Sunnify/04 - Goiano e Paranaense,O Caipira Lavrador,"Goiano, Paranaense",,155,82740d511db73752d2a85022bf36bffd010a1cfe968551edd412712afcadd0cf,3763750,IMPORT,preserved,UNIQUE,,"Sunnify/04 - Goiano e Paranaense/O Caipira Lavrador - Goiano, Paranaense.mp3","sem erro de leitura; metadata GOOD; título HIGH; artista HIGH; cover presente; bitrate 192 kbps; sample rate 44100 Hz; desempate final por relative_path",192000,44100,true,GOOD
"Sunnify/04 - Goiano e Paranaense/O Doutor e o Caipira - Goiano, Paranaense.mp3","O Doutor e o Caipira - Goiano, Paranaense.mp3",Sunnify/04 - Goiano e Paranaense,O Doutor e o Caipira,"Goiano, Paranaense",,220,6a2ce880b4e7c736793ebb800adf9ffd3b163f49b904ec80668f7c566223f9ab,5320744,IMPORT,preserved,UNIQUE,,"Sunnify/04 - Goiano e Paranaense/O Doutor e o Caipira - Goiano, Paranaense.mp3","sem erro de leitura; metadata GOOD; título HIGH; artista HIGH; cover presente; bitrate 192 kbps; sample rate 44100 Hz; desempate final por relative_path",192000,44100,true,GOOD
"Sunnify/04 - Goiano e Paranaense/O Peso da Solidão - Goiano, Paranaense.mp3","O Peso da Solidão - Goiano, Paranaense.mp3",Sunnify/04 - Goiano e Paranaense,O Peso da Solidão,"Goiano, Paranaense",,214,4549e8e2dc716b91840bcd82961df684b291ec587669b4d0277c7b3e95ae0560,5177201,IMPORT,preserved,UNIQUE,,"Sunnify/04 - Goiano e Paranaense/O Peso da Solidão - Goiano, Paranaense.mp3","sem erro de leitura; metadata GOOD; título HIGH; artista HIGH; cover presente; bitrate 192 kbps; sample rate 44100 Hz; desempate final por relative_path",192000,44100,true,GOOD
Sunnify/04 - Goiano e Paranaense/O Vaqueiro - Goiano & Paranaense.mp3,O Vaqueiro - Goiano & Paranaense.mp3,Sunnify/04 - Goiano e Paranaense,O Vaqueiro,Goiano & Paranaense,,227,0fb283f9a66e653e2332813c777979e142579987c27db37781d78306f2fe501d,5518857,IMPORT,preserved,UNIQUE,,Sunnify/04 - Goiano e Paranaense/O Vaqueiro - Goiano & Paranaense.mp3,"sem erro de leitura; metadata GOOD; título HIGH; artista HIGH; cover presente; bitrate 192 kbps; sample rate 44100 Hz; desempate final por relative_path",192000,44100,true,GOOD
"Sunnify/04 - Goiano e Paranaense/Por Amor a Gente Chora - Goiano, Paranaense.mp3","Por Amor a Gente Chora - Goiano, Paranaense.mp3",Sunnify/04 - Goiano e Paranaense,Por Amor a Gente Chora,"Goiano, Paranaense",,203,f72b8181bd40b7e7b5e3cbf5e00fffa1f03e199289c2944c21f7f727aa4f67e8,4914889,IMPORT,preserved,UNIQUE,,"Sunnify/04 - Goiano e Paranaense/Por Amor a Gente Chora - Goiano, Paranaense.mp3","sem erro de leitura; metadata GOOD; título HIGH; artista HIGH; cover presente; bitrate 192 kbps; sample rate 44100 Hz; desempate final por relative_path",192000,44100,true,GOOD
"Sunnify/04 - Goiano e Paranaense/Renascer - Goiano, Paranaense.mp3","Renascer - Goiano, Paranaense.mp3",Sunnify/04 - Goiano e Paranaense,Renascer,"Goiano, Paranaense",,176,931096b08f741028eb78e16f20de0a6bcd4b17ba689fd9134a98d21a890599d7,4272059,IMPORT,preserved,UNIQUE,,"Sunnify/04 - Goiano e Paranaense/Renascer - Goiano, Paranaense.mp3","sem erro de leitura; metadata GOOD; título HIGH; artista HIGH; cover presente; bitrate 192 kbps; sample rate 44100 Hz; desempate final por relative_path",192000,44100,true,GOOD
"Sunnify/04 - Goiano e Paranaense/Terceira Perna - Goiano, Paranaense.mp3","Terceira Perna - Goiano, Paranaense.mp3",Sunnify/04 - Goiano e Paranaense,Terceira Perna,"Goiano, Paranaense",,129,9ab3b9f8bd3db62117569793b9937e4056e46ce13428d6f22bfb1777b1a497f4,3133840,IMPORT,preserved,UNIQUE,,"Sunnify/04 - Goiano e Paranaense/Terceira Perna - Goiano, Paranaense.mp3","sem erro de leitura; metadata GOOD; título HIGH; artista HIGH; cover presente; bitrate 192 kbps; sample rate 44100 Hz; desempate final por relative_path",192000,44100,true,GOOD
"Sunnify/04 - Goiano e Paranaense/Vale de Lágrimas - Goiano, Paranaense.mp3","Vale de Lágrimas - Goiano, Paranaense.mp3",Sunnify/04 - Goiano e Paranaense,Vale de Lágrimas,"Goiano, Paranaense",,280,ebeac8cefaec8fbf31fff24c29c762d773e222c3ebddab86746baa55f973802a,6766790,IMPORT,preserved,UNIQUE,,"Sunnify/04 - Goiano e Paranaense/Vale de Lágrimas - Goiano, Paranaense.mp3","sem erro de leitura; metadata GOOD; título HIGH; artista HIGH; cover presente; bitrate 192 kbps; sample rate 44100 Hz; desempate final por relative_path",192000,44100,true,GOOD
Sunnify/04 - Goiano e Paranaense/Viola Boneca Criança Sapeca - Goiano & Paranaense.mp3,Viola Boneca Criança Sapeca - Goiano & Paranaense.mp3,Sunnify/04 - Goiano e Paranaense,Viola Boneca Criança Sapeca,Goiano & Paranaense,,179,76a59d67c82369c2ff0bcb2dee3d951d6080ab3e4adf9056c62dfdd7f6c1111b,4353722,IMPORT,preserved,UNIQUE,,Sunnify/04 - Goiano e Paranaense/Viola Boneca Criança Sapeca - Goiano & Paranaense.mp3,"sem erro de leitura; metadata GOOD; título HIGH; artista HIGH; cover presente; bitrate 192 kbps; sample rate 44100 Hz; desempate final por relative_path",192000,44100,true,GOOD
"Sunnify/04 - Goiano e Paranaense/Viola Cultura - Goiano, Paranaense.mp3","Viola Cultura - Goiano, Paranaense.mp3",Sunnify/04 - Goiano e Paranaense,Viola Cultura,"Goiano, Paranaense",,161,7e1bdfaed1b9d799bcf446d7c27959ab8dc8973f8fcc1d53af5af96b70abef55,3903861,IMPORT,preserved,UNIQUE,,"Sunnify/04 - Goiano e Paranaense/Viola Cultura - Goiano, Paranaense.mp3","sem erro de leitura; metadata GOOD; título HIGH; artista HIGH; cover presente; bitrate 192 kbps; sample rate 44100 Hz; desempate final por relative_path",192000,44100,true,GOOD
"Sunnify/04 - Goiano e Paranaense/Voltei Porque te Amo - Goiano, Paranaense.mp3","Voltei Porque te Amo - Goiano, Paranaense.mp3",Sunnify/04 - Goiano e Paranaense,Voltei Porque te Amo,"Goiano, Paranaense",,205,593b5b42d6ccd3a4d627397c9a84132928a73b3354f3058760a92e4a2797660f,4968682,IMPORT,preserved,UNIQUE,,"Sunnify/04 - Goiano e Paranaense/Voltei Porque te Amo - Goiano, Paranaense.mp3","sem erro de leitura; metadata GOOD; título HIGH; artista HIGH; cover presente; bitrate 192 kbps; sample rate 44100 Hz; desempate final por relative_path",192000,44100,true,GOOD
Sunnify/05 - Luan Santana/2050 - Luan Santana.mp3,2050 - Luan Santana.mp3,Sunnify/05 - Luan Santana,Luan Santana,Luan Santana,,240,82bf9e2c4039d254eeadf6215645335dff1b024a6f3ff73b5d08bdc29bbf7c2e,5805345,IMPORT,preserved,UNIQUE,,Sunnify/05 - Luan Santana/2050 - Luan Santana.mp3,"sem erro de leitura; metadata INFERRED; título HIGH; artista HIGH; cover presente; bitrate 192 kbps; sample rate 44100 Hz; desempate final por relative_path",192000,44100,true,INFERRED
Sunnify/05 - Luan Santana/A - Ao Vivo - Luan Santana.mp3,A - Ao Vivo - Luan Santana.mp3,Sunnify/05 - Luan Santana,A - Ao Vivo,Luan Santana,,193,0fcb6c3d34a5f69ca8f2983617a16a3f0f98f5806bb204daa416a61d0923bf29,4680841,IMPORT,preserved,UNIQUE,,Sunnify/05 - Luan Santana/A - Ao Vivo - Luan Santana.mp3,"sem erro de leitura; metadata GOOD; título HIGH; artista HIGH; cover presente; bitrate 192 kbps; sample rate 44100 Hz; desempate final por relative_path",192000,44100,true,GOOD
Sunnify/05 - Luan Santana/ABALO EMOCIONAL - Ao Vivo - Luan Santana.mp3,ABALO EMOCIONAL - Ao Vivo - Luan Santana.mp3,Sunnify/05 - Luan Santana,ABALO EMOCIONAL - Ao Vivo,Luan Santana,,157,12385b6062faea99318db05c1f574208a915906abba932c3060089f92331d57b,3841105,IMPORT,preserved,UNIQUE,,Sunnify/05 - Luan Santana/ABALO EMOCIONAL - Ao Vivo - Luan Santana.mp3,"sem erro de leitura; metadata GOOD; título HIGH; artista HIGH; cover presente; bitrate 192 kbps; sample rate 44100 Hz; desempate final por relative_path",192000,44100,true,GOOD
Sunnify/05 - Luan Santana/Acertou a Mão - Luan Santana.mp3,Acertou a Mão - Luan Santana.mp3,Sunnify/05 - Luan Santana,Acertou a Mão,Luan Santana,,186,3fe18b6156f43ac1649e4d4f46670d460ceb11df9ca0b85b29d77e47597fd055,4502968,IMPORT,preserved,UNIQUE,,Sunnify/05 - Luan Santana/Acertou a Mão - Luan Santana.mp3,"sem erro de leitura; metadata GOOD; título HIGH; artista HIGH; cover presente; bitrate 192 kbps; sample rate 44100 Hz; desempate final por relative_path",192000,44100,true,GOOD
Sunnify/05 - Luan Santana/Acordando o Prédio - Radio Version - Luan Santana.mp3,Acordando o Prédio - Radio Version - Luan Santana.mp3,Sunnify/05 - Luan Santana,Acordando o Prédio - Radio Version,Luan Santana,,218,825c06dc078effbcd2e89a16a86b7e3fc280508a3693f3eb13217243fa47bfe6,5268285,IMPORT,preserved,UNIQUE,,Sunnify/05 - Luan Santana/Acordando o Prédio - Radio Version - Luan Santana.mp3,"sem erro de leitura; metadata GOOD; título HIGH; artista HIGH; cover presente; bitrate 192 kbps; sample rate 44100 Hz; desempate final por relative_path",192000,44100,true,GOOD
Sunnify/05 - Luan Santana/Adrenalina - Ao Vivo - Luan Santana.mp3,Adrenalina - Ao Vivo - Luan Santana.mp3,Sunnify/05 - Luan Santana,Adrenalina - Ao Vivo,Luan Santana,,206,a86537a67930083a3f4884673c2b4cbcbfc667ccea5fdb160559f77e7a5e6466,5018365,IMPORT,preserved,UNIQUE,,Sunnify/05 - Luan Santana/Adrenalina - Ao Vivo - Luan Santana.mp3,"sem erro de leitura; metadata GOOD; título HIGH; artista HIGH; cover presente; bitrate 192 kbps; sample rate 44100 Hz; desempate final por relative_path",192000,44100,true,GOOD
Sunnify/05 - Luan Santana/água com açúcar - ao vivo - Luan Santana.mp3,água com açúcar - ao vivo - Luan Santana.mp3,Sunnify/05 - Luan Santana,água com açúcar - ao vivo,Luan Santana,,250,98191b572b897cc8de3ffcd0aee6f460b93a7080ada566ba3f531d564763200a,6059987,IMPORT,preserved,UNIQUE,,Sunnify/05 - Luan Santana/água com açúcar - ao vivo - Luan Santana.mp3,"sem erro de leitura; metadata GOOD; título HIGH; artista HIGH; cover presente; bitrate 192 kbps; sample rate 44100 Hz; desempate final por relative_path",192000,44100,true,GOOD
Sunnify/05 - Luan Santana/ALUGA-SE - Ao Vivo - Luan Santana.mp3,ALUGA-SE - Ao Vivo - Luan Santana.mp3,Sunnify/05 - Luan Santana,ALUGA-SE - Ao Vivo,Luan Santana,,184,c579b3b38487e0680155cb71cd168df44e39f6e77502719670f8ce1bf7bf9afa,4482001,IMPORT,preserved,UNIQUE,,Sunnify/05 - Luan Santana/ALUGA-SE - Ao Vivo - Luan Santana.mp3,"sem erro de leitura; metadata GOOD; título HIGH; artista HIGH; cover presente; bitrate 192 kbps; sample rate 44100 Hz; desempate final por relative_path",192000,44100,true,GOOD
Sunnify/05 - Luan Santana/Amar Não é Pecado - Ao Vivo - Luan Santana.mp3,Amar Não é Pecado - Ao Vivo - Luan Santana.mp3,Sunnify/05 - Luan Santana,Amar Não é Pecado - Ao Vivo,Luan Santana,,214,47725490327878d413c293bb5fe4f96050641fcb0be108e97bf40d09a3888b04,5208531,IMPORT,preserved,UNIQUE,,Sunnify/05 - Luan Santana/Amar Não é Pecado - Ao Vivo - Luan Santana.mp3,"sem erro de leitura; metadata GOOD; título HIGH; artista HIGH; cover presente; bitrate 192 kbps; sample rate 44100 Hz; desempate final por relative_path",192000,44100,true,GOOD
Sunnify/05 - Luan Santana/Aqui É O Seu Lugar - Ao Vivo - Luan Santana.mp3,Aqui É O Seu Lugar - Ao Vivo - Luan Santana.mp3,Sunnify/05 - Luan Santana,Aqui É O Seu Lugar - Ao Vivo,Luan Santana,,212,649e6d47e6f92f7ccb28d69087af28457ed59781fc18d1c8bfe3f63141750994,5140838,IMPORT,preserved,UNIQUE,,Sunnify/05 - Luan Santana/Aqui É O Seu Lugar - Ao Vivo - Luan Santana.mp3,"sem erro de leitura; metadata GOOD; título HIGH; artista HIGH; cover presente; bitrate 192 kbps; sample rate 44100 Hz; desempate final por relative_path",192000,44100,true,GOOD
Sunnify/05 - Luan Santana/As Lembranças Vão Na Mala - Ao Vivo - Luan Santana.mp3,As Lembranças Vão Na Mala - Ao Vivo - Luan Santana.mp3,Sunnify/05 - Luan Santana,As Lembranças Vão Na Mala - Ao Vivo,Luan Santana,,221,db9a5ac024db2339aea7491d6f9ea397d548c5e667354ceb237d1a04accb482d,5383011,IMPORT,preserved,UNIQUE,,Sunnify/05 - Luan Santana/As Lembranças Vão Na Mala - Ao Vivo - Luan Santana.mp3,"sem erro de leitura; metadata GOOD; título HIGH; artista HIGH; cover presente; bitrate 192 kbps; sample rate 44100 Hz; desempate final por relative_path",192000,44100,true,GOOD
Sunnify/05 - Luan Santana/ASAS - Luan Santana.mp3,ASAS - Luan Santana.mp3,Sunnify/05 - Luan Santana,ASAS,Luan Santana,,231,2540d4c1d3148bda47691e8e215c45b7730d3429b6cbbd09c4698950ee418500,5597617,IMPORT,preserved,UNIQUE,,Sunnify/05 - Luan Santana/ASAS - Luan Santana.mp3,"sem erro de leitura; metadata GOOD; título HIGH; artista HIGH; cover presente; bitrate 192 kbps; sample rate 44100 Hz; desempate final por relative_path",192000,44100,true,GOOD
Sunnify/05 - Luan Santana/ASSIM NASCE UM BÊBADO - Luan Santana.mp3,ASSIM NASCE UM BÊBADO - Luan Santana.mp3,Sunnify/05 - Luan Santana,ASSIM NASCE UM BÊBADO,Luan Santana,,223,d18766aa77eadc1f04456b267979646f6568c9fb393680432e13b14d71c259cb,5433407,IMPORT,preserved,UNIQUE,,Sunnify/05 - Luan Santana/ASSIM NASCE UM BÊBADO - Luan Santana.mp3,"sem erro de leitura; metadata GOOD; título HIGH; artista HIGH; cover presente; bitrate 192 kbps; sample rate 44100 Hz; desempate final por relative_path",192000,44100,true,GOOD
"Sunnify/05 - Luan Santana/Bailando - Ao Vivo - Luan Santana, Descemer Bueno, Gente De Zona, Enrique Iglesias.mp3","Bailando - Ao Vivo - Luan Santana, Descemer Bueno, Gente De Zona, Enrique Iglesias.mp3",Sunnify/05 - Luan Santana,Bailando - Ao Vivo,"Luan Santana, Descemer Bueno, Gente De Zona, Enrique Iglesias",,257,e12bd30dfe3e6a3c8a1c5238cacaec39cd2bfb31439828e4d59ebead8578c060,6210876,IMPORT,preserved,UNIQUE,,"Sunnify/05 - Luan Santana/Bailando - Ao Vivo - Luan Santana, Descemer Bueno, Gente De Zona, Enrique Iglesias.mp3","sem erro de leitura; metadata GOOD; título HIGH; artista HIGH; cover presente; bitrate 192 kbps; sample rate 44100 Hz; desempate final por relative_path",192000,44100,true,GOOD
Sunnify/05 - Luan Santana/boa memória - ao vivo - Luan Santana.mp3,boa memória - ao vivo - Luan Santana.mp3,Sunnify/05 - Luan Santana,boa memória - ao vivo,Luan Santana,,214,87ed314211862ab26bf38f49a02f533ab17a341457bf27d7ebc7fdc042d6b661,5202095,IMPORT,preserved,UNIQUE,,Sunnify/05 - Luan Santana/boa memória - ao vivo - Luan Santana.mp3,"sem erro de leitura; metadata GOOD; título HIGH; artista HIGH; cover presente; bitrate 192 kbps; sample rate 44100 Hz; desempate final por relative_path",192000,44100,true,GOOD
Sunnify/05 - Luan Santana/Cantada - Ao Vivo - Luan Santana.mp3,Cantada - Ao Vivo - Luan Santana.mp3,Sunnify/05 - Luan Santana,Cantada - Ao Vivo,Luan Santana,,196,35e66b314d659baced02e1c767bf5d0ab8054e23636c33d0fd3e8bb6782929e6,4737398,IMPORT,preserved,UNIQUE,,Sunnify/05 - Luan Santana/Cantada - Ao Vivo - Luan Santana.mp3,"sem erro de leitura; metadata GOOD; título HIGH; artista HIGH; cover presente; bitrate 192 kbps; sample rate 44100 Hz; desempate final por relative_path",192000,44100,true,GOOD
Sunnify/05 - Luan Santana/Cê Topa - Ao Vivo - Luan Santana.mp3,Cê Topa - Ao Vivo - Luan Santana.mp3,Sunnify/05 - Luan Santana,Cê Topa - Ao Vivo,Luan Santana,,168,4627f0aba3284b16f0a17966b7ccd3f6116efa2c5c3a40041d06b8ddbebdffe3,4090338,IMPORT,preserved,UNIQUE,,Sunnify/05 - Luan Santana/Cê Topa - Ao Vivo - Luan Santana.mp3,"sem erro de leitura; metadata GOOD; título HIGH; artista HIGH; cover presente; bitrate 192 kbps; sample rate 44100 Hz; desempate final por relative_path",192000,44100,true,GOOD
Sunnify/05 - Luan Santana/CERTEZA - Ao Vivo - Luan Santana.mp3,CERTEZA - Ao Vivo - Luan Santana.mp3,Sunnify/05 - Luan Santana,CERTEZA - Ao Vivo,Luan Santana,,189,36fe65ec5596f90ac0b61aeda7c8bf7b80e9bfd144015ae45bbf13f7f2138111,4578550,IMPORT,preserved,UNIQUE,,Sunnify/05 - Luan Santana/CERTEZA - Ao Vivo - Luan Santana.mp3,"sem erro de leitura; metadata GOOD; título HIGH; artista HIGH; cover presente; bitrate 192 kbps; sample rate 44100 Hz; desempate final por relative_path",192000,44100,true,GOOD
Sunnify/05 - Luan Santana/Check-In - Luan Santana.mp3,Check-In - Luan Santana.mp3,Sunnify/05 - Luan Santana,Check-In,Luan Santana,,203,3498d7c891f0d53ffdc81c344aa15958e1b463f3060e9ce9cd38f96a47862c95,4913575,IMPORT,preserved,UNIQUE,,Sunnify/05 - Luan Santana/Check-In - Luan Santana.mp3,"sem erro de leitura; metadata GOOD; título HIGH; artista HIGH; cover presente; bitrate 192 kbps; sample rate 44100 Hz; desempate final por relative_path",192000,44100,true,GOOD
Sunnify/05 - Luan Santana/Chocolate - Ao Vivo - Luan Santana.mp3,Chocolate - Ao Vivo - Luan Santana.mp3,Sunnify/05 - Luan Santana,Chocolate - Ao Vivo,Luan Santana,,159,a51523f2a7f47ea590a1603e165489974aca01877c2b12a735f032e2d520d9bc,3856822,IMPORT,preserved,UNIQUE,,Sunnify/05 - Luan Santana/Chocolate - Ao Vivo - Luan Santana.mp3,"sem erro de leitura; metadata GOOD; título HIGH; artista HIGH; cover presente; bitrate 192 kbps; sample rate 44100 Hz; desempate final por relative_path",192000,44100,true,GOOD
Sunnify/05 - Luan Santana/choque térmico - ao vivo - Luan Santana.mp3,choque térmico - ao vivo - Luan Santana.mp3,Sunnify/05 - Luan Santana,choque térmico - ao vivo,Luan Santana,,173,05ff8735370e3dc040dcdd8749d6c5dcac972acb2ca9d9f8690d60b0d29e322b,4223098,IMPORT,preserved,UNIQUE,,Sunnify/05 - Luan Santana/choque térmico - ao vivo - Luan Santana.mp3,"sem erro de leitura; metadata GOOD; título HIGH; artista HIGH; cover presente; bitrate 192 kbps; sample rate 44100 Hz; desempate final por relative_path",192000,44100,true,GOOD
Sunnify/05 - Luan Santana/Chuva de Arroz - Ao Vivo - Luan Santana.mp3,Chuva de Arroz - Ao Vivo - Luan Santana.mp3,Sunnify/05 - Luan Santana,Chuva de Arroz - Ao Vivo,Luan Santana,,187,5a2fb2a973e68dbc2b1929515c9b1066ade5cda9a44db482a31b5eda0bd271ac,4507723,IMPORT,preserved,UNIQUE,,Sunnify/05 - Luan Santana/Chuva de Arroz - Ao Vivo - Luan Santana.mp3,"sem erro de leitura; metadata GOOD; título HIGH; artista HIGH; cover presente; bitrate 192 kbps; sample rate 44100 Hz; desempate final por relative_path",192000,44100,true,GOOD
Sunnify/05 - Luan Santana/CLONE - Ao Vivo - Luan Santana.mp3,CLONE - Ao Vivo - Luan Santana.mp3,Sunnify/05 - Luan Santana,CLONE - Ao Vivo,Luan Santana,,164,7b361843d4de7d539350a7d6a5571850edba61adfacd00a24a89833097120c6b,3975714,IMPORT,preserved,UNIQUE,,Sunnify/05 - Luan Santana/CLONE - Ao Vivo - Luan Santana.mp3,"sem erro de leitura; metadata GOOD; título HIGH; artista HIGH; cover presente; bitrate 192 kbps; sample rate 44100 Hz; desempate final por relative_path",192000,44100,true,GOOD
"Sunnify/05 - Luan Santana/CORAÇÃO CIGANO - Ao Vivo - Luan Santana, Luísa Sonza.mp3","CORAÇÃO CIGANO - Ao Vivo - Luan Santana, Luísa Sonza.mp3",Sunnify/05 - Luan Santana,CORAÇÃO CIGANO - Ao Vivo,"Luan Santana, Luísa Sonza",,209,3aa70558baccca1129a242fcca8e7937aed0b2df18611363dd7300b75d1b08aa,5054697,IMPORT,preserved,UNIQUE,,"Sunnify/05 - Luan Santana/CORAÇÃO CIGANO - Ao Vivo - Luan Santana, Luísa Sonza.mp3","sem erro de leitura; metadata GOOD; título HIGH; artista HIGH; cover presente; bitrate 192 kbps; sample rate 44100 Hz; desempate final por relative_path",192000,44100,true,GOOD
"Sunnify/05 - Luan Santana/Cuidado Cupido - Ao Vivo - Luan Santana, Péricles.mp3","Cuidado Cupido - Ao Vivo - Luan Santana, Péricles.mp3",Sunnify/05 - Luan Santana,Cuidado Cupido - Ao Vivo,"Luan Santana, Péricles",,253,9cdbe46527921c416cf92ae32dc8d6e7973bdc3c14ce34ee274253c7a627dca2,6100358,IMPORT,preserved,UNIQUE,,"Sunnify/05 - Luan Santana/Cuidado Cupido - Ao Vivo - Luan Santana, Péricles.mp3","sem erro de leitura; metadata GOOD; título HIGH; artista HIGH; cover presente; bitrate 192 kbps; sample rate 44100 Hz; desempate final por relative_path",192000,44100,true,GOOD
Sunnify/05 - Luan Santana/DEUS É MUITO BOM - Ao Vivo - Luan Santana.mp3,DEUS É MUITO BOM - Ao Vivo - Luan Santana.mp3,Sunnify/05 - Luan Santana,DEUS É MUITO BOM - Ao Vivo,Luan Santana,,179,4db23f56489d60ee652e99a876ce644937147f5713128537aaf13683c00693fe,4335537,IMPORT,preserved,UNIQUE,,Sunnify/05 - Luan Santana/DEUS É MUITO BOM - Ao Vivo - Luan Santana.mp3,"sem erro de leitura; metadata GOOD; título HIGH; artista HIGH; cover presente; bitrate 192 kbps; sample rate 44100 Hz; desempate final por relative_path",192000,44100,true,GOOD
"Sunnify/05 - Luan Santana/Dia, Lugar e Hora - Luan Santana.mp3","Dia, Lugar e Hora - Luan Santana.mp3",Sunnify/05 - Luan Santana,"Dia, Lugar e Hora",Luan Santana,,218,4a016b6607c355f34c5df972696e4dfc4eb6d4814b7912a8cda0c95fadaba0f3,5274528,IMPORT,preserved,UNIQUE,,"Sunnify/05 - Luan Santana/Dia, Lugar e Hora - Luan Santana.mp3","sem erro de leitura; metadata GOOD; título HIGH; artista HIGH; cover presente; bitrate 192 kbps; sample rate 44100 Hz; desempate final por relative_path",192000,44100,true,GOOD
"Sunnify/05 - Luan Santana/DONA - Ao Vivo - Luan Santana, Léo Foguete.mp3","DONA - Ao Vivo - Luan Santana, Léo Foguete.mp3",Sunnify/05 - Luan Santana,DONA - Ao Vivo,"Luan Santana, Léo Foguete",,222,c7be800ffc0e25183bf695ba872060f049a572f7ae64fc3b8dca878609802f94,5374989,IMPORT,preserved,UNIQUE,,"Sunnify/05 - Luan Santana/DONA - Ao Vivo - Luan Santana, Léo Foguete.mp3","sem erro de leitura; metadata GOOD; título HIGH; artista HIGH; cover presente; bitrate 192 kbps; sample rate 44100 Hz; desempate final por relative_path",192000,44100,true,GOOD
"Sunnify/05 - Luan Santana/Envolvidão - Ao Vivo Em Santa Catarina 2022 - Gustavo Mioto, Luan Santana.mp3","Envolvidão - Ao Vivo Em Santa Catarina 2022 - Gustavo Mioto, Luan Santana.mp3",Sunnify/05 - Luan Santana,Envolvidão - Ao Vivo Em Santa Catarina / 2022,"Gustavo Mioto, Luan Santana",,164,9cbf0d732c353ff296447e96b51a9b3b2b173b97234bf28775ebb01511005743,3978117,IMPORT,preserved,UNIQUE,,"Sunnify/05 - Luan Santana/Envolvidão - Ao Vivo Em Santa Catarina 2022 - Gustavo Mioto, Luan Santana.mp3","sem erro de leitura; metadata GOOD; título HIGH; artista HIGH; cover presente; bitrate 192 kbps; sample rate 44100 Hz; desempate final por relative_path",192000,44100,true,GOOD
"Sunnify/05 - Luan Santana/ERRO PLANEJADO - Ao Vivo - Luan Santana, Henrique & Juliano.mp3","ERRO PLANEJADO - Ao Vivo - Luan Santana, Henrique & Juliano.mp3",Sunnify/05 - Luan Santana,ERRO PLANEJADO - Ao Vivo,"Luan Santana, Henrique & Juliano",,155,ff500d3b95a90389740298d8c33db3b5ced4b6817d0152b3485302d146d98b8a,3764202,IMPORT,preserved,UNIQUE,,"Sunnify/05 - Luan Santana/ERRO PLANEJADO - Ao Vivo - Luan Santana, Henrique & Juliano.mp3","sem erro de leitura; metadata GOOD; título HIGH; artista HIGH; cover presente; bitrate 192 kbps; sample rate 44100 Hz; desempate final por relative_path",192000,44100,true,GOOD
Sunnify/05 - Luan Santana/Escreve Aí - Ao Vivo - Luan Santana.mp3,Escreve Aí - Ao Vivo - Luan Santana.mp3,Sunnify/05 - Luan Santana,Escreve Aí - Ao Vivo,Luan Santana,,237,32a13d9f3baf6d0172851a312dece18226410b7ecb6bea221bdbb1bd8db62e87,5712643,IMPORT,preserved,UNIQUE,,Sunnify/05 - Luan Santana/Escreve Aí - Ao Vivo - Luan Santana.mp3,"sem erro de leitura; metadata GOOD; título HIGH; artista HIGH; cover presente; bitrate 192 kbps; sample rate 44100 Hz; desempate final por relative_path",192000,44100,true,GOOD
"Sunnify/05 - Luan Santana/Estaca Zero - Luan Santana, Ivete Sangalo.mp3","Estaca Zero - Luan Santana, Ivete Sangalo.mp3",Sunnify/05 - Luan Santana,Estaca Zero,"Luan Santana, Ivete Sangalo",,166,2cf8f0a333cb2cdc607269e18ed7edad0dbfb51f8ee59a7188913088106a4173,4026427,IMPORT,preserved,UNIQUE,,"Sunnify/05 - Luan Santana/Estaca Zero - Luan Santana, Ivete Sangalo.mp3","sem erro de leitura; metadata GOOD; título HIGH; artista HIGH; cover presente; bitrate 192 kbps; sample rate 44100 Hz; desempate final por relative_path",192000,44100,true,GOOD
Sunnify/05 - Luan Santana/Eu Não Merecia Isso - Ao Vivo - Luan Santana.mp3,Eu Não Merecia Isso - Ao Vivo - Luan Santana.mp3,Sunnify/05 - Luan Santana,Eu Não Merecia Isso - Ao Vivo,Luan Santana,,209,e2c7fe90719b3c54f112ed8c9594a71060a69fecef44f5add5f05724f7aa70c0,5044930,IMPORT,preserved,UNIQUE,,Sunnify/05 - Luan Santana/Eu Não Merecia Isso - Ao Vivo - Luan Santana.mp3,"sem erro de leitura; metadata GOOD; título HIGH; artista HIGH; cover presente; bitrate 192 kbps; sample rate 44100 Hz; desempate final por relative_path",192000,44100,true,GOOD
"Sunnify/05 - Luan Santana/EU SOU SENTIMENTO - Luan Santana, Luan Pereira.mp3","EU SOU SENTIMENTO - Luan Santana, Luan Pereira.mp3",Sunnify/05 - Luan Santana,EU SOU SENTIMENTO,"Luan Santana, Luan Pereira",,186,c9f38fff811068d21f7407cf86ed5700e6bbc3d733f9babb32a4b86bdc6b2bcb,4511547,IMPORT,preserved,UNIQUE,,"Sunnify/05 - Luan Santana/EU SOU SENTIMENTO - Luan Santana, Luan Pereira.mp3","sem erro de leitura; metadata GOOD; título HIGH; artista HIGH; cover presente; bitrate 192 kbps; sample rate 44100 Hz; desempate final por relative_path",192000,44100,true,GOOD
"Sunnify/05 - Luan Santana/Eu, Você, o Mar e Ela - Luan Santana.mp3","Eu, Você, o Mar e Ela - Luan Santana.mp3",Sunnify/05 - Luan Santana,"Eu, Você, o Mar e Ela",Luan Santana,,189,f04830f6e84bff6059fdbe0635cc10d7d5f4bfa439d102d18d256540af4fb8b4,4564769,IMPORT,preserved,UNIQUE,,"Sunnify/05 - Luan Santana/Eu, Você, o Mar e Ela - Luan Santana.mp3","sem erro de leitura; metadata GOOD; título HIGH; artista HIGH; cover presente; bitrate 192 kbps; sample rate 44100 Hz; desempate final por relative_path",192000,44100,true,GOOD
"Sunnify/05 - Luan Santana/Everest - Ao Vivo - Luan Santana, Fernando & Sorocaba.mp3","Everest - Ao Vivo - Luan Santana, Fernando & Sorocaba.mp3",Sunnify/05 - Luan Santana,Everest - Ao Vivo,"Luan Santana, Fernando & Sorocaba",,247,1626d10db25865c0899656c45056e848eb82afc75800991bfc2f46a7e53eeddd,5972343,IMPORT,preserved,UNIQUE,,"Sunnify/05 - Luan Santana/Everest - Ao Vivo - Luan Santana, Fernando & Sorocaba.mp3","sem erro de leitura; metadata GOOD; título HIGH; artista HIGH; cover presente; bitrate 192 kbps; sample rate 44100 Hz; desempate final por relative_path",192000,44100,true,GOOD
Sunnify/05 - Luan Santana/Falando Sério - Ao Vivo - Luan Santana.mp3,Falando Sério - Ao Vivo - Luan Santana.mp3,Sunnify/05 - Luan Santana,Falando Sério - Ao Vivo,Luan Santana,,254,ae26d4cff1a0309e7709a36590e0a377743e9e22ccf698206c052ea4347e42b4,6136255,IMPORT,preserved,UNIQUE,,Sunnify/05 - Luan Santana/Falando Sério - Ao Vivo - Luan Santana.mp3,"sem erro de leitura; metadata GOOD; título HIGH; artista HIGH; cover presente; bitrate 192 kbps; sample rate 44100 Hz; desempate final por relative_path",192000,44100,true,GOOD
"Sunnify/05 - Luan Santana/Fantasma - Luan Santana, Marília Mendonça.mp3","Fantasma - Luan Santana, Marília Mendonça.mp3",Sunnify/05 - Luan Santana,Fantasma,"Luan Santana, Marília Mendonça",,242,649ab9171502524260910ee0520f2abf603e18f7fc0eff4d187a58a743cd6b33,5842505,IMPORT,preserved,UNIQUE,,"Sunnify/05 - Luan Santana/Fantasma - Luan Santana, Marília Mendonça.mp3","sem erro de leitura; metadata GOOD; título HIGH; artista HIGH; cover presente; bitrate 192 kbps; sample rate 44100 Hz; desempate final por relative_path",192000,44100,true,GOOD
Sunnify/05 - Luan Santana/Garotas Não Merecem Chorar - Ao Vivo - Luan Santana.mp3,Garotas Não Merecem Chorar - Ao Vivo - Luan Santana.mp3,Sunnify/05 - Luan Santana,Garotas Não Merecem Chorar - Ao Vivo,Luan Santana,,188,f2ce2805efa364568bb747b50d47f8febd28887677972c545e8c6a9bfef7268e,4573602,IMPORT,preserved,UNIQUE,,Sunnify/05 - Luan Santana/Garotas Não Merecem Chorar - Ao Vivo - Luan Santana.mp3,"sem erro de leitura; metadata GOOD; título HIGH; artista HIGH; cover presente; bitrate 192 kbps; sample rate 44100 Hz; desempate final por relative_path",192000,44100,true,GOOD
Sunnify/05 - Luan Santana/Garotas Não Merecem Chorar - Luan Santana.mp3,Garotas Não Merecem Chorar - Luan Santana.mp3,Sunnify/05 - Luan Santana,Garotas Não Merecem Chorar,Luan Santana,,181,f44d0d0f487cffa11cb16bb170daa831ba9fe50a7c72434beb7f3314331b6caf,4366845,IMPORT,preserved,UNIQUE,,Sunnify/05 - Luan Santana/Garotas Não Merecem Chorar - Luan Santana.mp3,"sem erro de leitura; metadata GOOD; título HIGH; artista HIGH; cover presente; bitrate 192 kbps; sample rate 44100 Hz; desempate final por relative_path",192000,44100,true,GOOD
"Sunnify/05 - Luan Santana/Hoje Não - Ao Vivo - Luan Santana, Thaeme & Thiago.mp3","Hoje Não - Ao Vivo - Luan Santana, Thaeme & Thiago.mp3",Sunnify/05 - Luan Santana,Hoje Não - Ao Vivo,"Luan Santana, Thaeme & Thiago",,149,239796f5d4fd2d2674b6e5a032e87f9d5cb4ad74fd2cc6ef4710696a1c14ad40,3598880,IMPORT,preserved,UNIQUE,,"Sunnify/05 - Luan Santana/Hoje Não - Ao Vivo - Luan Santana, Thaeme & Thiago.mp3","sem erro de leitura; metadata GOOD; título HIGH; artista HIGH; cover presente; bitrate 192 kbps; sample rate 44100 Hz; desempate final por relative_path",192000,44100,true,GOOD
Sunnify/05 - Luan Santana/ILHA - Luan Santana.mp3,ILHA - Luan Santana.mp3,Sunnify/05 - Luan Santana,ILHA,Luan Santana,,183,0763fb76c92e86061443907e839b811bf7f60a11d75be55e6ced942e4214242a,4425133,IMPORT,preserved,UNIQUE,,Sunnify/05 - Luan Santana/ILHA - Luan Santana.mp3,"sem erro de leitura; metadata GOOD; título HIGH; artista HIGH; cover presente; bitrate 192 kbps; sample rate 44100 Hz; desempate final por relative_path",192000,44100,true,GOOD
Sunnify/05 - Luan Santana/Incondicional - Ao Vivo - Luan Santana.mp3,Incondicional - Ao Vivo - Luan Santana.mp3,Sunnify/05 - Luan Santana,Incondicional - Ao Vivo,Luan Santana,,188,4891e62c2b73ea59aacb47cbc4b20c6f0f652d0860794b8b6f4f42f0fc533398,4563120,IMPORT,preserved,UNIQUE,,Sunnify/05 - Luan Santana/Incondicional - Ao Vivo - Luan Santana.mp3,"sem erro de leitura; metadata GOOD; título HIGH; artista HIGH; cover presente; bitrate 192 kbps; sample rate 44100 Hz; desempate final por relative_path",192000,44100,true,GOOD
"Sunnify/05 - Luan Santana/inesquecível - GIULIA BE, Luan Santana.mp3","inesquecível - GIULIA BE, Luan Santana.mp3",Sunnify/05 - Luan Santana,inesquecível,"GIULIA BE, Luan Santana",,186,96bb34617adea2cdecddd6e40e3da73b97e6d55450d2c03681477a799cbf1735,4521134,IMPORT,preserved,UNIQUE,,"Sunnify/05 - Luan Santana/inesquecível - GIULIA BE, Luan Santana.mp3","sem erro de leitura; metadata GOOD; título HIGH; artista HIGH; cover presente; bitrate 192 kbps; sample rate 44100 Hz; desempate final por relative_path",192000,44100,true,GOOD
Sunnify/05 - Luan Santana/Jogo Do Amor - Ao Vivo - Luan Santana.mp3,Jogo Do Amor - Ao Vivo - Luan Santana.mp3,Sunnify/05 - Luan Santana,Jogo Do Amor - Ao Vivo,Luan Santana,,193,342abd61de0fa574239b577cdd8750ed64307827cc48f978f9c96ceacd318924,4676429,IMPORT,preserved,UNIQUE,,Sunnify/05 - Luan Santana/Jogo Do Amor - Ao Vivo - Luan Santana.mp3,"sem erro de leitura; metadata GOOD; título HIGH; artista HIGH; cover presente; bitrate 192 kbps; sample rate 44100 Hz; desempate final por relative_path",192000,44100,true,GOOD
Sunnify/05 - Luan Santana/MC Lençol e DJ Travesseiro - Luan Santana.mp3,MC Lençol e DJ Travesseiro - Luan Santana.mp3,Sunnify/05 - Luan Santana,MC Lençol e DJ Travesseiro,Luan Santana,,179,a6c1eff8ed6cd056da7fe4957a3c22c57612954de78bcd8c008324a32d4fa05f,4338766,IMPORT,preserved,UNIQUE,,Sunnify/05 - Luan Santana/MC Lençol e DJ Travesseiro - Luan Santana.mp3,"sem erro de leitura; metadata GOOD; título HIGH; artista HIGH; cover presente; bitrate 192 kbps; sample rate 44100 Hz; desempate final por relative_path",192000,44100,true,GOOD
Sunnify/05 - Luan Santana/MEIO TERMO - Ao Vivo - Luan Santana.mp3,MEIO TERMO - Ao Vivo - Luan Santana.mp3,Sunnify/05 - Luan Santana,MEIO TERMO - Ao Vivo,Luan Santana,,176,188a905ca3a66ccefea1d086ef928f4e166a19512ab335f5704aff561a69fe0a,4255524,IMPORT,preserved,UNIQUE,,Sunnify/05 - Luan Santana/MEIO TERMO - Ao Vivo - Luan Santana.mp3,"sem erro de leitura; metadata GOOD; título HIGH; artista HIGH; cover presente; bitrate 192 kbps; sample rate 44100 Hz; desempate final por relative_path",192000,44100,true,GOOD
"Sunnify/05 - Luan Santana/Mesmo Sem Estar - Luan Santana, Sandy.mp3","Mesmo Sem Estar - Luan Santana, Sandy.mp3",Sunnify/05 - Luan Santana,Mesmo Sem Estar,"Luan Santana, Sandy",,248,4f7c1a62cb27d18058402564651877177b0a82d6ba63f91b59eb14ceaa63ac83,5990603,IMPORT,preserved,UNIQUE,,"Sunnify/05 - Luan Santana/Mesmo Sem Estar - Luan Santana, Sandy.mp3","sem erro de leitura; metadata GOOD; título HIGH; artista HIGH; cover presente; bitrate 192 kbps; sample rate 44100 Hz; desempate final por relative_path",192000,44100,true,GOOD
Sunnify/05 - Luan Santana/Meteoro - Ao Vivo - Luan Santana.mp3,Meteoro - Ao Vivo - Luan Santana.mp3,Sunnify/05 - Luan Santana,Meteoro - Ao Vivo,Luan Santana,,216,b606ce16cdfd8fba893e937a89137d33be95ad0fa262bb9fe7c20e0e317d15d3,5218007,IMPORT,preserved,UNIQUE,,Sunnify/05 - Luan Santana/Meteoro - Ao Vivo - Luan Santana.mp3,"sem erro de leitura; metadata GOOD; título HIGH; artista HIGH; cover presente; bitrate 192 kbps; sample rate 44100 Hz; desempate final por relative_path",192000,44100,true,GOOD
Sunnify/05 - Luan Santana/MORENA - Luan Santana.mp3,MORENA - Luan Santana.mp3,Sunnify/05 - Luan Santana,MORENA,Luan Santana,,193,ce75ed82aeb29ccf1b413ff5125d0639d780c5f62aecfa088ef08a46d8997017,4676350,IMPORT,preserved,UNIQUE,,Sunnify/05 - Luan Santana/MORENA - Luan Santana.mp3,"sem erro de leitura; metadata GOOD; título HIGH; artista HIGH; cover presente; bitrate 192 kbps; sample rate 44100 Hz; desempate final por relative_path",192000,44100,true,GOOD
"Sunnify/05 - Luan Santana/Namorando Ou Não - Ao Vivo - Clayton & Romário, Luan Santana.mp3","Namorando Ou Não - Ao Vivo - Clayton & Romário, Luan Santana.mp3",Sunnify/05 - Luan Santana,Namorando Ou Não - Ao Vivo,"Clayton & Romário, Luan Santana",,169,604fd13ce222dabc637e414c3dabaab72219af882dc0272e93047a0155130eff,4124016,IMPORT,preserved,UNIQUE,,"Sunnify/05 - Luan Santana/Namorando Ou Não - Ao Vivo - Clayton & Romário, Luan Santana.mp3","sem erro de leitura; metadata GOOD; título HIGH; artista HIGH; cover presente; bitrate 192 kbps; sample rate 44100 Hz; desempate final por relative_path",192000,44100,true,GOOD
Sunnify/05 - Luan Santana/Nega - Ao Vivo - Luan Santana.mp3,Nega - Ao Vivo - Luan Santana.mp3,Sunnify/05 - Luan Santana,Nega - Ao Vivo,Luan Santana,,166,80cc32672397b0e2d4b8dc7f3e54a2e4566218a3d57274383647348fb2ba1f23,4052098,IMPORT,preserved,UNIQUE,,Sunnify/05 - Luan Santana/Nega - Ao Vivo - Luan Santana.mp3,"sem erro de leitura; metadata GOOD; título HIGH; artista HIGH; cover presente; bitrate 192 kbps; sample rate 44100 Hz; desempate final por relative_path",192000,44100,true,GOOD
Sunnify/05 - Luan Santana/OLHO MARROM - Ao Vivo em Lisboa - Luan Santana.mp3,OLHO MARROM - Ao Vivo em Lisboa - Luan Santana.mp3,Sunnify/05 - Luan Santana,OLHO MARROM - Ao Vivo em Lisboa,Luan Santana,,146,25eba702aaba204616d355f55cff27b95f455c5b72293ba96d429b877557dc4c,3535936,IMPORT,preserved,UNIQUE,,Sunnify/05 - Luan Santana/OLHO MARROM - Ao Vivo em Lisboa - Luan Santana.mp3,"sem erro de leitura; metadata GOOD; título HIGH; artista HIGH; cover presente; bitrate 192 kbps; sample rate 44100 Hz; desempate final por relative_path",192000,44100,true,GOOD
Sunnify/05 - Luan Santana/PARECE - Ao Vivo - Luan Santana.mp3,PARECE - Ao Vivo - Luan Santana.mp3,Sunnify/05 - Luan Santana,PARECE - Ao Vivo,Luan Santana,,145,d86e03bca6e453e75f02e7968046fee1748b806fe8bf03266da74958137f461b,3520471,IMPORT,preserved,UNIQUE,,Sunnify/05 - Luan Santana/PARECE - Ao Vivo - Luan Santana.mp3,"sem erro de leitura; metadata GOOD; título HIGH; artista HIGH; cover presente; bitrate 192 kbps; sample rate 44100 Hz; desempate final por relative_path",192000,44100,true,GOOD
"Sunnify/05 - Luan Santana/PEGA ESCANDALOSO - Luan Santana, MC Kevin o Chris.mp3","PEGA ESCANDALOSO - Luan Santana, MC Kevin o Chris.mp3",Sunnify/05 - Luan Santana,PEGA ESCANDALOSO,"Luan Santana, MC Kevin o Chris",,157,b88700f4b5a206d4366828c996210520983e28af98668eca8d7892b8909db63c,3828331,IMPORT,preserved,UNIQUE,,"Sunnify/05 - Luan Santana/PEGA ESCANDALOSO - Luan Santana, MC Kevin o Chris.mp3","sem erro de leitura; metadata GOOD; título HIGH; artista HIGH; cover presente; bitrate 192 kbps; sample rate 44100 Hz; desempate final por relative_path",192000,44100,true,GOOD
Sunnify/05 - Luan Santana/PERIGO NOTURNO - Ao Vivo - Luan Santana [3kBOuur6erl8hVNXRIxhny].mp3,PERIGO NOTURNO - Ao Vivo - Luan Santana [3kBOuur6erl8hVNXRIxhny].mp3,Sunnify/05 - Luan Santana,PERIGO NOTURNO - Ao Vivo,Luan Santana,,202,bcba46d207ff1e31dc1d4dc9fc108d6da52e3f9dc44081cf5cd632bc7bae2ca7,4895908,SKIP_LIKELY,likely_duplicate,LIKELY_DUPLICATE,1,Sunnify/05 - Luan Santana/PERIGO NOTURNO - Ao Vivo - Luan Santana.mp3,"sem erro de leitura; metadata GOOD; título HIGH; artista HIGH; cover presente; bitrate 192 kbps; sample rate 44100 Hz; desempate final por relative_path",192000,44100,true,GOOD
Sunnify/05 - Luan Santana/PERIGO NOTURNO - Ao Vivo - Luan Santana.mp3,PERIGO NOTURNO - Ao Vivo - Luan Santana.mp3,Sunnify/05 - Luan Santana,PERIGO NOTURNO - Ao Vivo,Luan Santana,,202,42976f829b5fd88508db7e6c43d1eb6e4dc86bd169bdea7eeb20472e575f1f68,4910555,IMPORT,likely_duplicate_representative,LIKELY_DUPLICATE,1,Sunnify/05 - Luan Santana/PERIGO NOTURNO - Ao Vivo - Luan Santana.mp3,"sem erro de leitura; metadata GOOD; título HIGH; artista HIGH; cover presente; bitrate 192 kbps; sample rate 44100 Hz; desempate final por relative_path",192000,44100,true,GOOD
Sunnify/05 - Luan Santana/PERIGOSA - Ao Vivo - Luan Santana.mp3,PERIGOSA - Ao Vivo - Luan Santana.mp3,Sunnify/05 - Luan Santana,PERIGOSA - Ao Vivo,Luan Santana,,146,20a302c682e0264d8e687acfb6df778a7f7b75a2d54d9c0d26e94e9383c82872,3551135,IMPORT,preserved,UNIQUE,,Sunnify/05 - Luan Santana/PERIGOSA - Ao Vivo - Luan Santana.mp3,"sem erro de leitura; metadata GOOD; título HIGH; artista HIGH; cover presente; bitrate 192 kbps; sample rate 44100 Hz; desempate final por relative_path",192000,44100,true,GOOD
"Sunnify/05 - Luan Santana/Pode Ser Pra Valer - Ao Vivo - Luan Santana, Chitãozinho & Xororó.mp3","Pode Ser Pra Valer - Ao Vivo - Luan Santana, Chitãozinho & Xororó.mp3",Sunnify/05 - Luan Santana,Pode Ser Pra Valer - Ao Vivo,"Luan Santana, Chitãozinho & Xororó",,200,692da87ef736c3ec91466e479017808d57e65218082b987e2c4fc9bd5a5fc1ab,4846513,IMPORT,preserved,UNIQUE,,"Sunnify/05 - Luan Santana/Pode Ser Pra Valer - Ao Vivo - Luan Santana, Chitãozinho & Xororó.mp3","sem erro de leitura; metadata GOOD; título HIGH; artista HIGH; cover presente; bitrate 192 kbps; sample rate 44100 Hz; desempate final por relative_path",192000,44100,true,GOOD
Sunnify/05 - Luan Santana/Pra Você Lembrar de Mim - Ao Vivo - Luan Santana.mp3,Pra Você Lembrar de Mim - Ao Vivo - Luan Santana.mp3,Sunnify/05 - Luan Santana,Pra Você Lembrar de Mim - Ao Vivo,Luan Santana,,191,6277f2efa717d78072e989c30fcc7200798c496f1b3d35b58865f6f1964ee290,4622480,IMPORT,preserved,UNIQUE,,Sunnify/05 - Luan Santana/Pra Você Lembrar de Mim - Ao Vivo - Luan Santana.mp3,"sem erro de leitura; metadata GOOD; título HIGH; artista HIGH; cover presente; bitrate 192 kbps; sample rate 44100 Hz; desempate final por relative_path",192000,44100,true,GOOD
Sunnify/05 - Luan Santana/Promete - Ao Vivo - Luan Santana.mp3,Promete - Ao Vivo - Luan Santana.mp3,Sunnify/05 - Luan Santana,Promete - Ao Vivo,Luan Santana,,199,f508380d809c7e4a8a5cc0a80ef8c96b5808d2d2b35caaa9546353287ed5bc6b,4845927,IMPORT,preserved,UNIQUE,,Sunnify/05 - Luan Santana/Promete - Ao Vivo - Luan Santana.mp3,"sem erro de leitura; metadata GOOD; título HIGH; artista HIGH; cover presente; bitrate 192 kbps; sample rate 44100 Hz; desempate final por relative_path",192000,44100,true,GOOD
Sunnify/05 - Luan Santana/quando a bad bater - ao vivo - Luan Santana.mp3,quando a bad bater - ao vivo - Luan Santana.mp3,Sunnify/05 - Luan Santana,quando a bad bater - ao vivo,Luan Santana,,179,3d86b558535b1766a3194d9c9e3ac968c203e8e1e14ae90958773264fbf713f0,4358033,IMPORT,preserved,UNIQUE,,Sunnify/05 - Luan Santana/quando a bad bater - ao vivo - Luan Santana.mp3,"sem erro de leitura; metadata GOOD; título HIGH; artista HIGH; cover presente; bitrate 192 kbps; sample rate 44100 Hz; desempate final por relative_path",192000,44100,true,GOOD
"Sunnify/05 - Luan Santana/Rg - Luan Santana, Anitta.mp3","Rg - Luan Santana, Anitta.mp3",Sunnify/05 - Luan Santana,Rg,"Luan Santana, Anitta",,212,4aa175a05ff518394f0ad9090fee258ca2f99843cd82ababeb917c4fc3e440ee,5120772,IMPORT,preserved,UNIQUE,,"Sunnify/05 - Luan Santana/Rg - Luan Santana, Anitta.mp3","sem erro de leitura; metadata GOOD; título HIGH; artista HIGH; cover presente; bitrate 192 kbps; sample rate 44100 Hz; desempate final por relative_path",192000,44100,true,GOOD
Sunnify/05 - Luan Santana/SEU DOUTOR - Ao Vivo - Luan Santana.mp3,SEU DOUTOR - Ao Vivo - Luan Santana.mp3,Sunnify/05 - Luan Santana,SEU DOUTOR - Ao Vivo,Luan Santana,,174,5fd562421a0fb10b9cb4eb6832b8f9b113abc7639cb796b294347b5ffa8902b0,4214363,IMPORT,preserved,UNIQUE,,Sunnify/05 - Luan Santana/SEU DOUTOR - Ao Vivo - Luan Santana.mp3,"sem erro de leitura; metadata GOOD; título HIGH; artista HIGH; cover presente; bitrate 192 kbps; sample rate 44100 Hz; desempate final por relative_path",192000,44100,true,GOOD
Sunnify/05 - Luan Santana/Sinais - Ao Vivo - Luan Santana.mp3,Sinais - Ao Vivo - Luan Santana.mp3,Sunnify/05 - Luan Santana,Sinais - Ao Vivo,Luan Santana,,237,482d8575d49307350da3942cbef9aa548b8d0b5c8d96f469d2c63fc2903ad685,5735122,IMPORT,preserved,UNIQUE,,Sunnify/05 - Luan Santana/Sinais - Ao Vivo - Luan Santana.mp3,"sem erro de leitura; metadata GOOD; título HIGH; artista HIGH; cover presente; bitrate 192 kbps; sample rate 44100 Hz; desempate final por relative_path",192000,44100,true,GOOD
"Sunnify/05 - Luan Santana/Sofazinho - Ao Vivo - Luan Santana, Jorge & Mateus.mp3","Sofazinho - Ao Vivo - Luan Santana, Jorge & Mateus.mp3",Sunnify/05 - Luan Santana,Sofazinho - Ao Vivo,"Luan Santana, Jorge & Mateus",,188,b36228b067eba28d9e8398b32fcd856c7beab3359433ca9d6b0a3c2a2ffd7752,4575451,IMPORT,preserved,UNIQUE,,"Sunnify/05 - Luan Santana/Sofazinho - Ao Vivo - Luan Santana, Jorge & Mateus.mp3","sem erro de leitura; metadata GOOD; título HIGH; artista HIGH; cover presente; bitrate 192 kbps; sample rate 44100 Hz; desempate final por relative_path",192000,44100,true,GOOD
Sunnify/05 - Luan Santana/Sogrão Caprichou - Faixa Bônus - Luan Santana.mp3,Sogrão Caprichou - Faixa Bônus - Luan Santana.mp3,Sunnify/05 - Luan Santana,Sogrão Caprichou - Faixa Bônus,Luan Santana,,176,0d1612ac5727c9ae60d1c4071194ebff15d721d9c0ffb2f795105b36f73b1d5c,4270861,IMPORT,preserved,UNIQUE,,Sunnify/05 - Luan Santana/Sogrão Caprichou - Faixa Bônus - Luan Santana.mp3,"sem erro de leitura; metadata GOOD; título HIGH; artista HIGH; cover presente; bitrate 192 kbps; sample rate 44100 Hz; desempate final por relative_path",192000,44100,true,GOOD
Sunnify/05 - Luan Santana/Somos Apenas Um - Ao Vivo - Luan Santana.mp3,Somos Apenas Um - Ao Vivo - Luan Santana.mp3,Sunnify/05 - Luan Santana,Somos Apenas Um - Ao Vivo,Luan Santana,,219,c3191485a8fa16bd84385d6b725aed45000863dcd31b676906c2bd97a2dabbbd,5292076,IMPORT,preserved,UNIQUE,,Sunnify/05 - Luan Santana/Somos Apenas Um - Ao Vivo - Luan Santana.mp3,"sem erro de leitura; metadata GOOD; título HIGH; artista HIGH; cover presente; bitrate 192 kbps; sample rate 44100 Hz; desempate final por relative_path",192000,44100,true,GOOD
"Sunnify/05 - Luan Santana/SORRIA - Luan Santana, Mc Don Juan.mp3","SORRIA - Luan Santana, Mc Don Juan.mp3",Sunnify/05 - Luan Santana,SORRIA,"Luan Santana, Mc Don Juan",,181,50d875b3dbba857a144917b55e0fa9f0e10b3bad8367e110d767294bd5d53341,4398051,IMPORT,preserved,UNIQUE,,"Sunnify/05 - Luan Santana/SORRIA - Luan Santana, Mc Don Juan.mp3","sem erro de leitura; metadata GOOD; título HIGH; artista HIGH; cover presente; bitrate 192 kbps; sample rate 44100 Hz; desempate final por relative_path",192000,44100,true,GOOD
Sunnify/05 - Luan Santana/Tanto Faz - Ao Vivo - Luan Santana.mp3,Tanto Faz - Ao Vivo - Luan Santana.mp3,Sunnify/05 - Luan Santana,Tanto Faz - Ao Vivo,Luan Santana,,153,e64bb378b80420206780d19a9f2a1a8ecae51f2b131732e951c63ed3477ee9b8,3742042,IMPORT,preserved,UNIQUE,,Sunnify/05 - Luan Santana/Tanto Faz - Ao Vivo - Luan Santana.mp3,"sem erro de leitura; metadata GOOD; título HIGH; artista HIGH; cover presente; bitrate 192 kbps; sample rate 44100 Hz; desempate final por relative_path",192000,44100,true,GOOD
Sunnify/05 - Luan Santana/Te Esperando - Ao Vivo - Luan Santana.mp3,Te Esperando - Ao Vivo - Luan Santana.mp3,Sunnify/05 - Luan Santana,Te Esperando - Ao Vivo,Luan Santana,,271,58238abc078c78bba4967333e841e5bb62679222a3ab030c4e5a314aaded7b00,6547937,IMPORT,preserved,UNIQUE,,Sunnify/05 - Luan Santana/Te Esperando - Ao Vivo - Luan Santana.mp3,"sem erro de leitura; metadata GOOD; título HIGH; artista HIGH; cover presente; bitrate 192 kbps; sample rate 44100 Hz; desempate final por relative_path",192000,44100,true,GOOD
Sunnify/05 - Luan Santana/Te Esperando - Faixa Bônus - Luan Santana.mp3,Te Esperando - Faixa Bônus - Luan Santana.mp3,Sunnify/05 - Luan Santana,Te Esperando - Faixa Bônus,Luan Santana,,251,512f1cce15d5cc01393e89f7333155a843730c2942eb6728a2a48a6f08afca53,6056907,IMPORT,preserved,UNIQUE,,Sunnify/05 - Luan Santana/Te Esperando - Faixa Bônus - Luan Santana.mp3,"sem erro de leitura; metadata GOOD; título HIGH; artista HIGH; cover presente; bitrate 192 kbps; sample rate 44100 Hz; desempate final por relative_path",192000,44100,true,GOOD
Sunnify/05 - Luan Santana/Te Vivo - Ao Vivo - Luan Santana.mp3,Te Vivo - Ao Vivo - Luan Santana.mp3,Sunnify/05 - Luan Santana,Te Vivo - Ao Vivo,Luan Santana,,193,e4421fa368dd445e7352e57213353ddf0caea1d77ea6c5d464df9d9e279a9722,4689249,IMPORT,preserved,UNIQUE,,Sunnify/05 - Luan Santana/Te Vivo - Ao Vivo - Luan Santana.mp3,"sem erro de leitura; metadata GOOD; título HIGH; artista HIGH; cover presente; bitrate 192 kbps; sample rate 44100 Hz; desempate final por relative_path",192000,44100,true,GOOD
Sunnify/05 - Luan Santana/Tô de Cara - Ao Vivo - Luan Santana.mp3,Tô de Cara - Ao Vivo - Luan Santana.mp3,Sunnify/05 - Luan Santana,Tô de Cara - Ao Vivo,Luan Santana,,180,23d5560a88f94ace75e7e78b0d1d80237cf399b29f48db064d0737d9232c876d,4374566,IMPORT,preserved,UNIQUE,,Sunnify/05 - Luan Santana/Tô de Cara - Ao Vivo - Luan Santana.mp3,"sem erro de leitura; metadata GOOD; título HIGH; artista HIGH; cover presente; bitrate 192 kbps; sample rate 44100 Hz; desempate final por relative_path",192000,44100,true,GOOD
Sunnify/05 - Luan Santana/Tudo o Que Você Quiser - Ao Vivo - Luan Santana.mp3,Tudo o Que Você Quiser - Ao Vivo - Luan Santana.mp3,Sunnify/05 - Luan Santana,Tudo o Que Você Quiser - Ao Vivo,Luan Santana,,216,94714e5ab48addd9e178b7d2e11d7c349465bec58f3d1df18386356098cc19b9,5223164,IMPORT,preserved,UNIQUE,,Sunnify/05 - Luan Santana/Tudo o Que Você Quiser - Ao Vivo - Luan Santana.mp3,"sem erro de leitura; metadata GOOD; título HIGH; artista HIGH; cover presente; bitrate 192 kbps; sample rate 44100 Hz; desempate final por relative_path",192000,44100,true,GOOD
Sunnify/05 - Luan Santana/Tudo Que Você Quiser - Ao Vivo - Luan Santana.mp3,Tudo Que Você Quiser - Ao Vivo - Luan Santana.mp3,Sunnify/05 - Luan Santana,Tudo Que Você Quiser - Ao Vivo,Luan Santana,,250,4b9ec5b9c4a0627f02490f62e7989bfca416f915b70316dc443d76bd0f62451e,6068453,IMPORT,preserved,UNIQUE,,Sunnify/05 - Luan Santana/Tudo Que Você Quiser - Ao Vivo - Luan Santana.mp3,"sem erro de leitura; metadata GOOD; título HIGH; artista HIGH; cover presente; bitrate 192 kbps; sample rate 44100 Hz; desempate final por relative_path",192000,44100,true,GOOD
Sunnify/05 - Luan Santana/Um Beijo - Ao Vivo - Luan Santana.mp3,Um Beijo - Ao Vivo - Luan Santana.mp3,Sunnify/05 - Luan Santana,Um Beijo - Ao Vivo,Luan Santana,,197,94343ee1781b2bfec845ce2367b4491458bcda0c81e961334c1c7a30bfa251f0,4798712,IMPORT,preserved,UNIQUE,,Sunnify/05 - Luan Santana/Um Beijo - Ao Vivo - Luan Santana.mp3,"sem erro de leitura; metadata GOOD; título HIGH; artista HIGH; cover presente; bitrate 192 kbps; sample rate 44100 Hz; desempate final por relative_path",192000,44100,true,GOOD
"Sunnify/05 - Luan Santana/Vingança - Ao Vivo - Luan Santana, MC Kekel.mp3","Vingança - Ao Vivo - Luan Santana, MC Kekel.mp3",Sunnify/05 - Luan Santana,Vingança - Ao Vivo,"Luan Santana, MC Kekel",,181,1e015da89dd17cabe888a746d119be1864575c9195a1fda81ae3b9ae52670604,4394077,IMPORT,preserved,UNIQUE,,"Sunnify/05 - Luan Santana/Vingança - Ao Vivo - Luan Santana, MC Kekel.mp3","sem erro de leitura; metadata GOOD; título HIGH; artista HIGH; cover presente; bitrate 192 kbps; sample rate 44100 Hz; desempate final por relative_path",192000,44100,true,GOOD
Sunnify/05 - Luan Santana/Você de Mim Não Sai - Ao Vivo - Luan Santana.mp3,Você de Mim Não Sai - Ao Vivo - Luan Santana.mp3,Sunnify/05 - Luan Santana,Você de Mim Não Sai - Ao Vivo,Luan Santana,,181,34e6776463d21ac76a057461742ce1f77782204849592972f633fb09fb8c7782,4410006,IMPORT,preserved,UNIQUE,,Sunnify/05 - Luan Santana/Você de Mim Não Sai - Ao Vivo - Luan Santana.mp3,"sem erro de leitura; metadata GOOD; título HIGH; artista HIGH; cover presente; bitrate 192 kbps; sample rate 44100 Hz; desempate final por relative_path",192000,44100,true,GOOD
Sunnify/05 - Luan Santana/Você Do Meu Lado - Ao Vivo - Luan Santana.mp3,Você Do Meu Lado - Ao Vivo - Luan Santana.mp3,Sunnify/05 - Luan Santana,Você Do Meu Lado - Ao Vivo,Luan Santana,,179,1461647aaf9c15d601192e0955bc902d10199aba6028a9d453f8956222766cce,4348220,IMPORT,preserved,UNIQUE,,Sunnify/05 - Luan Santana/Você Do Meu Lado - Ao Vivo - Luan Santana.mp3,"sem erro de leitura; metadata GOOD; título HIGH; artista HIGH; cover presente; bitrate 192 kbps; sample rate 44100 Hz; desempate final por relative_path",192000,44100,true,GOOD
Sunnify/05 - Luan Santana/Você Não Sabe o Que é Amor - Ao Vivo - Luan Santana.mp3,Você Não Sabe o Que é Amor - Ao Vivo - Luan Santana.mp3,Sunnify/05 - Luan Santana,Você Não Sabe o Que É Amor - Ao Vivo,Luan Santana,,223,6c8385027eaf7ee0bf9046b93a0c9c8fd5ddb0ec2e7079fe69ee3fb501c6d20b,5407572,IMPORT,preserved,UNIQUE,,Sunnify/05 - Luan Santana/Você Não Sabe o Que é Amor - Ao Vivo - Luan Santana.mp3,"sem erro de leitura; metadata GOOD; título HIGH; artista HIGH; cover presente; bitrate 192 kbps; sample rate 44100 Hz; desempate final por relative_path",192000,44100,true,GOOD
Sunnify/06 - Amado Batista/Agora Ou Nunca Mais - Amado Batista.mp3,Agora Ou Nunca Mais - Amado Batista.mp3,Sunnify/06 - Amado Batista,Agora Ou Nunca Mais,Amado Batista,,227,a103ae8080fb56a27ed5559a6253567f1cb2f3c3a37f497213407a0629c10889,5472819,IMPORT,preserved,UNIQUE,,Sunnify/06 - Amado Batista/Agora Ou Nunca Mais - Amado Batista.mp3,"sem erro de leitura; metadata GOOD; título HIGH; artista HIGH; cover presente; bitrate 192 kbps; sample rate 44100 Hz; desempate final por relative_path",192000,44100,true,GOOD
Sunnify/06 - Amado Batista/Alucinação - Amado Batista.mp3,Alucinação - Amado Batista.mp3,Sunnify/06 - Amado Batista,Alucinação,Amado Batista,,222,69c9dbdd24d2145bf7678c627d975a2a513e5497f36fb1e66d5ded934c8ad814,5347913,IMPORT,preserved,UNIQUE,,Sunnify/06 - Amado Batista/Alucinação - Amado Batista.mp3,"sem erro de leitura; metadata GOOD; título HIGH; artista HIGH; cover presente; bitrate 192 kbps; sample rate 44100 Hz; desempate final por relative_path",192000,44100,true,GOOD
Sunnify/06 - Amado Batista/Amado@.com - Amado Batista.mp3,Amado@.com - Amado Batista.mp3,Sunnify/06 - Amado Batista,Amado Batista,Amado Batista,,243,9864f1f41603ed3d1464749769ac585268da52b6f09d75333b683b6ce6a3054a,5864378,IMPORT,preserved,UNIQUE,,Sunnify/06 - Amado Batista/Amado@.com - Amado Batista.mp3,"sem erro de leitura; metadata INFERRED; título HIGH; artista HIGH; cover presente; bitrate 192 kbps; sample rate 44100 Hz; desempate final por relative_path",192000,44100,true,INFERRED
Sunnify/06 - Amado Batista/Amar Amar - Amado Batista.mp3,Amar Amar - Amado Batista.mp3,Sunnify/06 - Amado Batista,Amar Amar,Amado Batista,,190,4526269ebb2049c5a959d1ba2716280a51ce6a65b1d60b74433073b006daf926,4589185,IMPORT,preserved,UNIQUE,,Sunnify/06 - Amado Batista/Amar Amar - Amado Batista.mp3,"sem erro de leitura; metadata GOOD; título HIGH; artista HIGH; cover presente; bitrate 192 kbps; sample rate 44100 Hz; desempate final por relative_path",192000,44100,true,GOOD
"Sunnify/06 - Amado Batista/Amigo (Acústico) (feat. Eduardo Costa) - Amado Batista, Eduardo Costa.mp3","Amigo (Acústico) (feat. Eduardo Costa) - Amado Batista, Eduardo Costa.mp3",Sunnify/06 - Amado Batista,Amigo (Acústico) (feat. Eduardo Costa),"Amado Batista, Eduardo Costa",,214,90f6a6934052cdca99e4185b0c9d9eca31a5e2ccf6cc54e972ef3d6f3da43b58,5161734,IMPORT,preserved,UNIQUE,,"Sunnify/06 - Amado Batista/Amigo (Acústico) (feat. Eduardo Costa) - Amado Batista, Eduardo Costa.mp3","sem erro de leitura; metadata GOOD; título HIGH; artista HIGH; cover presente; bitrate 192 kbps; sample rate 44100 Hz; desempate final por relative_path",192000,44100,true,GOOD
"Sunnify/06 - Amado Batista/Carta Sobre a Mesa (Acústico) (feat. Leonardo) - Amado Batista, Leonardo.mp3","Carta Sobre a Mesa (Acústico) (feat. Leonardo) - Amado Batista, Leonardo.mp3",Sunnify/06 - Amado Batista,Carta Sobre a Mesa (Acústico) (feat. Leonardo),"Amado Batista, Leonardo",,232,394dea20e6c6aeda5efa5373dcaafec5e17801f7052be6760eb57cd7500d0349,5589113,IMPORT,preserved,UNIQUE,,"Sunnify/06 - Amado Batista/Carta Sobre a Mesa (Acústico) (feat. Leonardo) - Amado Batista, Leonardo.mp3","sem erro de leitura; metadata GOOD; título HIGH; artista HIGH; cover presente; bitrate 192 kbps; sample rate 44100 Hz; desempate final por relative_path",192000,44100,true,GOOD
Sunnify/06 - Amado Batista/Castelo de Sonhos - Amado Batista.mp3,Castelo de Sonhos - Amado Batista.mp3,Sunnify/06 - Amado Batista,Castelo de Sonhos,Amado Batista,,265,f734d8c7a8544a2c59058c01f8abd3d5030b6bf6ffae7993756b329bdcaaf00d,6411185,IMPORT,preserved,UNIQUE,,Sunnify/06 - Amado Batista/Castelo de Sonhos - Amado Batista.mp3,"sem erro de leitura; metadata GOOD; título HIGH; artista HIGH; cover presente; bitrate 192 kbps; sample rate 44100 Hz; desempate final por relative_path",192000,44100,true,GOOD
Sunnify/06 - Amado Batista/Chance - Amado Batista.mp3,Chance - Amado Batista.mp3,Sunnify/06 - Amado Batista,Chance,Amado Batista,,179,f34141115c132816d4f4d8f20511ae06383dfb16a6b587577546d62769b0a757,4328740,IMPORT,preserved,UNIQUE,,Sunnify/06 - Amado Batista/Chance - Amado Batista.mp3,"sem erro de leitura; metadata GOOD; título HIGH; artista HIGH; cover presente; bitrate 192 kbps; sample rate 44100 Hz; desempate final por relative_path",192000,44100,true,GOOD
Sunnify/06 - Amado Batista/Desisto - Amado Batista.mp3,Desisto - Amado Batista.mp3,Sunnify/06 - Amado Batista,Desisto,Amado Batista,,230,4b51718115293ec75e2e2636e829d9d2cfe7a68f8d39c5b783679eaf3a445825,5539315,IMPORT,preserved,UNIQUE,,Sunnify/06 - Amado Batista/Desisto - Amado Batista.mp3,"sem erro de leitura; metadata GOOD; título HIGH; artista HIGH; cover presente; bitrate 192 kbps; sample rate 44100 Hz; desempate final por relative_path",192000,44100,true,GOOD
Sunnify/06 - Amado Batista/Deusa nua - Amado Batista.mp3,Deusa nua - Amado Batista.mp3,Sunnify/06 - Amado Batista,Deusa nua,Amado Batista,,202,c8a3d1b4ffd711a1a757eb0ae5ff05649d7fcbf2ba4ae1fa6d38f1cbeae01f7d,4889136,IMPORT,preserved,UNIQUE,,Sunnify/06 - Amado Batista/Deusa nua - Amado Batista.mp3,"sem erro de leitura; metadata GOOD; título HIGH; artista HIGH; cover presente; bitrate 192 kbps; sample rate 44100 Hz; desempate final por relative_path",192000,44100,true,GOOD
"Sunnify/06 - Amado Batista/Folha Seca - Amado Batista, Simone & Simaria.mp3","Folha Seca - Amado Batista, Simone & Simaria.mp3",Sunnify/06 - Amado Batista,Folha Seca,"Amado Batista, Simone & Simaria",,214,777b1ce2ba2c9fe38566f4fdd689c28a85b82ebf35a87519296a9676d79fd26b,5159054,IMPORT,preserved,UNIQUE,,"Sunnify/06 - Amado Batista/Folha Seca - Amado Batista, Simone & Simaria.mp3","sem erro de leitura; metadata GOOD; título HIGH; artista HIGH; cover presente; bitrate 192 kbps; sample rate 44100 Hz; desempate final por relative_path",192000,44100,true,GOOD
Sunnify/06 - Amado Batista/Golpe Fatal - Amado Batista.mp3,Golpe Fatal - Amado Batista.mp3,Sunnify/06 - Amado Batista,Golpe Fatal,Amado Batista,,164,dd59799c5eba4091807812248bff8aa51d3f59335878e64e8ec53da2a5d1039a,3964761,IMPORT,preserved,UNIQUE,,Sunnify/06 - Amado Batista/Golpe Fatal - Amado Batista.mp3,"sem erro de leitura; metadata GOOD; título HIGH; artista HIGH; cover presente; bitrate 192 kbps; sample rate 44100 Hz; desempate final por relative_path",192000,44100,true,GOOD
"Sunnify/06 - Amado Batista/Madrugada Na Cidade - Amado Batista, Moacyr Franco.mp3","Madrugada Na Cidade - Amado Batista, Moacyr Franco.mp3",Sunnify/06 - Amado Batista,Madrugada Na Cidade,"Amado Batista, Moacyr Franco",,181,77461911723a094c7055377beda425607a86d0ecf937c9686432dac3d7704dff,4383393,IMPORT,preserved,UNIQUE,,"Sunnify/06 - Amado Batista/Madrugada Na Cidade - Amado Batista, Moacyr Franco.mp3","sem erro de leitura; metadata GOOD; título HIGH; artista HIGH; cover presente; bitrate 192 kbps; sample rate 44100 Hz; desempate final por relative_path",192000,44100,true,GOOD
Sunnify/06 - Amado Batista/Menininha Meu Amor - Amado Batista.mp3,Menininha Meu Amor - Amado Batista.mp3,Sunnify/06 - Amado Batista,Menininha Meu Amor,Amado Batista,,198,bcbee8ac6ae507c2bc4deec190ce4bfa4562a69a5ca143666d44d4fdc3507012,4782277,IMPORT,preserved,UNIQUE,,Sunnify/06 - Amado Batista/Menininha Meu Amor - Amado Batista.mp3,"sem erro de leitura; metadata GOOD; título HIGH; artista HIGH; cover presente; bitrate 192 kbps; sample rate 44100 Hz; desempate final por relative_path",192000,44100,true,GOOD
Sunnify/06 - Amado Batista/Meu doce amor - Amado Batista.mp3,Meu doce amor - Amado Batista.mp3,Sunnify/06 - Amado Batista,Meu doce amor,Amado Batista,,270,8486bc7dd03dbad38f26aa9add89f541ef980d7dacd88d49bb4f1e20c30114ae,6503052,IMPORT,preserved,UNIQUE,,Sunnify/06 - Amado Batista/Meu doce amor - Amado Batista.mp3,"sem erro de leitura; metadata GOOD; título HIGH; artista HIGH; cover presente; bitrate 192 kbps; sample rate 44100 Hz; desempate final por relative_path",192000,44100,true,GOOD
"Sunnify/06 - Amado Batista/Meu Ex-Amor - Amado Batista, Jorge.mp3","Meu Ex-Amor - Amado Batista, Jorge.mp3",Sunnify/06 - Amado Batista,Meu Ex-Amor,"Amado Batista, Jorge",,142,cda492ebc51357cf26e21e214ae0bd9267ba90a57da47eabdf5d661cfade3a0e,3446405,IMPORT,preserved,UNIQUE,,"Sunnify/06 - Amado Batista/Meu Ex-Amor - Amado Batista, Jorge.mp3","sem erro de leitura; metadata GOOD; título HIGH; artista HIGH; cover presente; bitrate 192 kbps; sample rate 44100 Hz; desempate final por relative_path",192000,44100,true,GOOD
Sunnify/06 - Amado Batista/Mulher Carinhosa - Amado Batista.mp3,Mulher Carinhosa - Amado Batista.mp3,Sunnify/06 - Amado Batista,Mulher Carinhosa,Amado Batista,,247,daff25308127de8808aeba5f60e5ad54836c4db8e2f320e93766408b2a3b1c52,5970473,IMPORT,preserved,UNIQUE,,Sunnify/06 - Amado Batista/Mulher Carinhosa - Amado Batista.mp3,"sem erro de leitura; metadata GOOD; título HIGH; artista HIGH; cover presente; bitrate 192 kbps; sample rate 44100 Hz; desempate final por relative_path",192000,44100,true,GOOD
Sunnify/06 - Amado Batista/Onde Está Você (Acústico) - Amado Batista.mp3,Onde Está Você (Acústico) - Amado Batista.mp3,Sunnify/06 - Amado Batista,Onde Está Você? (Acústico),Amado Batista,,194,de3ff5fd563498186b57e58149f30810b25cc6986e693ca683570495cbf2ebbe,4677828,IMPORT,preserved,UNIQUE,,Sunnify/06 - Amado Batista/Onde Está Você (Acústico) - Amado Batista.mp3,"sem erro de leitura; metadata GOOD; título HIGH; artista HIGH; cover presente; bitrate 192 kbps; sample rate 44100 Hz; desempate final por relative_path",192000,44100,true,GOOD
Sunnify/06 - Amado Batista/Pra Que Fugir De Mim - Amado Batista.mp3,Pra Que Fugir De Mim - Amado Batista.mp3,Sunnify/06 - Amado Batista,Pra Que Fugir De Mim,Amado Batista,,193,68d65d59d7b98877fe37c3c64cee2d1dcbc8c9f3f56efb7ba115856f3da12334,4672691,IMPORT,preserved,UNIQUE,,Sunnify/06 - Amado Batista/Pra Que Fugir De Mim - Amado Batista.mp3,"sem erro de leitura; metadata GOOD; título HIGH; artista HIGH; cover presente; bitrate 192 kbps; sample rate 44100 Hz; desempate final por relative_path",192000,44100,true,GOOD
Sunnify/06 - Amado Batista/Princesa - Amado Batista.mp3,Princesa - Amado Batista.mp3,Sunnify/06 - Amado Batista,Princesa,Amado Batista,,230,bf71b6c0eeb6cac4549679d1442d598cf52ea40732e87087030155f16a0b4008,5555636,IMPORT,preserved,UNIQUE,,Sunnify/06 - Amado Batista/Princesa - Amado Batista.mp3,"sem erro de leitura; metadata GOOD; título HIGH; artista HIGH; cover presente; bitrate 192 kbps; sample rate 44100 Hz; desempate final por relative_path",192000,44100,true,GOOD
"Sunnify/06 - Amado Batista/Quem Ama Não Deixa de Amar - Ao Vivo - Banda Calypso, Amado Batista.mp3","Quem Ama Não Deixa de Amar - Ao Vivo - Banda Calypso, Amado Batista.mp3",Sunnify/06 - Amado Batista,Quem Ama Não Deixa de Amar - Ao Vivo,"Banda Calypso, Amado Batista",,200,42bb17d5e23f8ffd056f8d5474cfe4cb6e9177e28c6a69e31af38900201c5664,4853759,IMPORT,preserved,UNIQUE,,"Sunnify/06 - Amado Batista/Quem Ama Não Deixa de Amar - Ao Vivo - Banda Calypso, Amado Batista.mp3","sem erro de leitura; metadata GOOD; título HIGH; artista HIGH; cover presente; bitrate 192 kbps; sample rate 44100 Hz; desempate final por relative_path",192000,44100,true,GOOD
Sunnify/06 - Amado Batista/Quem Foi o Ladrão - Amado Batista.mp3,Quem Foi o Ladrão - Amado Batista.mp3,Sunnify/06 - Amado Batista,Quem Foi o Ladrão,Amado Batista,,200,7069fcea3f37fe2acb53fc861df4ce1598c30fb2642d40bf2e40984dd65a9722,4830815,IMPORT,preserved,UNIQUE,,Sunnify/06 - Amado Batista/Quem Foi o Ladrão - Amado Batista.mp3,"sem erro de leitura; metadata GOOD; título HIGH; artista HIGH; cover presente; bitrate 192 kbps; sample rate 44100 Hz; desempate final por relative_path",192000,44100,true,GOOD
Sunnify/06 - Amado Batista/Reclamando Sua Ausência - Amado Batista.mp3,Reclamando Sua Ausência - Amado Batista.mp3,Sunnify/06 - Amado Batista,Reclamando Sua Ausência,Amado Batista,,244,4328f22c74917890ba1da6aeff7af098d8ed5521421fe6555d52dfc8fa743dee,5887396,IMPORT,preserved,UNIQUE,,Sunnify/06 - Amado Batista/Reclamando Sua Ausência - Amado Batista.mp3,"sem erro de leitura; metadata GOOD; título HIGH; artista HIGH; cover presente; bitrate 192 kbps; sample rate 44100 Hz; desempate final por relative_path",192000,44100,true,GOOD
Sunnify/06 - Amado Batista/Reclamando Sua Ausência (Acústico) - Amado Batista.mp3,Reclamando Sua Ausência (Acústico) - Amado Batista.mp3,Sunnify/06 - Amado Batista,Reclamando Sua Ausência (Acústico),Amado Batista,,254,bc170743a51316d2263ac30353b7bb3795eb6b88ae7961e2687904c35b5bcc21,6137563,IMPORT,preserved,UNIQUE,,Sunnify/06 - Amado Batista/Reclamando Sua Ausência (Acústico) - Amado Batista.mp3,"sem erro de leitura; metadata GOOD; título HIGH; artista HIGH; cover presente; bitrate 192 kbps; sample rate 44100 Hz; desempate final por relative_path",192000,44100,true,GOOD
Sunnify/06 - Amado Batista/Romance no Deserto (Romance In Durango) [Acústico] - Amado Batista.mp3,Romance no Deserto (Romance In Durango) [Acústico] - Amado Batista.mp3,Sunnify/06 - Amado Batista,Romance no Deserto (Romance In Durango) [Acústico],Amado Batista,,294,944ab17691590f16ec340029a16710d29628866e8a4655f0654bc84329bce376,7100280,IMPORT,preserved,UNIQUE,,Sunnify/06 - Amado Batista/Romance no Deserto (Romance In Durango) [Acústico] - Amado Batista.mp3,"sem erro de leitura; metadata GOOD; título HIGH; artista HIGH; cover presente; bitrate 192 kbps; sample rate 44100 Hz; desempate final por relative_path",192000,44100,true,GOOD
Sunnify/06 - Amado Batista/Se Não For Por Amor - Amado Batista.mp3,Se Não For Por Amor - Amado Batista.mp3,Sunnify/06 - Amado Batista,Se Não For Por Amor,Amado Batista,,250,bba60ee3ecc5b7739191e7f7df2edc50486b2c9a302f2d381b2dc38632c8f083,6046924,IMPORT,preserved,UNIQUE,,Sunnify/06 - Amado Batista/Se Não For Por Amor - Amado Batista.mp3,"sem erro de leitura; metadata GOOD; título HIGH; artista HIGH; cover presente; bitrate 192 kbps; sample rate 44100 Hz; desempate final por relative_path",192000,44100,true,GOOD
"Sunnify/06 - Amado Batista/Separação - Amado Batista, Kell Smith.mp3","Separação - Amado Batista, Kell Smith.mp3",Sunnify/06 - Amado Batista,Separação,"Amado Batista, Kell Smith",,281,d56b0d6814bc36af9d666543e247cc9cb1578f32efcff4afa73a149abd905814,6767492,IMPORT,preserved,UNIQUE,,"Sunnify/06 - Amado Batista/Separação - Amado Batista, Kell Smith.mp3","sem erro de leitura; metadata GOOD; título HIGH; artista HIGH; cover presente; bitrate 192 kbps; sample rate 44100 Hz; desempate final por relative_path",192000,44100,true,GOOD
"Sunnify/06 - Amado Batista/Serenata - Amado Batista, Continental.mp3","Serenata - Amado Batista, Continental.mp3",Sunnify/06 - Amado Batista,Serenata,"Amado Batista, Continental",,162,5f254ec8e1bd030dffdc1816a05d05de6c78b5b355ccb08f01d018045d224abe,3918463,IMPORT,preserved,UNIQUE,,"Sunnify/06 - Amado Batista/Serenata - Amado Batista, Continental.mp3","sem erro de leitura; metadata GOOD; título HIGH; artista HIGH; cover presente; bitrate 192 kbps; sample rate 44100 Hz; desempate final por relative_path",192000,44100,true,GOOD
Sunnify/06 - Amado Batista/Seresteiro das Noites - Amado Batista.mp3,Seresteiro das Noites - Amado Batista.mp3,Sunnify/06 - Amado Batista,Seresteiro das Noites,Amado Batista,,254,12fdd4f216439d0977f1bdb352aa5552634800751c23b4f329835375718e1914,6131766,IMPORT,preserved,UNIQUE,,Sunnify/06 - Amado Batista/Seresteiro das Noites - Amado Batista.mp3,"sem erro de leitura; metadata GOOD; título HIGH; artista HIGH; cover presente; bitrate 192 kbps; sample rate 44100 Hz; desempate final por relative_path",192000,44100,true,GOOD
Sunnify/06 - Amado Batista/Solidão Sem Fim - Amado Batista.mp3,Solidão Sem Fim - Amado Batista.mp3,Sunnify/06 - Amado Batista,Solidão Sem Fim,Amado Batista,,208,495d378c92ad5fa0481bc7fe9e374f63bdfb12d7ce09ebcb18cf0643ea00b872,5033514,IMPORT,preserved,UNIQUE,,Sunnify/06 - Amado Batista/Solidão Sem Fim - Amado Batista.mp3,"sem erro de leitura; metadata GOOD; título HIGH; artista HIGH; cover presente; bitrate 192 kbps; sample rate 44100 Hz; desempate final por relative_path",192000,44100,true,GOOD
Sunnify/06 - Amado Batista/Venha Até Aqui (Acústico) - Amado Batista.mp3,Venha Até Aqui (Acústico) - Amado Batista.mp3,Sunnify/06 - Amado Batista,Venha Até Aqui (Acústico),Amado Batista,,184,0ba8dada9b4a95f1214447cdcefa528abb9471d94dd6f1336623651de6d11a6c,4443744,IMPORT,preserved,UNIQUE,,Sunnify/06 - Amado Batista/Venha Até Aqui (Acústico) - Amado Batista.mp3,"sem erro de leitura; metadata GOOD; título HIGH; artista HIGH; cover presente; bitrate 192 kbps; sample rate 44100 Hz; desempate final por relative_path",192000,44100,true,GOOD
Sunnify/06 - Amado Batista/Vida Cor de Rosa - Amado Batista.mp3,Vida Cor de Rosa - Amado Batista.mp3,Sunnify/06 - Amado Batista,Vida Cor de Rosa,Amado Batista,,202,73e9983124e9efa190d8ec7c26a4224c802ca0c6aad11360c4b84774940c3f64,4890025,IMPORT,preserved,UNIQUE,,Sunnify/06 - Amado Batista/Vida Cor de Rosa - Amado Batista.mp3,"sem erro de leitura; metadata GOOD; título HIGH; artista HIGH; cover presente; bitrate 192 kbps; sample rate 44100 Hz; desempate final por relative_path",192000,44100,true,GOOD
"Sunnify/07 - Zé Neto e Cristiano/200 Reais - Ao Vivo - Panda, João Neto & Frederico, MJ Records.mp3","200 Reais - Ao Vivo - Panda, João Neto & Frederico, MJ Records.mp3",Sunnify/07 - Zé Neto e Cristiano,200 Reais - Ao Vivo,"Panda, João Neto & Frederico, MJ Records",,143,cc798f39675f05172030f3685557c668a60e582cdc29405a7f6dfeeb93a4368b,3472678,IMPORT,likely_duplicate_representative,LIKELY_DUPLICATE,2,"Sunnify/07 - Zé Neto e Cristiano/200 Reais - Ao Vivo - Panda, João Neto & Frederico, MJ Records.mp3","sem erro de leitura; metadata GOOD; título HIGH; artista HIGH; cover presente; bitrate 192 kbps; sample rate 44100 Hz; desempate final por relative_path",192000,44100,true,GOOD
"Sunnify/07 - Zé Neto e Cristiano/A Culpa é do Meu Grau (feat. Zé Neto & Cristiano) - Ao Vivo em Brasília - Diego & Victor Hugo, Zé Neto & Cristiano.mp3","A Culpa é do Meu Grau (feat. Zé Neto & Cristiano) - Ao Vivo em Brasília - Diego & Victor Hugo, Zé Neto & Cristiano.mp3",Sunnify/07 - Zé Neto e Cristiano,A Culpa é do Meu Grau (feat. Zé Neto & Cristiano) - Ao Vivo em Brasília,"Diego & Victor Hugo, Zé Neto & Cristiano",Diego & Victor Hugo Ao Vivo em Brasília,176,3194beaa8e74c37e58fb9f6e5a313ccd01a1f71ffa631b8bdfd82021fa44b774,4267067,IMPORT,preserved,UNIQUE,,"Sunnify/07 - Zé Neto e Cristiano/A Culpa é do Meu Grau (feat. Zé Neto & Cristiano) - Ao Vivo em Brasília - Diego & Victor Hugo, Zé Neto & Cristiano.mp3","sem erro de leitura; metadata GOOD; título HIGH; artista HIGH; cover presente; bitrate 192 kbps; sample rate 44100 Hz; desempate final por relative_path",192000,44100,true,GOOD
Sunnify/07 - Zé Neto e Cristiano/A Farra Perdeu Pro Amor - Ao Vivo - Zé Neto & Cristiano.mp3,A Farra Perdeu Pro Amor - Ao Vivo - Zé Neto & Cristiano.mp3,Sunnify/07 - Zé Neto e Cristiano,A Farra Perdeu Pro Amor - Ao Vivo,Zé Neto & Cristiano,,145,021cf96f4c9bf1f10fef195c40de30015e8b8adf8f3bdb0e977d877405815620,3540879,IMPORT,preserved,UNIQUE,,Sunnify/07 - Zé Neto e Cristiano/A Farra Perdeu Pro Amor - Ao Vivo - Zé Neto & Cristiano.mp3,"sem erro de leitura; metadata GOOD; título HIGH; artista HIGH; cover presente; bitrate 192 kbps; sample rate 44100 Hz; desempate final por relative_path",192000,44100,true,GOOD
Sunnify/07 - Zé Neto e Cristiano/A Gente Continua - Ao Vivo - Zé Neto & Cristiano.mp3,A Gente Continua - Ao Vivo - Zé Neto & Cristiano.mp3,Sunnify/07 - Zé Neto e Cristiano,A Gente Continua - Ao Vivo,Zé Neto & Cristiano,,133,88d98401315f5cac7949bcd1c06e8c39b0f63a66a508dd3d3237d218305f3799,3241517,IMPORT,preserved,UNIQUE,,Sunnify/07 - Zé Neto e Cristiano/A Gente Continua - Ao Vivo - Zé Neto & Cristiano.mp3,"sem erro de leitura; metadata GOOD; título HIGH; artista HIGH; cover presente; bitrate 192 kbps; sample rate 44100 Hz; desempate final por relative_path",192000,44100,true,GOOD
"Sunnify/07 - Zé Neto e Cristiano/Abaixa o Som - Ao Vivo - Zé Neto & Cristiano, Marília Mendonça.mp3","Abaixa o Som - Ao Vivo - Zé Neto & Cristiano, Marília Mendonça.mp3",Sunnify/07 - Zé Neto e Cristiano,Abaixa o Som - Ao Vivo,"Zé Neto & Cristiano, Marília Mendonça",,184,a5f8632c1a6efd3a1ae388a4ab4546a739eb0c77001dd0e58c3c5d40671f380b,4467449,IMPORT,preserved,UNIQUE,,"Sunnify/07 - Zé Neto e Cristiano/Abaixa o Som - Ao Vivo - Zé Neto & Cristiano, Marília Mendonça.mp3","sem erro de leitura; metadata GOOD; título HIGH; artista HIGH; cover presente; bitrate 192 kbps; sample rate 44100 Hz; desempate final por relative_path",192000,44100,true,GOOD
Sunnify/07 - Zé Neto e Cristiano/Aí É Loucura - Ao Vivo - Zé Neto & Cristiano.mp3,Aí É Loucura - Ao Vivo - Zé Neto & Cristiano.mp3,Sunnify/07 - Zé Neto e Cristiano,Aí É Loucura - Ao Vivo,Zé Neto & Cristiano,,135,2366c53512898d867dcf58ad314dd0fff512802e635c8202d87d643e1670062d,3292886,IMPORT,preserved,UNIQUE,,Sunnify/07 - Zé Neto e Cristiano/Aí É Loucura - Ao Vivo - Zé Neto & Cristiano.mp3,"sem erro de leitura; metadata GOOD; título HIGH; artista HIGH; cover presente; bitrate 192 kbps; sample rate 44100 Hz; desempate final por relative_path",192000,44100,true,GOOD
Sunnify/07 - Zé Neto e Cristiano/Alimentando Vontade - Zé Neto & Cristiano.mp3,Alimentando Vontade - Zé Neto & Cristiano.mp3,Sunnify/07 - Zé Neto e Cristiano,Alimentando Vontade,Zé Neto & Cristiano,Tarja Preta,139,adcb9c62eaaca94945699dea97251ae09b8e201b9a272e5bf8e739114f005a4f,3377637,IMPORT,preserved,UNIQUE,,Sunnify/07 - Zé Neto e Cristiano/Alimentando Vontade - Zé Neto & Cristiano.mp3,"sem erro de leitura; metadata GOOD; título HIGH; artista HIGH; cover presente; bitrate 192 kbps; sample rate 44100 Hz; desempate final por relative_path",192000,44100,true,GOOD
Sunnify/07 - Zé Neto e Cristiano/Alô Ambev (Segue Sua Vida) - Ao Vivo - Zé Neto & Cristiano.mp3,Alô Ambev (Segue Sua Vida) - Ao Vivo - Zé Neto & Cristiano.mp3,Sunnify/07 - Zé Neto e Cristiano,Alô Ambev (Segue Sua Vida) - Ao Vivo,Zé Neto & Cristiano,,169,be6679df982af94f9647fa37524fbc0900a0016e95c61872129c4f85ac339a67,4120497,IMPORT,preserved,UNIQUE,,Sunnify/07 - Zé Neto e Cristiano/Alô Ambev (Segue Sua Vida) - Ao Vivo - Zé Neto & Cristiano.mp3,"sem erro de leitura; metadata GOOD; título HIGH; artista HIGH; cover presente; bitrate 192 kbps; sample rate 44100 Hz; desempate final por relative_path",192000,44100,true,GOOD
Sunnify/07 - Zé Neto e Cristiano/Alô Tranqueira - Ao Vivo - Zé Neto & Cristiano.mp3,Alô Tranqueira - Ao Vivo - Zé Neto & Cristiano.mp3,Sunnify/07 - Zé Neto e Cristiano,Alô Tranqueira - Ao Vivo,Zé Neto & Cristiano,,171,0480e1cb125466768ff0b41f265a35011e45244927c7e8fa0f5b04f278238ca2,4155718,IMPORT,preserved,UNIQUE,,Sunnify/07 - Zé Neto e Cristiano/Alô Tranqueira - Ao Vivo - Zé Neto & Cristiano.mp3,"sem erro de leitura; metadata GOOD; título HIGH; artista HIGH; cover presente; bitrate 192 kbps; sample rate 44100 Hz; desempate final por relative_path",192000,44100,true,GOOD
Sunnify/07 - Zé Neto e Cristiano/Amigo Taxista - Ao Vivo - Zé Neto & Cristiano.mp3,Amigo Taxista - Ao Vivo - Zé Neto & Cristiano.mp3,Sunnify/07 - Zé Neto e Cristiano,Amigo Taxista - Ao Vivo,Zé Neto & Cristiano,,198,7591d1a35beb66a37d130bcaca1b20f1bc3466036b04847af28c974fc429f9ed,4796426,IMPORT,preserved,UNIQUE,,Sunnify/07 - Zé Neto e Cristiano/Amigo Taxista - Ao Vivo - Zé Neto & Cristiano.mp3,"sem erro de leitura; metadata GOOD; título HIGH; artista HIGH; cover presente; bitrate 192 kbps; sample rate 44100 Hz; desempate final por relative_path",192000,44100,true,GOOD
"Sunnify/07 - Zé Neto e Cristiano/Amizade Com Ex - Ao Vivo - Zé Neto & Cristiano, Grupo Menos É Mais.mp3","Amizade Com Ex - Ao Vivo - Zé Neto & Cristiano, Grupo Menos É Mais.mp3",Sunnify/07 - Zé Neto e Cristiano,Amizade Com Ex - Ao Vivo,"Zé Neto & Cristiano, Grupo Menos É Mais",,178,cf753b98d889ba2bd2f05e1b350dd6ad61609e829eab34382d011c85eb66041d,4321512,IMPORT,preserved,UNIQUE,,"Sunnify/07 - Zé Neto e Cristiano/Amizade Com Ex - Ao Vivo - Zé Neto & Cristiano, Grupo Menos É Mais.mp3","sem erro de leitura; metadata GOOD; título HIGH; artista HIGH; cover presente; bitrate 192 kbps; sample rate 44100 Hz; desempate final por relative_path",192000,44100,true,GOOD
Sunnify/07 - Zé Neto e Cristiano/Amor À Primeira Esquina - Ao Vivo - Zé Neto & Cristiano.mp3,Amor À Primeira Esquina - Ao Vivo - Zé Neto & Cristiano.mp3,Sunnify/07 - Zé Neto e Cristiano,Amor À Primeira Esquina - Ao Vivo,Zé Neto & Cristiano,,170,b7413f3b5b46d4ee31ebd274a4a47475497fb58e18ab7b43834dbb65b5028641,4139578,IMPORT,preserved,UNIQUE,,Sunnify/07 - Zé Neto e Cristiano/Amor À Primeira Esquina - Ao Vivo - Zé Neto & Cristiano.mp3,"sem erro de leitura; metadata GOOD; título HIGH; artista HIGH; cover presente; bitrate 192 kbps; sample rate 44100 Hz; desempate final por relative_path",192000,44100,true,GOOD
Sunnify/07 - Zé Neto e Cristiano/Armadura - Ao Vivo - Zé Neto & Cristiano.mp3,Armadura - Ao Vivo - Zé Neto & Cristiano.mp3,Sunnify/07 - Zé Neto e Cristiano,Armadura - Ao Vivo,Zé Neto & Cristiano,,171,878c973fda3aa2a505cb5114926ddb2e75ff93d40d9e291a94b65e90fccc26fd,4163396,IMPORT,preserved,UNIQUE,,Sunnify/07 - Zé Neto e Cristiano/Armadura - Ao Vivo - Zé Neto & Cristiano.mp3,"sem erro de leitura; metadata GOOD; título HIGH; artista HIGH; cover presente; bitrate 192 kbps; sample rate 44100 Hz; desempate final por relative_path",192000,44100,true,GOOD
Sunnify/07 - Zé Neto e Cristiano/Bala Alojada - Gusttavo Lima.mp3,Bala Alojada - Gusttavo Lima.mp3,Sunnify/07 - Zé Neto e Cristiano,Bala Alojada,Gusttavo Lima,,218,319cc597b4455eb51ff5cf779348128a2f43e0b2ec5b2787aaf03255e6287b92,5298409,SKIP_LIKELY,likely_duplicate,LIKELY_DUPLICATE,3,Sunnify/10 - Cê tá doido/Bala Alojada - Gusttavo Lima.mp3,"sem erro de leitura; metadata GOOD; título HIGH; artista HIGH; cover presente; bitrate 192 kbps; sample rate 44100 Hz; desempate final por relative_path",192000,44100,true,GOOD
Sunnify/07 - Zé Neto e Cristiano/Banda Cover - Ao Vivo - Zé Neto & Cristiano.mp3,Banda Cover - Ao Vivo - Zé Neto & Cristiano.mp3,Sunnify/07 - Zé Neto e Cristiano,Banda Cover - Ao Vivo,Zé Neto & Cristiano,,172,3e1d5ab9e9065ca8b1826af3ad0d6ed33a75c8109207279abb64087bd3d404bf,4185733,IMPORT,preserved,UNIQUE,,Sunnify/07 - Zé Neto e Cristiano/Banda Cover - Ao Vivo - Zé Neto & Cristiano.mp3,"sem erro de leitura; metadata GOOD; título HIGH; artista HIGH; cover presente; bitrate 192 kbps; sample rate 44100 Hz; desempate final por relative_path",192000,44100,true,GOOD
Sunnify/07 - Zé Neto e Cristiano/Barulho Do Foguete - Ao Vivo - Zé Neto & Cristiano.mp3,Barulho Do Foguete - Ao Vivo - Zé Neto & Cristiano.mp3,Sunnify/07 - Zé Neto e Cristiano,Barulho Do Foguete - Ao Vivo,Zé Neto & Cristiano,,134,35a8b2851577652a355ddffc1ee5a26f7cd4f81e9781561f3d3c8dbb682cbbff,3266463,SKIP_LIKELY,likely_duplicate,LIKELY_DUPLICATE,4,Sunnify/09 - Ana Castela/Barulho Do Foguete - Ao Vivo - Zé Neto & Cristiano.mp3,"sem erro de leitura; metadata GOOD; título HIGH; artista HIGH; cover presente; bitrate 192 kbps; sample rate 44100 Hz; desempate final por relative_path",192000,44100,true,GOOD
Sunnify/07 - Zé Neto e Cristiano/Barzinho Aleatório - Ao Vivo - Zé Neto & Cristiano.mp3,Barzinho Aleatório - Ao Vivo - Zé Neto & Cristiano.mp3,Sunnify/07 - Zé Neto e Cristiano,Barzinho Aleatório - Ao Vivo,Zé Neto & Cristiano,,158,d20277d80af60c88b482f0a829544d926d79423ac2742c0186120ede3e2d78f6,3852266,IMPORT,preserved,UNIQUE,,Sunnify/07 - Zé Neto e Cristiano/Barzinho Aleatório - Ao Vivo - Zé Neto & Cristiano.mp3,"sem erro de leitura; metadata GOOD; título HIGH; artista HIGH; cover presente; bitrate 192 kbps; sample rate 44100 Hz; desempate final por relative_path",192000,44100,true,GOOD
"Sunnify/07 - Zé Neto e Cristiano/Bateria Acabou - Ao Vivo - Zé Neto & Cristiano, Marília Mendonça.mp3","Bateria Acabou - Ao Vivo - Zé Neto & Cristiano, Marília Mendonça.mp3",Sunnify/07 - Zé Neto e Cristiano,Bateria Acabou - Ao Vivo,"Zé Neto & Cristiano, Marília Mendonça",,167,e9ba3cab85c8054aa0ce10f04f3461631ab1f3c772d66fd976d3b42d3a2cdb3e,4057818,IMPORT,preserved,UNIQUE,,"Sunnify/07 - Zé Neto e Cristiano/Bateria Acabou - Ao Vivo - Zé Neto & Cristiano, Marília Mendonça.mp3","sem erro de leitura; metadata GOOD; título HIGH; artista HIGH; cover presente; bitrate 192 kbps; sample rate 44100 Hz; desempate final por relative_path",192000,44100,true,GOOD
Sunnify/07 - Zé Neto e Cristiano/Bebida Na Ferida - Ao Vivo - Zé Neto & Cristiano.mp3,Bebida Na Ferida - Ao Vivo - Zé Neto & Cristiano.mp3,Sunnify/07 - Zé Neto e Cristiano,Bebida Na Ferida - Ao Vivo,Zé Neto & Cristiano,,203,030cd865e63be9575615e4f90dac94de8d4a019b2164fd4dd4c49a372c6a2573,4924649,IMPORT,preserved,UNIQUE,,Sunnify/07 - Zé Neto e Cristiano/Bebida Na Ferida - Ao Vivo - Zé Neto & Cristiano.mp3,"sem erro de leitura; metadata GOOD; título HIGH; artista HIGH; cover presente; bitrate 192 kbps; sample rate 44100 Hz; desempate final por relative_path",192000,44100,true,GOOD
Sunnify/07 - Zé Neto e Cristiano/Bem Mas Nem Tanto - Ao Vivo - Zé Neto & Cristiano.mp3,Bem Mas Nem Tanto - Ao Vivo - Zé Neto & Cristiano.mp3,Sunnify/07 - Zé Neto e Cristiano,Bem Mas Nem Tanto - Ao Vivo,Zé Neto & Cristiano,,141,b7e0fafa23be420efca0d9230da2ab344366eb478517101b65eb5ac44c07dcb8,3444725,IMPORT,preserved,UNIQUE,,Sunnify/07 - Zé Neto e Cristiano/Bem Mas Nem Tanto - Ao Vivo - Zé Neto & Cristiano.mp3,"sem erro de leitura; metadata GOOD; título HIGH; artista HIGH; cover presente; bitrate 192 kbps; sample rate 44100 Hz; desempate final por relative_path",192000,44100,true,GOOD
Sunnify/07 - Zé Neto e Cristiano/Cadeira Cativa - Ao Vivo - Zé Neto & Cristiano.mp3,Cadeira Cativa - Ao Vivo - Zé Neto & Cristiano.mp3,Sunnify/07 - Zé Neto e Cristiano,Cadeira Cativa - Ao Vivo,Zé Neto & Cristiano,,161,803baab5699c5374f6824944b6f439b42043bf5cad25ffc3c91ce0b952cb2729,3911887,IMPORT,preserved,UNIQUE,,Sunnify/07 - Zé Neto e Cristiano/Cadeira Cativa - Ao Vivo - Zé Neto & Cristiano.mp3,"sem erro de leitura; metadata GOOD; título HIGH; artista HIGH; cover presente; bitrate 192 kbps; sample rate 44100 Hz; desempate final por relative_path",192000,44100,true,GOOD
Sunnify/07 - Zé Neto e Cristiano/Cadeira de Aço - Ao Vivo - Zé Neto & Cristiano.mp3,Cadeira de Aço - Ao Vivo - Zé Neto & Cristiano.mp3,Sunnify/07 - Zé Neto e Cristiano,Cadeira de Aço - Ao Vivo,Zé Neto & Cristiano,,202,896551d53ec6ea60fb9e4744eca86dd4c046f4f3adc96085645c932eeac89238,4893701,IMPORT,preserved,UNIQUE,,Sunnify/07 - Zé Neto e Cristiano/Cadeira de Aço - Ao Vivo - Zé Neto & Cristiano.mp3,"sem erro de leitura; metadata GOOD; título HIGH; artista HIGH; cover presente; bitrate 192 kbps; sample rate 44100 Hz; desempate final por relative_path",192000,44100,true,GOOD
Sunnify/07 - Zé Neto e Cristiano/Câmera da Frente - Ao Vivo - Zé Neto & Cristiano.mp3,Câmera da Frente - Ao Vivo - Zé Neto & Cristiano.mp3,Sunnify/07 - Zé Neto e Cristiano,Câmera da Frente - Ao Vivo,Zé Neto & Cristiano,,190,c5f5774105bac1a6069b6abdb1d1a63938a1265b00dce90a7fcda54615d9cd3a,4624548,IMPORT,preserved,UNIQUE,,Sunnify/07 - Zé Neto e Cristiano/Câmera da Frente - Ao Vivo - Zé Neto & Cristiano.mp3,"sem erro de leitura; metadata GOOD; título HIGH; artista HIGH; cover presente; bitrate 192 kbps; sample rate 44100 Hz; desempate final por relative_path",192000,44100,true,GOOD
Sunnify/07 - Zé Neto e Cristiano/Cheiro De Culpado - Ao Vivo - Júnior e Cézar.mp3,Cheiro De Culpado - Ao Vivo - Júnior e Cézar.mp3,Sunnify/07 - Zé Neto e Cristiano,Cheiro De Culpado - Ao Vivo,Júnior e Cézar,,161,c2b08a81c4e05a2fe7a124615a5ff9592021674d4fe8310931dc0ece1235d503,3901093,IMPORT,preserved,UNIQUE,,Sunnify/07 - Zé Neto e Cristiano/Cheiro De Culpado - Ao Vivo - Júnior e Cézar.mp3,"sem erro de leitura; metadata GOOD; título HIGH; artista HIGH; cover presente; bitrate 192 kbps; sample rate 44100 Hz; desempate final por relative_path",192000,44100,true,GOOD
"Sunnify/07 - Zé Neto e Cristiano/Cheiro de Terra - Acústico - Zé Neto & Cristiano, Daniel.mp3","Cheiro de Terra - Acústico - Zé Neto & Cristiano, Daniel.mp3",Sunnify/07 - Zé Neto e Cristiano,Cheiro de Terra - Acústico,"Zé Neto & Cristiano, Daniel",,240,de51dd751d07eebd6fa1827fb7bb2655003f287224735af6158ac8de4ffd9e82,5810682,IMPORT,preserved,UNIQUE,,"Sunnify/07 - Zé Neto e Cristiano/Cheiro de Terra - Acústico - Zé Neto & Cristiano, Daniel.mp3","sem erro de leitura; metadata GOOD; título HIGH; artista HIGH; cover presente; bitrate 192 kbps; sample rate 44100 Hz; desempate final por relative_path",192000,44100,true,GOOD
Sunnify/07 - Zé Neto e Cristiano/Cheiro de Volta - Ao Vivo - Zé Neto & Cristiano.mp3,Cheiro de Volta - Ao Vivo - Zé Neto & Cristiano.mp3,Sunnify/07 - Zé Neto e Cristiano,Cheiro de Volta - Ao Vivo,Zé Neto & Cristiano,,171,4aa35ccc4b1a0356a04bc40b1c9ae5a52a39bb010673c7ab008d6d99754c5fed,4170449,IMPORT,preserved,UNIQUE,,Sunnify/07 - Zé Neto e Cristiano/Cheiro de Volta - Ao Vivo - Zé Neto & Cristiano.mp3,"sem erro de leitura; metadata GOOD; título HIGH; artista HIGH; cover presente; bitrate 192 kbps; sample rate 44100 Hz; desempate final por relative_path",192000,44100,true,GOOD
Sunnify/07 - Zé Neto e Cristiano/Chuva de Bençãos - Ao Vivo - Clayton & Romário.mp3,Chuva de Bençãos - Ao Vivo - Clayton & Romário.mp3,Sunnify/07 - Zé Neto e Cristiano,Chuva de Bençãos - Ao Vivo,Clayton & Romário,,200,152b97e51c1d1cdca4c206335d7ce2c7eb6a80f5335d596b7bc1fc4915860fd0,4855753,IMPORT,preserved,POSSIBLE_DUPLICATE,27,Sunnify/07 - Zé Neto e Cristiano/Chuva de Bençãos - Ao Vivo - Clayton & Romário.mp3,"sem erro de leitura; metadata GOOD; título HIGH; artista HIGH; cover presente; bitrate 192 kbps; sample rate 44100 Hz; desempate final por relative_path",192000,44100,true,GOOD
Sunnify/07 - Zé Neto e Cristiano/Coração Offline - Rafa Monteiro.mp3,Coração Offline - Rafa Monteiro.mp3,Sunnify/07 - Zé Neto e Cristiano,Coração Offline,Rafa Monteiro,,212,a88189c5ca0abb25a92a89b14082085c5c8d35dd76780b91a350441447d4f952,5122530,IMPORT,preserved,UNIQUE,,Sunnify/07 - Zé Neto e Cristiano/Coração Offline - Rafa Monteiro.mp3,"sem erro de leitura; metadata GOOD; título HIGH; artista HIGH; cover presente; bitrate 192 kbps; sample rate 44100 Hz; desempate final por relative_path",192000,44100,true,GOOD
Sunnify/07 - Zé Neto e Cristiano/Deixa Eu - Ao Vivo - Murilo Huff.mp3,Deixa Eu - Ao Vivo - Murilo Huff.mp3,Sunnify/07 - Zé Neto e Cristiano,Deixa Eu - Ao Vivo,Murilo Huff,,147,4f62c324adb1dc752b0c9d323795e4308f5f1cb52aa5bf32b8d1f07f1a844633,3574216,IMPORT,preserved,POSSIBLE_DUPLICATE,28,Sunnify/07 - Zé Neto e Cristiano/Deixa Eu - Ao Vivo - Murilo Huff.mp3,"sem erro de leitura; metadata GOOD; título HIGH; artista HIGH; cover presente; bitrate 192 kbps; sample rate 44100 Hz; desempate final por relative_path",192000,44100,true,GOOD
Sunnify/07 - Zé Neto e Cristiano/Derreter a Aliança - Ao Vivo - Zé Neto & Cristiano.mp3,Derreter a Aliança - Ao Vivo - Zé Neto & Cristiano.mp3,Sunnify/07 - Zé Neto e Cristiano,Derreter a Aliança - Ao Vivo,Zé Neto & Cristiano,,189,92e8a58d46623907717c1acd1fef727b5a925b3c5f807e6ad774893767c60abe,4595808,IMPORT,preserved,UNIQUE,,Sunnify/07 - Zé Neto e Cristiano/Derreter a Aliança - Ao Vivo - Zé Neto & Cristiano.mp3,"sem erro de leitura; metadata GOOD; título HIGH; artista HIGH; cover presente; bitrate 192 kbps; sample rate 44100 Hz; desempate final por relative_path",192000,44100,true,GOOD
Sunnify/07 - Zé Neto e Cristiano/Desandou - Ao Vivo - Zé Neto & Cristiano.mp3,Desandou - Ao Vivo - Zé Neto & Cristiano.mp3,Sunnify/07 - Zé Neto e Cristiano,Desandou - Ao Vivo,Zé Neto & Cristiano,,175,d4f6fed9d0e31a9400ecbd5ab2f60346376b78c18cb4c94d925cfc2c9cb862ef,4247926,IMPORT,preserved,UNIQUE,,Sunnify/07 - Zé Neto e Cristiano/Desandou - Ao Vivo - Zé Neto & Cristiano.mp3,"sem erro de leitura; metadata GOOD; título HIGH; artista HIGH; cover presente; bitrate 192 kbps; sample rate 44100 Hz; desempate final por relative_path",192000,44100,true,GOOD
Sunnify/07 - Zé Neto e Cristiano/Desandou Enchendo e Derramando - Ao Vivo - Zé Neto & Cristiano.mp3,Desandou Enchendo e Derramando - Ao Vivo - Zé Neto & Cristiano.mp3,Sunnify/07 - Zé Neto e Cristiano,Desandou / Enchendo e Derramando - Ao Vivo,Zé Neto & Cristiano,,230,333914ae0957bd40d7c514fac6c4455ff8d5f236c7670f98c5023a8acd8da23c,5556324,IMPORT,preserved,UNIQUE,,Sunnify/07 - Zé Neto e Cristiano/Desandou Enchendo e Derramando - Ao Vivo - Zé Neto & Cristiano.mp3,"sem erro de leitura; metadata GOOD; título HIGH; artista HIGH; cover presente; bitrate 192 kbps; sample rate 44100 Hz; desempate final por relative_path",192000,44100,true,GOOD
Sunnify/07 - Zé Neto e Cristiano/Deu Moral - Ao Vivo - Zé Neto & Cristiano.mp3,Deu Moral - Ao Vivo - Zé Neto & Cristiano.mp3,Sunnify/07 - Zé Neto e Cristiano,Deu Moral - Ao Vivo,Zé Neto & Cristiano,,125,46f2f50971d3514ccf3895699eb099aaa2e2b96e2c279fcf3fbc0260b7405f1c,3056746,IMPORT,preserved,UNIQUE,,Sunnify/07 - Zé Neto e Cristiano/Deu Moral - Ao Vivo - Zé Neto & Cristiano.mp3,"sem erro de leitura; metadata GOOD; título HIGH; artista HIGH; cover presente; bitrate 192 kbps; sample rate 44100 Hz; desempate final por relative_path",192000,44100,true,GOOD
Sunnify/07 - Zé Neto e Cristiano/Diz Pra Ela - Ao Vivo - Zé Neto & Cristiano.mp3,Diz Pra Ela - Ao Vivo - Zé Neto & Cristiano.mp3,Sunnify/07 - Zé Neto e Cristiano,Diz Pra Ela - Ao Vivo,Zé Neto & Cristiano,,216,a9c07055c92f6f1b79f959d2e1ea79f791b6c642d486d0ae65fed0e5146ba32a,5239945,IMPORT,preserved,UNIQUE,,Sunnify/07 - Zé Neto e Cristiano/Diz Pra Ela - Ao Vivo - Zé Neto & Cristiano.mp3,"sem erro de leitura; metadata GOOD; título HIGH; artista HIGH; cover presente; bitrate 192 kbps; sample rate 44100 Hz; desempate final por relative_path",192000,44100,true,GOOD
Sunnify/07 - Zé Neto e Cristiano/Diz Pra Ela Vivendo Aqui No Mato - Ao Vivo - Zé Neto & Cristiano.mp3,Diz Pra Ela Vivendo Aqui No Mato - Ao Vivo - Zé Neto & Cristiano.mp3,Sunnify/07 - Zé Neto e Cristiano,Diz Pra Ela / Vivendo Aqui No Mato - Ao Vivo,Zé Neto & Cristiano,,247,4a8963ce3e7c695bd45463672ee6c27320f33e01e8296faeb5d4660d6086c758,5981191,IMPORT,preserved,UNIQUE,,Sunnify/07 - Zé Neto e Cristiano/Diz Pra Ela Vivendo Aqui No Mato - Ao Vivo - Zé Neto & Cristiano.mp3,"sem erro de leitura; metadata GOOD; título HIGH; artista HIGH; cover presente; bitrate 192 kbps; sample rate 44100 Hz; desempate final por relative_path",192000,44100,true,GOOD
Sunnify/07 - Zé Neto e Cristiano/Dubai - Ao Vivo - Zé Neto & Cristiano.mp3,Dubai - Ao Vivo - Zé Neto & Cristiano.mp3,Sunnify/07 - Zé Neto e Cristiano,Dubai - Ao Vivo,Zé Neto & Cristiano,,181,b8ce6a1bb8105eb5e2b7342ee8d92651abaa8bfe83b2619d7df592a3531fb19a,4398446,IMPORT,preserved,UNIQUE,,Sunnify/07 - Zé Neto e Cristiano/Dubai - Ao Vivo - Zé Neto & Cristiano.mp3,"sem erro de leitura; metadata GOOD; título HIGH; artista HIGH; cover presente; bitrate 192 kbps; sample rate 44100 Hz; desempate final por relative_path",192000,44100,true,GOOD
Sunnify/07 - Zé Neto e Cristiano/Ela e Ela - Zé Neto & Cristiano.mp3,Ela e Ela - Zé Neto & Cristiano.mp3,Sunnify/07 - Zé Neto e Cristiano,Ela e Ela,Zé Neto & Cristiano,,166,b2cf9f206ebb168c5a8e8deaffa9319a9faac4cb38e8f1fce24a67b49ece26bf,4044624,IMPORT,preserved,UNIQUE,,Sunnify/07 - Zé Neto e Cristiano/Ela e Ela - Zé Neto & Cristiano.mp3,"sem erro de leitura; metadata GOOD; título HIGH; artista HIGH; cover presente; bitrate 192 kbps; sample rate 44100 Hz; desempate final por relative_path",192000,44100,true,GOOD
Sunnify/07 - Zé Neto e Cristiano/Enchendo e Derramando - Zé Neto & Cristiano.mp3,Enchendo e Derramando - Zé Neto & Cristiano.mp3,Sunnify/07 - Zé Neto e Cristiano,Enchendo e Derramando,Zé Neto & Cristiano,,192,4d796ead89f92d183368a2b5a84ce922a8c6b69136da004fa072b69d0d8cd765,4643710,IMPORT,preserved,UNIQUE,,Sunnify/07 - Zé Neto e Cristiano/Enchendo e Derramando - Zé Neto & Cristiano.mp3,"sem erro de leitura; metadata GOOD; título HIGH; artista HIGH; cover presente; bitrate 192 kbps; sample rate 44100 Hz; desempate final por relative_path",192000,44100,true,GOOD
Sunnify/07 - Zé Neto e Cristiano/Escolhas - Ao Vivo - Zé Neto & Cristiano.mp3,Escolhas - Ao Vivo - Zé Neto & Cristiano.mp3,Sunnify/07 - Zé Neto e Cristiano,Escolhas - Ao Vivo,Zé Neto & Cristiano,,166,b032610081a68a5f98419be7ec7922cc5db105e1bb21ca3e47d670765cc1124b,4047136,IMPORT,preserved,UNIQUE,,Sunnify/07 - Zé Neto e Cristiano/Escolhas - Ao Vivo - Zé Neto & Cristiano.mp3,"sem erro de leitura; metadata GOOD; título HIGH; artista HIGH; cover presente; bitrate 192 kbps; sample rate 44100 Hz; desempate final por relative_path",192000,44100,true,GOOD
Sunnify/07 - Zé Neto e Cristiano/Escondendo o Ouro - Ao Vivo - Zé Neto & Cristiano.mp3,Escondendo o Ouro - Ao Vivo - Zé Neto & Cristiano.mp3,Sunnify/07 - Zé Neto e Cristiano,Escondendo o Ouro - Ao Vivo,Zé Neto & Cristiano,,171,5008c683f89dae7caf231ea65ca7bc3652d548284b32e4e6127051b4500fc830,4165169,IMPORT,preserved,UNIQUE,,Sunnify/07 - Zé Neto e Cristiano/Escondendo o Ouro - Ao Vivo - Zé Neto & Cristiano.mp3,"sem erro de leitura; metadata GOOD; título HIGH; artista HIGH; cover presente; bitrate 192 kbps; sample rate 44100 Hz; desempate final por relative_path",192000,44100,true,GOOD
Sunnify/07 - Zé Neto e Cristiano/Estado Decadente - Acústico - Zé Neto & Cristiano.mp3,Estado Decadente - Acústico - Zé Neto & Cristiano.mp3,Sunnify/07 - Zé Neto e Cristiano,Estado Decadente - Acústico,Zé Neto & Cristiano,,174,21c801705ad6bfb61028c2468b45cbfae2c8b985d79578bb06b4199e5ed48801,4223552,IMPORT,preserved,UNIQUE,,Sunnify/07 - Zé Neto e Cristiano/Estado Decadente - Acústico - Zé Neto & Cristiano.mp3,"sem erro de leitura; metadata GOOD; título HIGH; artista HIGH; cover presente; bitrate 192 kbps; sample rate 44100 Hz; desempate final por relative_path",192000,44100,true,GOOD
Sunnify/07 - Zé Neto e Cristiano/Eu Ligo Pra Você - Ao Vivo - Zé Neto & Cristiano.mp3,Eu Ligo Pra Você - Ao Vivo - Zé Neto & Cristiano.mp3,Sunnify/07 - Zé Neto e Cristiano,Eu Ligo Pra Você - Ao Vivo,Zé Neto & Cristiano,,179,09cac95758bc755d032aeb25fc6befa2db789a56773560d5e04d34674cde083a,4346301,IMPORT,preserved,UNIQUE,,Sunnify/07 - Zé Neto e Cristiano/Eu Ligo Pra Você - Ao Vivo - Zé Neto & Cristiano.mp3,"sem erro de leitura; metadata GOOD; título HIGH; artista HIGH; cover presente; bitrate 192 kbps; sample rate 44100 Hz; desempate final por relative_path",192000,44100,true,GOOD
Sunnify/07 - Zé Neto e Cristiano/Eu Ligo Pra Você Sonha Comigo - Ao Vivo - Zé Neto & Cristiano.mp3,Eu Ligo Pra Você Sonha Comigo - Ao Vivo - Zé Neto & Cristiano.mp3,Sunnify/07 - Zé Neto e Cristiano,Eu Ligo Pra Você / Sonha Comigo - Ao Vivo,Zé Neto & Cristiano,,231,3b8ac04d4ca472149cca14007462da2603e5345814b1cd06ef3e2f510c0f372f,5613466,IMPORT,preserved,UNIQUE,,Sunnify/07 - Zé Neto e Cristiano/Eu Ligo Pra Você Sonha Comigo - Ao Vivo - Zé Neto & Cristiano.mp3,"sem erro de leitura; metadata GOOD; título HIGH; artista HIGH; cover presente; bitrate 192 kbps; sample rate 44100 Hz; desempate final por relative_path",192000,44100,true,GOOD
Sunnify/07 - Zé Neto e Cristiano/Falta de Tchau - Ao Vivo - Zé Neto & Cristiano.mp3,Falta de Tchau - Ao Vivo - Zé Neto & Cristiano.mp3,Sunnify/07 - Zé Neto e Cristiano,Falta de Tchau - Ao Vivo,Zé Neto & Cristiano,,193,d740826812bd9f02935fa069bf14467ee83ecbff0dbfcdb61426c22b2248564c,4680030,IMPORT,preserved,UNIQUE,,Sunnify/07 - Zé Neto e Cristiano/Falta de Tchau - Ao Vivo - Zé Neto & Cristiano.mp3,"sem erro de leitura; metadata GOOD; título HIGH; artista HIGH; cover presente; bitrate 192 kbps; sample rate 44100 Hz; desempate final por relative_path",192000,44100,true,GOOD
Sunnify/07 - Zé Neto e Cristiano/Fama de Louco - Ao Vivo - Zé Neto & Cristiano.mp3,Fama de Louco - Ao Vivo - Zé Neto & Cristiano.mp3,Sunnify/07 - Zé Neto e Cristiano,Fama de Louco - Ao Vivo,Zé Neto & Cristiano,,182,bf686f1d4e261c101758834589d82190a1acc44cf81b46694f2f879bd0da0f4c,4422726,IMPORT,preserved,UNIQUE,,Sunnify/07 - Zé Neto e Cristiano/Fama de Louco - Ao Vivo - Zé Neto & Cristiano.mp3,"sem erro de leitura; metadata GOOD; título HIGH; artista HIGH; cover presente; bitrate 192 kbps; sample rate 44100 Hz; desempate final por relative_path",192000,44100,true,GOOD
Sunnify/07 - Zé Neto e Cristiano/Ferida Curada - Zé Neto & Cristiano.mp3,Ferida Curada - Zé Neto & Cristiano.mp3,Sunnify/07 - Zé Neto e Cristiano,Ferida Curada,Zé Neto & Cristiano,,158,90074c0ca5c2f252fe37257040e111bf43a79340078098d744ce6bf56688cab0,3827385,IMPORT,preserved,UNIQUE,,Sunnify/07 - Zé Neto e Cristiano/Ferida Curada - Zé Neto & Cristiano.mp3,"sem erro de leitura; metadata GOOD; título HIGH; artista HIGH; cover presente; bitrate 192 kbps; sample rate 44100 Hz; desempate final por relative_path",192000,44100,true,GOOD
Sunnify/07 - Zé Neto e Cristiano/Filha - Ao Vivo - Zé Neto & Cristiano.mp3,Filha - Ao Vivo - Zé Neto & Cristiano.mp3,Sunnify/07 - Zé Neto e Cristiano,Filha - Ao Vivo,Zé Neto & Cristiano,,210,b8cb27ef12281e66899c249e98b4f212d85a6465c04f6748dba8c5f8265b08ae,5076462,IMPORT,preserved,UNIQUE,,Sunnify/07 - Zé Neto e Cristiano/Filha - Ao Vivo - Zé Neto & Cristiano.mp3,"sem erro de leitura; metadata GOOD; título HIGH; artista HIGH; cover presente; bitrate 192 kbps; sample rate 44100 Hz; desempate final por relative_path",192000,44100,true,GOOD
"Sunnify/07 - Zé Neto e Cristiano/Foi Intenso - Ao Vivo - Zé Neto & Cristiano, Ana Castela.mp3","Foi Intenso - Ao Vivo - Zé Neto & Cristiano, Ana Castela.mp3",Sunnify/07 - Zé Neto e Cristiano,Foi Intenso - Ao Vivo,"Zé Neto & Cristiano, Ana Castela",,133,bb103dea6df114076c1363252708ebb4845fc8d103a2cb1d081f13543fee8abf,3239997,IMPORT,likely_duplicate_representative,LIKELY_DUPLICATE,5,"Sunnify/07 - Zé Neto e Cristiano/Foi Intenso - Ao Vivo - Zé Neto & Cristiano, Ana Castela.mp3","sem erro de leitura; metadata GOOD; título HIGH; artista HIGH; cover presente; bitrate 192 kbps; sample rate 44100 Hz; desempate final por relative_path",192000,44100,true,GOOD
Sunnify/07 - Zé Neto e Cristiano/Ignora (Ao Vivo) - Felipe e Rodrigo.mp3,Ignora (Ao Vivo) - Felipe e Rodrigo.mp3,Sunnify/07 - Zé Neto e Cristiano,Ignora (Ao Vivo),Felipe e Rodrigo,,179,f687cee32cb35631854a04f36e7601d046268b77a8fb7e9bfb8d20c99b4bf893,4366237,SKIP_LIKELY,likely_duplicate,LIKELY_DUPLICATE,6,Sunnify/10 - Cê tá doido/Ignora - Ao Vivo - Felipe e Rodrigo.mp3,"sem erro de leitura; metadata GOOD; título HIGH; artista HIGH; cover presente; bitrate 192 kbps; sample rate 44100 Hz; desempate final por relative_path",192000,44100,true,GOOD
Sunnify/07 - Zé Neto e Cristiano/Janelinha - Ao Vivo - Zé Neto & Cristiano.mp3,Janelinha - Ao Vivo - Zé Neto & Cristiano.mp3,Sunnify/07 - Zé Neto e Cristiano,Janelinha - Ao Vivo,Zé Neto & Cristiano,,199,531cec7e96447d01b5fa7a17e18c20367acfc510d54a2b129b28edea10b3d829,4822081,IMPORT,preserved,UNIQUE,,Sunnify/07 - Zé Neto e Cristiano/Janelinha - Ao Vivo - Zé Neto & Cristiano.mp3,"sem erro de leitura; metadata GOOD; título HIGH; artista HIGH; cover presente; bitrate 192 kbps; sample rate 44100 Hz; desempate final por relative_path",192000,44100,true,GOOD
Sunnify/07 - Zé Neto e Cristiano/Largado Às Traças - Ao Vivo - Zé Neto & Cristiano.mp3,Largado Às Traças - Ao Vivo - Zé Neto & Cristiano.mp3,Sunnify/07 - Zé Neto e Cristiano,Largado Às Traças - Ao Vivo,Zé Neto & Cristiano,,241,532d204aa9cda3d84b59a19ad9d8aa0349d8d3319fe9105e719c79074149f0ba,5839641,IMPORT,preserved,UNIQUE,,Sunnify/07 - Zé Neto e Cristiano/Largado Às Traças - Ao Vivo - Zé Neto & Cristiano.mp3,"sem erro de leitura; metadata GOOD; título HIGH; artista HIGH; cover presente; bitrate 192 kbps; sample rate 44100 Hz; desempate final por relative_path",192000,44100,true,GOOD
Sunnify/07 - Zé Neto e Cristiano/Magia das Estrelas - Ao Vivo - Zé Neto & Cristiano.mp3,Magia das Estrelas - Ao Vivo - Zé Neto & Cristiano.mp3,Sunnify/07 - Zé Neto e Cristiano,Magia das Estrelas - Ao Vivo,Zé Neto & Cristiano,,152,71841bed17e4d1e78e4c97723da1bf5683f6cbf877a30715878d03a6269d3c1b,3681127,IMPORT,preserved,UNIQUE,,Sunnify/07 - Zé Neto e Cristiano/Magia das Estrelas - Ao Vivo - Zé Neto & Cristiano.mp3,"sem erro de leitura; metadata GOOD; título HIGH; artista HIGH; cover presente; bitrate 192 kbps; sample rate 44100 Hz; desempate final por relative_path",192000,44100,true,GOOD
Sunnify/07 - Zé Neto e Cristiano/Marcha de Núpcias Cadeira de Aço - Ao Vivo - Zé Neto & Cristiano.mp3,Marcha de Núpcias Cadeira de Aço - Ao Vivo - Zé Neto & Cristiano.mp3,Sunnify/07 - Zé Neto e Cristiano,Marcha de Núpcias / Cadeira de Aço - Ao Vivo,Zé Neto & Cristiano,,208,b7b3404ddbc2f17f4222878f5c8bfc54fcbd61c073e07d09cec79d1d69d0e385,5027290,IMPORT,preserved,UNIQUE,,Sunnify/07 - Zé Neto e Cristiano/Marcha de Núpcias Cadeira de Aço - Ao Vivo - Zé Neto & Cristiano.mp3,"sem erro de leitura; metadata GOOD; título HIGH; artista HIGH; cover presente; bitrate 192 kbps; sample rate 44100 Hz; desempate final por relative_path",192000,44100,true,GOOD
Sunnify/07 - Zé Neto e Cristiano/Me Bloqueia - Ao Vivo - Zé Neto & Cristiano.mp3,Me Bloqueia - Ao Vivo - Zé Neto & Cristiano.mp3,Sunnify/07 - Zé Neto e Cristiano,Me Bloqueia - Ao Vivo,Zé Neto & Cristiano,,157,241743e16c56ff1288f7112172e5e7f7bdd1072ce6a2b4ef67ef7cdde9a8f84d,3800429,IMPORT,preserved,UNIQUE,,Sunnify/07 - Zé Neto e Cristiano/Me Bloqueia - Ao Vivo - Zé Neto & Cristiano.mp3,"sem erro de leitura; metadata GOOD; título HIGH; artista HIGH; cover presente; bitrate 192 kbps; sample rate 44100 Hz; desempate final por relative_path",192000,44100,true,GOOD
"Sunnify/07 - Zé Neto e Cristiano/Melação - Ao Vivo - Zé Neto & Cristiano, Luan Santana.mp3","Melação - Ao Vivo - Zé Neto & Cristiano, Luan Santana.mp3",Sunnify/07 - Zé Neto e Cristiano,Melação - Ao Vivo,"Zé Neto & Cristiano, Luan Santana",,177,649dc6aa6389f21ab3246f6ee548ab2a2ccd8ef0b2b49dc8419e49c5e9a5e255,4304280,IMPORT,preserved,UNIQUE,,"Sunnify/07 - Zé Neto e Cristiano/Melação - Ao Vivo - Zé Neto & Cristiano, Luan Santana.mp3","sem erro de leitura; metadata GOOD; título HIGH; artista HIGH; cover presente; bitrate 192 kbps; sample rate 44100 Hz; desempate final por relative_path",192000,44100,true,GOOD
Sunnify/07 - Zé Neto e Cristiano/Melhor Ser uma Saudade - Zé Neto & Cristiano.mp3,Melhor Ser uma Saudade - Zé Neto & Cristiano.mp3,Sunnify/07 - Zé Neto e Cristiano,Melhor Ser uma Saudade,Zé Neto & Cristiano,,151,34097db4187d41edfd0148a37d532726ade15c7537bb06bad186488f78bd70cc,3683857,IMPORT,preserved,UNIQUE,,Sunnify/07 - Zé Neto e Cristiano/Melhor Ser uma Saudade - Zé Neto & Cristiano.mp3,"sem erro de leitura; metadata GOOD; título HIGH; artista HIGH; cover presente; bitrate 192 kbps; sample rate 44100 Hz; desempate final por relative_path",192000,44100,true,GOOD
Sunnify/07 - Zé Neto e Cristiano/Mente - Ao Vivo - Zé Neto & Cristiano.mp3,Mente - Ao Vivo - Zé Neto & Cristiano.mp3,Sunnify/07 - Zé Neto e Cristiano,Mente - Ao Vivo,Zé Neto & Cristiano,,137,738367f39dcde9946731fdc8eef1a4cd33dcf3d436cfa771f47edacc39528b70,3322133,IMPORT,preserved,UNIQUE,,Sunnify/07 - Zé Neto e Cristiano/Mente - Ao Vivo - Zé Neto & Cristiano.mp3,"sem erro de leitura; metadata GOOD; título HIGH; artista HIGH; cover presente; bitrate 192 kbps; sample rate 44100 Hz; desempate final por relative_path",192000,44100,true,GOOD
Sunnify/07 - Zé Neto e Cristiano/Meu Medo - Ao Vivo - Zé Neto & Cristiano.mp3,Meu Medo - Ao Vivo - Zé Neto & Cristiano.mp3,Sunnify/07 - Zé Neto e Cristiano,Meu Medo - Ao Vivo,Zé Neto & Cristiano,,210,a29df512aa7da80d02f98a60f0a7dee0257f0847df973fa1259e9dd5e697f24d,5105806,IMPORT,preserved,UNIQUE,,Sunnify/07 - Zé Neto e Cristiano/Meu Medo - Ao Vivo - Zé Neto & Cristiano.mp3,"sem erro de leitura; metadata GOOD; título HIGH; artista HIGH; cover presente; bitrate 192 kbps; sample rate 44100 Hz; desempate final por relative_path",192000,44100,true,GOOD
Sunnify/07 - Zé Neto e Cristiano/Miragem - Enzo Rabelo.mp3,Miragem - Enzo Rabelo.mp3,Sunnify/07 - Zé Neto e Cristiano,Miragem,Enzo Rabelo,,212,d018b7dedf105bc46cf72aa9be84bf099a02da256df355fdda788e2e49d61741,5121712,SKIP_LIKELY,likely_duplicate,LIKELY_DUPLICATE,7,Sunnify/10 - Cê tá doido/Miragem - Enzo Rabelo.mp3,"sem erro de leitura; metadata GOOD; título HIGH; artista HIGH; cover presente; bitrate 192 kbps; sample rate 44100 Hz; desempate final por relative_path",192000,44100,true,GOOD
Sunnify/07 - Zé Neto e Cristiano/Moça do Espelho - Acústico - Zé Neto & Cristiano.mp3,Moça do Espelho - Acústico - Zé Neto & Cristiano.mp3,Sunnify/07 - Zé Neto e Cristiano,Moça do Espelho - Acústico,Zé Neto & Cristiano,,153,1348c325eaaf0ec29110423530953d4df028c182d058d880156097076b2c9d25,3709367,IMPORT,preserved,UNIQUE,,Sunnify/07 - Zé Neto e Cristiano/Moça do Espelho - Acústico - Zé Neto & Cristiano.mp3,"sem erro de leitura; metadata GOOD; título HIGH; artista HIGH; cover presente; bitrate 192 kbps; sample rate 44100 Hz; desempate final por relative_path",192000,44100,true,GOOD
Sunnify/07 - Zé Neto e Cristiano/Mulher Maravilha - Ao Vivo - Zé Neto & Cristiano.mp3,Mulher Maravilha - Ao Vivo - Zé Neto & Cristiano.mp3,Sunnify/07 - Zé Neto e Cristiano,Mulher Maravilha - Ao Vivo,Zé Neto & Cristiano,,165,15b6b45084bf3a4857ff8630ec1773ad8c1d87e776de2d34fc47c7b5d52ca860,4019072,IMPORT,preserved,UNIQUE,,Sunnify/07 - Zé Neto e Cristiano/Mulher Maravilha - Ao Vivo - Zé Neto & Cristiano.mp3,"sem erro de leitura; metadata GOOD; título HIGH; artista HIGH; cover presente; bitrate 192 kbps; sample rate 44100 Hz; desempate final por relative_path",192000,44100,true,GOOD
Sunnify/07 - Zé Neto e Cristiano/Mulher Nunca Foi Pra Menino - Ao Vivo - Danilo e Davi.mp3,Mulher Nunca Foi Pra Menino - Ao Vivo - Danilo e Davi.mp3,Sunnify/07 - Zé Neto e Cristiano,Mulher Nunca Foi Pra Menino - Ao Vivo,Danilo e Davi,,181,e67e392f1faf6a35557616a076c046f93d437c209188c3f4663d5289ef0e9cd6,4408415,SKIP_LIKELY,likely_duplicate,LIKELY_DUPLICATE,8,Sunnify/10 - Cê tá doido/Mulher Nunca Foi Pra Menino - Ao Vivo - Danilo e Davi.mp3,"sem erro de leitura; metadata GOOD; título HIGH; artista HIGH; cover presente; bitrate 192 kbps; sample rate 44100 Hz; desempate final por relative_path",192000,44100,true,GOOD
Sunnify/07 - Zé Neto e Cristiano/Não Diz Que É Carência - Ao Vivo - Zé Neto & Cristiano.mp3,Não Diz Que É Carência - Ao Vivo - Zé Neto & Cristiano.mp3,Sunnify/07 - Zé Neto e Cristiano,Não Diz Que É Carência - Ao Vivo,Zé Neto & Cristiano,,150,9d4d8457a35480c0e12c7c67bd7daf2cce1f19f12a7729b3f1807178da1e8401,3642854,IMPORT,preserved,UNIQUE,,Sunnify/07 - Zé Neto e Cristiano/Não Diz Que É Carência - Ao Vivo - Zé Neto & Cristiano.mp3,"sem erro de leitura; metadata GOOD; título HIGH; artista HIGH; cover presente; bitrate 192 kbps; sample rate 44100 Hz; desempate final por relative_path",192000,44100,true,GOOD
Sunnify/07 - Zé Neto e Cristiano/Não É Insônia - Ao Vivo - Zé Neto & Cristiano.mp3,Não É Insônia - Ao Vivo - Zé Neto & Cristiano.mp3,Sunnify/07 - Zé Neto e Cristiano,Não É Insônia - Ao Vivo,Zé Neto & Cristiano,,179,f773b6b60d829cc96f78f7a3495eb2af03613799e5a8de405a74a75045bfa1c4,4347021,IMPORT,preserved,UNIQUE,,Sunnify/07 - Zé Neto e Cristiano/Não É Insônia - Ao Vivo - Zé Neto & Cristiano.mp3,"sem erro de leitura; metadata GOOD; título HIGH; artista HIGH; cover presente; bitrate 192 kbps; sample rate 44100 Hz; desempate final por relative_path",192000,44100,true,GOOD
Sunnify/07 - Zé Neto e Cristiano/Notificação Preferida - Ao Vivo - Zé Neto & Cristiano.mp3,Notificação Preferida - Ao Vivo - Zé Neto & Cristiano.mp3,Sunnify/07 - Zé Neto e Cristiano,Notificação Preferida - Ao Vivo,Zé Neto & Cristiano,,182,2c9dc487edd44ad8ab77f13fda55a048a43a8d82bd4885371e7ad02f15b43747,4435783,IMPORT,preserved,UNIQUE,,Sunnify/07 - Zé Neto e Cristiano/Notificação Preferida - Ao Vivo - Zé Neto & Cristiano.mp3,"sem erro de leitura; metadata GOOD; título HIGH; artista HIGH; cover presente; bitrate 192 kbps; sample rate 44100 Hz; desempate final por relative_path",192000,44100,true,GOOD
Sunnify/07 - Zé Neto e Cristiano/Novela das Nove - Ao Vivo - Zé Neto & Cristiano.mp3,Novela das Nove - Ao Vivo - Zé Neto & Cristiano.mp3,Sunnify/07 - Zé Neto e Cristiano,Novela das Nove - Ao Vivo,Zé Neto & Cristiano,,172,fa7e1be79ef2b2af4341161bdf62eca9d106a6fec9e313a882ed1d58c2a4f364,4176588,IMPORT,preserved,UNIQUE,,Sunnify/07 - Zé Neto e Cristiano/Novela das Nove - Ao Vivo - Zé Neto & Cristiano.mp3,"sem erro de leitura; metadata GOOD; título HIGH; artista HIGH; cover presente; bitrate 192 kbps; sample rate 44100 Hz; desempate final por relative_path",192000,44100,true,GOOD
Sunnify/07 - Zé Neto e Cristiano/Oi Balde - Ao Vivo - Zé Neto & Cristiano.mp3,Oi Balde - Ao Vivo - Zé Neto & Cristiano.mp3,Sunnify/07 - Zé Neto e Cristiano,Oi Balde - Ao Vivo,Zé Neto & Cristiano,,160,859cf5e95f40997dde46e235b7b78fbaf43cab71a12b30f9dd8b092f70012a26,3888361,SKIP_LIKELY,likely_duplicate,LIKELY_DUPLICATE,9,Sunnify/09 - Ana Castela/Oi Balde - Ao Vivo - Zé Neto & Cristiano.mp3,"sem erro de leitura; metadata GOOD; título HIGH; artista HIGH; cover presente; bitrate 192 kbps; sample rate 44100 Hz; desempate final por relative_path",192000,44100,true,GOOD
"Sunnify/07 - Zé Neto e Cristiano/Oi, Tudo Bem - Ao Vivo - Zé Neto & Cristiano.mp3","Oi, Tudo Bem - Ao Vivo - Zé Neto & Cristiano.mp3",Sunnify/07 - Zé Neto e Cristiano,"Oi, Tudo Bem? - Ao Vivo",Zé Neto & Cristiano,,188,ed5293bde746cc773750f27e8de388f78e780537901fe12220caa617013f50a1,4564554,SKIP_LIKELY,likely_duplicate,LIKELY_DUPLICATE,10,"Sunnify/09 - Ana Castela/Oi, Tudo Bem - Ao Vivo - Zé Neto & Cristiano.mp3","sem erro de leitura; metadata GOOD; título HIGH; artista HIGH; cover presente; bitrate 192 kbps; sample rate 44100 Hz; desempate final por relative_path",192000,44100,true,GOOD
Sunnify/07 - Zé Neto e Cristiano/Ontem Era Eu - Ao Vivo - Zé Neto & Cristiano.mp3,Ontem Era Eu - Ao Vivo - Zé Neto & Cristiano.mp3,Sunnify/07 - Zé Neto e Cristiano,Ontem Era Eu - Ao Vivo,Zé Neto & Cristiano,,157,9ee07806c9683d581deef915d45e78b55fed3728a72345f1dd2aae629dc333c6,3820125,IMPORT,preserved,UNIQUE,,Sunnify/07 - Zé Neto e Cristiano/Ontem Era Eu - Ao Vivo - Zé Neto & Cristiano.mp3,"sem erro de leitura; metadata GOOD; título HIGH; artista HIGH; cover presente; bitrate 192 kbps; sample rate 44100 Hz; desempate final por relative_path",192000,44100,true,GOOD
Sunnify/07 - Zé Neto e Cristiano/Pátio do Posto - Ao Vivo - Zé Neto & Cristiano.mp3,Pátio do Posto - Ao Vivo - Zé Neto & Cristiano.mp3,Sunnify/07 - Zé Neto e Cristiano,Pátio do Posto - Ao Vivo,Zé Neto & Cristiano,,181,cbb14704670b617c7b5f907021d48ed590a8943fc4230787e6fbeec02bc08bfa,4389172,IMPORT,preserved,UNIQUE,,Sunnify/07 - Zé Neto e Cristiano/Pátio do Posto - Ao Vivo - Zé Neto & Cristiano.mp3,"sem erro de leitura; metadata GOOD; título HIGH; artista HIGH; cover presente; bitrate 192 kbps; sample rate 44100 Hz; desempate final por relative_path",192000,44100,true,GOOD
"Sunnify/07 - Zé Neto e Cristiano/Patrão - Ao Vivo - Diego & Arnaldo, Mariana Fagundes.mp3","Patrão - Ao Vivo - Diego & Arnaldo, Mariana Fagundes.mp3",Sunnify/07 - Zé Neto e Cristiano,Patrão - Ao Vivo,"Diego & Arnaldo, Mariana Fagundes",,171,2709cb70861eb736eb53815b6825f0ccf1e792711b6542563fd345cc1866df6a,4154523,SKIP_LIKELY,likely_duplicate,LIKELY_DUPLICATE,11,"Sunnify/10 - Cê tá doido/Patrão - Ao Vivo - Diego & Arnaldo, Mariana Fagundes.mp3","sem erro de leitura; metadata GOOD; título HIGH; artista HIGH; cover presente; bitrate 192 kbps; sample rate 44100 Hz; desempate final por relative_path",192000,44100,true,GOOD
Sunnify/07 - Zé Neto e Cristiano/Pena Que Cê Já Namora - Marcos & Belutti.mp3,Pena Que Cê Já Namora - Marcos & Belutti.mp3,Sunnify/07 - Zé Neto e Cristiano,Pena Que Cê Já Namora,Marcos & Belutti,,166,5d61fef59e53fb21beb6e3741b1adff8b16b678c8bb79ebdb0a9565e575d98a9,4019969,IMPORT,likely_duplicate_representative,LIKELY_DUPLICATE,12,Sunnify/07 - Zé Neto e Cristiano/Pena Que Cê Já Namora - Marcos & Belutti.mp3,"sem erro de leitura; metadata GOOD; título HIGH; artista HIGH; cover presente; bitrate 192 kbps; sample rate 44100 Hz; desempate final por relative_path",192000,44100,true,GOOD
Sunnify/07 - Zé Neto e Cristiano/Por Nossos Filhos - Ao Vivo - Zé Neto & Cristiano.mp3,Por Nossos Filhos - Ao Vivo - Zé Neto & Cristiano.mp3,Sunnify/07 - Zé Neto e Cristiano,Por Nossos Filhos - Ao Vivo,Zé Neto & Cristiano,,195,e3ec1701ee9c88c885a6e91c08b2bfff7af3d2b93c87a14e0f419a21c36182e3,4741209,IMPORT,preserved,UNIQUE,,Sunnify/07 - Zé Neto e Cristiano/Por Nossos Filhos - Ao Vivo - Zé Neto & Cristiano.mp3,"sem erro de leitura; metadata GOOD; título HIGH; artista HIGH; cover presente; bitrate 192 kbps; sample rate 44100 Hz; desempate final por relative_path",192000,44100,true,GOOD
Sunnify/07 - Zé Neto e Cristiano/Previsível - Ao Vivo - Zé Neto & Cristiano.mp3,Previsível - Ao Vivo - Zé Neto & Cristiano.mp3,Sunnify/07 - Zé Neto e Cristiano,Previsível - Ao Vivo,Zé Neto & Cristiano,,178,b1c9e96e3af00560bf3ad441bd79637093082674484b46c1e2be02dfd361b825,4326207,IMPORT,preserved,UNIQUE,,Sunnify/07 - Zé Neto e Cristiano/Previsível - Ao Vivo - Zé Neto & Cristiano.mp3,"sem erro de leitura; metadata GOOD; título HIGH; artista HIGH; cover presente; bitrate 192 kbps; sample rate 44100 Hz; desempate final por relative_path",192000,44100,true,GOOD
Sunnify/07 - Zé Neto e Cristiano/Princesinha Mandona - Ao Vivo - Zé Neto & Cristiano.mp3,Princesinha Mandona - Ao Vivo - Zé Neto & Cristiano.mp3,Sunnify/07 - Zé Neto e Cristiano,Princesinha Mandona - Ao Vivo,Zé Neto & Cristiano,,173,eb2493e0021f0956fca43b403ca5be798a23496537097756a645f15239ac82a7,4211546,IMPORT,preserved,UNIQUE,,Sunnify/07 - Zé Neto e Cristiano/Princesinha Mandona - Ao Vivo - Zé Neto & Cristiano.mp3,"sem erro de leitura; metadata GOOD; título HIGH; artista HIGH; cover presente; bitrate 192 kbps; sample rate 44100 Hz; desempate final por relative_path",192000,44100,true,GOOD
Sunnify/07 - Zé Neto e Cristiano/Pulando o Muro - Ao Vivo - Zé Neto & Cristiano.mp3,Pulando o Muro - Ao Vivo - Zé Neto & Cristiano.mp3,Sunnify/07 - Zé Neto e Cristiano,Pulando o Muro - Ao Vivo,Zé Neto & Cristiano,,152,b3ae1eaca3a964dd9a931b691c0f8656a5f9907c2e37d7f3d24265de1395e42a,3699554,IMPORT,preserved,UNIQUE,,Sunnify/07 - Zé Neto e Cristiano/Pulando o Muro - Ao Vivo - Zé Neto & Cristiano.mp3,"sem erro de leitura; metadata GOOD; título HIGH; artista HIGH; cover presente; bitrate 192 kbps; sample rate 44100 Hz; desempate final por relative_path",192000,44100,true,GOOD
Sunnify/07 - Zé Neto e Cristiano/Ressaca De Ontem - Ao Vivo - Zé Neto & Cristiano.mp3,Ressaca De Ontem - Ao Vivo - Zé Neto & Cristiano.mp3,Sunnify/07 - Zé Neto e Cristiano,Ressaca De Ontem - Ao Vivo,Zé Neto & Cristiano,,152,d229c9cb0e24664087a0b5004a5f17ecea865d25362c30adf670eb5a01e34678,3689562,IMPORT,preserved,UNIQUE,,Sunnify/07 - Zé Neto e Cristiano/Ressaca De Ontem - Ao Vivo - Zé Neto & Cristiano.mp3,"sem erro de leitura; metadata GOOD; título HIGH; artista HIGH; cover presente; bitrate 192 kbps; sample rate 44100 Hz; desempate final por relative_path",192000,44100,true,GOOD
Sunnify/07 - Zé Neto e Cristiano/Resumindo - Ao Vivo - Zé Neto & Cristiano.mp3,Resumindo - Ao Vivo - Zé Neto & Cristiano.mp3,Sunnify/07 - Zé Neto e Cristiano,Resumindo - Ao Vivo,Zé Neto & Cristiano,,150,2c000a37de5951917364fcf9d9f8eee2656a36540bd1442b031e77ec4fc6a5a8,3660590,IMPORT,preserved,UNIQUE,,Sunnify/07 - Zé Neto e Cristiano/Resumindo - Ao Vivo - Zé Neto & Cristiano.mp3,"sem erro de leitura; metadata GOOD; título HIGH; artista HIGH; cover presente; bitrate 192 kbps; sample rate 44100 Hz; desempate final por relative_path",192000,44100,true,GOOD
Sunnify/07 - Zé Neto e Cristiano/Saudade Estranha - Du Nada - Ao Vivo - Murilo Huff.mp3,Saudade Estranha - Du Nada - Ao Vivo - Murilo Huff.mp3,Sunnify/07 - Zé Neto e Cristiano,Saudade Estranha - Du Nada - Ao Vivo,Murilo Huff,,178,07cf85c5720f7cb1edf558d454b0a31704b559e11aae4514f183d29c679aaaa8,4320740,IMPORT,likely_duplicate_representative,LIKELY_DUPLICATE,13,Sunnify/07 - Zé Neto e Cristiano/Saudade Estranha - Du Nada - Ao Vivo - Murilo Huff.mp3,"sem erro de leitura; metadata GOOD; título HIGH; artista HIGH; cover presente; bitrate 192 kbps; sample rate 44100 Hz; desempate final por relative_path",192000,44100,true,GOOD
Sunnify/07 - Zé Neto e Cristiano/Se Cuida - Ao Vivo - Zé Neto & Cristiano.mp3,Se Cuida - Ao Vivo - Zé Neto & Cristiano.mp3,Sunnify/07 - Zé Neto e Cristiano,Se Cuida - Ao Vivo,Zé Neto & Cristiano,,175,dc6c6d4c1f4c0b64c1a9cf872a257f03a1a3386edb28e5e2e9946b3527580b61,4249640,IMPORT,preserved,UNIQUE,,Sunnify/07 - Zé Neto e Cristiano/Se Cuida - Ao Vivo - Zé Neto & Cristiano.mp3,"sem erro de leitura; metadata GOOD; título HIGH; artista HIGH; cover presente; bitrate 192 kbps; sample rate 44100 Hz; desempate final por relative_path",192000,44100,true,GOOD
Sunnify/07 - Zé Neto e Cristiano/Se Eu Chorar - Ao Vivo - Zé Neto & Cristiano.mp3,Se Eu Chorar - Ao Vivo - Zé Neto & Cristiano.mp3,Sunnify/07 - Zé Neto e Cristiano,Se Eu Chorar - Ao Vivo,Zé Neto & Cristiano,,161,db96f34148efdf77ff21d5cbef80a6e3ba23680a2339cdf2df8e6418a004b412,3900417,IMPORT,preserved,UNIQUE,,Sunnify/07 - Zé Neto e Cristiano/Se Eu Chorar - Ao Vivo - Zé Neto & Cristiano.mp3,"sem erro de leitura; metadata GOOD; título HIGH; artista HIGH; cover presente; bitrate 192 kbps; sample rate 44100 Hz; desempate final por relative_path",192000,44100,true,GOOD
Sunnify/07 - Zé Neto e Cristiano/Seu Polícia - Ao Vivo - Zé Neto & Cristiano.mp3,Seu Polícia - Ao Vivo - Zé Neto & Cristiano.mp3,Sunnify/07 - Zé Neto e Cristiano,Seu Polícia - Ao Vivo,Zé Neto & Cristiano,,170,6cd083d97c1bff0b0bf910be963822541fc3bb25ff0fac2caab05ff1ed2bf0c3,4120367,IMPORT,preserved,UNIQUE,,Sunnify/07 - Zé Neto e Cristiano/Seu Polícia - Ao Vivo - Zé Neto & Cristiano.mp3,"sem erro de leitura; metadata GOOD; título HIGH; artista HIGH; cover presente; bitrate 192 kbps; sample rate 44100 Hz; desempate final por relative_path",192000,44100,true,GOOD
Sunnify/07 - Zé Neto e Cristiano/Só Posso Estar Sonhando - Ao Vivo - Zé Neto & Cristiano.mp3,Só Posso Estar Sonhando - Ao Vivo - Zé Neto & Cristiano.mp3,Sunnify/07 - Zé Neto e Cristiano,Só Posso Estar Sonhando - Ao Vivo,Zé Neto & Cristiano,,180,d7d873c1ef33a429d30d481f73246aaee3816d5452cc7efa52eda5fe48a0bdab,4373301,IMPORT,preserved,UNIQUE,,Sunnify/07 - Zé Neto e Cristiano/Só Posso Estar Sonhando - Ao Vivo - Zé Neto & Cristiano.mp3,"sem erro de leitura; metadata GOOD; título HIGH; artista HIGH; cover presente; bitrate 192 kbps; sample rate 44100 Hz; desempate final por relative_path",192000,44100,true,GOOD
Sunnify/07 - Zé Neto e Cristiano/Sonha Comigo - Ao Vivo - Zé Neto & Cristiano.mp3,Sonha Comigo - Ao Vivo - Zé Neto & Cristiano.mp3,Sunnify/07 - Zé Neto e Cristiano,Sonha Comigo - Ao Vivo,Zé Neto & Cristiano,,203,4d7a3112102e40298dfd68349f2ff09c9ba02e78a988655d76a48a662a1abb33,4915035,IMPORT,preserved,UNIQUE,,Sunnify/07 - Zé Neto e Cristiano/Sonha Comigo - Ao Vivo - Zé Neto & Cristiano.mp3,"sem erro de leitura; metadata GOOD; título HIGH; artista HIGH; cover presente; bitrate 192 kbps; sample rate 44100 Hz; desempate final por relative_path",192000,44100,true,GOOD
Sunnify/07 - Zé Neto e Cristiano/Status Que Eu Não Queria - Ao Vivo - Zé Neto & Cristiano.mp3,Status Que Eu Não Queria - Ao Vivo - Zé Neto & Cristiano.mp3,Sunnify/07 - Zé Neto e Cristiano,Status Que Eu Não Queria - Ao Vivo,Zé Neto & Cristiano,,151,b1166ea6cbddc59c7f1bec821f573761989a03b28eaa6cd4361ca611ca5c8cb8,3683339,IMPORT,preserved,UNIQUE,,Sunnify/07 - Zé Neto e Cristiano/Status Que Eu Não Queria - Ao Vivo - Zé Neto & Cristiano.mp3,"sem erro de leitura; metadata GOOD; título HIGH; artista HIGH; cover presente; bitrate 192 kbps; sample rate 44100 Hz; desempate final por relative_path",192000,44100,true,GOOD
Sunnify/07 - Zé Neto e Cristiano/Te Amo - Ao Vivo - Zé Neto & Cristiano.mp3,Te Amo - Ao Vivo - Zé Neto & Cristiano.mp3,Sunnify/07 - Zé Neto e Cristiano,Te Amo - Ao Vivo,Zé Neto & Cristiano,,208,dc9bff54bc4e014ff8dd006ce0d6fc9cdefe6df3bdf50f371d380483e331c847,5056686,IMPORT,preserved,UNIQUE,,Sunnify/07 - Zé Neto e Cristiano/Te Amo - Ao Vivo - Zé Neto & Cristiano.mp3,"sem erro de leitura; metadata GOOD; título HIGH; artista HIGH; cover presente; bitrate 192 kbps; sample rate 44100 Hz; desempate final por relative_path",192000,44100,true,GOOD
Sunnify/07 - Zé Neto e Cristiano/Textão - Ao Vivo - Zé Neto & Cristiano.mp3,Textão - Ao Vivo - Zé Neto & Cristiano.mp3,Sunnify/07 - Zé Neto e Cristiano,Textão - Ao Vivo,Zé Neto & Cristiano,,183,2f97aa0cd3fc0aa5d8f5b58b89b867dd36196097f6c1104beda89b67662e0b7a,4449301,IMPORT,preserved,UNIQUE,,Sunnify/07 - Zé Neto e Cristiano/Textão - Ao Vivo - Zé Neto & Cristiano.mp3,"sem erro de leitura; metadata GOOD; título HIGH; artista HIGH; cover presente; bitrate 192 kbps; sample rate 44100 Hz; desempate final por relative_path",192000,44100,true,GOOD
Sunnify/07 - Zé Neto e Cristiano/Tudo Acabou - Ao Vivo - Vini & Lucas.mp3,Tudo Acabou - Ao Vivo - Vini & Lucas.mp3,Sunnify/07 - Zé Neto e Cristiano,Tudo Acabou - Ao Vivo,Vini & Lucas,,194,77648cbcc79146e24bf92581137e66953c49ca3ca65dccc5109ce2691e544124,4700322,SKIP_LIKELY,likely_duplicate,LIKELY_DUPLICATE,14,Sunnify/10 - Cê tá doido/Tudo Acabou - Ao Vivo - Vini & Lucas.mp3,"sem erro de leitura; metadata GOOD; título HIGH; artista HIGH; cover presente; bitrate 192 kbps; sample rate 44100 Hz; desempate final por relative_path",192000,44100,true,GOOD
Sunnify/07 - Zé Neto e Cristiano/Uai - Ao Vivo - Zé Neto & Cristiano.mp3,Uai - Ao Vivo - Zé Neto & Cristiano.mp3,Sunnify/07 - Zé Neto e Cristiano,Uai - Ao Vivo,Zé Neto & Cristiano,,170,d77d13b134c5d3107ee0f21d506c7620e8a66c04181b54b01ab63c238705dfc5,4112313,IMPORT,preserved,UNIQUE,,Sunnify/07 - Zé Neto e Cristiano/Uai - Ao Vivo - Zé Neto & Cristiano.mp3,"sem erro de leitura; metadata GOOD; título HIGH; artista HIGH; cover presente; bitrate 192 kbps; sample rate 44100 Hz; desempate final por relative_path",192000,44100,true,GOOD
Sunnify/07 - Zé Neto e Cristiano/Um Ano de Noivado - Ao Vivo - Zé Neto & Cristiano.mp3,Um Ano de Noivado - Ao Vivo - Zé Neto & Cristiano.mp3,Sunnify/07 - Zé Neto e Cristiano,Um Ano de Noivado - Ao Vivo,Zé Neto & Cristiano,,182,9fab8b0c48907ac69178364d286c9bd77c26156a7ad2a76789b0450d5939c6d0,4419267,IMPORT,preserved,UNIQUE,,Sunnify/07 - Zé Neto e Cristiano/Um Ano de Noivado - Ao Vivo - Zé Neto & Cristiano.mp3,"sem erro de leitura; metadata GOOD; título HIGH; artista HIGH; cover presente; bitrate 192 kbps; sample rate 44100 Hz; desempate final por relative_path",192000,44100,true,GOOD
Sunnify/07 - Zé Neto e Cristiano/Um Mês E Pouco - Ao Vivo - Zé Neto & Cristiano.mp3,Um Mês E Pouco - Ao Vivo - Zé Neto & Cristiano.mp3,Sunnify/07 - Zé Neto e Cristiano,Um Mês E Pouco - Ao Vivo,Zé Neto & Cristiano,,172,c4ae2e0fbde1c7f56c310d071f74532286231598c6bf3d90e18fc32c5d209351,4166509,IMPORT,preserved,UNIQUE,,Sunnify/07 - Zé Neto e Cristiano/Um Mês E Pouco - Ao Vivo - Zé Neto & Cristiano.mp3,"sem erro de leitura; metadata GOOD; título HIGH; artista HIGH; cover presente; bitrate 192 kbps; sample rate 44100 Hz; desempate final por relative_path",192000,44100,true,GOOD
Sunnify/07 - Zé Neto e Cristiano/Vamo Tomar Uma - Zé Neto & Cristiano.mp3,Vamo Tomar Uma - Zé Neto & Cristiano.mp3,Sunnify/07 - Zé Neto e Cristiano,Vamo Tomar Uma,Zé Neto & Cristiano,,140,cddb18f9fef5a118963d674d476f05cf2ed9e448c4655de14a9e6ee8ad5618ab,3409572,IMPORT,preserved,UNIQUE,,Sunnify/07 - Zé Neto e Cristiano/Vamo Tomar Uma - Zé Neto & Cristiano.mp3,"sem erro de leitura; metadata GOOD; título HIGH; artista HIGH; cover presente; bitrate 192 kbps; sample rate 44100 Hz; desempate final por relative_path",192000,44100,true,GOOD
Sunnify/07 - Zé Neto e Cristiano/Vítima de um Copo - Ao Vivo - Zé Neto & Cristiano.mp3,Vítima de um Copo - Ao Vivo - Zé Neto & Cristiano.mp3,Sunnify/07 - Zé Neto e Cristiano,Vítima de um Copo - Ao Vivo,Zé Neto & Cristiano,,189,8b624531dd451e352f4245d3db9c2c4e2f2cca52d851a5799f605254c146e2ae,4598124,IMPORT,preserved,UNIQUE,,Sunnify/07 - Zé Neto e Cristiano/Vítima de um Copo - Ao Vivo - Zé Neto & Cristiano.mp3,"sem erro de leitura; metadata GOOD; título HIGH; artista HIGH; cover presente; bitrate 192 kbps; sample rate 44100 Hz; desempate final por relative_path",192000,44100,true,GOOD
Sunnify/07 - Zé Neto e Cristiano/Você Beberia Ou Não Beberia - Zé Neto & Cristiano.mp3,Você Beberia Ou Não Beberia - Zé Neto & Cristiano.mp3,Sunnify/07 - Zé Neto e Cristiano,Você Beberia Ou Não Beberia?,Zé Neto & Cristiano,,154,219053822419bb9d524fce63c4065193b63f136ce2414fee865caef2bd048db2,3771043,IMPORT,preserved,UNIQUE,,Sunnify/07 - Zé Neto e Cristiano/Você Beberia Ou Não Beberia - Zé Neto & Cristiano.mp3,"sem erro de leitura; metadata GOOD; título HIGH; artista HIGH; cover presente; bitrate 192 kbps; sample rate 44100 Hz; desempate final por relative_path",192000,44100,true,GOOD
"Sunnify/07 - Zé Neto e Cristiano/Você Não É Ela - Ao Vivo - Zé Neto & Cristiano, Henrique & Juliano.mp3","Você Não É Ela - Ao Vivo - Zé Neto & Cristiano, Henrique & Juliano.mp3",Sunnify/07 - Zé Neto e Cristiano,Você Não É Ela - Ao Vivo,"Zé Neto & Cristiano, Henrique & Juliano",,189,e175221cd64c55deeb104e280fc7ad0a09cc29777afc740310474e709dd4abb3,4596903,IMPORT,preserved,UNIQUE,,"Sunnify/07 - Zé Neto e Cristiano/Você Não É Ela - Ao Vivo - Zé Neto & Cristiano, Henrique & Juliano.mp3","sem erro de leitura; metadata GOOD; título HIGH; artista HIGH; cover presente; bitrate 192 kbps; sample rate 44100 Hz; desempate final por relative_path",192000,44100,true,GOOD
Sunnify/07 - Zé Neto e Cristiano/Whisky e Gelo - Acústico - Zé Neto & Cristiano.mp3,Whisky e Gelo - Acústico - Zé Neto & Cristiano.mp3,Sunnify/07 - Zé Neto e Cristiano,Whisky e Gelo - Acústico,Zé Neto & Cristiano,,154,945fc6ad350eb633f2057d3bad89db0a102e57e8089e809b3552c414356b11bc,3730907,IMPORT,preserved,UNIQUE,,Sunnify/07 - Zé Neto e Cristiano/Whisky e Gelo - Acústico - Zé Neto & Cristiano.mp3,"sem erro de leitura; metadata GOOD; título HIGH; artista HIGH; cover presente; bitrate 192 kbps; sample rate 44100 Hz; desempate final por relative_path",192000,44100,true,GOOD
Sunnify/08 - Chico Amado e Xodó/A Fila Anda - Chico Amado & Xodó.mp3,A Fila Anda - Chico Amado & Xodó.mp3,Sunnify/08 - Chico Amado e Xodó,A Fila Anda,Chico Amado & Xodó,,188,a76481f480ee4e8434938d5c5170fa99d5f6fc06dc6f31ee85bfccc6118e76df,4558206,IMPORT,preserved,UNIQUE,,Sunnify/08 - Chico Amado e Xodó/A Fila Anda - Chico Amado & Xodó.mp3,"sem erro de leitura; metadata GOOD; título HIGH; artista HIGH; cover presente; bitrate 192 kbps; sample rate 44100 Hz; desempate final por relative_path",192000,44100,true,GOOD
"Sunnify/08 - Chico Amado e Xodó/A Gente Tinha Combinado - Ao Vivo - Di Paullo & Paulino, Irmãs Freitas.mp3","A Gente Tinha Combinado - Ao Vivo - Di Paullo & Paulino, Irmãs Freitas.mp3",Sunnify/08 - Chico Amado e Xodó,A Gente Tinha Combinado - Ao Vivo,"Di Paullo & Paulino, Irmãs Freitas",,208,5c02c328e3173616c7f1c300b45f73c8f3cbcc4f7260f2a316c7f6a85519ca88,5050101,IMPORT,preserved,UNIQUE,,"Sunnify/08 - Chico Amado e Xodó/A Gente Tinha Combinado - Ao Vivo - Di Paullo & Paulino, Irmãs Freitas.mp3","sem erro de leitura; metadata GOOD; título HIGH; artista HIGH; cover presente; bitrate 192 kbps; sample rate 44100 Hz; desempate final por relative_path",192000,44100,true,GOOD
Sunnify/08 - Chico Amado e Xodó/Acabou o Amor - Ao Vivo - Di Paullo & Paulino.mp3,Acabou o Amor - Ao Vivo - Di Paullo & Paulino.mp3,Sunnify/08 - Chico Amado e Xodó,Acabou o Amor - Ao Vivo,Di Paullo & Paulino,,218,596284aecd54e66935ee1239b9000698a1a15437cb12aaf220e2bda6d2ec5af6,5287272,IMPORT,preserved,UNIQUE,,Sunnify/08 - Chico Amado e Xodó/Acabou o Amor - Ao Vivo - Di Paullo & Paulino.mp3,"sem erro de leitura; metadata GOOD; título HIGH; artista HIGH; cover presente; bitrate 192 kbps; sample rate 44100 Hz; desempate final por relative_path",192000,44100,true,GOOD
Sunnify/08 - Chico Amado e Xodó/Aceita Que Dói Menos - Chico Amado & Xodó.mp3,Aceita Que Dói Menos - Chico Amado & Xodó.mp3,Sunnify/08 - Chico Amado e Xodó,Aceita Que Dói Menos,Chico Amado & Xodó,,187,0049f39966f65bd431a9bc8a38344188c3ca65994f1124a71975e946b306ff7b,4533622,IMPORT,preserved,UNIQUE,,Sunnify/08 - Chico Amado e Xodó/Aceita Que Dói Menos - Chico Amado & Xodó.mp3,"sem erro de leitura; metadata GOOD; título HIGH; artista HIGH; cover presente; bitrate 192 kbps; sample rate 44100 Hz; desempate final por relative_path",192000,44100,true,GOOD
Sunnify/08 - Chico Amado e Xodó/Acordei Na Madrugada - Ao Vivo - Di Paullo & Paulino.mp3,Acordei Na Madrugada - Ao Vivo - Di Paullo & Paulino.mp3,Sunnify/08 - Chico Amado e Xodó,Acordei Na Madrugada - Ao Vivo,Di Paullo & Paulino,,178,2e40699e8bdf1a632c843b8fac0a73bc8c1dd19323c280234b471a5b96d2dce5,4318951,IMPORT,preserved,UNIQUE,,Sunnify/08 - Chico Amado e Xodó/Acordei Na Madrugada - Ao Vivo - Di Paullo & Paulino.mp3,"sem erro de leitura; metadata GOOD; título HIGH; artista HIGH; cover presente; bitrate 192 kbps; sample rate 44100 Hz; desempate final por relative_path",192000,44100,true,GOOD
Sunnify/08 - Chico Amado e Xodó/Aquela Parede - Mococa & Paraíso.mp3,Aquela Parede - Mococa & Paraíso.mp3,Sunnify/08 - Chico Amado e Xodó,Aquela Parede,Mococa & Paraíso,,181,fea59bd1878de98b81075596316c67e20e99c08cf7ffc0d07b4810161c0ecaea,4402578,IMPORT,preserved,UNIQUE,,Sunnify/08 - Chico Amado e Xodó/Aquela Parede - Mococa & Paraíso.mp3,"sem erro de leitura; metadata GOOD; título HIGH; artista HIGH; cover presente; bitrate 192 kbps; sample rate 44100 Hz; desempate final por relative_path",192000,44100,true,GOOD
Sunnify/08 - Chico Amado e Xodó/Arquivo do Tempo - Chico Amado & Xodó.mp3,Arquivo do Tempo - Chico Amado & Xodó.mp3,Sunnify/08 - Chico Amado e Xodó,Arquivo do Tempo,Chico Amado & Xodó,,215,130a4e565e6d78770c190ae1c30ac1560c16fde74b6d5b744f96571e9fe0b029,5200170,IMPORT,preserved,UNIQUE,,Sunnify/08 - Chico Amado e Xodó/Arquivo do Tempo - Chico Amado & Xodó.mp3,"sem erro de leitura; metadata GOOD; título HIGH; artista HIGH; cover presente; bitrate 192 kbps; sample rate 44100 Hz; desempate final por relative_path",192000,44100,true,GOOD
Sunnify/08 - Chico Amado e Xodó/Bão Tamém - Live - César Menotti & Fabiano.mp3,Bão Tamém - Live - César Menotti & Fabiano.mp3,Sunnify/08 - Chico Amado e Xodó,Bão Tamém - Live,César Menotti & Fabiano,,163,0cbac14ccd1173359b6a4ba289dafc8b1daf1c612618bec740249dc4f7a7149e,3954140,IMPORT,preserved,UNIQUE,,Sunnify/08 - Chico Amado e Xodó/Bão Tamém - Live - César Menotti & Fabiano.mp3,"sem erro de leitura; metadata GOOD; título HIGH; artista HIGH; cover presente; bitrate 192 kbps; sample rate 44100 Hz; desempate final por relative_path",192000,44100,true,GOOD
Sunnify/08 - Chico Amado e Xodó/Barco de Papel - Ao Vivo - Di Paullo & Paulino.mp3,Barco de Papel - Ao Vivo - Di Paullo & Paulino.mp3,Sunnify/08 - Chico Amado e Xodó,Barco de Papel - Ao Vivo,Di Paullo & Paulino,,166,6b0764745bf50e3989c6e4da1f1251c9109215a5d061effaa6618ee64bbce009,4042892,IMPORT,preserved,UNIQUE,,Sunnify/08 - Chico Amado e Xodó/Barco de Papel - Ao Vivo - Di Paullo & Paulino.mp3,"sem erro de leitura; metadata GOOD; título HIGH; artista HIGH; cover presente; bitrate 192 kbps; sample rate 44100 Hz; desempate final por relative_path",192000,44100,true,GOOD
"Sunnify/08 - Chico Amado e Xodó/Bebo e Choro - Chico Amado & Xodó, Rionegro & Solimões.mp3","Bebo e Choro - Chico Amado & Xodó, Rionegro & Solimões.mp3",Sunnify/08 - Chico Amado e Xodó,Bebo e Choro,"Chico Amado & Xodó, Rionegro & Solimões",,218,ce66f2c79bf4028ed7dd8cc2f1413d392c3892d8316b4c70169eadd96c141545,5270538,IMPORT,preserved,UNIQUE,,"Sunnify/08 - Chico Amado e Xodó/Bebo e Choro - Chico Amado & Xodó, Rionegro & Solimões.mp3","sem erro de leitura; metadata GOOD; título HIGH; artista HIGH; cover presente; bitrate 192 kbps; sample rate 44100 Hz; desempate final por relative_path",192000,44100,true,GOOD
Sunnify/08 - Chico Amado e Xodó/Boiadeiro Errante O Menino Da Porteira Estrada Da Vida - Ao Vivo - César Menotti & Fabiano.mp3,Boiadeiro Errante O Menino Da Porteira Estrada Da Vida - Ao Vivo - César Menotti & Fabiano.mp3,Sunnify/08 - Chico Amado e Xodó,Boiadeiro Errante / O Menino Da Porteira / Estrada Da Vida - Ao Vivo,César Menotti & Fabiano,,274,0ab8c3ee17f021dae966e2bacda25ebd24c6576592487bc0765adccb094d432e,6641632,IMPORT,preserved,UNIQUE,,Sunnify/08 - Chico Amado e Xodó/Boiadeiro Errante O Menino Da Porteira Estrada Da Vida - Ao Vivo - César Menotti & Fabiano.mp3,"sem erro de leitura; metadata GOOD; título HIGH; artista HIGH; cover presente; bitrate 192 kbps; sample rate 44100 Hz; desempate final por relative_path",192000,44100,true,GOOD
"Sunnify/08 - Chico Amado e Xodó/Bom Jesus de Nazareth - Ao Vivo - Di Paullo & Paulino, Irmãs Freitas.mp3","Bom Jesus de Nazareth - Ao Vivo - Di Paullo & Paulino, Irmãs Freitas.mp3",Sunnify/08 - Chico Amado e Xodó,Bom Jesus de Nazareth - Ao Vivo,"Di Paullo & Paulino, Irmãs Freitas",,207,7b8b0f516919245e66949cd9f77c28ddff5bdc1ad5382276527f710e62d6b4b9,5016210,IMPORT,preserved,UNIQUE,,"Sunnify/08 - Chico Amado e Xodó/Bom Jesus de Nazareth - Ao Vivo - Di Paullo & Paulino, Irmãs Freitas.mp3","sem erro de leitura; metadata GOOD; título HIGH; artista HIGH; cover presente; bitrate 192 kbps; sample rate 44100 Hz; desempate final por relative_path",192000,44100,true,GOOD
Sunnify/08 - Chico Amado e Xodó/Caso do Passado - Di Paullo & Paulino.mp3,Caso do Passado - Di Paullo & Paulino.mp3,Sunnify/08 - Chico Amado e Xodó,Caso do Passado,Di Paullo & Paulino,,179,ab56e54f022f633405f3d8c9ddc3f7f9e61c356e0399e2564262af637e51d8ed,4346012,IMPORT,preserved,UNIQUE,,Sunnify/08 - Chico Amado e Xodó/Caso do Passado - Di Paullo & Paulino.mp3,"sem erro de leitura; metadata GOOD; título HIGH; artista HIGH; cover presente; bitrate 192 kbps; sample rate 44100 Hz; desempate final por relative_path",192000,44100,true,GOOD
Sunnify/08 - Chico Amado e Xodó/Chapar o Coco - Chico Amado & Xodó.mp3,Chapar o Coco - Chico Amado & Xodó.mp3,Sunnify/08 - Chico Amado e Xodó,Chapar o Coco,Chico Amado & Xodó,,208,f9064c55fdb999207ada916e064591749c062b8bb83cfa37fc1258c5aa9f512d,5028259,IMPORT,preserved,UNIQUE,,Sunnify/08 - Chico Amado e Xodó/Chapar o Coco - Chico Amado & Xodó.mp3,"sem erro de leitura; metadata GOOD; título HIGH; artista HIGH; cover presente; bitrate 192 kbps; sample rate 44100 Hz; desempate final por relative_path",192000,44100,true,GOOD
Sunnify/08 - Chico Amado e Xodó/Coração Não Tem Porteira - Ao Vivo - Di Paullo & Paulino.mp3,Coração Não Tem Porteira - Ao Vivo - Di Paullo & Paulino.mp3,Sunnify/08 - Chico Amado e Xodó,Coração Não Tem Porteira - Ao Vivo,Di Paullo & Paulino,,183,927a1b4f26e9c479ac27887a260b52bbfe65329fd32cd0bd1cdd1df385099a2e,4430038,IMPORT,preserved,UNIQUE,,Sunnify/08 - Chico Amado e Xodó/Coração Não Tem Porteira - Ao Vivo - Di Paullo & Paulino.mp3,"sem erro de leitura; metadata GOOD; título HIGH; artista HIGH; cover presente; bitrate 192 kbps; sample rate 44100 Hz; desempate final por relative_path",192000,44100,true,GOOD
"Sunnify/08 - Chico Amado e Xodó/Em Duas Palavras - Ao Vivo - Di Paullo & Paulino, Maída & Marcelo.mp3","Em Duas Palavras - Ao Vivo - Di Paullo & Paulino, Maída & Marcelo.mp3",Sunnify/08 - Chico Amado e Xodó,Em Duas Palavras - Ao Vivo,"Di Paullo & Paulino, Maída & Marcelo",,220,e2d405ae894200b65bbda0a201531bc6e5ebb39c9f9254294b6ca9d3d30037b2,5332497,IMPORT,preserved,UNIQUE,,"Sunnify/08 - Chico Amado e Xodó/Em Duas Palavras - Ao Vivo - Di Paullo & Paulino, Maída & Marcelo.mp3","sem erro de leitura; metadata GOOD; título HIGH; artista HIGH; cover presente; bitrate 192 kbps; sample rate 44100 Hz; desempate final por relative_path",192000,44100,true,GOOD
"Sunnify/08 - Chico Amado e Xodó/Em Mim Só Dá Você - Ao Vivo - Di Paullo & Paulino, Fátima Leão.mp3","Em Mim Só Dá Você - Ao Vivo - Di Paullo & Paulino, Fátima Leão.mp3",Sunnify/08 - Chico Amado e Xodó,Em Mim Só Dá Você - Ao Vivo,"Di Paullo & Paulino, Fátima Leão",,201,50c69f9144c626d2d5d354a6621c340e4bc244a3c272818caba0a4ed804f10b6,4875622,IMPORT,preserved,UNIQUE,,"Sunnify/08 - Chico Amado e Xodó/Em Mim Só Dá Você - Ao Vivo - Di Paullo & Paulino, Fátima Leão.mp3","sem erro de leitura; metadata GOOD; título HIGH; artista HIGH; cover presente; bitrate 192 kbps; sample rate 44100 Hz; desempate final por relative_path",192000,44100,true,GOOD
Sunnify/08 - Chico Amado e Xodó/Espinho Na Cama - Di Paullo & Paulino.mp3,Espinho Na Cama - Di Paullo & Paulino.mp3,Sunnify/08 - Chico Amado e Xodó,Espinho Na Cama,Di Paullo & Paulino,,161,c02458d41efc7898697968129b443c46895e29125e86eb156cf029f56309c4c8,3897600,IMPORT,preserved,UNIQUE,,Sunnify/08 - Chico Amado e Xodó/Espinho Na Cama - Di Paullo & Paulino.mp3,"sem erro de leitura; metadata GOOD; título HIGH; artista HIGH; cover presente; bitrate 192 kbps; sample rate 44100 Hz; desempate final por relative_path",192000,44100,true,GOOD
"Sunnify/08 - Chico Amado e Xodó/Estrelinha - Ao Vivo - Di Paullo & Paulino, Marília Mendonça.mp3","Estrelinha - Ao Vivo - Di Paullo & Paulino, Marília Mendonça.mp3",Sunnify/08 - Chico Amado e Xodó,Estrelinha - Ao Vivo,"Di Paullo & Paulino, Marília Mendonça",,223,8c089a9e4781bf4ef79e57aba2888751ba6b07abd119630236b5e6fdb3db2a51,5395244,IMPORT,preserved,UNIQUE,,"Sunnify/08 - Chico Amado e Xodó/Estrelinha - Ao Vivo - Di Paullo & Paulino, Marília Mendonça.mp3","sem erro de leitura; metadata GOOD; título HIGH; artista HIGH; cover presente; bitrate 192 kbps; sample rate 44100 Hz; desempate final por relative_path",192000,44100,true,GOOD
Sunnify/08 - Chico Amado e Xodó/Eu e a Lua - Di Paullo & Paulino.mp3,Eu e a Lua - Di Paullo & Paulino.mp3,Sunnify/08 - Chico Amado e Xodó,Eu e a Lua,Di Paullo & Paulino,,185,2192366afa6b3198d0015fc88a12d9a296323786b4ca13bc7f62d8fb3f53ee69,4502122,IMPORT,preserved,UNIQUE,,Sunnify/08 - Chico Amado e Xodó/Eu e a Lua - Di Paullo & Paulino.mp3,"sem erro de leitura; metadata GOOD; título HIGH; artista HIGH; cover presente; bitrate 192 kbps; sample rate 44100 Hz; desempate final por relative_path",192000,44100,true,GOOD
Sunnify/08 - Chico Amado e Xodó/Eu Já Fui Freguês - Ao Vivo - Di Paullo & Paulino.mp3,Eu Já Fui Freguês - Ao Vivo - Di Paullo & Paulino.mp3,Sunnify/08 - Chico Amado e Xodó,Eu Já Fui Freguês - Ao Vivo,Di Paullo & Paulino,,178,c46504b66745322043ceda5e5544ac2b25e4a27be80ec83429ca83e867b46990,4328359,IMPORT,preserved,UNIQUE,,Sunnify/08 - Chico Amado e Xodó/Eu Já Fui Freguês - Ao Vivo - Di Paullo & Paulino.mp3,"sem erro de leitura; metadata GOOD; título HIGH; artista HIGH; cover presente; bitrate 192 kbps; sample rate 44100 Hz; desempate final por relative_path",192000,44100,true,GOOD
Sunnify/08 - Chico Amado e Xodó/Liguei Pra Dizer Que Te Amo - Chico Rey & Paraná.mp3,Liguei Pra Dizer Que Te Amo - Chico Rey & Paraná.mp3,Sunnify/08 - Chico Amado e Xodó,Liguei Pra Dizer Que Te Amo,Chico Rey & Paraná,,186,21577e6e84c045b8ccf0bc22ce2718ca3f63b5a7c9adecfdd9729320e936789d,4520375,IMPORT,preserved,UNIQUE,,Sunnify/08 - Chico Amado e Xodó/Liguei Pra Dizer Que Te Amo - Chico Rey & Paraná.mp3,"sem erro de leitura; metadata GOOD; título HIGH; artista HIGH; cover presente; bitrate 192 kbps; sample rate 44100 Hz; desempate final por relative_path",192000,44100,true,GOOD
Sunnify/08 - Chico Amado e Xodó/Malu - Di Paullo & Paulino.mp3,Malu - Di Paullo & Paulino.mp3,Sunnify/08 - Chico Amado e Xodó,Malu,Di Paullo & Paulino,,203,d23e496a0ce51e336613a78e0b17287b50e0c0ffc968c27d09d61e2b24cc154d,4926105,IMPORT,preserved,UNIQUE,,Sunnify/08 - Chico Amado e Xodó/Malu - Di Paullo & Paulino.mp3,"sem erro de leitura; metadata GOOD; título HIGH; artista HIGH; cover presente; bitrate 192 kbps; sample rate 44100 Hz; desempate final por relative_path",192000,44100,true,GOOD
Sunnify/08 - Chico Amado e Xodó/Menina da Aldeia - Lourenco & Lourival.mp3,Menina da Aldeia - Lourenco & Lourival.mp3,Sunnify/08 - Chico Amado e Xodó,Menina da Aldeia,Lourenco & Lourival,,275,48e9ce0c2582a6dc70208445031b3d618d13fe6003ef74b799f04acf75d9e1d4,6639855,IMPORT,preserved,UNIQUE,,Sunnify/08 - Chico Amado e Xodó/Menina da Aldeia - Lourenco & Lourival.mp3,"sem erro de leitura; metadata GOOD; título HIGH; artista HIGH; cover presente; bitrate 192 kbps; sample rate 44100 Hz; desempate final por relative_path",192000,44100,true,GOOD
Sunnify/08 - Chico Amado e Xodó/Mesa 14 - Ao Vivo - Di Paullo & Paulino.mp3,Mesa 14 - Ao Vivo - Di Paullo & Paulino.mp3,Sunnify/08 - Chico Amado e Xodó,Mesa 14 - Ao Vivo,Di Paullo & Paulino,,210,d8ed32898ce5990d49d28971a110ae3032d97ab99e81c8fea36aaaea26b6b3d4,5100245,IMPORT,preserved,UNIQUE,,Sunnify/08 - Chico Amado e Xodó/Mesa 14 - Ao Vivo - Di Paullo & Paulino.mp3,"sem erro de leitura; metadata GOOD; título HIGH; artista HIGH; cover presente; bitrate 192 kbps; sample rate 44100 Hz; desempate final por relative_path",192000,44100,true,GOOD
"Sunnify/08 - Chico Amado e Xodó/Nada Mudou - Di Paullo & Paulino, Leonardo.mp3","Nada Mudou - Di Paullo & Paulino, Leonardo.mp3",Sunnify/08 - Chico Amado e Xodó,Nada Mudou,"Di Paullo & Paulino, Leonardo",,222,777a8c5d331cb6d87ed03cc7032789c483b0ec1747c3e463cb2a962384fb5eb5,5386143,IMPORT,preserved,UNIQUE,,"Sunnify/08 - Chico Amado e Xodó/Nada Mudou - Di Paullo & Paulino, Leonardo.mp3","sem erro de leitura; metadata GOOD; título HIGH; artista HIGH; cover presente; bitrate 192 kbps; sample rate 44100 Hz; desempate final por relative_path",192000,44100,true,GOOD
Sunnify/08 - Chico Amado e Xodó/Nada Mudou - Di Paullo & Paulino.mp3,Nada Mudou - Di Paullo & Paulino.mp3,Sunnify/08 - Chico Amado e Xodó,Nada Mudou,Di Paullo & Paulino,,222,fa29012e1b84fe7b0d751e5687e47664e4707d68c763c31882dda94d448c26cb,5365259,IMPORT,preserved,UNIQUE,,Sunnify/08 - Chico Amado e Xodó/Nada Mudou - Di Paullo & Paulino.mp3,"sem erro de leitura; metadata GOOD; título HIGH; artista HIGH; cover presente; bitrate 192 kbps; sample rate 44100 Hz; desempate final por relative_path",192000,44100,true,GOOD
Sunnify/08 - Chico Amado e Xodó/Não São Palavras Lindas - Chico Rey & Paraná.mp3,Não São Palavras Lindas - Chico Rey & Paraná.mp3,Sunnify/08 - Chico Amado e Xodó,Não São Palavras Lindas,Chico Rey & Paraná,,238,506e411f8f18828b300375d8f2ee64af6001a362de501960823e367c037e91f9,5762051,IMPORT,preserved,UNIQUE,,Sunnify/08 - Chico Amado e Xodó/Não São Palavras Lindas - Chico Rey & Paraná.mp3,"sem erro de leitura; metadata GOOD; título HIGH; artista HIGH; cover presente; bitrate 192 kbps; sample rate 44100 Hz; desempate final por relative_path",192000,44100,true,GOOD
Sunnify/08 - Chico Amado e Xodó/No Céu Dos Braços Teus - Di Paullo & Paulino.mp3,No Céu Dos Braços Teus - Di Paullo & Paulino.mp3,Sunnify/08 - Chico Amado e Xodó,No Céu Dos Braços Teus,Di Paullo & Paulino,,202,b7d89ef054d7d35d97f9192f41a2850a515b7303724de6fa47a779abae95063f,4896401,IMPORT,preserved,UNIQUE,,Sunnify/08 - Chico Amado e Xodó/No Céu Dos Braços Teus - Di Paullo & Paulino.mp3,"sem erro de leitura; metadata GOOD; título HIGH; artista HIGH; cover presente; bitrate 192 kbps; sample rate 44100 Hz; desempate final por relative_path",192000,44100,true,GOOD
Sunnify/08 - Chico Amado e Xodó/No Rancho Fundo - César Menotti & Fabiano.mp3,No Rancho Fundo - César Menotti & Fabiano.mp3,Sunnify/08 - Chico Amado e Xodó,No Rancho Fundo,César Menotti & Fabiano,,247,5857fa8d833e3dfac4062eb4857365a0c70ef306d6219375f2e5d576e67f7cb7,5993716,IMPORT,preserved,UNIQUE,,Sunnify/08 - Chico Amado e Xodó/No Rancho Fundo - César Menotti & Fabiano.mp3,"sem erro de leitura; metadata GOOD; título HIGH; artista HIGH; cover presente; bitrate 192 kbps; sample rate 44100 Hz; desempate final por relative_path",192000,44100,true,GOOD
Sunnify/08 - Chico Amado e Xodó/O Beijo do Adeus Sublime Renúncia Último Adeus - Ao Vivo - Di Paullo & Paulino.mp3,O Beijo do Adeus Sublime Renúncia Último Adeus - Ao Vivo - Di Paullo & Paulino.mp3,Sunnify/08 - Chico Amado e Xodó,O Beijo do Adeus / Sublime Renúncia / Último Adeus - Ao Vivo,Di Paullo & Paulino,,298,e926128b9dd63571c2a82360f223a18cd12c95242dc884f0d2c78f70d4257764,7226608,IMPORT,preserved,UNIQUE,,Sunnify/08 - Chico Amado e Xodó/O Beijo do Adeus Sublime Renúncia Último Adeus - Ao Vivo - Di Paullo & Paulino.mp3,"sem erro de leitura; metadata GOOD; título HIGH; artista HIGH; cover presente; bitrate 192 kbps; sample rate 44100 Hz; desempate final por relative_path",192000,44100,true,GOOD
Sunnify/08 - Chico Amado e Xodó/O Coração Chora - Ao Vivo - Di Paullo & Paulino.mp3,O Coração Chora - Ao Vivo - Di Paullo & Paulino.mp3,Sunnify/08 - Chico Amado e Xodó,O Coração Chora - Ao Vivo,Di Paullo & Paulino,,209,22a2bf9cd4937853c52018aa1ac374cd735bed10f445b1e707167206df5902fd,5086983,IMPORT,preserved,UNIQUE,,Sunnify/08 - Chico Amado e Xodó/O Coração Chora - Ao Vivo - Di Paullo & Paulino.mp3,"sem erro de leitura; metadata GOOD; título HIGH; artista HIGH; cover presente; bitrate 192 kbps; sample rate 44100 Hz; desempate final por relative_path",192000,44100,true,GOOD
Sunnify/08 - Chico Amado e Xodó/O Que Tem A Rosa Cai Sereno Tchau Amor - Di Paullo & Paulino.mp3,O Que Tem A Rosa Cai Sereno Tchau Amor - Di Paullo & Paulino.mp3,Sunnify/08 - Chico Amado e Xodó,O Que Tem A Rosa / Cai Sereno / Tchau Amor,Di Paullo & Paulino,,252,d01343caab30110726bc6913848bb5f4e528f67b25340cff7ccd48784478126f,6099157,IMPORT,preserved,UNIQUE,,Sunnify/08 - Chico Amado e Xodó/O Que Tem A Rosa Cai Sereno Tchau Amor - Di Paullo & Paulino.mp3,"sem erro de leitura; metadata GOOD; título HIGH; artista HIGH; cover presente; bitrate 192 kbps; sample rate 44100 Hz; desempate final por relative_path",192000,44100,true,GOOD
Sunnify/08 - Chico Amado e Xodó/O Telefone Chora - Lourenco & Lourival.mp3,O Telefone Chora - Lourenco & Lourival.mp3,Sunnify/08 - Chico Amado e Xodó,O Telefone Chora,Lourenco & Lourival,,217,74edd9a6bfae3d0e8f3b0df13446db656acdd2f90d0ccbaa9f58301e0aa4f957,5251051,IMPORT,preserved,UNIQUE,,Sunnify/08 - Chico Amado e Xodó/O Telefone Chora - Lourenco & Lourival.mp3,"sem erro de leitura; metadata GOOD; título HIGH; artista HIGH; cover presente; bitrate 192 kbps; sample rate 44100 Hz; desempate final por relative_path",192000,44100,true,GOOD
Sunnify/08 - Chico Amado e Xodó/O Último Julgamento - César Menotti & Fabiano.mp3,O Último Julgamento - César Menotti & Fabiano.mp3,Sunnify/08 - Chico Amado e Xodó,O Último Julgamento,César Menotti & Fabiano,,222,55870b0bcbd4ebe6677d15da49f65c87ef2d7ff26b15e3804758742ab43de554,5379938,IMPORT,preserved,UNIQUE,,Sunnify/08 - Chico Amado e Xodó/O Último Julgamento - César Menotti & Fabiano.mp3,"sem erro de leitura; metadata GOOD; título HIGH; artista HIGH; cover presente; bitrate 192 kbps; sample rate 44100 Hz; desempate final por relative_path",192000,44100,true,GOOD
Sunnify/08 - Chico Amado e Xodó/Olhos de Luar - Chrystian & Ralf.mp3,Olhos de Luar - Chrystian & Ralf.mp3,Sunnify/08 - Chico Amado e Xodó,Olhos de Luar,Chrystian & Ralf,,288,13627bd39517ae2d359d292a3d443e0692dac5d93fad987268cd44ee8f6c9953,6936986,IMPORT,preserved,UNIQUE,,Sunnify/08 - Chico Amado e Xodó/Olhos de Luar - Chrystian & Ralf.mp3,"sem erro de leitura; metadata GOOD; título HIGH; artista HIGH; cover presente; bitrate 192 kbps; sample rate 44100 Hz; desempate final por relative_path",192000,44100,true,GOOD
Sunnify/08 - Chico Amado e Xodó/Os Três Boiadeiros - Lourenco & Lourival.mp3,Os Três Boiadeiros - Lourenco & Lourival.mp3,Sunnify/08 - Chico Amado e Xodó,Os Três Boiadeiros,Lourenco & Lourival,,268,faea7f43f64a98fc0ca2fa42f663e61d0e7f71d21edac024529f4d38615f1edb,6462885,IMPORT,preserved,UNIQUE,,Sunnify/08 - Chico Amado e Xodó/Os Três Boiadeiros - Lourenco & Lourival.mp3,"sem erro de leitura; metadata GOOD; título HIGH; artista HIGH; cover presente; bitrate 192 kbps; sample rate 44100 Hz; desempate final por relative_path",192000,44100,true,GOOD
Sunnify/08 - Chico Amado e Xodó/Pé na Jaca - Chico Amado & Xodó.mp3,Pé na Jaca - Chico Amado & Xodó.mp3,Sunnify/08 - Chico Amado e Xodó,Pé na Jaca,Chico Amado & Xodó,,209,f408bb659ebb3900a0e0bdac966fd08d3f33124d231daeea735603877b2c70ce,5049589,IMPORT,preserved,UNIQUE,,Sunnify/08 - Chico Amado e Xodó/Pé na Jaca - Chico Amado & Xodó.mp3,"sem erro de leitura; metadata GOOD; título HIGH; artista HIGH; cover presente; bitrate 192 kbps; sample rate 44100 Hz; desempate final por relative_path",192000,44100,true,GOOD
Sunnify/08 - Chico Amado e Xodó/Pedaço de Minha Vida 60 Dias Apaixonado - Ao Vivo - Di Paullo & Paulino.mp3,Pedaço de Minha Vida 60 Dias Apaixonado - Ao Vivo - Di Paullo & Paulino.mp3,Sunnify/08 - Chico Amado e Xodó,Pedaço de Minha Vida / 60 Dias Apaixonado - Ao Vivo,Di Paullo & Paulino,,249,a694660e50096c7e8e019330a2b48194635731918e0c1a8edd2daae78d0938a2,6028566,IMPORT,preserved,UNIQUE,,Sunnify/08 - Chico Amado e Xodó/Pedaço de Minha Vida 60 Dias Apaixonado - Ao Vivo - Di Paullo & Paulino.mp3,"sem erro de leitura; metadata GOOD; título HIGH; artista HIGH; cover presente; bitrate 192 kbps; sample rate 44100 Hz; desempate final por relative_path",192000,44100,true,GOOD
Sunnify/08 - Chico Amado e Xodó/Ponto Final - Di Paullo & Paulino.mp3,Ponto Final - Di Paullo & Paulino.mp3,Sunnify/08 - Chico Amado e Xodó,Ponto Final,Di Paullo & Paulino,,176,5034135f657c82495ef2123fec2b500c31882ea055b5e2435a1740d7466aaef7,4282863,IMPORT,preserved,UNIQUE,,Sunnify/08 - Chico Amado e Xodó/Ponto Final - Di Paullo & Paulino.mp3,"sem erro de leitura; metadata GOOD; título HIGH; artista HIGH; cover presente; bitrate 192 kbps; sample rate 44100 Hz; desempate final por relative_path",192000,44100,true,GOOD
Sunnify/08 - Chico Amado e Xodó/Prazer de Fazendeiro - Di Paullo & Paulino.mp3,Prazer de Fazendeiro - Di Paullo & Paulino.mp3,Sunnify/08 - Chico Amado e Xodó,Prazer de Fazendeiro,Di Paullo & Paulino,,174,76cc7ebf2aeda8a71744ce31c9ea7644d6503789f7fa20a24843bacb4b4fda54,4238563,IMPORT,preserved,UNIQUE,,Sunnify/08 - Chico Amado e Xodó/Prazer de Fazendeiro - Di Paullo & Paulino.mp3,"sem erro de leitura; metadata GOOD; título HIGH; artista HIGH; cover presente; bitrate 192 kbps; sample rate 44100 Hz; desempate final por relative_path",192000,44100,true,GOOD
Sunnify/08 - Chico Amado e Xodó/Quem Me Dera - Ao Vivo - Di Paullo & Paulino.mp3,Quem Me Dera - Ao Vivo - Di Paullo & Paulino.mp3,Sunnify/08 - Chico Amado e Xodó,Quem Me Dera - Ao Vivo,Di Paullo & Paulino,,208,44a8af3ea1cb216b8f2065cf229759cdca6c110640518ed74024cb2bc91a9a3d,5046285,IMPORT,preserved,UNIQUE,,Sunnify/08 - Chico Amado e Xodó/Quem Me Dera - Ao Vivo - Di Paullo & Paulino.mp3,"sem erro de leitura; metadata GOOD; título HIGH; artista HIGH; cover presente; bitrate 192 kbps; sample rate 44100 Hz; desempate final por relative_path",192000,44100,true,GOOD
Sunnify/08 - Chico Amado e Xodó/Relogio Quebrado - Lourenco & Lourival.mp3,Relogio Quebrado - Lourenco & Lourival.mp3,Sunnify/08 - Chico Amado e Xodó,Relogio Quebrado,Lourenco & Lourival,,177,bfe7bb0afa42e1fb481a0941fb35de8d0310c287a1821a97c4c3e054858dbeb5,4292126,IMPORT,preserved,UNIQUE,,Sunnify/08 - Chico Amado e Xodó/Relogio Quebrado - Lourenco & Lourival.mp3,"sem erro de leitura; metadata GOOD; título HIGH; artista HIGH; cover presente; bitrate 192 kbps; sample rate 44100 Hz; desempate final por relative_path",192000,44100,true,GOOD
"Sunnify/08 - Chico Amado e Xodó/Se For Passar Em Goiânia - Ao Vivo - Trio Parada Dura, Matogrosso & Mathias.mp3","Se For Passar Em Goiânia - Ao Vivo - Trio Parada Dura, Matogrosso & Mathias.mp3",Sunnify/08 - Chico Amado e Xodó,Se For Passar Em Goiânia - Ao Vivo,"Trio Parada Dura, Matogrosso & Mathias",,204,1bf31029e8e7a21f1abe98ef3158bea45377e78901d44edf0f0ef2fdf560ef15,4937609,IMPORT,preserved,UNIQUE,,"Sunnify/08 - Chico Amado e Xodó/Se For Passar Em Goiânia - Ao Vivo - Trio Parada Dura, Matogrosso & Mathias.mp3","sem erro de leitura; metadata GOOD; título HIGH; artista HIGH; cover presente; bitrate 192 kbps; sample rate 44100 Hz; desempate final por relative_path",192000,44100,true,GOOD
Sunnify/08 - Chico Amado e Xodó/Se Não Tivesse Ido - Di Paullo & Paulino.mp3,Se Não Tivesse Ido - Di Paullo & Paulino.mp3,Sunnify/08 - Chico Amado e Xodó,Se Não Tivesse Ido,Di Paullo & Paulino,,251,e89c92bc525621464f977b673ef15b582da324cffb47a2313a66dc99e4e6e0bd,6085248,IMPORT,preserved,UNIQUE,,Sunnify/08 - Chico Amado e Xodó/Se Não Tivesse Ido - Di Paullo & Paulino.mp3,"sem erro de leitura; metadata GOOD; título HIGH; artista HIGH; cover presente; bitrate 192 kbps; sample rate 44100 Hz; desempate final por relative_path",192000,44100,true,GOOD
Sunnify/08 - Chico Amado e Xodó/Se Passar Em Goiânia - Ao Vivo - Di Paullo & Paulino.mp3,Se Passar Em Goiânia - Ao Vivo - Di Paullo & Paulino.mp3,Sunnify/08 - Chico Amado e Xodó,Se Passar Em Goiânia - Ao Vivo,Di Paullo & Paulino,,194,f16bb91dee63c42b518d2f19af3e47c3024704ac770aaaacd7cd512830219af8,4694236,IMPORT,preserved,UNIQUE,,Sunnify/08 - Chico Amado e Xodó/Se Passar Em Goiânia - Ao Vivo - Di Paullo & Paulino.mp3,"sem erro de leitura; metadata GOOD; título HIGH; artista HIGH; cover presente; bitrate 192 kbps; sample rate 44100 Hz; desempate final por relative_path",192000,44100,true,GOOD
Sunnify/08 - Chico Amado e Xodó/Sonhei Com Você - Ao Vivo - Di Paullo & Paulino.mp3,Sonhei Com Você - Ao Vivo - Di Paullo & Paulino.mp3,Sunnify/08 - Chico Amado e Xodó,Sonhei Com Você - Ao Vivo,Di Paullo & Paulino,,236,c983e4918975f3cc7218aa52ab31a453e4bc35d6cd667bd3bc1c69d9b6153151,5723517,IMPORT,preserved,UNIQUE,,Sunnify/08 - Chico Amado e Xodó/Sonhei Com Você - Ao Vivo - Di Paullo & Paulino.mp3,"sem erro de leitura; metadata GOOD; título HIGH; artista HIGH; cover presente; bitrate 192 kbps; sample rate 44100 Hz; desempate final por relative_path",192000,44100,true,GOOD
Sunnify/08 - Chico Amado e Xodó/Tá Bombando - Chico Amado & Xodó.mp3,Tá Bombando - Chico Amado & Xodó.mp3,Sunnify/08 - Chico Amado e Xodó,Tá Bombando,Chico Amado & Xodó,,180,74d56a59e2732643f518574f0040f56f2d77553d9eb29161cd1d26e2ad7ece99,4361150,IMPORT,preserved,UNIQUE,,Sunnify/08 - Chico Amado e Xodó/Tá Bombando - Chico Amado & Xodó.mp3,"sem erro de leitura; metadata GOOD; título HIGH; artista HIGH; cover presente; bitrate 192 kbps; sample rate 44100 Hz; desempate final por relative_path",192000,44100,true,GOOD
Sunnify/08 - Chico Amado e Xodó/Tá Com Raiva de Mim - Ao Vivo - Chico Rey & Paraná.mp3,Tá Com Raiva de Mim - Ao Vivo - Chico Rey & Paraná.mp3,Sunnify/08 - Chico Amado e Xodó,Tá Com Raiva de Mim - Ao Vivo,Chico Rey & Paraná,,171,e493477788f322913643c42054f8ec18864b1436af08eefbaaf12b11f91f69a2,4168289,IMPORT,preserved,UNIQUE,,Sunnify/08 - Chico Amado e Xodó/Tá Com Raiva de Mim - Ao Vivo - Chico Rey & Paraná.mp3,"sem erro de leitura; metadata GOOD; título HIGH; artista HIGH; cover presente; bitrate 192 kbps; sample rate 44100 Hz; desempate final por relative_path",192000,44100,true,GOOD
"Sunnify/08 - Chico Amado e Xodó/Tem Alguém no Seu Lugar - Chico Amado & Xodó, João Carreiro & Capataz.mp3","Tem Alguém no Seu Lugar - Chico Amado & Xodó, João Carreiro & Capataz.mp3",Sunnify/08 - Chico Amado e Xodó,Tem Alguém no Seu Lugar,"Chico Amado & Xodó, João Carreiro & Capataz",,193,63050f501f2c30e9bd6c2c22eea90fce71c743743a3dfd4d49d7d25bee04713f,4673124,IMPORT,preserved,UNIQUE,,"Sunnify/08 - Chico Amado e Xodó/Tem Alguém no Seu Lugar - Chico Amado & Xodó, João Carreiro & Capataz.mp3","sem erro de leitura; metadata GOOD; título HIGH; artista HIGH; cover presente; bitrate 192 kbps; sample rate 44100 Hz; desempate final por relative_path",192000,44100,true,GOOD
Sunnify/08 - Chico Amado e Xodó/Tem Alguém no Seu Lugar - Chico Amado & Xodó.mp3,Tem Alguém no Seu Lugar - Chico Amado & Xodó.mp3,Sunnify/08 - Chico Amado e Xodó,Tem Alguém no Seu Lugar,Chico Amado & Xodó,,193,604c4bab26633f1c72a4f07f9b579b461761445279cbac28d37ebac2a85a3fdd,4688025,IMPORT,preserved,UNIQUE,,Sunnify/08 - Chico Amado e Xodó/Tem Alguém no Seu Lugar - Chico Amado & Xodó.mp3,"sem erro de leitura; metadata GOOD; título HIGH; artista HIGH; cover presente; bitrate 192 kbps; sample rate 44100 Hz; desempate final por relative_path",192000,44100,true,GOOD
Sunnify/08 - Chico Amado e Xodó/Tem Alguém no Seu Lugar - Di Paullo & Paulino.mp3,Tem Alguém no Seu Lugar - Di Paullo & Paulino.mp3,Sunnify/08 - Chico Amado e Xodó,Tem Alguém no Seu Lugar,Di Paullo & Paulino,,179,a8846e085680f1d35be08c5f3768fe3cbcc0877ab610a2df11cb3fe7d2c94a30,4351594,IMPORT,preserved,UNIQUE,,Sunnify/08 - Chico Amado e Xodó/Tem Alguém no Seu Lugar - Di Paullo & Paulino.mp3,"sem erro de leitura; metadata GOOD; título HIGH; artista HIGH; cover presente; bitrate 192 kbps; sample rate 44100 Hz; desempate final por relative_path",192000,44100,true,GOOD
Sunnify/08 - Chico Amado e Xodó/Tempo Ao Tempo A Noite do Nosso Amor - Ao Vivo - Di Paullo & Paulino.mp3,Tempo Ao Tempo A Noite do Nosso Amor - Ao Vivo - Di Paullo & Paulino.mp3,Sunnify/08 - Chico Amado e Xodó,Tempo Ao Tempo / A Noite do Nosso Amor - Ao Vivo,Di Paullo & Paulino,,269,e21a861f34c94c4dc09fa1ee7a8c8db9c2453abb827b909e0264bc86acf3e73f,6523710,IMPORT,preserved,UNIQUE,,Sunnify/08 - Chico Amado e Xodó/Tempo Ao Tempo A Noite do Nosso Amor - Ao Vivo - Di Paullo & Paulino.mp3,"sem erro de leitura; metadata GOOD; título HIGH; artista HIGH; cover presente; bitrate 192 kbps; sample rate 44100 Hz; desempate final por relative_path",192000,44100,true,GOOD
Sunnify/08 - Chico Amado e Xodó/To Indo Embora - Di Paullo & Paulino.mp3,To Indo Embora - Di Paullo & Paulino.mp3,Sunnify/08 - Chico Amado e Xodó,To Indo Embora,Di Paullo & Paulino,,211,dccd1d9e74499929eaf45a0d01d273bf70ec9d0dad934aa9f3034d98a06ecea6,5104409,IMPORT,preserved,UNIQUE,,Sunnify/08 - Chico Amado e Xodó/To Indo Embora - Di Paullo & Paulino.mp3,"sem erro de leitura; metadata GOOD; título HIGH; artista HIGH; cover presente; bitrate 192 kbps; sample rate 44100 Hz; desempate final por relative_path",192000,44100,true,GOOD
Sunnify/08 - Chico Amado e Xodó/Tô por Aí - Ao Vivo - Di Paullo & Paulino.mp3,Tô por Aí - Ao Vivo - Di Paullo & Paulino.mp3,Sunnify/08 - Chico Amado e Xodó,Tô por Aí - Ao Vivo,Di Paullo & Paulino,,278,056ec8f440328eddc51b42b54abf2858b344e49ec3ab36463ed6935aa6d6954d,6737025,IMPORT,preserved,UNIQUE,,Sunnify/08 - Chico Amado e Xodó/Tô por Aí - Ao Vivo - Di Paullo & Paulino.mp3,"sem erro de leitura; metadata GOOD; título HIGH; artista HIGH; cover presente; bitrate 192 kbps; sample rate 44100 Hz; desempate final por relative_path",192000,44100,true,GOOD
Sunnify/08 - Chico Amado e Xodó/Traz uma Gelada - Chico Amado & Xodó.mp3,Traz uma Gelada - Chico Amado & Xodó.mp3,Sunnify/08 - Chico Amado e Xodó,Traz uma Gelada,Chico Amado & Xodó,,190,d783da82506d798bf42c87fec9dda2ab97a3c928ec373f5d0d2d7481bd5d80a5,4613439,IMPORT,preserved,UNIQUE,,Sunnify/08 - Chico Amado e Xodó/Traz uma Gelada - Chico Amado & Xodó.mp3,"sem erro de leitura; metadata GOOD; título HIGH; artista HIGH; cover presente; bitrate 192 kbps; sample rate 44100 Hz; desempate final por relative_path",192000,44100,true,GOOD
"Sunnify/08 - Chico Amado e Xodó/Um Outro Alguém - Ao Vivo - Di Paullo & Paulino, Wanessa Camargo.mp3","Um Outro Alguém - Ao Vivo - Di Paullo & Paulino, Wanessa Camargo.mp3",Sunnify/08 - Chico Amado e Xodó,Um Outro Alguém - Ao Vivo,"Di Paullo & Paulino, Wanessa Camargo",,186,d3332b766bd3bd1336feb4a18b29002b29c0977104b61aa4d663f63201f2e34d,4517286,IMPORT,preserved,UNIQUE,,"Sunnify/08 - Chico Amado e Xodó/Um Outro Alguém - Ao Vivo - Di Paullo & Paulino, Wanessa Camargo.mp3","sem erro de leitura; metadata GOOD; título HIGH; artista HIGH; cover presente; bitrate 192 kbps; sample rate 44100 Hz; desempate final por relative_path",192000,44100,true,GOOD
Sunnify/08 - Chico Amado e Xodó/Vem Me Ver - Chico Amado & Xodó.mp3,Vem Me Ver - Chico Amado & Xodó.mp3,Sunnify/08 - Chico Amado e Xodó,Vem Me Ver,Chico Amado & Xodó,,183,a47345fa4cdbc7bad5de29f433cca7243d875550fb29d160964dec907db0d854,4440849,IMPORT,preserved,UNIQUE,,Sunnify/08 - Chico Amado e Xodó/Vem Me Ver - Chico Amado & Xodó.mp3,"sem erro de leitura; metadata GOOD; título HIGH; artista HIGH; cover presente; bitrate 192 kbps; sample rate 44100 Hz; desempate final por relative_path",192000,44100,true,GOOD
Sunnify/08 - Chico Amado e Xodó/Você Não Sabe Amar - Ao Vivo - Chico Rey & Paraná.mp3,Você Não Sabe Amar - Ao Vivo - Chico Rey & Paraná.mp3,Sunnify/08 - Chico Amado e Xodó,Você Não Sabe Amar - Ao Vivo,Chico Rey & Paraná,,231,a8185495f21c6bce0d2655be91b9fda8a237451dd14580ca76b499202da632fa,5602904,IMPORT,preserved,UNIQUE,,Sunnify/08 - Chico Amado e Xodó/Você Não Sabe Amar - Ao Vivo - Chico Rey & Paraná.mp3,"sem erro de leitura; metadata GOOD; título HIGH; artista HIGH; cover presente; bitrate 192 kbps; sample rate 44100 Hz; desempate final por relative_path",192000,44100,true,GOOD
"Sunnify/09 - Ana Castela/200 Reais - Ao Vivo - Panda, João Neto & Frederico, MJ Records.mp3","200 Reais - Ao Vivo - Panda, João Neto & Frederico, MJ Records.mp3",Sunnify/09 - Ana Castela,200 Reais - Ao Vivo,"Panda, João Neto & Frederico, MJ Records",,143,8e00e04f840bd32ccdbc7a2c4ac69725ee2370d2fba226b16347ce95998f6742,3472678,SKIP_LIKELY,likely_duplicate,LIKELY_DUPLICATE,2,"Sunnify/07 - Zé Neto e Cristiano/200 Reais - Ao Vivo - Panda, João Neto & Frederico, MJ Records.mp3","sem erro de leitura; metadata GOOD; título HIGH; artista HIGH; cover presente; bitrate 192 kbps; sample rate 44100 Hz; desempate final por relative_path",192000,44100,true,GOOD
Sunnify/09 - Ana Castela/Alerta de Golpe - Ao Vivo - Ana Castela.mp3,Alerta de Golpe - Ao Vivo - Ana Castela.mp3,Sunnify/09 - Ana Castela,Alerta de Golpe - Ao Vivo,Ana Castela,,143,1fa8d32ea91513945c8699db59b4f5d031b224626de94458c80ce5025599f261,3508709,IMPORT,preserved,UNIQUE,,Sunnify/09 - Ana Castela/Alerta de Golpe - Ao Vivo - Ana Castela.mp3,"sem erro de leitura; metadata GOOD; título HIGH; artista HIGH; cover presente; bitrate 192 kbps; sample rate 44100 Hz; desempate final por relative_path",192000,44100,true,GOOD
"Sunnify/09 - Ana Castela/Amizade Ou O Que - Ao Vivo - Ana Castela, Luan Pereira.mp3","Amizade Ou O Que - Ao Vivo - Ana Castela, Luan Pereira.mp3",Sunnify/09 - Ana Castela,Amizade Ou O Que - Ao Vivo,"Ana Castela, Luan Pereira",,198,cf14ee87220f5ebf3abafa397e259297eb7b080e90bdbd4a206d2acbd584d812,4831383,IMPORT,preserved,UNIQUE,,"Sunnify/09 - Ana Castela/Amizade Ou O Que - Ao Vivo - Ana Castela, Luan Pereira.mp3","sem erro de leitura; metadata GOOD; título HIGH; artista HIGH; cover presente; bitrate 192 kbps; sample rate 44100 Hz; desempate final por relative_path",192000,44100,true,GOOD
Sunnify/09 - Ana Castela/Aqui Tem Alguém - Ao Vivo - Ana Castela.mp3,Aqui Tem Alguém - Ao Vivo - Ana Castela.mp3,Sunnify/09 - Ana Castela,Aqui Tem Alguém - Ao Vivo,Ana Castela,,169,9e5975c91c5777b71c6600cda61ea6187cd1002a69fcfea1bf6f26afddaf1136,4129372,IMPORT,preserved,UNIQUE,,Sunnify/09 - Ana Castela/Aqui Tem Alguém - Ao Vivo - Ana Castela.mp3,"sem erro de leitura; metadata GOOD; título HIGH; artista HIGH; cover presente; bitrate 192 kbps; sample rate 44100 Hz; desempate final por relative_path",192000,44100,true,GOOD
Sunnify/09 - Ana Castela/As Cowgirl 👢 - Ana Castela.mp3,As Cowgirl 👢 - Ana Castela.mp3,Sunnify/09 - Ana Castela,As Cowgirl 👢,Ana Castela,,120,da81b72ace4e5fb5f6d7725e514af43ce38fadfbe865226be2c355301b9b1ee6,2909441,IMPORT,preserved,UNIQUE,,Sunnify/09 - Ana Castela/As Cowgirl 👢 - Ana Castela.mp3,"sem erro de leitura; metadata GOOD; título HIGH; artista HIGH; cover presente; bitrate 192 kbps; sample rate 44100 Hz; desempate final por relative_path",192000,44100,true,GOOD
"Sunnify/09 - Ana Castela/As Menina da Pecuária - Ana Castela, Léo & Raphael.mp3","As Menina da Pecuária - Ana Castela, Léo & Raphael.mp3",Sunnify/09 - Ana Castela,As Menina da Pecuária,"Ana Castela, Léo & Raphael",,162,ce720dbfd183261a47ef020b0d7ff199d97f5f8decbf6e5fcdb63034a6c5ff07,3932643,IMPORT,preserved,UNIQUE,,"Sunnify/09 - Ana Castela/As Menina da Pecuária - Ana Castela, Léo & Raphael.mp3","sem erro de leitura; metadata GOOD; título HIGH; artista HIGH; cover presente; bitrate 192 kbps; sample rate 44100 Hz; desempate final por relative_path",192000,44100,true,GOOD
Sunnify/09 - Ana Castela/Bala Alojada - Gusttavo Lima.mp3,Bala Alojada - Gusttavo Lima.mp3,Sunnify/09 - Ana Castela,Bala Alojada,Gusttavo Lima,,218,90262bc84df4a78c78ac71cdc40b30300bbeb171b9076fcfafe711135c2d9578,5298409,SKIP_LIKELY,likely_duplicate,LIKELY_DUPLICATE,3,Sunnify/10 - Cê tá doido/Bala Alojada - Gusttavo Lima.mp3,"sem erro de leitura; metadata GOOD; título HIGH; artista HIGH; cover presente; bitrate 192 kbps; sample rate 44100 Hz; desempate final por relative_path",192000,44100,true,GOOD
Sunnify/09 - Ana Castela/Barulho Do Foguete - Ao Vivo - Zé Neto & Cristiano.mp3,Barulho Do Foguete - Ao Vivo - Zé Neto & Cristiano.mp3,Sunnify/09 - Ana Castela,Barulho Do Foguete - Ao Vivo,Zé Neto & Cristiano,,134,001db05d3b0535e72868fe1d210e825396d3380d3e1c466e7f272bcacda456e2,3266465,IMPORT,likely_duplicate_representative,LIKELY_DUPLICATE,4,Sunnify/09 - Ana Castela/Barulho Do Foguete - Ao Vivo - Zé Neto & Cristiano.mp3,"sem erro de leitura; metadata GOOD; título HIGH; artista HIGH; cover presente; bitrate 192 kbps; sample rate 44100 Hz; desempate final por relative_path",192000,44100,true,GOOD
Sunnify/09 - Ana Castela/Boiadeira - Ana Castela.mp3,Boiadeira - Ana Castela.mp3,Sunnify/09 - Ana Castela,Boiadeira,Ana Castela,,169,419212b5d4b8ba8d0ba3b63931942ea1db6ed40a97ce7c7ec2896cb09d02330c,4116584,IMPORT,preserved,UNIQUE,,Sunnify/09 - Ana Castela/Boiadeira - Ana Castela.mp3,"sem erro de leitura; metadata GOOD; título HIGH; artista HIGH; cover presente; bitrate 192 kbps; sample rate 44100 Hz; desempate final por relative_path",192000,44100,true,GOOD
"Sunnify/09 - Ana Castela/Bombonzinho - Ao Vivo - Israel & Rodolffo, Ana Castela.mp3","Bombonzinho - Ao Vivo - Israel & Rodolffo, Ana Castela.mp3",Sunnify/09 - Ana Castela,Bombonzinho - Ao Vivo,"Israel & Rodolffo, Ana Castela",,155,ac013634350c6592f104c3e68290c2d92a6d0454ac7dfeeabda64e473a089be6,3771913,IMPORT,likely_duplicate_representative,LIKELY_DUPLICATE,15,"Sunnify/09 - Ana Castela/Bombonzinho - Ao Vivo - Israel & Rodolffo, Ana Castela.mp3","sem erro de leitura; metadata GOOD; título HIGH; artista HIGH; cover presente; bitrate 192 kbps; sample rate 44100 Hz; desempate final por relative_path",192000,44100,true,GOOD
"Sunnify/09 - Ana Castela/Canudinho - Ao Vivo - Gusttavo Lima, Ana Castela.mp3","Canudinho - Ao Vivo - Gusttavo Lima, Ana Castela.mp3",Sunnify/09 - Ana Castela,Canudinho - Ao Vivo,"Gusttavo Lima, Ana Castela",,125,f818ec2f9de741b342c733bbb272099675333dececa8d850167091afe2267c0a,3047085,IMPORT,preserved,UNIQUE,,"Sunnify/09 - Ana Castela/Canudinho - Ao Vivo - Gusttavo Lima, Ana Castela.mp3","sem erro de leitura; metadata GOOD; título HIGH; artista HIGH; cover presente; bitrate 192 kbps; sample rate 44100 Hz; desempate final por relative_path",192000,44100,true,GOOD
"Sunnify/09 - Ana Castela/Carinha de Bebê - Ana Castela, PEDRO SAMPAIO.mp3","Carinha de Bebê - Ana Castela, PEDRO SAMPAIO.mp3",Sunnify/09 - Ana Castela,Carinha de Bebê,"Ana Castela, PEDRO SAMPAIO",,178,97b31c361e7239ad595e1e123d682cb1f2621861b2181fb3a4f6b765b642d9d5,4338570,IMPORT,preserved,UNIQUE,,"Sunnify/09 - Ana Castela/Carinha de Bebê - Ana Castela, PEDRO SAMPAIO.mp3","sem erro de leitura; metadata GOOD; título HIGH; artista HIGH; cover presente; bitrate 192 kbps; sample rate 44100 Hz; desempate final por relative_path",192000,44100,true,GOOD
"Sunnify/09 - Ana Castela/Chama - Luan Pereira, Ana Castela.mp3","Chama - Luan Pereira, Ana Castela.mp3",Sunnify/09 - Ana Castela,Chama,"Luan Pereira, Ana Castela",,206,d5a66ca5af3bef39a6c699f5775c32430f2ef56b8cd2ba9f0804ba6e515ee7b8,4999851,IMPORT,preserved,UNIQUE,,"Sunnify/09 - Ana Castela/Chama - Luan Pereira, Ana Castela.mp3","sem erro de leitura; metadata GOOD; título HIGH; artista HIGH; cover presente; bitrate 192 kbps; sample rate 44100 Hz; desempate final por relative_path",192000,44100,true,GOOD
Sunnify/09 - Ana Castela/Chicletinho - Ao Vivo - Ana Castela.mp3,Chicletinho - Ao Vivo - Ana Castela.mp3,Sunnify/09 - Ana Castela,Chicletinho - Ao Vivo,Ana Castela,,144,afc9b4a21a682ed56fdd6bbedba1ce525d35d775083e16a8b260f8f268d782cf,3533176,IMPORT,preserved,UNIQUE,,Sunnify/09 - Ana Castela/Chicletinho - Ao Vivo - Ana Castela.mp3,"sem erro de leitura; metadata GOOD; título HIGH; artista HIGH; cover presente; bitrate 192 kbps; sample rate 44100 Hz; desempate final por relative_path",192000,44100,true,GOOD
"Sunnify/09 - Ana Castela/Clima De Rodeio - Dj Chris No Beat, Ana Castela.mp3","Clima De Rodeio - Dj Chris No Beat, Ana Castela.mp3",Sunnify/09 - Ana Castela,Clima De Rodeio,"Dj Chris No Beat, Ana Castela",,188,a483d09476fe022dd1268f215e243867fa3cbc3992e4a72eb331e09a63a4d7b4,4560541,IMPORT,preserved,UNIQUE,,"Sunnify/09 - Ana Castela/Clima De Rodeio - Dj Chris No Beat, Ana Castela.mp3","sem erro de leitura; metadata GOOD; título HIGH; artista HIGH; cover presente; bitrate 192 kbps; sample rate 44100 Hz; desempate final por relative_path",192000,44100,true,GOOD
"Sunnify/09 - Ana Castela/Coração Bipolar - Ao Vivo - Ana Castela, Matheus & Kauan.mp3","Coração Bipolar - Ao Vivo - Ana Castela, Matheus & Kauan.mp3",Sunnify/09 - Ana Castela,Coração Bipolar - Ao Vivo,"Ana Castela, Matheus & Kauan",,155,9db01e07a9b390658b8695ca0229715426d703a8ed3b4dc5ed291ba32824da04,3785862,IMPORT,preserved,UNIQUE,,"Sunnify/09 - Ana Castela/Coração Bipolar - Ao Vivo - Ana Castela, Matheus & Kauan.mp3","sem erro de leitura; metadata GOOD; título HIGH; artista HIGH; cover presente; bitrate 192 kbps; sample rate 44100 Hz; desempate final por relative_path",192000,44100,true,GOOD
"Sunnify/09 - Ana Castela/Deixa Nois Viver 🔊 - Ana Castela, Alok.mp3","Deixa Nois Viver 🔊 - Ana Castela, Alok.mp3",Sunnify/09 - Ana Castela,Deixa Nois Viver 🔊,"Ana Castela, Alok",,151,babc065253e34672c89adfa15a576a8304339f4bcfdfdeea1cd45444cf697bcd,3670364,IMPORT,preserved,UNIQUE,,"Sunnify/09 - Ana Castela/Deixa Nois Viver 🔊 - Ana Castela, Alok.mp3","sem erro de leitura; metadata GOOD; título HIGH; artista HIGH; cover presente; bitrate 192 kbps; sample rate 44100 Hz; desempate final por relative_path",192000,44100,true,GOOD
"Sunnify/09 - Ana Castela/DEJA VU - Luan Santana, Ana Castela.mp3","DEJA VU - Luan Santana, Ana Castela.mp3",Sunnify/09 - Ana Castela,DEJA VU,"Luan Santana, Ana Castela",,200,9b6163b8345e96217629d97030c16cf68336f83cea048f5f3096b61256fd95a1,4855595,IMPORT,preserved,UNIQUE,,"Sunnify/09 - Ana Castela/DEJA VU - Luan Santana, Ana Castela.mp3","sem erro de leitura; metadata GOOD; título HIGH; artista HIGH; cover presente; bitrate 192 kbps; sample rate 44100 Hz; desempate final por relative_path",192000,44100,true,GOOD
"Sunnify/09 - Ana Castela/DEPOIS DO RODEIO - Luan Pereira, Ana Castela.mp3","DEPOIS DO RODEIO - Luan Pereira, Ana Castela.mp3",Sunnify/09 - Ana Castela,DEPOIS DO RODEIO,"Luan Pereira, Ana Castela",,165,bb62e215aaacb22da554eecb64415723360b76b31a06652369a779453f6e3f5f,4020347,IMPORT,preserved,UNIQUE,,"Sunnify/09 - Ana Castela/DEPOIS DO RODEIO - Luan Pereira, Ana Castela.mp3","sem erro de leitura; metadata GOOD; título HIGH; artista HIGH; cover presente; bitrate 192 kbps; sample rate 44100 Hz; desempate final por relative_path",192000,44100,true,GOOD
"Sunnify/09 - Ana Castela/Derreter a Aliança - AgroPlay, Ana Castela.mp3","Derreter a Aliança - AgroPlay, Ana Castela.mp3",Sunnify/09 - Ana Castela,Derreter a Aliança,"AgroPlay, Ana Castela",,189,b0ba52bb755bb454521679c480adf622d0e46a4569628f5bedefd65fd8485664,4588202,IMPORT,preserved,UNIQUE,,"Sunnify/09 - Ana Castela/Derreter a Aliança - AgroPlay, Ana Castela.mp3","sem erro de leitura; metadata GOOD; título HIGH; artista HIGH; cover presente; bitrate 192 kbps; sample rate 44100 Hz; desempate final por relative_path",192000,44100,true,GOOD
"Sunnify/09 - Ana Castela/Dia de Fluxo - AgroPlay, Ana Castela, LUDMILLA.mp3","Dia de Fluxo - AgroPlay, Ana Castela, LUDMILLA.mp3",Sunnify/09 - Ana Castela,Dia de Fluxo,"AgroPlay, Ana Castela, LUDMILLA",,135,07de7aa458b2add8f45ffb5d84e11c2c876d5d9a73b85f881084205994685331,3299312,IMPORT,preserved,UNIQUE,,"Sunnify/09 - Ana Castela/Dia de Fluxo - AgroPlay, Ana Castela, LUDMILLA.mp3","sem erro de leitura; metadata GOOD; título HIGH; artista HIGH; cover presente; bitrate 192 kbps; sample rate 44100 Hz; desempate final por relative_path",192000,44100,true,GOOD
Sunnify/09 - Ana Castela/DONA DE MIM - Ana Castela.mp3,DONA DE MIM - Ana Castela.mp3,Sunnify/09 - Ana Castela,DONA DE MIM,Ana Castela,,145,035b38469ee60535486686a376bfac374808fe0dfb8bd8c4eddb6022edb95df3,3529349,IMPORT,preserved,UNIQUE,,Sunnify/09 - Ana Castela/DONA DE MIM - Ana Castela.mp3,"sem erro de leitura; metadata GOOD; título HIGH; artista HIGH; cover presente; bitrate 192 kbps; sample rate 44100 Hz; desempate final por relative_path",192000,44100,true,GOOD
"Sunnify/09 - Ana Castela/Duas Três - Guilherme & Benuto, Ana Castela, Adriano Rhod.mp3","Duas Três - Guilherme & Benuto, Ana Castela, Adriano Rhod.mp3",Sunnify/09 - Ana Castela,Duas Três,"Guilherme & Benuto, Ana Castela, Adriano Rhod",,160,9176963c81fc49a2e64a36461f14d0d5adcb8d7cd0f86bdf6aa3dbab1d9340a7,3874303,IMPORT,preserved,UNIQUE,,"Sunnify/09 - Ana Castela/Duas Três - Guilherme & Benuto, Ana Castela, Adriano Rhod.mp3","sem erro de leitura; metadata GOOD; título HIGH; artista HIGH; cover presente; bitrate 192 kbps; sample rate 44100 Hz; desempate final por relative_path",192000,44100,true,GOOD
Sunnify/09 - Ana Castela/É Que Eu Não Te Esqueci 💔 - Ana Castela.mp3,É Que Eu Não Te Esqueci 💔 - Ana Castela.mp3,Sunnify/09 - Ana Castela,É Que Eu Não Te Esqueci 💔,Ana Castela,,164,7cb532bca11f35861deda5f27a92dc3a93b7b217ab71699bfbc9a51c1054c50c,3970095,IMPORT,preserved,UNIQUE,,Sunnify/09 - Ana Castela/É Que Eu Não Te Esqueci 💔 - Ana Castela.mp3,"sem erro de leitura; metadata GOOD; título HIGH; artista HIGH; cover presente; bitrate 192 kbps; sample rate 44100 Hz; desempate final por relative_path",192000,44100,true,GOOD
"Sunnify/09 - Ana Castela/Era Sol Que Me Faltava - AgroPlay, Ana Castela, CountryBeat.mp3","Era Sol Que Me Faltava - AgroPlay, Ana Castela, CountryBeat.mp3",Sunnify/09 - Ana Castela,Era Sol Que Me Faltava,"AgroPlay, Ana Castela, CountryBeat",,113,38a45a185112bc09fdf121a71e413a25f7096781f3967862b721fed24bdb6807,2757231,IMPORT,preserved,UNIQUE,,"Sunnify/09 - Ana Castela/Era Sol Que Me Faltava - AgroPlay, Ana Castela, CountryBeat.mp3","sem erro de leitura; metadata GOOD; título HIGH; artista HIGH; cover presente; bitrate 192 kbps; sample rate 44100 Hz; desempate final por relative_path",192000,44100,true,GOOD
"Sunnify/09 - Ana Castela/Eu Minto (Ao Vivo) - US Agroboy, Ana Castela.mp3","Eu Minto (Ao Vivo) - US Agroboy, Ana Castela.mp3",Sunnify/09 - Ana Castela,Eu Minto (Ao Vivo),"US Agroboy, Ana Castela",,163,80555852426a8163ea364cd9675ab5e73a68746e42fba2aeecb44a874d1b22a8,3948920,IMPORT,preserved,UNIQUE,,"Sunnify/09 - Ana Castela/Eu Minto (Ao Vivo) - US Agroboy, Ana Castela.mp3","sem erro de leitura; metadata GOOD; título HIGH; artista HIGH; cover presente; bitrate 192 kbps; sample rate 44100 Hz; desempate final por relative_path",192000,44100,true,GOOD
Sunnify/09 - Ana Castela/Eu Não Sou Terapia - Ao Vivo - Danilo e Davi.mp3,Eu Não Sou Terapia - Ao Vivo - Danilo e Davi.mp3,Sunnify/09 - Ana Castela,Eu Não Sou Terapia - Ao Vivo,Danilo e Davi,,163,c6a911b33876d47382ccf2ffc0e4f7f083180bfb30c5bc756cfa090df08a124a,3962902,IMPORT,likely_duplicate_representative,LIKELY_DUPLICATE,16,Sunnify/09 - Ana Castela/Eu Não Sou Terapia - Ao Vivo - Danilo e Davi.mp3,"sem erro de leitura; metadata GOOD; título HIGH; artista HIGH; cover presente; bitrate 192 kbps; sample rate 44100 Hz; desempate final por relative_path",192000,44100,true,GOOD
Sunnify/09 - Ana Castela/Eu Não Vou Mudar - Ana Castela.mp3,Eu Não Vou Mudar - Ana Castela.mp3,Sunnify/09 - Ana Castela,Eu Não Vou Mudar,Ana Castela,,146,9a79281fb49c07fafbcb5bc9d20f6712d9501246ec4c29d0118d53d47f452280,3545214,IMPORT,preserved,UNIQUE,,Sunnify/09 - Ana Castela/Eu Não Vou Mudar - Ana Castela.mp3,"sem erro de leitura; metadata GOOD; título HIGH; artista HIGH; cover presente; bitrate 192 kbps; sample rate 44100 Hz; desempate final por relative_path",192000,44100,true,GOOD
"Sunnify/09 - Ana Castela/Eu Só Quero Você - AgroPlay, Ana Castela, Zé Felipe.mp3","Eu Só Quero Você - AgroPlay, Ana Castela, Zé Felipe.mp3",Sunnify/09 - Ana Castela,Eu Só Quero Você,"AgroPlay, Ana Castela, Zé Felipe",,158,8879a97c0599cefcb32805f0d532b2a93f1015d861b31b312898645c03c41329,3857927,IMPORT,preserved,UNIQUE,,"Sunnify/09 - Ana Castela/Eu Só Quero Você - AgroPlay, Ana Castela, Zé Felipe.mp3","sem erro de leitura; metadata GOOD; título HIGH; artista HIGH; cover presente; bitrate 192 kbps; sample rate 44100 Hz; desempate final por relative_path",192000,44100,true,GOOD
"Sunnify/09 - Ana Castela/Fazendinha Sessions #2 Vai Ser Bão Pra lá - Fazendinha Sessions, Ana Castela, US Agroboy, Loubet, Luan Pereira, Lucca e Mateus, Lucas Reis & Thácio.mp3","Fazendinha Sessions #2 Vai Ser Bão Pra lá - Fazendinha Sessions, Ana Castela, US Agroboy, Loubet, Luan Pereira, Lucca e Mateus, Lucas Reis & Thácio.mp3",Sunnify/09 - Ana Castela,Fazendinha Sessions #2: Vai Ser Bão Pra lá,"Fazendinha Sessions, Ana Castela, US Agroboy, Loubet, Luan Pereira, Lucca e Mateus, Lucas Reis & Thácio",,479,24a188f2ca838ff7c667f488cb9eb96a319d8587f172ce44e34a2d1d27553143,11565850,IMPORT,preserved,UNIQUE,,"Sunnify/09 - Ana Castela/Fazendinha Sessions #2 Vai Ser Bão Pra lá - Fazendinha Sessions, Ana Castela, US Agroboy, Loubet, Luan Pereira, Lucca e Mateus, Lucas Reis & Thácio.mp3","sem erro de leitura; metadata GOOD; título HIGH; artista HIGH; cover presente; bitrate 192 kbps; sample rate 44100 Hz; desempate final por relative_path",192000,44100,true,GOOD
"Sunnify/09 - Ana Castela/Fazendinha Sessions #3 Som do Interior - Fazendinha Sessions, Hungria, Felipe Amorim, Ana Castela, Dj Chris No Beat, João Carreiro, US Agroboy, Luan Pereira.mp3","Fazendinha Sessions #3 Som do Interior - Fazendinha Sessions, Hungria, Felipe Amorim, Ana Castela, Dj Chris No Beat, João Carreiro, US Agroboy, Luan Pereira.mp3",Sunnify/09 - Ana Castela,Fazendinha Sessions #3: Som do Interior,"Fazendinha Sessions, Hungria, Felipe Amorim, Ana Castela, Dj Chris No Beat, João Carreiro, US Agroboy, Luan Pereira",,482,4b617d7b2d0873a0fc918d0d8fd2afa7e6c75e272ed86db46f28249b451530c0,11657021,IMPORT,preserved,UNIQUE,,"Sunnify/09 - Ana Castela/Fazendinha Sessions #3 Som do Interior - Fazendinha Sessions, Hungria, Felipe Amorim, Ana Castela, Dj Chris No Beat, João Carreiro, US Agroboy, Luan Pereira.mp3","sem erro de leitura; metadata GOOD; título HIGH; artista HIGH; cover presente; bitrate 192 kbps; sample rate 44100 Hz; desempate final por relative_path",192000,44100,true,GOOD
Sunnify/09 - Ana Castela/Flash - Ao Vivo - Lucas & Higor.mp3,Flash - Ao Vivo - Lucas & Higor.mp3,Sunnify/09 - Ana Castela,Flash - Ao Vivo,Lucas & Higor,,164,0cfca22cf488fa1b2531924cac054b606f3cee5f4d1beea72da079d3144f5df9,3989987,IMPORT,preserved,UNIQUE,,Sunnify/09 - Ana Castela/Flash - Ao Vivo - Lucas & Higor.mp3,"sem erro de leitura; metadata GOOD; título HIGH; artista HIGH; cover presente; bitrate 192 kbps; sample rate 44100 Hz; desempate final por relative_path",192000,44100,true,GOOD
"Sunnify/09 - Ana Castela/Foi Intenso - Ao Vivo - Zé Neto & Cristiano, Ana Castela.mp3","Foi Intenso - Ao Vivo - Zé Neto & Cristiano, Ana Castela.mp3",Sunnify/09 - Ana Castela,Foi Intenso - Ao Vivo,"Zé Neto & Cristiano, Ana Castela",,133,eea320f16ce6808b4345842fc3b45bf97774346672906618af497667624bc5a5,3239997,SKIP_LIKELY,likely_duplicate,LIKELY_DUPLICATE,5,"Sunnify/07 - Zé Neto e Cristiano/Foi Intenso - Ao Vivo - Zé Neto & Cristiano, Ana Castela.mp3","sem erro de leitura; metadata GOOD; título HIGH; artista HIGH; cover presente; bitrate 192 kbps; sample rate 44100 Hz; desempate final por relative_path",192000,44100,true,GOOD
"Sunnify/09 - Ana Castela/Fronteira - Ao Vivo - Ana Castela, Gustavo Mioto.mp3","Fronteira - Ao Vivo - Ana Castela, Gustavo Mioto.mp3",Sunnify/09 - Ana Castela,Fronteira - Ao Vivo,"Ana Castela, Gustavo Mioto",,166,b446232d548afc8ea5363e30ccc9caafe8e56544b4657f5608386496e2fd414b,4046281,IMPORT,preserved,UNIQUE,,"Sunnify/09 - Ana Castela/Fronteira - Ao Vivo - Ana Castela, Gustavo Mioto.mp3","sem erro de leitura; metadata GOOD; título HIGH; artista HIGH; cover presente; bitrate 192 kbps; sample rate 44100 Hz; desempate final por relative_path",192000,44100,true,GOOD
"Sunnify/09 - Ana Castela/HINO AGRO - Ana Castela, Léo & Raphael, Dj Chris No Beat, Luan Pereira, Jacques Vanier, AgroPlay.mp3","HINO AGRO - Ana Castela, Léo & Raphael, Dj Chris No Beat, Luan Pereira, Jacques Vanier, AgroPlay.mp3",Sunnify/09 - Ana Castela,HINO AGRO,"Ana Castela, Léo & Raphael, Dj Chris No Beat, Luan Pereira, Jacques Vanier, AgroPlay",,196,0cb1babbb9f10a0fa1e0da01c52d3a4f7cc7227502f44904464f89755ed6cc6f,4773366,IMPORT,preserved,UNIQUE,,"Sunnify/09 - Ana Castela/HINO AGRO - Ana Castela, Léo & Raphael, Dj Chris No Beat, Luan Pereira, Jacques Vanier, AgroPlay.mp3","sem erro de leitura; metadata GOOD; título HIGH; artista HIGH; cover presente; bitrate 192 kbps; sample rate 44100 Hz; desempate final por relative_path",192000,44100,true,GOOD
Sunnify/09 - Ana Castela/Hoje Eu Lembrei de Você - Ao Vivo - Ana Castela.mp3,Hoje Eu Lembrei de Você - Ao Vivo - Ana Castela.mp3,Sunnify/09 - Ana Castela,Hoje Eu Lembrei de Você - Ao Vivo,Ana Castela,,201,723797786f6827471fb38d2e924c91f80b1f20c762387276e81c7e72fd9479a1,4889310,IMPORT,preserved,UNIQUE,,Sunnify/09 - Ana Castela/Hoje Eu Lembrei de Você - Ao Vivo - Ana Castela.mp3,"sem erro de leitura; metadata GOOD; título HIGH; artista HIGH; cover presente; bitrate 192 kbps; sample rate 44100 Hz; desempate final por relative_path",192000,44100,true,GOOD
Sunnify/09 - Ana Castela/Hoje Tem Rodeio 🐂 - Ana Castela.mp3,Hoje Tem Rodeio 🐂 - Ana Castela.mp3,Sunnify/09 - Ana Castela,Hoje Tem Rodeio 🐂,Ana Castela,,114,2e6a596484942a0a4145f4a52a543839885e7998140d7041d73357b88fa3c500,2776447,IMPORT,preserved,UNIQUE,,Sunnify/09 - Ana Castela/Hoje Tem Rodeio 🐂 - Ana Castela.mp3,"sem erro de leitura; metadata GOOD; título HIGH; artista HIGH; cover presente; bitrate 192 kbps; sample rate 44100 Hz; desempate final por relative_path",192000,44100,true,GOOD
"Sunnify/09 - Ana Castela/Ia Dar Bom - Pedro Paulo & Alex, Ana Castela.mp3","Ia Dar Bom - Pedro Paulo & Alex, Ana Castela.mp3",Sunnify/09 - Ana Castela,Ia Dar Bom,"Pedro Paulo & Alex, Ana Castela",,168,d4984c6bae4553dd9165b0bc0a0d547930b8456f2b4d0ede0c9ab1f14a04a590,4070151,IMPORT,likely_duplicate_representative,LIKELY_DUPLICATE,17,"Sunnify/09 - Ana Castela/Ia Dar Bom - Pedro Paulo & Alex, Ana Castela.mp3","sem erro de leitura; metadata GOOD; título HIGH; artista HIGH; cover presente; bitrate 192 kbps; sample rate 44100 Hz; desempate final por relative_path",192000,44100,true,GOOD
"Sunnify/09 - Ana Castela/Ilusão De Ótica - Ao Vivo - Matheus & Kauan, Ana Castela.mp3","Ilusão De Ótica - Ao Vivo - Matheus & Kauan, Ana Castela.mp3",Sunnify/09 - Ana Castela,Ilusão De Ótica - Ao Vivo,"Matheus & Kauan, Ana Castela",,180,60bd891aa0f35cc4dc44796d1afdd36756dcf3b3926bd622a0b3af63dfea49f9,4361649,IMPORT,preserved,UNIQUE,,"Sunnify/09 - Ana Castela/Ilusão De Ótica - Ao Vivo - Matheus & Kauan, Ana Castela.mp3","sem erro de leitura; metadata GOOD; título HIGH; artista HIGH; cover presente; bitrate 192 kbps; sample rate 44100 Hz; desempate final por relative_path",192000,44100,true,GOOD
"Sunnify/09 - Ana Castela/Jet em Balneário - Ana Castela, MC PH, AgroPlay.mp3","Jet em Balneário - Ana Castela, MC PH, AgroPlay.mp3",Sunnify/09 - Ana Castela,Jet em Balneário,"Ana Castela, MC PH, AgroPlay",,130,c074b669fdd46d78597557e8de393d1f95edb7179cbc7b9261bf43ca466dec2d,3174514,IMPORT,preserved,UNIQUE,,"Sunnify/09 - Ana Castela/Jet em Balneário - Ana Castela, MC PH, AgroPlay.mp3","sem erro de leitura; metadata GOOD; título HIGH; artista HIGH; cover presente; bitrate 192 kbps; sample rate 44100 Hz; desempate final por relative_path",192000,44100,true,GOOD
"Sunnify/09 - Ana Castela/Juliet E Chapelão (Ao Vivo) - Dj Chris No Beat, Luan Pereira, Ana Castela.mp3","Juliet E Chapelão (Ao Vivo) - Dj Chris No Beat, Luan Pereira, Ana Castela.mp3",Sunnify/09 - Ana Castela,Juliet E Chapelão (Ao Vivo),"Dj Chris No Beat, Luan Pereira, Ana Castela",,145,fdaf22c4a74329dc8858b24959da779d3cbd34243b15eb28c2f1d63f99b53e11,3519891,IMPORT,preserved,UNIQUE,,"Sunnify/09 - Ana Castela/Juliet E Chapelão (Ao Vivo) - Dj Chris No Beat, Luan Pereira, Ana Castela.mp3","sem erro de leitura; metadata GOOD; título HIGH; artista HIGH; cover presente; bitrate 192 kbps; sample rate 44100 Hz; desempate final por relative_path",192000,44100,true,GOOD
"Sunnify/09 - Ana Castela/La Plata - AgroPlay, Léo & Raphael, Ana Castela, CountryBeat.mp3","La Plata - AgroPlay, Léo & Raphael, Ana Castela, CountryBeat.mp3",Sunnify/09 - Ana Castela,La Plata,"AgroPlay, Léo & Raphael, Ana Castela, CountryBeat",,125,539a9e5fed315db9cd11fb0a2ee74b8de08b5a674cf8e2ad679e87622f898863,3062853,IMPORT,preserved,UNIQUE,,"Sunnify/09 - Ana Castela/La Plata - AgroPlay, Léo & Raphael, Ana Castela, CountryBeat.mp3","sem erro de leitura; metadata GOOD; título HIGH; artista HIGH; cover presente; bitrate 192 kbps; sample rate 44100 Hz; desempate final por relative_path",192000,44100,true,GOOD
"Sunnify/09 - Ana Castela/Lua - Ana Castela, Hungria, Alok.mp3","Lua - Ana Castela, Hungria, Alok.mp3",Sunnify/09 - Ana Castela,Lua,"Ana Castela, Hungria, Alok",,207,399baa71bfe38c211924acb828e30b467240831934f30e0a09666df145c9c0d8,5014456,IMPORT,preserved,UNIQUE,,"Sunnify/09 - Ana Castela/Lua - Ana Castela, Hungria, Alok.mp3","sem erro de leitura; metadata GOOD; título HIGH; artista HIGH; cover presente; bitrate 192 kbps; sample rate 44100 Hz; desempate final por relative_path",192000,44100,true,GOOD
"Sunnify/09 - Ana Castela/Mamãe, Não Deixe Seu Filho Ser um Cowboy - Ao Vivo - Ana Castela.mp3","Mamãe, Não Deixe Seu Filho Ser um Cowboy - Ao Vivo - Ana Castela.mp3",Sunnify/09 - Ana Castela,"Mamãe, Não Deixe Seu Filho Ser um Cowboy - Ao Vivo",Ana Castela,,188,587be4a31b1034bb4c648b64ac3ae82726eb41bc7999ebc9143a28ea2faef4cb,4568030,IMPORT,preserved,UNIQUE,,"Sunnify/09 - Ana Castela/Mamãe, Não Deixe Seu Filho Ser um Cowboy - Ao Vivo - Ana Castela.mp3","sem erro de leitura; metadata GOOD; título HIGH; artista HIGH; cover presente; bitrate 192 kbps; sample rate 44100 Hz; desempate final por relative_path",192000,44100,true,GOOD
Sunnify/09 - Ana Castela/Menino do Laço Comprido - Ao Vivo - Ana Castela.mp3,Menino do Laço Comprido - Ao Vivo - Ana Castela.mp3,Sunnify/09 - Ana Castela,Menino do Laço Comprido - Ao Vivo,Ana Castela,,160,6a55a0faace093efcf8c76b5e3b150807db392d2a2dae5dfcc783fc7065c95a8,3879186,IMPORT,preserved,UNIQUE,,Sunnify/09 - Ana Castela/Menino do Laço Comprido - Ao Vivo - Ana Castela.mp3,"sem erro de leitura; metadata GOOD; título HIGH; artista HIGH; cover presente; bitrate 192 kbps; sample rate 44100 Hz; desempate final por relative_path",192000,44100,true,GOOD
Sunnify/09 - Ana Castela/Minha Herança - Ao Vivo - Ana Castela.mp3,Minha Herança - Ao Vivo - Ana Castela.mp3,Sunnify/09 - Ana Castela,Minha Herança - Ao Vivo,Ana Castela,,222,5c3567c558af95e98baa5cceeb5cd9016bfabfad17f2d3db85c30bbdcc13bdca,5391951,IMPORT,preserved,UNIQUE,,Sunnify/09 - Ana Castela/Minha Herança - Ao Vivo - Ana Castela.mp3,"sem erro de leitura; metadata GOOD; título HIGH; artista HIGH; cover presente; bitrate 192 kbps; sample rate 44100 Hz; desempate final por relative_path",192000,44100,true,GOOD
Sunnify/09 - Ana Castela/Moça Pra Casar - Ao Vivo - Diego & Victor Hugo.mp3,Moça Pra Casar - Ao Vivo - Diego & Victor Hugo.mp3,Sunnify/09 - Ana Castela,Moça Pra Casar - Ao Vivo,Diego & Victor Hugo,,162,d148966838d9b09eab0132e8ad9e429c01a9041db0eb8085d3e834facff0d34c,3953380,SKIP_LIKELY,likely_duplicate,LIKELY_DUPLICATE,18,Sunnify/10 - Cê tá doido/Moça Pra Casar - Ao Vivo - Diego & Victor Hugo.mp3,"sem erro de leitura; metadata GOOD; título HIGH; artista HIGH; cover presente; bitrate 192 kbps; sample rate 44100 Hz; desempate final por relative_path",192000,44100,true,GOOD
Sunnify/09 - Ana Castela/Mulher Nunca Foi Pra Menino - Ao Vivo - Danilo e Davi.mp3,Mulher Nunca Foi Pra Menino - Ao Vivo - Danilo e Davi.mp3,Sunnify/09 - Ana Castela,Mulher Nunca Foi Pra Menino - Ao Vivo,Danilo e Davi,,181,459f34526e1f00ad9c5695b715f483fbd7e035dd05857dcfaa70f0a622e45900,4408415,SKIP_LIKELY,likely_duplicate,LIKELY_DUPLICATE,8,Sunnify/10 - Cê tá doido/Mulher Nunca Foi Pra Menino - Ao Vivo - Danilo e Davi.mp3,"sem erro de leitura; metadata GOOD; título HIGH; artista HIGH; cover presente; bitrate 192 kbps; sample rate 44100 Hz; desempate final por relative_path",192000,44100,true,GOOD
Sunnify/09 - Ana Castela/Não Depende Só de Mim - Ana Castela.mp3,Não Depende Só de Mim - Ana Castela.mp3,Sunnify/09 - Ana Castela,Não Depende Só de Mim,Ana Castela,,158,81bf3183b153183dc769219e410e2a1e4dabcddbe70a7c34af9a34e9b7b41daa,3841435,IMPORT,preserved,UNIQUE,,Sunnify/09 - Ana Castela/Não Depende Só de Mim - Ana Castela.mp3,"sem erro de leitura; metadata GOOD; título HIGH; artista HIGH; cover presente; bitrate 192 kbps; sample rate 44100 Hz; desempate final por relative_path",192000,44100,true,GOOD
"Sunnify/09 - Ana Castela/Não é Pressa, é Pressão - Rincon, Ana Castela, DJ BOSS.mp3","Não é Pressa, é Pressão - Rincon, Ana Castela, DJ BOSS.mp3",Sunnify/09 - Ana Castela,"Não é Pressa, é Pressão","Rincon, Ana Castela, DJ BOSS",,177,ecaba3923dfec8b79aa251743bc3b989feb70787a153edbb3fc802b076b716fa,4316671,IMPORT,preserved,UNIQUE,,"Sunnify/09 - Ana Castela/Não é Pressa, é Pressão - Rincon, Ana Castela, DJ BOSS.mp3","sem erro de leitura; metadata GOOD; título HIGH; artista HIGH; cover presente; bitrate 192 kbps; sample rate 44100 Hz; desempate final por relative_path",192000,44100,true,GOOD
Sunnify/09 - Ana Castela/Não Mexe nas Minhas Gavetas - Ao Vivo - Danilo e Davi.mp3,Não Mexe nas Minhas Gavetas - Ao Vivo - Danilo e Davi.mp3,Sunnify/09 - Ana Castela,Não Mexe nas Minhas Gavetas - Ao Vivo,Danilo e Davi,,126,bdf709ba6b3ef76d9f1912804fcd31e12cddff80dbc11a2816734780d338b9e3,3083733,IMPORT,likely_duplicate_representative,LIKELY_DUPLICATE,19,Sunnify/09 - Ana Castela/Não Mexe nas Minhas Gavetas - Ao Vivo - Danilo e Davi.mp3,"sem erro de leitura; metadata GOOD; título HIGH; artista HIGH; cover presente; bitrate 192 kbps; sample rate 44100 Hz; desempate final por relative_path",192000,44100,true,GOOD
"Sunnify/09 - Ana Castela/Não Para - Belle Kaffer, Ana Castela, Charles New.mp3","Não Para - Belle Kaffer, Ana Castela, Charles New.mp3",Sunnify/09 - Ana Castela,Não Para,"Belle Kaffer, Ana Castela, Charles New",,181,c7db43da322796c2fe3f875f52b7f7cec2a85a68bc478534e96c2fe0e86ea43a,4429944,IMPORT,preserved,UNIQUE,,"Sunnify/09 - Ana Castela/Não Para - Belle Kaffer, Ana Castela, Charles New.mp3","sem erro de leitura; metadata GOOD; título HIGH; artista HIGH; cover presente; bitrate 192 kbps; sample rate 44100 Hz; desempate final por relative_path",192000,44100,true,GOOD
"Sunnify/09 - Ana Castela/Não Vai Ver Nunca - Ana Castela, Simone Mendes.mp3","Não Vai Ver Nunca - Ana Castela, Simone Mendes.mp3",Sunnify/09 - Ana Castela,Não Vai Ver Nunca,"Ana Castela, Simone Mendes",,167,c31aaec95938d0e996f233941ed768a0dd2f142f6ed59bb040fb37e2fd470eda,4058618,IMPORT,preserved,UNIQUE,,"Sunnify/09 - Ana Castela/Não Vai Ver Nunca - Ana Castela, Simone Mendes.mp3","sem erro de leitura; metadata GOOD; título HIGH; artista HIGH; cover presente; bitrate 192 kbps; sample rate 44100 Hz; desempate final por relative_path",192000,44100,true,GOOD
Sunnify/09 - Ana Castela/Neon - Spotify Sessions - Ana Castela.mp3,Neon - Spotify Sessions - Ana Castela.mp3,Sunnify/09 - Ana Castela,Neon - Spotify Sessions,Ana Castela,,225,31a02678fe91057d4d81c455545d9c8e1d6821c8f932bacbb94b4b605480f59e,5460033,IMPORT,preserved,UNIQUE,,Sunnify/09 - Ana Castela/Neon - Spotify Sessions - Ana Castela.mp3,"sem erro de leitura; metadata GOOD; título HIGH; artista HIGH; cover presente; bitrate 192 kbps; sample rate 44100 Hz; desempate final por relative_path",192000,44100,true,GOOD
"Sunnify/09 - Ana Castela/Ninguém Pode Saber - CountryBeat, Ana Castela.mp3","Ninguém Pode Saber - CountryBeat, Ana Castela.mp3",Sunnify/09 - Ana Castela,Ninguém Pode Saber,"CountryBeat, Ana Castela",,155,f1ab8fc082b3a0abd3533f471b10c0465949bac7fed20d8583499df6b7096dce,3775273,IMPORT,preserved,UNIQUE,,"Sunnify/09 - Ana Castela/Ninguém Pode Saber - CountryBeat, Ana Castela.mp3","sem erro de leitura; metadata GOOD; título HIGH; artista HIGH; cover presente; bitrate 192 kbps; sample rate 44100 Hz; desempate final por relative_path",192000,44100,true,GOOD
Sunnify/09 - Ana Castela/Nóis É da Roça Bebê - Ana Castela.mp3,Nóis É da Roça Bebê - Ana Castela.mp3,Sunnify/09 - Ana Castela,Nóis É da Roça Bebê,Ana Castela,,207,535bd7d94eab1dd8f4555f73343bf0dc5dd95ae38bfe989ba053504e169458f6,5016097,IMPORT,preserved,UNIQUE,,Sunnify/09 - Ana Castela/Nóis É da Roça Bebê - Ana Castela.mp3,"sem erro de leitura; metadata GOOD; título HIGH; artista HIGH; cover presente; bitrate 192 kbps; sample rate 44100 Hz; desempate final por relative_path",192000,44100,true,GOOD
"Sunnify/09 - Ana Castela/Nosso Quadro - AgroPlay, Ana Castela.mp3","Nosso Quadro - AgroPlay, Ana Castela.mp3",Sunnify/09 - Ana Castela,Nosso Quadro,"AgroPlay, Ana Castela",,175,f5933abd75edb0723a8c290a9e73213727f237b1e644d4cc2d49436259689dea,4259240,IMPORT,preserved,UNIQUE,,"Sunnify/09 - Ana Castela/Nosso Quadro - AgroPlay, Ana Castela.mp3","sem erro de leitura; metadata GOOD; título HIGH; artista HIGH; cover presente; bitrate 192 kbps; sample rate 44100 Hz; desempate final por relative_path",192000,44100,true,GOOD
Sunnify/09 - Ana Castela/Nosso Quadro - Spotify Sessions - Ana Castela.mp3,Nosso Quadro - Spotify Sessions - Ana Castela.mp3,Sunnify/09 - Ana Castela,Nosso Quadro - Spotify Sessions,Ana Castela,,172,199a3b6230d684326b2e08ca70e2ad405d5ab9edcfceddc3a5f474b2a2056611,4184206,IMPORT,preserved,UNIQUE,,Sunnify/09 - Ana Castela/Nosso Quadro - Spotify Sessions - Ana Castela.mp3,"sem erro de leitura; metadata GOOD; título HIGH; artista HIGH; cover presente; bitrate 192 kbps; sample rate 44100 Hz; desempate final por relative_path",192000,44100,true,GOOD
Sunnify/09 - Ana Castela/Oi Balde - Ao Vivo - Zé Neto & Cristiano.mp3,Oi Balde - Ao Vivo - Zé Neto & Cristiano.mp3,Sunnify/09 - Ana Castela,Oi Balde - Ao Vivo,Zé Neto & Cristiano,,160,43b0ada16b126337306469f7c7e8ab28a3581a002b1d1421a2b233a4ebd9828c,3888363,IMPORT,likely_duplicate_representative,LIKELY_DUPLICATE,9,Sunnify/09 - Ana Castela/Oi Balde - Ao Vivo - Zé Neto & Cristiano.mp3,"sem erro de leitura; metadata GOOD; título HIGH; artista HIGH; cover presente; bitrate 192 kbps; sample rate 44100 Hz; desempate final por relative_path",192000,44100,true,GOOD
"Sunnify/09 - Ana Castela/Oi, Tudo Bem - Ao Vivo - Zé Neto & Cristiano.mp3","Oi, Tudo Bem - Ao Vivo - Zé Neto & Cristiano.mp3",Sunnify/09 - Ana Castela,"Oi, Tudo Bem? - Ao Vivo",Zé Neto & Cristiano,,188,875b00bf8f430d3fe629ecde1b077fff48fde08f962a7388ba4693473269df29,4564556,IMPORT,likely_duplicate_representative,LIKELY_DUPLICATE,10,"Sunnify/09 - Ana Castela/Oi, Tudo Bem - Ao Vivo - Zé Neto & Cristiano.mp3","sem erro de leitura; metadata GOOD; título HIGH; artista HIGH; cover presente; bitrate 192 kbps; sample rate 44100 Hz; desempate final por relative_path",192000,44100,true,GOOD
Sunnify/09 - Ana Castela/Olha Onde Eu Tô - Ana Castela.mp3,Olha Onde Eu Tô - Ana Castela.mp3,Sunnify/09 - Ana Castela,Olha Onde Eu Tô,Ana Castela,,182,263e1eb8f979800e22303af1c4c0269632c299d045e18277a1888948282e82d4,4397405,IMPORT,preserved,UNIQUE,,Sunnify/09 - Ana Castela/Olha Onde Eu Tô - Ana Castela.mp3,"sem erro de leitura; metadata GOOD; título HIGH; artista HIGH; cover presente; bitrate 192 kbps; sample rate 44100 Hz; desempate final por relative_path",192000,44100,true,GOOD
"Sunnify/09 - Ana Castela/ORÇAMENTO - Ao Vivo - Luan Pereira, Ana Castela.mp3","ORÇAMENTO - Ao Vivo - Luan Pereira, Ana Castela.mp3",Sunnify/09 - Ana Castela,ORÇAMENTO - Ao Vivo,"Luan Pereira, Ana Castela",,165,1653f27bd37eba8827b950bd79672afa5695c5d9c9233fed9a6b83030338724e,4025079,IMPORT,preserved,UNIQUE,,"Sunnify/09 - Ana Castela/ORÇAMENTO - Ao Vivo - Luan Pereira, Ana Castela.mp3","sem erro de leitura; metadata GOOD; título HIGH; artista HIGH; cover presente; bitrate 192 kbps; sample rate 44100 Hz; desempate final por relative_path",192000,44100,true,GOOD
"Sunnify/09 - Ana Castela/Palhaça - Ao Vivo - Naiara Azevedo, Ana Castela.mp3","Palhaça - Ao Vivo - Naiara Azevedo, Ana Castela.mp3",Sunnify/09 - Ana Castela,Palhaça - Ao Vivo,"Naiara Azevedo, Ana Castela",,170,0d7f244f03112e5320a034534555ec641e12ef01ce0d83a1f8c470c18b8fe77d,4142690,IMPORT,preserved,UNIQUE,,"Sunnify/09 - Ana Castela/Palhaça - Ao Vivo - Naiara Azevedo, Ana Castela.mp3","sem erro de leitura; metadata GOOD; título HIGH; artista HIGH; cover presente; bitrate 192 kbps; sample rate 44100 Hz; desempate final por relative_path",192000,44100,true,GOOD
"Sunnify/09 - Ana Castela/Passada de Mão - Ao Vivo - Dilsinho, Ana Castela.mp3","Passada de Mão - Ao Vivo - Dilsinho, Ana Castela.mp3",Sunnify/09 - Ana Castela,Passada de Mão - Ao Vivo,"Dilsinho, Ana Castela",,164,b2bbc2ffc6f71aff7c75ef2befe435d16e61d8772f0b7774687a7004f8a60634,3983428,IMPORT,preserved,UNIQUE,,"Sunnify/09 - Ana Castela/Passada de Mão - Ao Vivo - Dilsinho, Ana Castela.mp3","sem erro de leitura; metadata GOOD; título HIGH; artista HIGH; cover presente; bitrate 192 kbps; sample rate 44100 Hz; desempate final por relative_path",192000,44100,true,GOOD
"Sunnify/09 - Ana Castela/Peça Íntima - Murilo Huff, Ana Castela.mp3","Peça Íntima - Murilo Huff, Ana Castela.mp3",Sunnify/09 - Ana Castela,Peça Íntima,"Murilo Huff, Ana Castela",,170,4598eb71e99bac791e64fbbc703000d4d296207e46de2f459f4aafc611f0eb09,4105288,IMPORT,preserved,UNIQUE,,"Sunnify/09 - Ana Castela/Peça Íntima - Murilo Huff, Ana Castela.mp3","sem erro de leitura; metadata GOOD; título HIGH; artista HIGH; cover presente; bitrate 192 kbps; sample rate 44100 Hz; desempate final por relative_path",192000,44100,true,GOOD
Sunnify/09 - Ana Castela/Pena Que Cê Já Namora - Marcos & Belutti.mp3,Pena Que Cê Já Namora - Marcos & Belutti.mp3,Sunnify/09 - Ana Castela,Pena Que Cê Já Namora,Marcos & Belutti,,166,821ccbc2863cbdbadaad8e8d2586f370debae3f6acfffc2422ab52b231b0c817,4019969,SKIP_LIKELY,likely_duplicate,LIKELY_DUPLICATE,12,Sunnify/07 - Zé Neto e Cristiano/Pena Que Cê Já Namora - Marcos & Belutti.mp3,"sem erro de leitura; metadata GOOD; título HIGH; artista HIGH; cover presente; bitrate 192 kbps; sample rate 44100 Hz; desempate final por relative_path",192000,44100,true,GOOD
"Sunnify/09 - Ana Castela/Pipoco - Ana Castela, Melody, Dj Chris No Beat.mp3","Pipoco - Ana Castela, Melody, Dj Chris No Beat.mp3",Sunnify/09 - Ana Castela,Pipoco,"Ana Castela, Melody, Dj Chris No Beat",,194,2e25a5105f6e1890386478ac652a90207e5d52f7b80129fcbb11a7f6825a0428,4721762,IMPORT,preserved,UNIQUE,,"Sunnify/09 - Ana Castela/Pipoco - Ana Castela, Melody, Dj Chris No Beat.mp3","sem erro de leitura; metadata GOOD; título HIGH; artista HIGH; cover presente; bitrate 192 kbps; sample rate 44100 Hz; desempate final por relative_path",192000,44100,true,GOOD
"Sunnify/09 - Ana Castela/Postinho de Gasolina - João Gustavo e Murilo, Grelo.mp3","Postinho de Gasolina - João Gustavo e Murilo, Grelo.mp3",Sunnify/09 - Ana Castela,Postinho de Gasolina,"João Gustavo e Murilo, Grelo",,149,948567480dd4502ce6d91835d2877c79ef7a224c3a146badb30cd4642d54aca9,3647951,IMPORT,likely_duplicate_representative,LIKELY_DUPLICATE,20,"Sunnify/09 - Ana Castela/Postinho de Gasolina - João Gustavo e Murilo, Grelo.mp3","sem erro de leitura; metadata GOOD; título HIGH; artista HIGH; cover presente; bitrate 192 kbps; sample rate 44100 Hz; desempate final por relative_path",192000,44100,true,GOOD
"Sunnify/09 - Ana Castela/Pra Sempre - AgroPlay, Ana Castela.mp3","Pra Sempre - AgroPlay, Ana Castela.mp3",Sunnify/09 - Ana Castela,Pra Sempre,"AgroPlay, Ana Castela",,207,5427894caaf2880dc4815acc49e624cc97e59a8ea8400a3401882d72a70d4986,5012917,IMPORT,preserved,UNIQUE,,"Sunnify/09 - Ana Castela/Pra Sempre - AgroPlay, Ana Castela.mp3","sem erro de leitura; metadata GOOD; título HIGH; artista HIGH; cover presente; bitrate 192 kbps; sample rate 44100 Hz; desempate final por relative_path",192000,44100,true,GOOD
"Sunnify/09 - Ana Castela/Princesa - Ao Vivo - Gustavo Mioto, Ana Castela.mp3","Princesa - Ao Vivo - Gustavo Mioto, Ana Castela.mp3",Sunnify/09 - Ana Castela,Princesa - Ao Vivo,"Gustavo Mioto, Ana Castela",,209,84feec6c8caf67d0eea909eb016f139dfaf1ee1742b8367374393b3be763b011,5064879,IMPORT,preserved,UNIQUE,,"Sunnify/09 - Ana Castela/Princesa - Ao Vivo - Gustavo Mioto, Ana Castela.mp3","sem erro de leitura; metadata GOOD; título HIGH; artista HIGH; cover presente; bitrate 192 kbps; sample rate 44100 Hz; desempate final por relative_path",192000,44100,true,GOOD
"Sunnify/09 - Ana Castela/Quem Que Tá - CountryBeat, Ana Castela.mp3","Quem Que Tá - CountryBeat, Ana Castela.mp3",Sunnify/09 - Ana Castela,Quem Que Tá,"CountryBeat, Ana Castela",,153,ca33d27be5ef9ca47cf98c2bdbfa14848052ccbf0e6b8634757235377ebd951a,3720067,IMPORT,preserved,UNIQUE,,"Sunnify/09 - Ana Castela/Quem Que Tá - CountryBeat, Ana Castela.mp3","sem erro de leitura; metadata GOOD; título HIGH; artista HIGH; cover presente; bitrate 192 kbps; sample rate 44100 Hz; desempate final por relative_path",192000,44100,true,GOOD
"Sunnify/09 - Ana Castela/Quero Camboriú - AgroPlay, Ana Castela.mp3","Quero Camboriú - AgroPlay, Ana Castela.mp3",Sunnify/09 - Ana Castela,Quero Camboriú,"AgroPlay, Ana Castela",,132,586a8d67a6358a9d103edd93448c266ecd779a038f69ebbfc1af0c21a0278403,3219482,IMPORT,preserved,UNIQUE,,"Sunnify/09 - Ana Castela/Quero Camboriú - AgroPlay, Ana Castela.mp3","sem erro de leitura; metadata GOOD; título HIGH; artista HIGH; cover presente; bitrate 192 kbps; sample rate 44100 Hz; desempate final por relative_path",192000,44100,true,GOOD
"Sunnify/09 - Ana Castela/RAM TCHUM - DENNIS, Ana Castela, Mc Gw.mp3","RAM TCHUM - DENNIS, Ana Castela, Mc Gw.mp3",Sunnify/09 - Ana Castela,RAM TCHUM,"DENNIS, Ana Castela, Mc Gw",,129,1ca2c1036da247bc35f91cffc6971cea1f445cdaf0a56b05543c08a96692038f,3128252,IMPORT,preserved,UNIQUE,,"Sunnify/09 - Ana Castela/RAM TCHUM - DENNIS, Ana Castela, Mc Gw.mp3","sem erro de leitura; metadata GOOD; título HIGH; artista HIGH; cover presente; bitrate 192 kbps; sample rate 44100 Hz; desempate final por relative_path",192000,44100,true,GOOD
"Sunnify/09 - Ana Castela/Reverse - HITMAKER, Ana Castela.mp3","Reverse - HITMAKER, Ana Castela.mp3",Sunnify/09 - Ana Castela,Reverse,"HITMAKER, Ana Castela",,121,1aaa95821b879d50a9def66610d0b3e76e2aacb66231ffd11278b749af6363ac,2943058,IMPORT,preserved,UNIQUE,,"Sunnify/09 - Ana Castela/Reverse - HITMAKER, Ana Castela.mp3","sem erro de leitura; metadata GOOD; título HIGH; artista HIGH; cover presente; bitrate 192 kbps; sample rate 44100 Hz; desempate final por relative_path",192000,44100,true,GOOD
"Sunnify/09 - Ana Castela/Roça Em Mim - Zé Felipe, Ana Castela, Luan Pereira.mp3","Roça Em Mim - Zé Felipe, Ana Castela, Luan Pereira.mp3",Sunnify/09 - Ana Castela,Roça Em Mim,"Zé Felipe, Ana Castela, Luan Pereira",,158,3b1101bef6034520230da0fb8f53af8c911024addac3f2407f139d348bfeef2c,3852454,IMPORT,preserved,UNIQUE,,"Sunnify/09 - Ana Castela/Roça Em Mim - Zé Felipe, Ana Castela, Luan Pereira.mp3","sem erro de leitura; metadata GOOD; título HIGH; artista HIGH; cover presente; bitrate 192 kbps; sample rate 44100 Hz; desempate final por relative_path",192000,44100,true,GOOD
Sunnify/09 - Ana Castela/Rodeio no Texas 🐂 - Ana Castela.mp3,Rodeio no Texas 🐂 - Ana Castela.mp3,Sunnify/09 - Ana Castela,Rodeio no Texas 🐂,Ana Castela,,152,5ba93d0f846e208d2cb939f042104ce1d1dbeb79e9c78e37de8fa8d06364095f,3668808,IMPORT,preserved,UNIQUE,,Sunnify/09 - Ana Castela/Rodeio no Texas 🐂 - Ana Castela.mp3,"sem erro de leitura; metadata GOOD; título HIGH; artista HIGH; cover presente; bitrate 192 kbps; sample rate 44100 Hz; desempate final por relative_path",192000,44100,true,GOOD
"Sunnify/09 - Ana Castela/Role Perfeito - Ao Vivo - Kaique e Felipe, CountryBeat.mp3","Role Perfeito - Ao Vivo - Kaique e Felipe, CountryBeat.mp3",Sunnify/09 - Ana Castela,Role Perfeito - Ao Vivo,"Kaique e Felipe, CountryBeat",,174,5616fa7a7f929c20b35e29944c6b14e027457a50806aa5cc8308a2522941a55d,4234347,SKIP_LIKELY,likely_duplicate,LIKELY_DUPLICATE,21,"Sunnify/10 - Cê tá doido/Role Perfeito - Ao Vivo - Kaique e Felipe, CountryBeat.mp3","sem erro de leitura; metadata GOOD; título HIGH; artista HIGH; cover presente; bitrate 192 kbps; sample rate 44100 Hz; desempate final por relative_path",192000,44100,true,GOOD
"Sunnify/09 - Ana Castela/Sem Você - Ana Castela, Léo Foguete, AgroPlay.mp3","Sem Você - Ana Castela, Léo Foguete, AgroPlay.mp3",Sunnify/09 - Ana Castela,Sem Você,"Ana Castela, Léo Foguete, AgroPlay",,142,f6cd008304e01ba62dac64688ab96dd228695f909ba48b045c896927269285e6,3467193,IMPORT,preserved,UNIQUE,,"Sunnify/09 - Ana Castela/Sem Você - Ana Castela, Léo Foguete, AgroPlay.mp3","sem erro de leitura; metadata GOOD; título HIGH; artista HIGH; cover presente; bitrate 192 kbps; sample rate 44100 Hz; desempate final por relative_path",192000,44100,true,GOOD
"Sunnify/09 - Ana Castela/Sinônimos - Chitãozinho & Xororó, Ana Castela.mp3","Sinônimos - Chitãozinho & Xororó, Ana Castela.mp3",Sunnify/09 - Ana Castela,Sinônimos,"Chitãozinho & Xororó, Ana Castela",,302,0c44d5084d2ec7ae6db75b52bcae3a5ae25d514ced7ae767da6645d1d237256b,7306371,IMPORT,preserved,UNIQUE,,"Sunnify/09 - Ana Castela/Sinônimos - Chitãozinho & Xororó, Ana Castela.mp3","sem erro de leitura; metadata GOOD; título HIGH; artista HIGH; cover presente; bitrate 192 kbps; sample rate 44100 Hz; desempate final por relative_path",192000,44100,true,GOOD
Sunnify/09 - Ana Castela/Só Não Deixa Saudade - Ao vivo - Ana Castela.mp3,Só Não Deixa Saudade - Ao vivo - Ana Castela.mp3,Sunnify/09 - Ana Castela,Só Não Deixa Saudade - Ao vivo,Ana Castela,,185,64831f1d595718f5027c7f006f5920d62d9b476e0f40a7c1538641322852bf67,4496238,IMPORT,preserved,UNIQUE,,Sunnify/09 - Ana Castela/Só Não Deixa Saudade - Ao vivo - Ana Castela.mp3,"sem erro de leitura; metadata GOOD; título HIGH; artista HIGH; cover presente; bitrate 192 kbps; sample rate 44100 Hz; desempate final por relative_path",192000,44100,true,GOOD
Sunnify/09 - Ana Castela/Solteiro Forçado - Boiadeira Internacional - Ana Castela.mp3,Solteiro Forçado - Boiadeira Internacional - Ana Castela.mp3,Sunnify/09 - Ana Castela,Solteiro Forçado - Boiadeira Internacional,Ana Castela,,195,6c783f411a2b78d7c414dde9297d8f9aeed0d510ffdbc01af6ff4232b6dde836,4720314,IMPORT,preserved,UNIQUE,,Sunnify/09 - Ana Castela/Solteiro Forçado - Boiadeira Internacional - Ana Castela.mp3,"sem erro de leitura; metadata GOOD; título HIGH; artista HIGH; cover presente; bitrate 192 kbps; sample rate 44100 Hz; desempate final por relative_path",192000,44100,true,GOOD
"Sunnify/09 - Ana Castela/Sua Boca Mente (You're Still The One) - Zé Felipe, Ana Castela.mp3","Sua Boca Mente (You're Still The One) - Zé Felipe, Ana Castela.mp3",Sunnify/09 - Ana Castela,Sua Boca Mente (You're Still The One),"Zé Felipe, Ana Castela",,194,fcd1c92e9c758696450dd2e75517fc85fb00c42d2c2f67ecfbbbb06690430cdb,4715696,IMPORT,preserved,UNIQUE,,"Sunnify/09 - Ana Castela/Sua Boca Mente (You're Still The One) - Zé Felipe, Ana Castela.mp3","sem erro de leitura; metadata GOOD; título HIGH; artista HIGH; cover presente; bitrate 192 kbps; sample rate 44100 Hz; desempate final por relative_path",192000,44100,true,GOOD
Sunnify/09 - Ana Castela/Tô Voltando - (Boiadeira Internacional) - Ana Castela.mp3,Tô Voltando - (Boiadeira Internacional) - Ana Castela.mp3,Sunnify/09 - Ana Castela,Tô Voltando - (Boiadeira Internacional),Ana Castela,,176,a09e6cb7fe1cb1c88bb18779167f9dbd572de5ea6b1a64b6b23cd16517ec7dea,4288893,IMPORT,preserved,UNIQUE,,Sunnify/09 - Ana Castela/Tô Voltando - (Boiadeira Internacional) - Ana Castela.mp3,"sem erro de leitura; metadata GOOD; título HIGH; artista HIGH; cover presente; bitrate 192 kbps; sample rate 44100 Hz; desempate final por relative_path",192000,44100,true,GOOD
"Sunnify/09 - Ana Castela/Todo Mundo Menos Eu - Ao Vivo - Hugo & Guilherme, Ana Castela.mp3","Todo Mundo Menos Eu - Ao Vivo - Hugo & Guilherme, Ana Castela.mp3",Sunnify/09 - Ana Castela,Todo Mundo Menos Eu - Ao Vivo,"Hugo & Guilherme, Ana Castela",,126,b52eaaa94e9a2076d168b16fa8a1571cf8387a5e3ff59f12afc1c39faa22a28f,3071775,IMPORT,preserved,UNIQUE,,"Sunnify/09 - Ana Castela/Todo Mundo Menos Eu - Ao Vivo - Hugo & Guilherme, Ana Castela.mp3","sem erro de leitura; metadata GOOD; título HIGH; artista HIGH; cover presente; bitrate 192 kbps; sample rate 44100 Hz; desempate final por relative_path",192000,44100,true,GOOD
"Sunnify/09 - Ana Castela/Tropa do Chapelão 🤠 - Ana Castela, Diplo.mp3","Tropa do Chapelão 🤠 - Ana Castela, Diplo.mp3",Sunnify/09 - Ana Castela,Tropa do Chapelão 🤠,"Ana Castela, Diplo",,142,0c305a650a0f69366792168f32c11c1aa567db5c19c964ab25efd4d8fe641610,3438509,IMPORT,preserved,UNIQUE,,"Sunnify/09 - Ana Castela/Tropa do Chapelão 🤠 - Ana Castela, Diplo.mp3","sem erro de leitura; metadata GOOD; título HIGH; artista HIGH; cover presente; bitrate 192 kbps; sample rate 44100 Hz; desempate final por relative_path",192000,44100,true,GOOD
"Sunnify/09 - Ana Castela/Tutti Frutti - AgroPlay, Ana Castela, CountryBeat.mp3","Tutti Frutti - AgroPlay, Ana Castela, CountryBeat.mp3",Sunnify/09 - Ana Castela,Tutti Frutti,"AgroPlay, Ana Castela, CountryBeat",,125,ba254aefaafb586da91766b756737ce7d8af21dbfe9c78f766b79b04705afc6a,3065584,IMPORT,preserved,UNIQUE,,"Sunnify/09 - Ana Castela/Tutti Frutti - AgroPlay, Ana Castela, CountryBeat.mp3","sem erro de leitura; metadata GOOD; título HIGH; artista HIGH; cover presente; bitrate 192 kbps; sample rate 44100 Hz; desempate final por relative_path",192000,44100,true,GOOD
"Sunnify/09 - Ana Castela/Um Peão Desse - CountryBeat, Mari Fernandez.mp3","Um Peão Desse - CountryBeat, Mari Fernandez.mp3",Sunnify/09 - Ana Castela,Um Peão Desse,"CountryBeat, Mari Fernandez",,127,68b52c06c47bac480156480ae7351fc70f18006232203ad78fb447587867206c,3107056,SKIP_LIKELY,likely_duplicate,LIKELY_DUPLICATE,22,"Sunnify/10 - Cê tá doido/Um Peão Desse - CountryBeat, Mari Fernandez.mp3","sem erro de leitura; metadata GOOD; título HIGH; artista HIGH; cover presente; bitrate 192 kbps; sample rate 44100 Hz; desempate final por relative_path",192000,44100,true,GOOD
"Sunnify/09 - Ana Castela/Vaqueiro Apaixonado - AgroPlay, Ana Castela, Luan Pereira.mp3","Vaqueiro Apaixonado - AgroPlay, Ana Castela, Luan Pereira.mp3",Sunnify/09 - Ana Castela,Vaqueiro Apaixonado,"AgroPlay, Ana Castela, Luan Pereira",,142,a9c9baaa5db3c2c7a9385c59deb295cd59a2396189ca928266b1023da66fb825,3463632,IMPORT,preserved,UNIQUE,,"Sunnify/09 - Ana Castela/Vaqueiro Apaixonado - AgroPlay, Ana Castela, Luan Pereira.mp3","sem erro de leitura; metadata GOOD; título HIGH; artista HIGH; cover presente; bitrate 192 kbps; sample rate 44100 Hz; desempate final por relative_path",192000,44100,true,GOOD
Sunnify/09 - Ana Castela/Vou Vender o Meu Chapéu 🤠 - Ana Castela.mp3,Vou Vender o Meu Chapéu 🤠 - Ana Castela.mp3,Sunnify/09 - Ana Castela,Vou Vender o Meu Chapéu 🤠,Ana Castela,,152,a99fb944644247ae6f1c2189cf15eef6ddd6d646d2902ed015bc2e9cec8dcabc,3692712,IMPORT,preserved,UNIQUE,,Sunnify/09 - Ana Castela/Vou Vender o Meu Chapéu 🤠 - Ana Castela.mp3,"sem erro de leitura; metadata GOOD; título HIGH; artista HIGH; cover presente; bitrate 192 kbps; sample rate 44100 Hz; desempate final por relative_path",192000,44100,true,GOOD
"Sunnify/10 - Cê tá doido/12 Horas Pra Você Acreditar - Ao Vivo - Panda, Humberto & Ronaldo, Ícaro e Gilmar, MJ Records.mp3","12 Horas Pra Você Acreditar - Ao Vivo - Panda, Humberto & Ronaldo, Ícaro e Gilmar, MJ Records.mp3",Sunnify/10 - Cê tá doido,12 Horas / Pra Você Acreditar - Ao Vivo,"Panda, Humberto & Ronaldo, Ícaro e Gilmar, MJ Records",,257,6854da699a7deb1da9be3c1508c9d2bf52d5b3153f0e864c3f455615ece9ee4f,6237344,IMPORT,preserved,UNIQUE,,"Sunnify/10 - Cê tá doido/12 Horas Pra Você Acreditar - Ao Vivo - Panda, Humberto & Ronaldo, Ícaro e Gilmar, MJ Records.mp3","sem erro de leitura; metadata GOOD; título HIGH; artista HIGH; cover presente; bitrate 192 kbps; sample rate 44100 Hz; desempate final por relative_path",192000,44100,true,GOOD
"Sunnify/10 - Cê tá doido/200 Reais - Ao Vivo - Panda, João Neto & Frederico, MJ Records.mp3","200 Reais - Ao Vivo - Panda, João Neto & Frederico, MJ Records.mp3",Sunnify/10 - Cê tá doido,200 Reais - Ao Vivo,"Panda, João Neto & Frederico, MJ Records",,149,14012c79f48f679dfe8585514695993cd92c2825c4e725cb0da145dd40334fbc,3625729,IMPORT,likely_duplicate_representative,LIKELY_DUPLICATE,23,"Sunnify/10 - Cê tá doido/200 Reais - Ao Vivo - Panda, João Neto & Frederico, MJ Records.mp3","sem erro de leitura; metadata GOOD; título HIGH; artista HIGH; cover presente; bitrate 192 kbps; sample rate 44100 Hz; desempate final por relative_path",192000,44100,true,GOOD
"Sunnify/10 - Cê tá doido/A Jiripoca Vai Piar Pega Fogo, Cabaré - Ao Vivo - Panda, Ícaro e Gilmar, Humberto & Ronaldo, MJ Records.mp3","A Jiripoca Vai Piar Pega Fogo, Cabaré - Ao Vivo - Panda, Ícaro e Gilmar, Humberto & Ronaldo, MJ Records.mp3",Sunnify/10 - Cê tá doido,"A Jiripoca Vai Piar / Pega Fogo, Cabaré - Ao Vivo","Panda, Ícaro e Gilmar, Humberto & Ronaldo, MJ Records",,269,b4b965224d87052f5dc724d7f5ddd12731f2cba537ad598261d2968039e161b2,6531752,IMPORT,preserved,UNIQUE,,"Sunnify/10 - Cê tá doido/A Jiripoca Vai Piar Pega Fogo, Cabaré - Ao Vivo - Panda, Ícaro e Gilmar, Humberto & Ronaldo, MJ Records.mp3","sem erro de leitura; metadata GOOD; título HIGH; artista HIGH; cover presente; bitrate 192 kbps; sample rate 44100 Hz; desempate final por relative_path",192000,44100,true,GOOD
"Sunnify/10 - Cê tá doido/A Solidão é Uma Ressaca Programa de Fim de Semana - Ao Vivo - Panda, Ícaro e Gilmar, Humberto & Ronaldo, MJ Records.mp3","A Solidão é Uma Ressaca Programa de Fim de Semana - Ao Vivo - Panda, Ícaro e Gilmar, Humberto & Ronaldo, MJ Records.mp3",Sunnify/10 - Cê tá doido,A Solidão é Uma Ressaca / Programa de Fim de Semana - Ao Vivo,"Panda, Ícaro e Gilmar, Humberto & Ronaldo, MJ Records",,286,4f1bb40b05e919301b727001dfb28df1022832e17d8f5e5d695aeb225960e2cf,6937468,IMPORT,preserved,UNIQUE,,"Sunnify/10 - Cê tá doido/A Solidão é Uma Ressaca Programa de Fim de Semana - Ao Vivo - Panda, Ícaro e Gilmar, Humberto & Ronaldo, MJ Records.mp3","sem erro de leitura; metadata GOOD; título HIGH; artista HIGH; cover presente; bitrate 192 kbps; sample rate 44100 Hz; desempate final por relative_path",192000,44100,true,GOOD
"Sunnify/10 - Cê tá doido/Admita - Ao Vivo - Matheus & Kauan, Lauana Prado.mp3","Admita - Ao Vivo - Matheus & Kauan, Lauana Prado.mp3",Sunnify/10 - Cê tá doido,Admita - Ao Vivo,"Matheus & Kauan, Lauana Prado",,175,d96d577419fb0ad58a46f9562072dd240dbbb45862a5af83eeb3bc90f42ac1e5,4246900,IMPORT,preserved,UNIQUE,,"Sunnify/10 - Cê tá doido/Admita - Ao Vivo - Matheus & Kauan, Lauana Prado.mp3","sem erro de leitura; metadata GOOD; título HIGH; artista HIGH; cover presente; bitrate 192 kbps; sample rate 44100 Hz; desempate final por relative_path",192000,44100,true,GOOD
"Sunnify/10 - Cê tá doido/Agora Estou Sofrendo Hoje à Noite - Ao Vivo - Panda, Humberto & Ronaldo, Ícaro e Gilmar, MJ Records.mp3","Agora Estou Sofrendo Hoje à Noite - Ao Vivo - Panda, Humberto & Ronaldo, Ícaro e Gilmar, MJ Records.mp3",Sunnify/10 - Cê tá doido,Agora Estou Sofrendo / Hoje à Noite - Ao Vivo,"Panda, Humberto & Ronaldo, Ícaro e Gilmar, MJ Records",,285,08b3c69b5b245ff5d757ff4d631271a3e752f328123ab03b681fa45ec7e968bb,6912769,IMPORT,preserved,UNIQUE,,"Sunnify/10 - Cê tá doido/Agora Estou Sofrendo Hoje à Noite - Ao Vivo - Panda, Humberto & Ronaldo, Ícaro e Gilmar, MJ Records.mp3","sem erro de leitura; metadata GOOD; título HIGH; artista HIGH; cover presente; bitrate 192 kbps; sample rate 44100 Hz; desempate final por relative_path",192000,44100,true,GOOD
"Sunnify/10 - Cê tá doido/Alô Porteiro Meu Violão e o Nosso Cachorro - Ao Vivo - Panda, Ícaro e Gilmar, Humberto & Ronaldo, MJ Records.mp3","Alô Porteiro Meu Violão e o Nosso Cachorro - Ao Vivo - Panda, Ícaro e Gilmar, Humberto & Ronaldo, MJ Records.mp3",Sunnify/10 - Cê tá doido,Alô Porteiro / Meu Violão e o Nosso Cachorro - Ao Vivo,"Panda, Ícaro e Gilmar, Humberto & Ronaldo, MJ Records",,249,3abf7cfbc298671e62d56c2a3557e82482374b4faeecf3a7288696121d366702,6040713,IMPORT,preserved,UNIQUE,,"Sunnify/10 - Cê tá doido/Alô Porteiro Meu Violão e o Nosso Cachorro - Ao Vivo - Panda, Ícaro e Gilmar, Humberto & Ronaldo, MJ Records.mp3","sem erro de leitura; metadata GOOD; título HIGH; artista HIGH; cover presente; bitrate 192 kbps; sample rate 44100 Hz; desempate final por relative_path",192000,44100,true,GOOD
"Sunnify/10 - Cê tá doido/Amor De Carnaval Faz De Conta - Ao Vivo - Panda, Humberto & Ronaldo, Ícaro e Gilmar, MJ Records.mp3","Amor De Carnaval Faz De Conta - Ao Vivo - Panda, Humberto & Ronaldo, Ícaro e Gilmar, MJ Records.mp3",Sunnify/10 - Cê tá doido,Amor De Carnaval / Faz De Conta - Ao Vivo,"Panda, Humberto & Ronaldo, Ícaro e Gilmar, MJ Records",,287,0ddfe53b00caf8f657b632af216adee11257b09d6fff66c88a382321d930a291,6957978,IMPORT,preserved,UNIQUE,,"Sunnify/10 - Cê tá doido/Amor De Carnaval Faz De Conta - Ao Vivo - Panda, Humberto & Ronaldo, Ícaro e Gilmar, MJ Records.mp3","sem erro de leitura; metadata GOOD; título HIGH; artista HIGH; cover presente; bitrate 192 kbps; sample rate 44100 Hz; desempate final por relative_path",192000,44100,true,GOOD
"Sunnify/10 - Cê tá doido/Antes de Voltar pra Casa A Ferro e Fogo - Ao Vivo - Panda, Humberto & Ronaldo, Ícaro e Gilmar, MJ Records.mp3","Antes de Voltar pra Casa A Ferro e Fogo - Ao Vivo - Panda, Humberto & Ronaldo, Ícaro e Gilmar, MJ Records.mp3",Sunnify/10 - Cê tá doido,Antes de Voltar pra Casa / A Ferro e Fogo - Ao Vivo,"Panda, Humberto & Ronaldo, Ícaro e Gilmar, MJ Records",,285,2a047c884be145e687ae5c9b24b6103e83307539448a9a445f85fefe5bdd30e9,6920787,IMPORT,preserved,UNIQUE,,"Sunnify/10 - Cê tá doido/Antes de Voltar pra Casa A Ferro e Fogo - Ao Vivo - Panda, Humberto & Ronaldo, Ícaro e Gilmar, MJ Records.mp3","sem erro de leitura; metadata GOOD; título HIGH; artista HIGH; cover presente; bitrate 192 kbps; sample rate 44100 Hz; desempate final por relative_path",192000,44100,true,GOOD
Sunnify/10 - Cê tá doido/Assunto Que Dói - Gusttavo Lima.mp3,Assunto Que Dói - Gusttavo Lima.mp3,Sunnify/10 - Cê tá doido,Assunto Que Dói,Gusttavo Lima,,167,fb23a30cd5c3b06eb2b161723b16aa7ffb99f717a65932b9dc764f88b9611efb,4043262,IMPORT,preserved,UNIQUE,,Sunnify/10 - Cê tá doido/Assunto Que Dói - Gusttavo Lima.mp3,"sem erro de leitura; metadata GOOD; título HIGH; artista HIGH; cover presente; bitrate 192 kbps; sample rate 44100 Hz; desempate final por relative_path",192000,44100,true,GOOD
"Sunnify/10 - Cê tá doido/Azulejo - Ao Vivo - Mayke & Rodrigo, Clayton & Romário.mp3","Azulejo - Ao Vivo - Mayke & Rodrigo, Clayton & Romário.mp3",Sunnify/10 - Cê tá doido,Azulejo - Ao Vivo,"Mayke & Rodrigo, Clayton & Romário",,145,dff01e5e9c3b5e9825abb0d74d3cffb91d79db045ff99ff4daee1f2d5f9e3348,3516107,IMPORT,preserved,UNIQUE,,"Sunnify/10 - Cê tá doido/Azulejo - Ao Vivo - Mayke & Rodrigo, Clayton & Romário.mp3","sem erro de leitura; metadata GOOD; título HIGH; artista HIGH; cover presente; bitrate 192 kbps; sample rate 44100 Hz; desempate final por relative_path",192000,44100,true,GOOD
Sunnify/10 - Cê tá doido/Bala Alojada - Gusttavo Lima.mp3,Bala Alojada - Gusttavo Lima.mp3,Sunnify/10 - Cê tá doido,Bala Alojada,Gusttavo Lima,,220,99576c3bc6114f3684a49bc0a67467155875276a3d02815866e9a13b1efb10a2,5328532,IMPORT,likely_duplicate_representative,LIKELY_DUPLICATE,3,Sunnify/10 - Cê tá doido/Bala Alojada - Gusttavo Lima.mp3,"sem erro de leitura; metadata GOOD; título HIGH; artista HIGH; cover presente; bitrate 192 kbps; sample rate 44100 Hz; desempate final por relative_path",192000,44100,true,GOOD
"Sunnify/10 - Cê tá doido/Bebe, Beija e Trai - Ao Vivo - Mayke & Rodrigo, Panda.mp3","Bebe, Beija e Trai - Ao Vivo - Mayke & Rodrigo, Panda.mp3",Sunnify/10 - Cê tá doido,"Bebe, Beija e Trai - Ao Vivo","Mayke & Rodrigo, Panda",,157,58be0d0413bf016edaf2fa82a9ad0b73437b1e0977ef2d12fc8470510eee7e4b,3835649,IMPORT,preserved,UNIQUE,,"Sunnify/10 - Cê tá doido/Bebe, Beija e Trai - Ao Vivo - Mayke & Rodrigo, Panda.mp3","sem erro de leitura; metadata GOOD; título HIGH; artista HIGH; cover presente; bitrate 192 kbps; sample rate 44100 Hz; desempate final por relative_path",192000,44100,true,GOOD
"Sunnify/10 - Cê tá doido/Beber Com Emergência Ela Não Vai Mais Chorar - Ao Vivo - Panda, Ícaro e Gilmar, Humberto & Ronaldo, MJ Records.mp3","Beber Com Emergência Ela Não Vai Mais Chorar - Ao Vivo - Panda, Ícaro e Gilmar, Humberto & Ronaldo, MJ Records.mp3",Sunnify/10 - Cê tá doido,Beber Com Emergência / Ela Não Vai Mais Chorar - Ao Vivo,"Panda, Ícaro e Gilmar, Humberto & Ronaldo, MJ Records",,164,2adc3504208608ac5d73cada8740415f37bcf700707cd7ea61eab1fdf5563b82,3992632,IMPORT,preserved,UNIQUE,,"Sunnify/10 - Cê tá doido/Beber Com Emergência Ela Não Vai Mais Chorar - Ao Vivo - Panda, Ícaro e Gilmar, Humberto & Ronaldo, MJ Records.mp3","sem erro de leitura; metadata GOOD; título HIGH; artista HIGH; cover presente; bitrate 192 kbps; sample rate 44100 Hz; desempate final por relative_path",192000,44100,true,GOOD
"Sunnify/10 - Cê tá doido/Boate Azul Telefone Mudo - Ao Vivo - Panda, Humberto & Ronaldo, Ícaro e Gilmar, MJ Records.mp3","Boate Azul Telefone Mudo - Ao Vivo - Panda, Humberto & Ronaldo, Ícaro e Gilmar, MJ Records.mp3",Sunnify/10 - Cê tá doido,Boate Azul / Telefone Mudo - Ao Vivo,"Panda, Humberto & Ronaldo, Ícaro e Gilmar, MJ Records",,257,bfdc97ed605372d96ea9bd112819d06b2c686f6e10d3ee7dd912344017ae3c23,6230618,IMPORT,preserved,UNIQUE,,"Sunnify/10 - Cê tá doido/Boate Azul Telefone Mudo - Ao Vivo - Panda, Humberto & Ronaldo, Ícaro e Gilmar, MJ Records.mp3","sem erro de leitura; metadata GOOD; título HIGH; artista HIGH; cover presente; bitrate 192 kbps; sample rate 44100 Hz; desempate final por relative_path",192000,44100,true,GOOD
"Sunnify/10 - Cê tá doido/Cadê Você Paz Na Cama - Ao Vivo - Panda, Humberto & Ronaldo, Ícaro e Gilmar, MJ Records.mp3","Cadê Você Paz Na Cama - Ao Vivo - Panda, Humberto & Ronaldo, Ícaro e Gilmar, MJ Records.mp3",Sunnify/10 - Cê tá doido,Cadê Você / Paz Na Cama - Ao Vivo,"Panda, Humberto & Ronaldo, Ícaro e Gilmar, MJ Records",,188,39fe89fee548fdf6759f2211471fb0d99544c103a6af54e3076f95a470ec021c,4577602,IMPORT,preserved,UNIQUE,,"Sunnify/10 - Cê tá doido/Cadê Você Paz Na Cama - Ao Vivo - Panda, Humberto & Ronaldo, Ícaro e Gilmar, MJ Records.mp3","sem erro de leitura; metadata GOOD; título HIGH; artista HIGH; cover presente; bitrate 192 kbps; sample rate 44100 Hz; desempate final por relative_path",192000,44100,true,GOOD
"Sunnify/10 - Cê tá doido/Caí Na Sua Lábia - Evandro Jr., Diego & Victor Hugo.mp3","Caí Na Sua Lábia - Evandro Jr., Diego & Victor Hugo.mp3",Sunnify/10 - Cê tá doido,Caí Na Sua Lábia,"Evandro Jr., Diego & Victor Hugo",Caí Na Sua Lábia,158,df02a88936cd7840e9b78018551d5e231c1d9844cef7f073900ce18f52440cf8,3832962,IMPORT,preserved,UNIQUE,,"Sunnify/10 - Cê tá doido/Caí Na Sua Lábia - Evandro Jr., Diego & Victor Hugo.mp3","sem erro de leitura; metadata GOOD; título HIGH; artista HIGH; cover presente; bitrate 192 kbps; sample rate 44100 Hz; desempate final por relative_path",192000,44100,true,GOOD
"Sunnify/10 - Cê tá doido/Caipira Perdeu - João Pedro e André, Augusto & Atílio.mp3","Caipira Perdeu - João Pedro e André, Augusto & Atílio.mp3",Sunnify/10 - Cê tá doido,Caipira Perdeu,"João Pedro e André, Augusto & Atílio",,158,e8f27bfb6ce558e8fe04c396fae4768aa4a856897cea68df3e31ab4f0eb7fb7b,3854492,IMPORT,likely_duplicate_representative,LIKELY_DUPLICATE,24,"Sunnify/10 - Cê tá doido/Caipira Perdeu - João Pedro e André, Augusto & Atílio.mp3","sem erro de leitura; metadata GOOD; título HIGH; artista HIGH; cover presente; bitrate 192 kbps; sample rate 44100 Hz; desempate final por relative_path",192000,44100,true,GOOD
"Sunnify/10 - Cê tá doido/Cê Tá Doido - Ao Vivo - Ícaro e Gilmar, Panda, Humberto & Ronaldo, MJ Records.mp3","Cê Tá Doido - Ao Vivo - Ícaro e Gilmar, Panda, Humberto & Ronaldo, MJ Records.mp3",Sunnify/10 - Cê tá doido,Cê Tá Doido - Ao Vivo,"Ícaro e Gilmar, Panda, Humberto & Ronaldo, MJ Records",,167,1deb4bcad4f3214a7ef0d98830a642cd1a03369288d2cb04fadda35ba9bfdc85,4084607,IMPORT,preserved,UNIQUE,,"Sunnify/10 - Cê tá doido/Cê Tá Doido - Ao Vivo - Ícaro e Gilmar, Panda, Humberto & Ronaldo, MJ Records.mp3","sem erro de leitura; metadata GOOD; título HIGH; artista HIGH; cover presente; bitrate 192 kbps; sample rate 44100 Hz; desempate final por relative_path",192000,44100,true,GOOD
"Sunnify/10 - Cê tá doido/Chovendo Estrelas Quero Provar Que Te Amo - Ao Vivo - Panda, Ícaro e Gilmar, Humberto & Ronaldo, MJ Records.mp3","Chovendo Estrelas Quero Provar Que Te Amo - Ao Vivo - Panda, Ícaro e Gilmar, Humberto & Ronaldo, MJ Records.mp3",Sunnify/10 - Cê tá doido,Chovendo Estrelas / Quero Provar Que Te Amo - Ao Vivo,"Panda, Ícaro e Gilmar, Humberto & Ronaldo, MJ Records",,244,cf66167aee59d3dc27fa288af7bfec4248bc0de379c8bd6aa07d538b232d6c9e,5916745,IMPORT,preserved,UNIQUE,,"Sunnify/10 - Cê tá doido/Chovendo Estrelas Quero Provar Que Te Amo - Ao Vivo - Panda, Ícaro e Gilmar, Humberto & Ronaldo, MJ Records.mp3","sem erro de leitura; metadata GOOD; título HIGH; artista HIGH; cover presente; bitrate 192 kbps; sample rate 44100 Hz; desempate final por relative_path",192000,44100,true,GOOD
"Sunnify/10 - Cê tá doido/Churrasco de Paixão Credo em Cruz Ave Maria - Ao Vivo - Panda, Humberto & Ronaldo, Ícaro e Gilmar, MJ Records.mp3","Churrasco de Paixão Credo em Cruz Ave Maria - Ao Vivo - Panda, Humberto & Ronaldo, Ícaro e Gilmar, MJ Records.mp3",Sunnify/10 - Cê tá doido,Churrasco de Paixão / Credo em Cruz Ave Maria - Ao Vivo,"Panda, Humberto & Ronaldo, Ícaro e Gilmar, MJ Records",,240,37604346a03cad492e44ec152e2b2bbbd08a90e7af323f327881f9a5bd219def,5817688,IMPORT,preserved,UNIQUE,,"Sunnify/10 - Cê tá doido/Churrasco de Paixão Credo em Cruz Ave Maria - Ao Vivo - Panda, Humberto & Ronaldo, Ícaro e Gilmar, MJ Records.mp3","sem erro de leitura; metadata GOOD; título HIGH; artista HIGH; cover presente; bitrate 192 kbps; sample rate 44100 Hz; desempate final por relative_path",192000,44100,true,GOOD
Sunnify/10 - Cê tá doido/Chuva de Bençãos - Ao Vivo - Clayton & Romário.mp3,Chuva de Bençãos - Ao Vivo - Clayton & Romário.mp3,Sunnify/10 - Cê tá doido,Chuva de Bençãos - Ao Vivo,Clayton & Romário,,193,487f83d7e8afa81554765c1182c6c7c02bde7567b4062a13b5d57d103232ebcd,4688194,IMPORT,preserved,POSSIBLE_DUPLICATE,27,Sunnify/10 - Cê tá doido/Chuva de Bençãos - Ao Vivo - Clayton & Romário.mp3,"sem erro de leitura; metadata GOOD; título HIGH; artista HIGH; cover presente; bitrate 192 kbps; sample rate 44100 Hz; desempate final por relative_path",192000,44100,true,GOOD
"Sunnify/10 - Cê tá doido/Colo de Menina Xote Dos Milagres - Ao Vivo - Panda, Ícaro e Gilmar, Humberto & Ronaldo, MJ Records.mp3","Colo de Menina Xote Dos Milagres - Ao Vivo - Panda, Ícaro e Gilmar, Humberto & Ronaldo, MJ Records.mp3",Sunnify/10 - Cê tá doido,Colo de Menina / Xote Dos Milagres - Ao Vivo,"Panda, Ícaro e Gilmar, Humberto & Ronaldo, MJ Records",,270,9f87a5cddcf9dcb7c5cf67dfd3432ba6e22fe59cfbf5cc80491d5aa066c80963,6535791,IMPORT,preserved,UNIQUE,,"Sunnify/10 - Cê tá doido/Colo de Menina Xote Dos Milagres - Ao Vivo - Panda, Ícaro e Gilmar, Humberto & Ronaldo, MJ Records.mp3","sem erro de leitura; metadata GOOD; título HIGH; artista HIGH; cover presente; bitrate 192 kbps; sample rate 44100 Hz; desempate final por relative_path",192000,44100,true,GOOD
"Sunnify/10 - Cê tá doido/Coração Cigano O Gavião Acidente de Amor - Ao Vivo - Panda, Humberto & Ronaldo, Ícaro e Gilmar, MJ Records.mp3","Coração Cigano O Gavião Acidente de Amor - Ao Vivo - Panda, Humberto & Ronaldo, Ícaro e Gilmar, MJ Records.mp3",Sunnify/10 - Cê tá doido,Coração Cigano / O Gavião / Acidente de Amor - Ao Vivo,"Panda, Humberto & Ronaldo, Ícaro e Gilmar, MJ Records",,156,bb9c24ec263f95f984e1f920eaf447b19f7189451276b69d1292c0a458612f1e,3813088,IMPORT,preserved,UNIQUE,,"Sunnify/10 - Cê tá doido/Coração Cigano O Gavião Acidente de Amor - Ao Vivo - Panda, Humberto & Ronaldo, Ícaro e Gilmar, MJ Records.mp3","sem erro de leitura; metadata GOOD; título HIGH; artista HIGH; cover presente; bitrate 192 kbps; sample rate 44100 Hz; desempate final por relative_path",192000,44100,true,GOOD
"Sunnify/10 - Cê tá doido/Coração Idiota Desatino - Ao Vivo - Panda, Humberto & Ronaldo, Ícaro e Gilmar, MJ Records.mp3","Coração Idiota Desatino - Ao Vivo - Panda, Humberto & Ronaldo, Ícaro e Gilmar, MJ Records.mp3",Sunnify/10 - Cê tá doido,Coração Idiota / Desatino - Ao Vivo,"Panda, Humberto & Ronaldo, Ícaro e Gilmar, MJ Records",,257,3079bde2a9fb80a8b857abcac8dc87c83e0b9d4d8c1371353bf9bfe8e7f3e20f,6236893,IMPORT,preserved,UNIQUE,,"Sunnify/10 - Cê tá doido/Coração Idiota Desatino - Ao Vivo - Panda, Humberto & Ronaldo, Ícaro e Gilmar, MJ Records.mp3","sem erro de leitura; metadata GOOD; título HIGH; artista HIGH; cover presente; bitrate 192 kbps; sample rate 44100 Hz; desempate final por relative_path",192000,44100,true,GOOD
"Sunnify/10 - Cê tá doido/Corpo Nu - Ao Vivo - Panda, MJ Records.mp3","Corpo Nu - Ao Vivo - Panda, MJ Records.mp3",Sunnify/10 - Cê tá doido,Corpo Nu - Ao Vivo,"Panda, MJ Records",,198,ddca3d4b520877605b2763802a32e6bde0439b44e96e3f7d73a9256970d8a217,4810743,IMPORT,preserved,UNIQUE,,"Sunnify/10 - Cê tá doido/Corpo Nu - Ao Vivo - Panda, MJ Records.mp3","sem erro de leitura; metadata GOOD; título HIGH; artista HIGH; cover presente; bitrate 192 kbps; sample rate 44100 Hz; desempate final por relative_path",192000,44100,true,GOOD
"Sunnify/10 - Cê tá doido/De Latinha na Mão Por Favor, Reza Pra Nóis - Ao Vivo - Panda, Ícaro e Gilmar, Humberto & Ronaldo, MJ Records.mp3","De Latinha na Mão Por Favor, Reza Pra Nóis - Ao Vivo - Panda, Ícaro e Gilmar, Humberto & Ronaldo, MJ Records.mp3",Sunnify/10 - Cê tá doido,"De Latinha na Mão / Por Favor, Reza Pra Nóis - Ao Vivo","Panda, Ícaro e Gilmar, Humberto & Ronaldo, MJ Records",,242,57cd69295f392f852af9d947ffe07aa0741a6c9f4036a733f1872b11abc4c215,5868080,IMPORT,preserved,UNIQUE,,"Sunnify/10 - Cê tá doido/De Latinha na Mão Por Favor, Reza Pra Nóis - Ao Vivo - Panda, Ícaro e Gilmar, Humberto & Ronaldo, MJ Records.mp3","sem erro de leitura; metadata GOOD; título HIGH; artista HIGH; cover presente; bitrate 192 kbps; sample rate 44100 Hz; desempate final por relative_path",192000,44100,true,GOOD
"Sunnify/10 - Cê tá doido/Decida Seu Amor Ainda É Tudo - Ao Vivo - Ícaro e Gilmar, Panda, Humberto & Ronaldo, MJ Records.mp3","Decida Seu Amor Ainda É Tudo - Ao Vivo - Ícaro e Gilmar, Panda, Humberto & Ronaldo, MJ Records.mp3",Sunnify/10 - Cê tá doido,Decida / Seu Amor Ainda É Tudo - Ao Vivo,"Ícaro e Gilmar, Panda, Humberto & Ronaldo, MJ Records",,308,323fbd147ce5d9640565d0796754e036e718a180626066bd49403bce9c61236e,7459071,IMPORT,preserved,UNIQUE,,"Sunnify/10 - Cê tá doido/Decida Seu Amor Ainda É Tudo - Ao Vivo - Ícaro e Gilmar, Panda, Humberto & Ronaldo, MJ Records.mp3","sem erro de leitura; metadata GOOD; título HIGH; artista HIGH; cover presente; bitrate 192 kbps; sample rate 44100 Hz; desempate final por relative_path",192000,44100,true,GOOD
Sunnify/10 - Cê tá doido/Deixa Eu - Ao Vivo - Murilo Huff.mp3,Deixa Eu - Ao Vivo - Murilo Huff.mp3,Sunnify/10 - Cê tá doido,Deixa Eu - Ao Vivo,Murilo Huff,,161,d19f866fb35e86d789f61c67eef9cc36cf2e332962581194783009d2500fc9e1,3911219,IMPORT,preserved,POSSIBLE_DUPLICATE,28,Sunnify/10 - Cê tá doido/Deixa Eu - Ao Vivo - Murilo Huff.mp3,"sem erro de leitura; metadata GOOD; título HIGH; artista HIGH; cover presente; bitrate 192 kbps; sample rate 44100 Hz; desempate final por relative_path",192000,44100,true,GOOD
"Sunnify/10 - Cê tá doido/Deixo Olhos Certos - Ao Vivo - Panda, Ícaro e Gilmar, Humberto & Ronaldo, MJ Records.mp3","Deixo Olhos Certos - Ao Vivo - Panda, Ícaro e Gilmar, Humberto & Ronaldo, MJ Records.mp3",Sunnify/10 - Cê tá doido,Deixo / Olhos Certos - Ao Vivo,"Panda, Ícaro e Gilmar, Humberto & Ronaldo, MJ Records",,401,4b64ec6bfcd61ad50bb3d020ec9f8584f280c5c1ee06e0f34b009bd692b787a5,9695611,IMPORT,preserved,UNIQUE,,"Sunnify/10 - Cê tá doido/Deixo Olhos Certos - Ao Vivo - Panda, Ícaro e Gilmar, Humberto & Ronaldo, MJ Records.mp3","sem erro de leitura; metadata GOOD; título HIGH; artista HIGH; cover presente; bitrate 192 kbps; sample rate 44100 Hz; desempate final por relative_path",192000,44100,true,GOOD
"Sunnify/10 - Cê tá doido/Dia da Saudade - Ao Vivo - Alemão Do Forró, Hugo & Guilherme.mp3","Dia da Saudade - Ao Vivo - Alemão Do Forró, Hugo & Guilherme.mp3",Sunnify/10 - Cê tá doido,Dia da Saudade - Ao Vivo,"Alemão Do Forró, Hugo & Guilherme","Alemão do Brasil - Ao Vivo em Goiânia, EP 2",168,dcdbc28a3c490b1beb9b2de6b71d75c97d0ac46fa30f5ee8aec96a14ff357de9,4084986,IMPORT,preserved,UNIQUE,,"Sunnify/10 - Cê tá doido/Dia da Saudade - Ao Vivo - Alemão Do Forró, Hugo & Guilherme.mp3","sem erro de leitura; metadata GOOD; título HIGH; artista HIGH; cover presente; bitrate 192 kbps; sample rate 44100 Hz; desempate final por relative_path",192000,44100,true,GOOD
Sunnify/10 - Cê tá doido/Direitos Iguais - Ao Vivo - Simone Mendes.mp3,Direitos Iguais - Ao Vivo - Simone Mendes.mp3,Sunnify/10 - Cê tá doido,Direitos Iguais - Ao Vivo,Simone Mendes,O Melhor De Mim (Ao Vivo / Vol.1),199,bb6a2afb284fd0b01fa75629113b3cfbd628e2370d4803b1a34718b5c9a7439b,4833991,IMPORT,preserved,UNIQUE,,Sunnify/10 - Cê tá doido/Direitos Iguais - Ao Vivo - Simone Mendes.mp3,"sem erro de leitura; metadata GOOD; título HIGH; artista HIGH; cover presente; bitrate 192 kbps; sample rate 44100 Hz; desempate final por relative_path",192000,44100,true,GOOD
"Sunnify/10 - Cê tá doido/Displicente - Ao Vivo - Wesley Safadão, Rey Vaqueiro.mp3","Displicente - Ao Vivo - Wesley Safadão, Rey Vaqueiro.mp3",Sunnify/10 - Cê tá doido,Displicente - Ao Vivo,"Wesley Safadão, Rey Vaqueiro",Meu Forró É Mundo (Ao Vivo),158,918c55d6abd9278bbb1cc33750f0199ad6898e49367b769963a1ec81c8effbda,3848438,IMPORT,preserved,UNIQUE,,"Sunnify/10 - Cê tá doido/Displicente - Ao Vivo - Wesley Safadão, Rey Vaqueiro.mp3","sem erro de leitura; metadata GOOD; título HIGH; artista HIGH; cover presente; bitrate 192 kbps; sample rate 44100 Hz; desempate final por relative_path",192000,44100,true,GOOD
"Sunnify/10 - Cê tá doido/DNA - Matheus Vargas, Leonardo.mp3","DNA - Matheus Vargas, Leonardo.mp3",Sunnify/10 - Cê tá doido,DNA,"Matheus Vargas, Leonardo",,156,a5af3156f9c00f449a0881cfdac54f97c8c5b39b3d82a4fde227332b5682cbf1,3778414,IMPORT,likely_duplicate_representative,LIKELY_DUPLICATE,25,"Sunnify/10 - Cê tá doido/DNA - Matheus Vargas, Leonardo.mp3","sem erro de leitura; metadata GOOD; título HIGH; artista HIGH; cover presente; bitrate 192 kbps; sample rate 44100 Hz; desempate final por relative_path",192000,44100,true,GOOD
"Sunnify/10 - Cê tá doido/Eu Duvido - Ao Vivo - Guilherme & Benuto, Panda.mp3","Eu Duvido - Ao Vivo - Guilherme & Benuto, Panda.mp3",Sunnify/10 - Cê tá doido,Eu Duvido - Ao Vivo,"Guilherme & Benuto, Panda",,171,3da3bcf314486bdf4975b96cd39b56fd18fa5e1400bd09994222c40dc2586a11,4137350,IMPORT,preserved,UNIQUE,,"Sunnify/10 - Cê tá doido/Eu Duvido - Ao Vivo - Guilherme & Benuto, Panda.mp3","sem erro de leitura; metadata GOOD; título HIGH; artista HIGH; cover presente; bitrate 192 kbps; sample rate 44100 Hz; desempate final por relative_path",192000,44100,true,GOOD
"Sunnify/10 - Cê tá doido/Eu Duvido Tranque a Porta e Me Beija - Ao Vivo - Panda, Humberto & Ronaldo, Ícaro e Gilmar, MJ Records.mp3","Eu Duvido Tranque a Porta e Me Beija - Ao Vivo - Panda, Humberto & Ronaldo, Ícaro e Gilmar, MJ Records.mp3",Sunnify/10 - Cê tá doido,Eu Duvido / Tranque a Porta e Me Beija - Ao Vivo,"Panda, Humberto & Ronaldo, Ícaro e Gilmar, MJ Records",,263,7bc2f89c11a1f0472a6e6b6475e7a886c53fac927dc80ddf568f5b48256c2258,6369932,IMPORT,preserved,UNIQUE,,"Sunnify/10 - Cê tá doido/Eu Duvido Tranque a Porta e Me Beija - Ao Vivo - Panda, Humberto & Ronaldo, Ícaro e Gilmar, MJ Records.mp3","sem erro de leitura; metadata GOOD; título HIGH; artista HIGH; cover presente; bitrate 192 kbps; sample rate 44100 Hz; desempate final por relative_path",192000,44100,true,GOOD
"Sunnify/10 - Cê tá doido/Eu Já, Eu Também - Ao Vivo - Yasmin Santos, Allan Coração.mp3","Eu Já, Eu Também - Ao Vivo - Yasmin Santos, Allan Coração.mp3",Sunnify/10 - Cê tá doido,"Eu Já, Eu Também - Ao Vivo","Yasmin Santos, Allan Coração",,182,63ae777372ca3c69df64322648c25f4c0845d64bfa633fcf3153afd1e9e1f146,4423197,IMPORT,preserved,UNIQUE,,"Sunnify/10 - Cê tá doido/Eu Já, Eu Também - Ao Vivo - Yasmin Santos, Allan Coração.mp3","sem erro de leitura; metadata GOOD; título HIGH; artista HIGH; cover presente; bitrate 192 kbps; sample rate 44100 Hz; desempate final por relative_path",192000,44100,true,GOOD
"Sunnify/10 - Cê tá doido/Eu Não Sou Ele Pecado de Amor - Ao Vivo - Ícaro e Gilmar, Panda, Humberto & Ronaldo, MJ Records.mp3","Eu Não Sou Ele Pecado de Amor - Ao Vivo - Ícaro e Gilmar, Panda, Humberto & Ronaldo, MJ Records.mp3",Sunnify/10 - Cê tá doido,Eu Não Sou Ele / Pecado de Amor - Ao Vivo,"Ícaro e Gilmar, Panda, Humberto & Ronaldo, MJ Records",,282,885ed728abb7ce04e5636b2509e07569b79d0556cf208fff18c351075676a7f9,6832134,IMPORT,preserved,UNIQUE,,"Sunnify/10 - Cê tá doido/Eu Não Sou Ele Pecado de Amor - Ao Vivo - Ícaro e Gilmar, Panda, Humberto & Ronaldo, MJ Records.mp3","sem erro de leitura; metadata GOOD; título HIGH; artista HIGH; cover presente; bitrate 192 kbps; sample rate 44100 Hz; desempate final por relative_path",192000,44100,true,GOOD
"Sunnify/10 - Cê tá doido/Eu Sei Se Quiser - Ao Vivo - Panda, Ícaro e Gilmar, Humberto & Ronaldo, MJ Records.mp3","Eu Sei Se Quiser - Ao Vivo - Panda, Ícaro e Gilmar, Humberto & Ronaldo, MJ Records.mp3",Sunnify/10 - Cê tá doido,Eu Sei / Se Quiser - Ao Vivo,"Panda, Ícaro e Gilmar, Humberto & Ronaldo, MJ Records",,274,3dc4997b7d6c46b19d23e0b54f982493b51e91312228a3c24e361552b2bd714d,6650604,IMPORT,preserved,UNIQUE,,"Sunnify/10 - Cê tá doido/Eu Sei Se Quiser - Ao Vivo - Panda, Ícaro e Gilmar, Humberto & Ronaldo, MJ Records.mp3","sem erro de leitura; metadata GOOD; título HIGH; artista HIGH; cover presente; bitrate 192 kbps; sample rate 44100 Hz; desempate final por relative_path",192000,44100,true,GOOD
"Sunnify/10 - Cê tá doido/Eu Te Seguro - Ao Vivo - Panda, MJ Records.mp3","Eu Te Seguro - Ao Vivo - Panda, MJ Records.mp3",Sunnify/10 - Cê tá doido,Eu Te Seguro - Ao Vivo,"Panda, MJ Records",,149,17e237efb1922318166d3d570823e2037d46c2acc811239c76411b735ae3199e,3615622,IMPORT,preserved,UNIQUE,,"Sunnify/10 - Cê tá doido/Eu Te Seguro - Ao Vivo - Panda, MJ Records.mp3","sem erro de leitura; metadata GOOD; título HIGH; artista HIGH; cover presente; bitrate 192 kbps; sample rate 44100 Hz; desempate final por relative_path",192000,44100,true,GOOD
"Sunnify/10 - Cê tá doido/Filme de Terror - Ao Vivo - Zé Vitor & Rael, Murilo Huff.mp3","Filme de Terror - Ao Vivo - Zé Vitor & Rael, Murilo Huff.mp3",Sunnify/10 - Cê tá doido,Filme de Terror - Ao Vivo,"Zé Vitor & Rael, Murilo Huff",Filme de Terror (Ao Vivo),193,a7bb86ddf2668ebd2eeca54d4c22f1ce3a143e9a59bf48240de0f1dc34509d65,4685436,IMPORT,preserved,UNIQUE,,"Sunnify/10 - Cê tá doido/Filme de Terror - Ao Vivo - Zé Vitor & Rael, Murilo Huff.mp3","sem erro de leitura; metadata GOOD; título HIGH; artista HIGH; cover presente; bitrate 192 kbps; sample rate 44100 Hz; desempate final por relative_path",192000,44100,true,GOOD
"Sunnify/10 - Cê tá doido/Fim De Noite (feat. MJ Records) - Ao Vivo - Panda, Ícaro e Gilmar, Humberto & Ronaldo, Mariana Fagundes, MJ Records.mp3","Fim De Noite (feat. MJ Records) - Ao Vivo - Panda, Ícaro e Gilmar, Humberto & Ronaldo, Mariana Fagundes, MJ Records.mp3",Sunnify/10 - Cê tá doido,Fim De Noite (feat. MJ Records) - Ao Vivo,"Panda, Ícaro e Gilmar, Humberto & Ronaldo, Mariana Fagundes, MJ Records",,175,56236bad898b85a42c62e1bb83b800654f536d16c708885c82573c92c4e58569,4258224,IMPORT,preserved,UNIQUE,,"Sunnify/10 - Cê tá doido/Fim De Noite (feat. MJ Records) - Ao Vivo - Panda, Ícaro e Gilmar, Humberto & Ronaldo, Mariana Fagundes, MJ Records.mp3","sem erro de leitura; metadata GOOD; título HIGH; artista HIGH; cover presente; bitrate 192 kbps; sample rate 44100 Hz; desempate final por relative_path",192000,44100,true,GOOD
Sunnify/10 - Cê tá doido/Flash - Ao Vivo - Hugo & Guilherme.mp3,Flash - Ao Vivo - Hugo & Guilherme.mp3,Sunnify/10 - Cê tá doido,Flash - Ao Vivo,Hugo & Guilherme,,134,0c467bff9d3c19863ce4ebd92599bdb31efa63bbbc6d30d0ea8125d0736cafcf,3271043,IMPORT,preserved,UNIQUE,,Sunnify/10 - Cê tá doido/Flash - Ao Vivo - Hugo & Guilherme.mp3,"sem erro de leitura; metadata GOOD; título HIGH; artista HIGH; cover presente; bitrate 192 kbps; sample rate 44100 Hz; desempate final por relative_path",192000,44100,true,GOOD
"Sunnify/10 - Cê tá doido/Garotos Por Que Não Eu - Ao Vivo - Panda, Ícaro e Gilmar, Humberto & Ronaldo, MJ Records.mp3","Garotos Por Que Não Eu - Ao Vivo - Panda, Ícaro e Gilmar, Humberto & Ronaldo, MJ Records.mp3",Sunnify/10 - Cê tá doido,Garotos / Por Que Não Eu? - Ao Vivo,"Panda, Ícaro e Gilmar, Humberto & Ronaldo, MJ Records",,310,f3e4cde4e4f905f3d49241b8e42a1254f07ba4d45cd6e339a8b1a9a2f6b4f5ed,7511355,IMPORT,preserved,UNIQUE,,"Sunnify/10 - Cê tá doido/Garotos Por Que Não Eu - Ao Vivo - Panda, Ícaro e Gilmar, Humberto & Ronaldo, MJ Records.mp3","sem erro de leitura; metadata GOOD; título HIGH; artista HIGH; cover presente; bitrate 192 kbps; sample rate 44100 Hz; desempate final por relative_path",192000,44100,true,GOOD
"Sunnify/10 - Cê tá doido/Grades Do Coração Coração Radiante - Ao Vivo - Panda, Humberto & Ronaldo, Ícaro e Gilmar, MJ Records.mp3","Grades Do Coração Coração Radiante - Ao Vivo - Panda, Humberto & Ronaldo, Ícaro e Gilmar, MJ Records.mp3",Sunnify/10 - Cê tá doido,Grades Do Coração / Coração Radiante - Ao Vivo,"Panda, Humberto & Ronaldo, Ícaro e Gilmar, MJ Records",,236,f84985a84bdde616165eca57ed5119b18358b596070d52143ff8966d04134c7f,5730468,IMPORT,preserved,UNIQUE,,"Sunnify/10 - Cê tá doido/Grades Do Coração Coração Radiante - Ao Vivo - Panda, Humberto & Ronaldo, Ícaro e Gilmar, MJ Records.mp3","sem erro de leitura; metadata GOOD; título HIGH; artista HIGH; cover presente; bitrate 192 kbps; sample rate 44100 Hz; desempate final por relative_path",192000,44100,true,GOOD
"Sunnify/10 - Cê tá doido/Guerra Diária - Ao Vivo - Panda, Ícaro e Gilmar, MJ Records.mp3","Guerra Diária - Ao Vivo - Panda, Ícaro e Gilmar, MJ Records.mp3",Sunnify/10 - Cê tá doido,Guerra Diária - Ao Vivo,"Panda, Ícaro e Gilmar, MJ Records",,196,2dddc14e87d57c9ae33d9310c59bce514d0e7f61fdf37997520e53fa8643727f,4771523,IMPORT,preserved,UNIQUE,,"Sunnify/10 - Cê tá doido/Guerra Diária - Ao Vivo - Panda, Ícaro e Gilmar, MJ Records.mp3","sem erro de leitura; metadata GOOD; título HIGH; artista HIGH; cover presente; bitrate 192 kbps; sample rate 44100 Hz; desempate final por relative_path",192000,44100,true,GOOD
"Sunnify/10 - Cê tá doido/Have You Ever Seen The Rain It's My Life - Ao Vivo - Panda, Ícaro e Gilmar, Humberto & Ronaldo, MJ Records.mp3","Have You Ever Seen The Rain It's My Life - Ao Vivo - Panda, Ícaro e Gilmar, Humberto & Ronaldo, MJ Records.mp3",Sunnify/10 - Cê tá doido,Have You Ever Seen The Rain? / It's My Life - Ao Vivo,"Panda, Ícaro e Gilmar, Humberto & Ronaldo, MJ Records",,200,70457477f6a9e232b8c45576e985483b476556ab3a6f2eebfe79d20dbbab191d,4867134,IMPORT,preserved,UNIQUE,,"Sunnify/10 - Cê tá doido/Have You Ever Seen The Rain It's My Life - Ao Vivo - Panda, Ícaro e Gilmar, Humberto & Ronaldo, MJ Records.mp3","sem erro de leitura; metadata GOOD; título HIGH; artista HIGH; cover presente; bitrate 192 kbps; sample rate 44100 Hz; desempate final por relative_path",192000,44100,true,GOOD
"Sunnify/10 - Cê tá doido/Haverá Sinais - Ao Vivo - Jorge & Mateus, Lauana Prado.mp3","Haverá Sinais - Ao Vivo - Jorge & Mateus, Lauana Prado.mp3",Sunnify/10 - Cê tá doido,Haverá Sinais - Ao Vivo,"Jorge & Mateus, Lauana Prado",Haverá Sinais (Ao Vivo),190,f8bd9f280e1028b4539179d476724076c5b6478f9ef8ab9daa6bc5a172d1d652,4610415,IMPORT,preserved,UNIQUE,,"Sunnify/10 - Cê tá doido/Haverá Sinais - Ao Vivo - Jorge & Mateus, Lauana Prado.mp3","sem erro de leitura; metadata GOOD; título HIGH; artista HIGH; cover presente; bitrate 192 kbps; sample rate 44100 Hz; desempate final por relative_path",192000,44100,true,GOOD
"Sunnify/10 - Cê tá doido/Horizonte Azul Hoje Eu Quero Te Amar - Ao Vivo - Panda, Humberto & Ronaldo, Ícaro e Gilmar, MJ Records.mp3","Horizonte Azul Hoje Eu Quero Te Amar - Ao Vivo - Panda, Humberto & Ronaldo, Ícaro e Gilmar, MJ Records.mp3",Sunnify/10 - Cê tá doido,Horizonte Azul / Hoje Eu Quero Te Amar - Ao Vivo,"Panda, Humberto & Ronaldo, Ícaro e Gilmar, MJ Records",,231,c4d2f7f5660c840225773923a67f1bb4e5979e322d780cd748a30e7d50f2a62b,5599311,IMPORT,preserved,UNIQUE,,"Sunnify/10 - Cê tá doido/Horizonte Azul Hoje Eu Quero Te Amar - Ao Vivo - Panda, Humberto & Ronaldo, Ícaro e Gilmar, MJ Records.mp3","sem erro de leitura; metadata GOOD; título HIGH; artista HIGH; cover presente; bitrate 192 kbps; sample rate 44100 Hz; desempate final por relative_path",192000,44100,true,GOOD
Sunnify/10 - Cê tá doido/Ignora - Ao Vivo - Felipe e Rodrigo.mp3,Ignora - Ao Vivo - Felipe e Rodrigo.mp3,Sunnify/10 - Cê tá doido,Ignora - Ao Vivo,Felipe e Rodrigo,Velhos Hábitos Vol. 1 (Ao Vivo),179,86ae830b9feeb898cd2f74861ac953a784e57f8d595cca785c9da47dbdf7e4e2,4366316,IMPORT,likely_duplicate_representative,LIKELY_DUPLICATE,6,Sunnify/10 - Cê tá doido/Ignora - Ao Vivo - Felipe e Rodrigo.mp3,"sem erro de leitura; metadata GOOD; título HIGH; artista HIGH; cover presente; bitrate 192 kbps; sample rate 44100 Hz; desempate final por relative_path",192000,44100,true,GOOD
Sunnify/10 - Cê tá doido/Já Chorei pra Valer - Márcia Fellipe.mp3,Já Chorei pra Valer - Márcia Fellipe.mp3,Sunnify/10 - Cê tá doido,Já Chorei pra Valer,Márcia Fellipe,,170,c43f45ce77495f5f18539590d7e03b074b61fd93df8d52be3b86d386d8e9e146,4127223,IMPORT,preserved,UNIQUE,,Sunnify/10 - Cê tá doido/Já Chorei pra Valer - Márcia Fellipe.mp3,"sem erro de leitura; metadata GOOD; título HIGH; artista HIGH; cover presente; bitrate 192 kbps; sample rate 44100 Hz; desempate final por relative_path",192000,44100,true,GOOD
"Sunnify/10 - Cê tá doido/Laço Aberto To Por Aí - Ao Vivo - Panda, Ícaro e Gilmar, Humberto & Ronaldo, MJ Records.mp3","Laço Aberto To Por Aí - Ao Vivo - Panda, Ícaro e Gilmar, Humberto & Ronaldo, MJ Records.mp3",Sunnify/10 - Cê tá doido,Laço Aberto / To Por Aí - Ao Vivo,"Panda, Ícaro e Gilmar, Humberto & Ronaldo, MJ Records",,268,d3e8a3c21c1e782d58af9bc9eeef18f5dee3ef95e1096991a71f57a2833fd86e,6487447,IMPORT,preserved,UNIQUE,,"Sunnify/10 - Cê tá doido/Laço Aberto To Por Aí - Ao Vivo - Panda, Ícaro e Gilmar, Humberto & Ronaldo, MJ Records.mp3","sem erro de leitura; metadata GOOD; título HIGH; artista HIGH; cover presente; bitrate 192 kbps; sample rate 44100 Hz; desempate final por relative_path",192000,44100,true,GOOD
"Sunnify/10 - Cê tá doido/Leilão Vou Doar Meu Coração - Ao Vivo - Panda, Humberto & Ronaldo, Ícaro e Gilmar, MJ Records.mp3","Leilão Vou Doar Meu Coração - Ao Vivo - Panda, Humberto & Ronaldo, Ícaro e Gilmar, MJ Records.mp3",Sunnify/10 - Cê tá doido,Leilão / Vou Doar Meu Coração - Ao Vivo,"Panda, Humberto & Ronaldo, Ícaro e Gilmar, MJ Records",,232,300d09fa0805fb4d09c2bc0524caf8a320ef6cd4d21d257a930ba26d6fbea418,5628788,IMPORT,preserved,UNIQUE,,"Sunnify/10 - Cê tá doido/Leilão Vou Doar Meu Coração - Ao Vivo - Panda, Humberto & Ronaldo, Ícaro e Gilmar, MJ Records.mp3","sem erro de leitura; metadata GOOD; título HIGH; artista HIGH; cover presente; bitrate 192 kbps; sample rate 44100 Hz; desempate final por relative_path",192000,44100,true,GOOD
"Sunnify/10 - Cê tá doido/Memória Caçador De Corações - Ao Vivo - Panda, Humberto & Ronaldo, Ícaro e Gilmar, MJ Records.mp3","Memória Caçador De Corações - Ao Vivo - Panda, Humberto & Ronaldo, Ícaro e Gilmar, MJ Records.mp3",Sunnify/10 - Cê tá doido,Memória / Caçador De Corações - Ao Vivo,"Panda, Humberto & Ronaldo, Ícaro e Gilmar, MJ Records",,252,23ef952a5fce25152716a028d0621f19f9ee7e369b9fb357a2ae726eefdd0f9e,6109504,IMPORT,preserved,UNIQUE,,"Sunnify/10 - Cê tá doido/Memória Caçador De Corações - Ao Vivo - Panda, Humberto & Ronaldo, Ícaro e Gilmar, MJ Records.mp3","sem erro de leitura; metadata GOOD; título HIGH; artista HIGH; cover presente; bitrate 192 kbps; sample rate 44100 Hz; desempate final por relative_path",192000,44100,true,GOOD
Sunnify/10 - Cê tá doido/Meu Bem Querer - Ao Vivo - Mikael Santos.mp3,Meu Bem Querer - Ao Vivo - Mikael Santos.mp3,Sunnify/10 - Cê tá doido,Meu Bem Querer - Ao Vivo,Mikael Santos,In Brega no Camarim (Ao Vivo),176,eb678f61795c676ead4881128586f3989c879ca89d4fc9de6b2fb7cb0c4e323f,4285429,IMPORT,preserved,UNIQUE,,Sunnify/10 - Cê tá doido/Meu Bem Querer - Ao Vivo - Mikael Santos.mp3,"sem erro de leitura; metadata GOOD; título HIGH; artista HIGH; cover presente; bitrate 192 kbps; sample rate 44100 Hz; desempate final por relative_path",192000,44100,true,GOOD
"Sunnify/10 - Cê tá doido/Meu Mel Mordida de Amor - Ao Vivo - Panda, Ícaro e Gilmar, Humberto & Ronaldo, MJ Records.mp3","Meu Mel Mordida de Amor - Ao Vivo - Panda, Ícaro e Gilmar, Humberto & Ronaldo, MJ Records.mp3",Sunnify/10 - Cê tá doido,Meu Mel / Mordida de Amor - Ao Vivo,"Panda, Ícaro e Gilmar, Humberto & Ronaldo, MJ Records",,243,58543c2552e167294a9234a71bf63b9410ad29885d5cc8eee3948c2082791d59,5893772,IMPORT,preserved,UNIQUE,,"Sunnify/10 - Cê tá doido/Meu Mel Mordida de Amor - Ao Vivo - Panda, Ícaro e Gilmar, Humberto & Ronaldo, MJ Records.mp3","sem erro de leitura; metadata GOOD; título HIGH; artista HIGH; cover presente; bitrate 192 kbps; sample rate 44100 Hz; desempate final por relative_path",192000,44100,true,GOOD
"Sunnify/10 - Cê tá doido/Meu Silêncio - Ao Vivo - Matheus & Kauan, Simone Mendes.mp3","Meu Silêncio - Ao Vivo - Matheus & Kauan, Simone Mendes.mp3",Sunnify/10 - Cê tá doido,Meu Silêncio - Ao Vivo,"Matheus & Kauan, Simone Mendes",,180,9a5fb5f6e01365ac550e37371f24e85532093b8fe9adafbf8a0a62067158d1e1,4361769,IMPORT,preserved,UNIQUE,,"Sunnify/10 - Cê tá doido/Meu Silêncio - Ao Vivo - Matheus & Kauan, Simone Mendes.mp3","sem erro de leitura; metadata GOOD; título HIGH; artista HIGH; cover presente; bitrate 192 kbps; sample rate 44100 Hz; desempate final por relative_path",192000,44100,true,GOOD
Sunnify/10 - Cê tá doido/Mil Adjetivos (Perfeita Pra Mim) - Ao Vivo - Cleber & Cauan.mp3,Mil Adjetivos (Perfeita Pra Mim) - Ao Vivo - Cleber & Cauan.mp3,Sunnify/10 - Cê tá doido,Mil Adjetivos (Perfeita Pra Mim) - Ao Vivo,Cleber & Cauan,,182,d6adfe2d2b060ccdb0ec1540679e1f560d9367784d68c086f5e743a32bc1bd5f,4419177,IMPORT,preserved,UNIQUE,,Sunnify/10 - Cê tá doido/Mil Adjetivos (Perfeita Pra Mim) - Ao Vivo - Cleber & Cauan.mp3,"sem erro de leitura; metadata GOOD; título HIGH; artista HIGH; cover presente; bitrate 192 kbps; sample rate 44100 Hz; desempate final por relative_path",192000,44100,true,GOOD
Sunnify/10 - Cê tá doido/Miragem - Enzo Rabelo.mp3,Miragem - Enzo Rabelo.mp3,Sunnify/10 - Cê tá doido,Miragem,Enzo Rabelo,Miragem,212,a1ca6dd85019c9445f383389ca86a1eed7cc3dca1be83f9b9ef72d4e49f5c68a,5121743,IMPORT,likely_duplicate_representative,LIKELY_DUPLICATE,7,Sunnify/10 - Cê tá doido/Miragem - Enzo Rabelo.mp3,"sem erro de leitura; metadata GOOD; título HIGH; artista HIGH; cover presente; bitrate 192 kbps; sample rate 44100 Hz; desempate final por relative_path",192000,44100,true,GOOD
Sunnify/10 - Cê tá doido/Moça Pra Casar - Ao Vivo - Diego & Victor Hugo.mp3,Moça Pra Casar - Ao Vivo - Diego & Victor Hugo.mp3,Sunnify/10 - Cê tá doido,Moça Pra Casar - Ao Vivo,Diego & Victor Hugo,Moça Pra Casar (Ao Vivo),162,21ac64fa5638660b69ae17d280eadbe58f90b27fcb9b24961350350bf7b8dc60,3953445,IMPORT,likely_duplicate_representative,LIKELY_DUPLICATE,18,Sunnify/10 - Cê tá doido/Moça Pra Casar - Ao Vivo - Diego & Victor Hugo.mp3,"sem erro de leitura; metadata GOOD; título HIGH; artista HIGH; cover presente; bitrate 192 kbps; sample rate 44100 Hz; desempate final por relative_path",192000,44100,true,GOOD
Sunnify/10 - Cê tá doido/Mulher Nunca Foi Pra Menino - Ao Vivo - Danilo e Davi.mp3,Mulher Nunca Foi Pra Menino - Ao Vivo - Danilo e Davi.mp3,Sunnify/10 - Cê tá doido,Mulher Nunca Foi Pra Menino - Ao Vivo,Danilo e Davi,Aliança (Ao Vivo),181,2434a0b04027ff7ff3adc696e54f662ad77f1f33790e601344450e33310311c1,4408466,IMPORT,likely_duplicate_representative,LIKELY_DUPLICATE,8,Sunnify/10 - Cê tá doido/Mulher Nunca Foi Pra Menino - Ao Vivo - Danilo e Davi.mp3,"sem erro de leitura; metadata GOOD; título HIGH; artista HIGH; cover presente; bitrate 192 kbps; sample rate 44100 Hz; desempate final por relative_path",192000,44100,true,GOOD
Sunnify/10 - Cê tá doido/Mundão Moderno - Bison e Comassetto.mp3,Mundão Moderno - Bison e Comassetto.mp3,Sunnify/10 - Cê tá doido,Mundão Moderno,Bison e Comassetto,Cru e sem frescura 5,147,0a7ac91ea9c932d8fc5355ea7765490455ee3fd1d733feb49afeb2a2fb7cf8e0,3594751,IMPORT,preserved,UNIQUE,,Sunnify/10 - Cê tá doido/Mundão Moderno - Bison e Comassetto.mp3,"sem erro de leitura; metadata GOOD; título HIGH; artista HIGH; cover presente; bitrate 192 kbps; sample rate 44100 Hz; desempate final por relative_path",192000,44100,true,GOOD
"Sunnify/10 - Cê tá doido/Nada Normal Meu Eu Em Você - Ao Vivo - Panda, Humberto & Ronaldo, Ícaro e Gilmar, MJ Records.mp3","Nada Normal Meu Eu Em Você - Ao Vivo - Panda, Humberto & Ronaldo, Ícaro e Gilmar, MJ Records.mp3",Sunnify/10 - Cê tá doido,Nada Normal / Meu Eu Em Você - Ao Vivo,"Panda, Humberto & Ronaldo, Ícaro e Gilmar, MJ Records",,263,443e39c3f35d289794a718db1703dd82edf2f105a4e0573ef1a72ecffa87e53e,6382493,IMPORT,preserved,UNIQUE,,"Sunnify/10 - Cê tá doido/Nada Normal Meu Eu Em Você - Ao Vivo - Panda, Humberto & Ronaldo, Ícaro e Gilmar, MJ Records.mp3","sem erro de leitura; metadata GOOD; título HIGH; artista HIGH; cover presente; bitrate 192 kbps; sample rate 44100 Hz; desempate final por relative_path",192000,44100,true,GOOD
"Sunnify/10 - Cê tá doido/Não Acredito Sempre Seu Homem - Ao Vivo - Panda, Ícaro e Gilmar, Humberto & Ronaldo, MJ Records.mp3","Não Acredito Sempre Seu Homem - Ao Vivo - Panda, Ícaro e Gilmar, Humberto & Ronaldo, MJ Records.mp3",Sunnify/10 - Cê tá doido,Não Acredito / Sempre Seu Homem - Ao Vivo,"Panda, Ícaro e Gilmar, Humberto & Ronaldo, MJ Records",,235,9a6560e257106f2c33e935d0225bb78d9758743be3151661f204efa0680f4140,5708676,IMPORT,preserved,UNIQUE,,"Sunnify/10 - Cê tá doido/Não Acredito Sempre Seu Homem - Ao Vivo - Panda, Ícaro e Gilmar, Humberto & Ronaldo, MJ Records.mp3","sem erro de leitura; metadata GOOD; título HIGH; artista HIGH; cover presente; bitrate 192 kbps; sample rate 44100 Hz; desempate final por relative_path",192000,44100,true,GOOD
"Sunnify/10 - Cê tá doido/Não é Pressa, é Pressão - Rincon, Ana Castela, DJ BOSS.mp3","Não é Pressa, é Pressão - Rincon, Ana Castela, DJ BOSS.mp3",Sunnify/10 - Cê tá doido,"Não é Pressa, é Pressão","Rincon, Ana Castela, DJ BOSS","Não é Pressa, é Pressão",161,bc1b87d507672ac58b0cb2c3db7bf18da8dac244e5c2da0fd3b7c293e218fb2e,3930155,IMPORT,preserved,UNIQUE,,"Sunnify/10 - Cê tá doido/Não é Pressa, é Pressão - Rincon, Ana Castela, DJ BOSS.mp3","sem erro de leitura; metadata GOOD; título HIGH; artista HIGH; cover presente; bitrate 192 kbps; sample rate 44100 Hz; desempate final por relative_path",192000,44100,true,GOOD
Sunnify/10 - Cê tá doido/Não Mexe nas Minhas Gavetas - Ao Vivo - Danilo e Davi.mp3,Não Mexe nas Minhas Gavetas - Ao Vivo - Danilo e Davi.mp3,Sunnify/10 - Cê tá doido,Não Mexe nas Minhas Gavetas - Ao Vivo,Danilo e Davi,,126,b3bd3f6b693359fedd6e40a2fd24f2981c76281e3f8b32d8395b59193c2b2065,3083733,SKIP_LIKELY,likely_duplicate,LIKELY_DUPLICATE,19,Sunnify/09 - Ana Castela/Não Mexe nas Minhas Gavetas - Ao Vivo - Danilo e Davi.mp3,"sem erro de leitura; metadata GOOD; título HIGH; artista HIGH; cover presente; bitrate 192 kbps; sample rate 44100 Hz; desempate final por relative_path",192000,44100,true,GOOD
"Sunnify/10 - Cê tá doido/Não Tem Perdão Minha Razão de Viver - Ao Vivo - Panda, Ícaro e Gilmar, Humberto & Ronaldo, MJ Records.mp3","Não Tem Perdão Minha Razão de Viver - Ao Vivo - Panda, Ícaro e Gilmar, Humberto & Ronaldo, MJ Records.mp3",Sunnify/10 - Cê tá doido,Não Tem Perdão / Minha Razão de Viver - Ao Vivo,"Panda, Ícaro e Gilmar, Humberto & Ronaldo, MJ Records",,221,983ece89e1659e2192eabf13564a2cee6b7ab1da020a16cb3e007c54f49e7a71,5368868,IMPORT,preserved,UNIQUE,,"Sunnify/10 - Cê tá doido/Não Tem Perdão Minha Razão de Viver - Ao Vivo - Panda, Ícaro e Gilmar, Humberto & Ronaldo, MJ Records.mp3","sem erro de leitura; metadata GOOD; título HIGH; artista HIGH; cover presente; bitrate 192 kbps; sample rate 44100 Hz; desempate final por relative_path",192000,44100,true,GOOD
"Sunnify/10 - Cê tá doido/Nosso Amor é Ouro Vá Pro Inferno Com Seu Amor - Ao Vivo - Panda, Ícaro e Gilmar, Humberto & Ronaldo, MJ Records.mp3","Nosso Amor é Ouro Vá Pro Inferno Com Seu Amor - Ao Vivo - Panda, Ícaro e Gilmar, Humberto & Ronaldo, MJ Records.mp3",Sunnify/10 - Cê tá doido,Nosso Amor é Ouro / Vá Pro Inferno Com Seu Amor - Ao Vivo,"Panda, Ícaro e Gilmar, Humberto & Ronaldo, MJ Records",,258,91c69c871dd2e6b265f779191ed426186e4c8068fb8486025a42fbd208b9d7a3,6269781,IMPORT,preserved,UNIQUE,,"Sunnify/10 - Cê tá doido/Nosso Amor é Ouro Vá Pro Inferno Com Seu Amor - Ao Vivo - Panda, Ícaro e Gilmar, Humberto & Ronaldo, MJ Records.mp3","sem erro de leitura; metadata GOOD; título HIGH; artista HIGH; cover presente; bitrate 192 kbps; sample rate 44100 Hz; desempate final por relative_path",192000,44100,true,GOOD
"Sunnify/10 - Cê tá doido/Num Gole Só - Ao Vivo - Marcelinho De Lima, Panda.mp3","Num Gole Só - Ao Vivo - Marcelinho De Lima, Panda.mp3",Sunnify/10 - Cê tá doido,Num Gole Só - Ao Vivo,"Marcelinho De Lima, Panda",,181,e95dc7a20193a0b10c06dd2c73d5b380456d0038509753f8a3a85990726a9010,4388156,IMPORT,preserved,UNIQUE,,"Sunnify/10 - Cê tá doido/Num Gole Só - Ao Vivo - Marcelinho De Lima, Panda.mp3","sem erro de leitura; metadata GOOD; título HIGH; artista HIGH; cover presente; bitrate 192 kbps; sample rate 44100 Hz; desempate final por relative_path",192000,44100,true,GOOD
"Sunnify/10 - Cê tá doido/O Que Eu To Fazendo Aqui É Mentira Dela - Ao Vivo - Panda, Ícaro e Gilmar, Humberto & Ronaldo, MJ Records.mp3","O Que Eu To Fazendo Aqui É Mentira Dela - Ao Vivo - Panda, Ícaro e Gilmar, Humberto & Ronaldo, MJ Records.mp3",Sunnify/10 - Cê tá doido,O Que Eu To Fazendo Aqui / É Mentira Dela - Ao Vivo,"Panda, Ícaro e Gilmar, Humberto & Ronaldo, MJ Records",,188,4b3f8809cfdfb87403d17f687b8defc2afe29d78ef7e75be4563a4df2f1aeef0,4581563,IMPORT,preserved,UNIQUE,,"Sunnify/10 - Cê tá doido/O Que Eu To Fazendo Aqui É Mentira Dela - Ao Vivo - Panda, Ícaro e Gilmar, Humberto & Ronaldo, MJ Records.mp3","sem erro de leitura; metadata GOOD; título HIGH; artista HIGH; cover presente; bitrate 192 kbps; sample rate 44100 Hz; desempate final por relative_path",192000,44100,true,GOOD
"Sunnify/10 - Cê tá doido/O Segundo Sol Por Onde Andei - Ao Vivo - Panda, Ícaro e Gilmar, Humberto & Ronaldo, MJ Records.mp3","O Segundo Sol Por Onde Andei - Ao Vivo - Panda, Ícaro e Gilmar, Humberto & Ronaldo, MJ Records.mp3",Sunnify/10 - Cê tá doido,O Segundo Sol / Por Onde Andei - Ao Vivo,"Panda, Ícaro e Gilmar, Humberto & Ronaldo, MJ Records",,330,8be361cbd77cd3c0d1b800b14923356bce29f29bd88e8a5c5289b184392f5bc4,8004939,IMPORT,preserved,UNIQUE,,"Sunnify/10 - Cê tá doido/O Segundo Sol Por Onde Andei - Ao Vivo - Panda, Ícaro e Gilmar, Humberto & Ronaldo, MJ Records.mp3","sem erro de leitura; metadata GOOD; título HIGH; artista HIGH; cover presente; bitrate 192 kbps; sample rate 44100 Hz; desempate final por relative_path",192000,44100,true,GOOD
Sunnify/10 - Cê tá doido/Obcecado - Matheus Henrique & Gabriel.mp3,Obcecado - Matheus Henrique & Gabriel.mp3,Sunnify/10 - Cê tá doido,Obcecado,Matheus Henrique & Gabriel,Obcecado,194,a7b406965c0fa06dcf5b0c9841f1593ccf94b4f36c7bf4fb7fe10227502fe594,4699658,IMPORT,preserved,UNIQUE,,Sunnify/10 - Cê tá doido/Obcecado - Matheus Henrique & Gabriel.mp3,"sem erro de leitura; metadata GOOD; título HIGH; artista HIGH; cover presente; bitrate 192 kbps; sample rate 44100 Hz; desempate final por relative_path",192000,44100,true,GOOD
"Sunnify/10 - Cê tá doido/Paixão de Peão Que Pescar Que Nada - Ao Vivo - Panda, Humberto & Ronaldo, Ícaro e Gilmar, MJ Records.mp3","Paixão de Peão Que Pescar Que Nada - Ao Vivo - Panda, Humberto & Ronaldo, Ícaro e Gilmar, MJ Records.mp3",Sunnify/10 - Cê tá doido,Paixão de Peão / Que Pescar Que Nada - Ao Vivo,"Panda, Humberto & Ronaldo, Ícaro e Gilmar, MJ Records",,217,332c2f703ffb9c28d4ebbfc84ff613816aef74b986b9bf9cb0ea77b849ad212d,5278439,IMPORT,preserved,UNIQUE,,"Sunnify/10 - Cê tá doido/Paixão de Peão Que Pescar Que Nada - Ao Vivo - Panda, Humberto & Ronaldo, Ícaro e Gilmar, MJ Records.mp3","sem erro de leitura; metadata GOOD; título HIGH; artista HIGH; cover presente; bitrate 192 kbps; sample rate 44100 Hz; desempate final por relative_path",192000,44100,true,GOOD
"Sunnify/10 - Cê tá doido/Palpite Malandragem (feat. MJ Records) - Ao Vivo - Panda, Humberto & Ronaldo, Ícaro e Gilmar, Mariana Fagundes, MJ Records.mp3","Palpite Malandragem (feat. MJ Records) - Ao Vivo - Panda, Humberto & Ronaldo, Ícaro e Gilmar, Mariana Fagundes, MJ Records.mp3",Sunnify/10 - Cê tá doido,Palpite / Malandragem (feat. MJ Records) - Ao Vivo,"Panda, Humberto & Ronaldo, Ícaro e Gilmar, Mariana Fagundes, MJ Records",,287,616d713456678757584e10a6fdecdb757d5761086d2204be066794909c564673,6959915,IMPORT,preserved,UNIQUE,,"Sunnify/10 - Cê tá doido/Palpite Malandragem (feat. MJ Records) - Ao Vivo - Panda, Humberto & Ronaldo, Ícaro e Gilmar, Mariana Fagundes, MJ Records.mp3","sem erro de leitura; metadata GOOD; título HIGH; artista HIGH; cover presente; bitrate 192 kbps; sample rate 44100 Hz; desempate final por relative_path",192000,44100,true,GOOD
"Sunnify/10 - Cê tá doido/Patrão - Ao Vivo - Diego & Arnaldo, Mariana Fagundes.mp3","Patrão - Ao Vivo - Diego & Arnaldo, Mariana Fagundes.mp3",Sunnify/10 - Cê tá doido,Patrão - Ao Vivo,"Diego & Arnaldo, Mariana Fagundes",Patrão (Ao Vivo),171,54a3696370c225e378f4151e5bf053d741355bc4723b408f6d4db51d4d38b1c0,4154572,IMPORT,likely_duplicate_representative,LIKELY_DUPLICATE,11,"Sunnify/10 - Cê tá doido/Patrão - Ao Vivo - Diego & Arnaldo, Mariana Fagundes.mp3","sem erro de leitura; metadata GOOD; título HIGH; artista HIGH; cover presente; bitrate 192 kbps; sample rate 44100 Hz; desempate final por relative_path",192000,44100,true,GOOD
"Sunnify/10 - Cê tá doido/Pescador De Ilusões Acima Do Sol - Ao Vivo - Panda, Humberto & Ronaldo, Ícaro e Gilmar, MJ Records.mp3","Pescador De Ilusões Acima Do Sol - Ao Vivo - Panda, Humberto & Ronaldo, Ícaro e Gilmar, MJ Records.mp3",Sunnify/10 - Cê tá doido,Pescador De Ilusões / Acima Do Sol - Ao Vivo,"Panda, Humberto & Ronaldo, Ícaro e Gilmar, MJ Records",,351,b6ca688c83f376b75186a7cf3665a88587d0b97621406d613c67fc20f7939e00,8496776,IMPORT,preserved,UNIQUE,,"Sunnify/10 - Cê tá doido/Pescador De Ilusões Acima Do Sol - Ao Vivo - Panda, Humberto & Ronaldo, Ícaro e Gilmar, MJ Records.mp3","sem erro de leitura; metadata GOOD; título HIGH; artista HIGH; cover presente; bitrate 192 kbps; sample rate 44100 Hz; desempate final por relative_path",192000,44100,true,GOOD
"Sunnify/10 - Cê tá doido/Péssimo Negócio Sinto Sua Falta - Ao Vivo - Panda, Humberto & Ronaldo, Ícaro e Gilmar, MJ Records.mp3","Péssimo Negócio Sinto Sua Falta - Ao Vivo - Panda, Humberto & Ronaldo, Ícaro e Gilmar, MJ Records.mp3",Sunnify/10 - Cê tá doido,Péssimo Negócio / Sinto Sua Falta - Ao Vivo,"Panda, Humberto & Ronaldo, Ícaro e Gilmar, MJ Records",,273,653850c67ff3e4edb49c92c61cb201379bc7ea824f4001e95c017e8d699ec988,6609682,IMPORT,preserved,UNIQUE,,"Sunnify/10 - Cê tá doido/Péssimo Negócio Sinto Sua Falta - Ao Vivo - Panda, Humberto & Ronaldo, Ícaro e Gilmar, MJ Records.mp3","sem erro de leitura; metadata GOOD; título HIGH; artista HIGH; cover presente; bitrate 192 kbps; sample rate 44100 Hz; desempate final por relative_path",192000,44100,true,GOOD
"Sunnify/10 - Cê tá doido/Pior É Te Perder Aonde Você Foi Parar - Ao Vivo - Panda, Ícaro e Gilmar, Humberto & Ronaldo, MJ Records.mp3","Pior É Te Perder Aonde Você Foi Parar - Ao Vivo - Panda, Ícaro e Gilmar, Humberto & Ronaldo, MJ Records.mp3",Sunnify/10 - Cê tá doido,Pior É Te Perder / Aonde Você Foi Parar? - Ao Vivo,"Panda, Ícaro e Gilmar, Humberto & Ronaldo, MJ Records",,210,41e3e5d4b54beb98bc485bef5191257f92c70d8ee0f718ea8e7619d29f061ec2,5101814,IMPORT,preserved,UNIQUE,,"Sunnify/10 - Cê tá doido/Pior É Te Perder Aonde Você Foi Parar - Ao Vivo - Panda, Ícaro e Gilmar, Humberto & Ronaldo, MJ Records.mp3","sem erro de leitura; metadata GOOD; título HIGH; artista HIGH; cover presente; bitrate 192 kbps; sample rate 44100 Hz; desempate final por relative_path",192000,44100,true,GOOD
Sunnify/10 - Cê tá doido/Pior Saudade - Ao Vivo - Murilo Huff.mp3,Pior Saudade - Ao Vivo - Murilo Huff.mp3,Sunnify/10 - Cê tá doido,Pior Saudade - Ao Vivo,Murilo Huff,,190,12a320cd7bb17ac7a731c3e0f94b3c8d32ee504c532cebaca9a1c3f5bfd28af5,4605982,IMPORT,preserved,UNIQUE,,Sunnify/10 - Cê tá doido/Pior Saudade - Ao Vivo - Murilo Huff.mp3,"sem erro de leitura; metadata GOOD; título HIGH; artista HIGH; cover presente; bitrate 192 kbps; sample rate 44100 Hz; desempate final por relative_path",192000,44100,true,GOOD
"Sunnify/10 - Cê tá doido/Planos Impossíveis Jeito Carinhoso - Ao Vivo - Panda, Humberto & Ronaldo, Ícaro e Gilmar, MJ Records.mp3","Planos Impossíveis Jeito Carinhoso - Ao Vivo - Panda, Humberto & Ronaldo, Ícaro e Gilmar, MJ Records.mp3",Sunnify/10 - Cê tá doido,Planos Impossíveis / Jeito Carinhoso - Ao Vivo,"Panda, Humberto & Ronaldo, Ícaro e Gilmar, MJ Records",,202,46558d49fe0747278a98dc22dce36df5d5ea25d308dfd4a622f51d7a2ef3d6b0,4907101,IMPORT,preserved,UNIQUE,,"Sunnify/10 - Cê tá doido/Planos Impossíveis Jeito Carinhoso - Ao Vivo - Panda, Humberto & Ronaldo, Ícaro e Gilmar, MJ Records.mp3","sem erro de leitura; metadata GOOD; título HIGH; artista HIGH; cover presente; bitrate 192 kbps; sample rate 44100 Hz; desempate final por relative_path",192000,44100,true,GOOD
Sunnify/10 - Cê tá doido/Por Causa de um Cowboy - Ao Vivo - Augusto & Atílio.mp3,Por Causa de um Cowboy - Ao Vivo - Augusto & Atílio.mp3,Sunnify/10 - Cê tá doido,Por Causa de um Cowboy - Ao Vivo,Augusto & Atílio,Mete Marcha no Paraná,157,e011745eb7b872bb5ab42087e4ef28eae15b799b34664267c8bcaaa9d5215927,3822353,IMPORT,preserved,UNIQUE,,Sunnify/10 - Cê tá doido/Por Causa de um Cowboy - Ao Vivo - Augusto & Atílio.mp3,"sem erro de leitura; metadata GOOD; título HIGH; artista HIGH; cover presente; bitrate 192 kbps; sample rate 44100 Hz; desempate final por relative_path",192000,44100,true,GOOD
"Sunnify/10 - Cê tá doido/Postinho de Gasolina - João Gustavo e Murilo, Grelo.mp3","Postinho de Gasolina - João Gustavo e Murilo, Grelo.mp3",Sunnify/10 - Cê tá doido,Postinho de Gasolina,"João Gustavo e Murilo, Grelo",,149,2c70707cc017d0899e100db484c426102ebfab5b0889e13d4686575e93525e7e,3647951,SKIP_LIKELY,likely_duplicate,LIKELY_DUPLICATE,20,"Sunnify/09 - Ana Castela/Postinho de Gasolina - João Gustavo e Murilo, Grelo.mp3","sem erro de leitura; metadata GOOD; título HIGH; artista HIGH; cover presente; bitrate 192 kbps; sample rate 44100 Hz; desempate final por relative_path",192000,44100,true,GOOD
"Sunnify/10 - Cê tá doido/Pra Mudar A Minha Vida Você Não Sabe Amar - Ao Vivo - Panda, Humberto & Ronaldo, Ícaro e Gilmar, MJ Records.mp3","Pra Mudar A Minha Vida Você Não Sabe Amar - Ao Vivo - Panda, Humberto & Ronaldo, Ícaro e Gilmar, MJ Records.mp3",Sunnify/10 - Cê tá doido,Pra Mudar A Minha Vida / Você Não Sabe Amar - Ao Vivo,"Panda, Humberto & Ronaldo, Ícaro e Gilmar, MJ Records",,281,1b70fecf4a6830ce980b5ad6987f345a26c2addb00398a6a6e680305318abbcb,6816799,IMPORT,preserved,UNIQUE,,"Sunnify/10 - Cê tá doido/Pra Mudar A Minha Vida Você Não Sabe Amar - Ao Vivo - Panda, Humberto & Ronaldo, Ícaro e Gilmar, MJ Records.mp3","sem erro de leitura; metadata GOOD; título HIGH; artista HIGH; cover presente; bitrate 192 kbps; sample rate 44100 Hz; desempate final por relative_path",192000,44100,true,GOOD
"Sunnify/10 - Cê tá doido/Pra Sempre Você Me Fez Te Amar - Ao Vivo - Panda, Ícaro e Gilmar, Humberto & Ronaldo, MJ Records.mp3","Pra Sempre Você Me Fez Te Amar - Ao Vivo - Panda, Ícaro e Gilmar, Humberto & Ronaldo, MJ Records.mp3",Sunnify/10 - Cê tá doido,Pra Sempre / Você Me Fez Te Amar - Ao Vivo,"Panda, Ícaro e Gilmar, Humberto & Ronaldo, MJ Records",,265,646b31435a27db3d6768faab5deb0f6cdb38114490d13869307d294f87c9544f,6422197,IMPORT,preserved,UNIQUE,,"Sunnify/10 - Cê tá doido/Pra Sempre Você Me Fez Te Amar - Ao Vivo - Panda, Ícaro e Gilmar, Humberto & Ronaldo, MJ Records.mp3","sem erro de leitura; metadata GOOD; título HIGH; artista HIGH; cover presente; bitrate 192 kbps; sample rate 44100 Hz; desempate final por relative_path",192000,44100,true,GOOD
"Sunnify/10 - Cê tá doido/Prazer Por Prazer Eu Sou Desejo, Você é Paixão - Ao Vivo - Panda, Ícaro e Gilmar, Humberto & Ronaldo, MJ Records.mp3","Prazer Por Prazer Eu Sou Desejo, Você é Paixão - Ao Vivo - Panda, Ícaro e Gilmar, Humberto & Ronaldo, MJ Records.mp3",Sunnify/10 - Cê tá doido,"Prazer Por Prazer / Eu Sou Desejo, Você é Paixão - Ao Vivo","Panda, Ícaro e Gilmar, Humberto & Ronaldo, MJ Records",,267,8433a06409491abfddca0e24851b0dd22b82342e75af4a9e39cdee6e8a2ad288,6482474,IMPORT,preserved,UNIQUE,,"Sunnify/10 - Cê tá doido/Prazer Por Prazer Eu Sou Desejo, Você é Paixão - Ao Vivo - Panda, Ícaro e Gilmar, Humberto & Ronaldo, MJ Records.mp3","sem erro de leitura; metadata GOOD; título HIGH; artista HIGH; cover presente; bitrate 192 kbps; sample rate 44100 Hz; desempate final por relative_path",192000,44100,true,GOOD
"Sunnify/10 - Cê tá doido/Preciso Te Encontrar Fim De Semana - Ao Vivo - Panda, Humberto & Ronaldo, Ícaro e Gilmar, MJ Records.mp3","Preciso Te Encontrar Fim De Semana - Ao Vivo - Panda, Humberto & Ronaldo, Ícaro e Gilmar, MJ Records.mp3",Sunnify/10 - Cê tá doido,Preciso Te Encontrar / Fim De Semana - Ao Vivo,"Panda, Humberto & Ronaldo, Ícaro e Gilmar, MJ Records",,183,f263465bc94b775e78df19f03f2fa152b98f2e90767866e44bfb6e22ffa832e3,4455881,IMPORT,preserved,UNIQUE,,"Sunnify/10 - Cê tá doido/Preciso Te Encontrar Fim De Semana - Ao Vivo - Panda, Humberto & Ronaldo, Ícaro e Gilmar, MJ Records.mp3","sem erro de leitura; metadata GOOD; título HIGH; artista HIGH; cover presente; bitrate 192 kbps; sample rate 44100 Hz; desempate final por relative_path",192000,44100,true,GOOD
"Sunnify/10 - Cê tá doido/Primeiros Erros Esperando na Janela - Ao Vivo - Panda, Humberto & Ronaldo, Ícaro e Gilmar, MJ Records.mp3","Primeiros Erros Esperando na Janela - Ao Vivo - Panda, Humberto & Ronaldo, Ícaro e Gilmar, MJ Records.mp3",Sunnify/10 - Cê tá doido,Primeiros Erros / Esperando na Janela - Ao Vivo,"Panda, Humberto & Ronaldo, Ícaro e Gilmar, MJ Records",,317,c25cf6a371a22246c09fa9db04f64ea8000b8da546fb204348b80c881d2d41b1,7688446,IMPORT,preserved,UNIQUE,,"Sunnify/10 - Cê tá doido/Primeiros Erros Esperando na Janela - Ao Vivo - Panda, Humberto & Ronaldo, Ícaro e Gilmar, MJ Records.mp3","sem erro de leitura; metadata GOOD; título HIGH; artista HIGH; cover presente; bitrate 192 kbps; sample rate 44100 Hz; desempate final por relative_path",192000,44100,true,GOOD
"Sunnify/10 - Cê tá doido/Que Era Eu Duas Vidas, Dois Amores - Ao Vivo - Panda, Ícaro e Gilmar, Humberto & Ronaldo, MJ Records.mp3","Que Era Eu Duas Vidas, Dois Amores - Ao Vivo - Panda, Ícaro e Gilmar, Humberto & Ronaldo, MJ Records.mp3",Sunnify/10 - Cê tá doido,"Que Era Eu / Duas Vidas, Dois Amores - Ao Vivo","Panda, Ícaro e Gilmar, Humberto & Ronaldo, MJ Records",,236,96c871c83b9e99e073173ee0a05f242bf79ddb188ed0f3547e5a16d810a3879c,5741641,IMPORT,preserved,UNIQUE,,"Sunnify/10 - Cê tá doido/Que Era Eu Duas Vidas, Dois Amores - Ao Vivo - Panda, Ícaro e Gilmar, Humberto & Ronaldo, MJ Records.mp3","sem erro de leitura; metadata GOOD; título HIGH; artista HIGH; cover presente; bitrate 192 kbps; sample rate 44100 Hz; desempate final por relative_path",192000,44100,true,GOOD
Sunnify/10 - Cê tá doido/Reforma - Yuri Higa.mp3,Reforma - Yuri Higa.mp3,Sunnify/10 - Cê tá doido,Reforma,Yuri Higa,Reforma,147,56d5007727bf7b9c78c51aa30c242ba8a956b559b77cfa96796cacd57615ea29,3580702,IMPORT,preserved,UNIQUE,,Sunnify/10 - Cê tá doido/Reforma - Yuri Higa.mp3,"sem erro de leitura; metadata GOOD; título HIGH; artista HIGH; cover presente; bitrate 192 kbps; sample rate 44100 Hz; desempate final por relative_path",192000,44100,true,GOOD
"Sunnify/10 - Cê tá doido/Reinventar Guerra Fria - Ao Vivo - Panda, Ícaro e Gilmar, Humberto & Ronaldo, MJ Records.mp3","Reinventar Guerra Fria - Ao Vivo - Panda, Ícaro e Gilmar, Humberto & Ronaldo, MJ Records.mp3",Sunnify/10 - Cê tá doido,Reinventar / Guerra Fria - Ao Vivo,"Panda, Ícaro e Gilmar, Humberto & Ronaldo, MJ Records",,279,2cddff8b46ae8b596fadc60da5955da1f4bdb2725140d6e395ee07d46f953d0f,6781173,IMPORT,preserved,UNIQUE,,"Sunnify/10 - Cê tá doido/Reinventar Guerra Fria - Ao Vivo - Panda, Ícaro e Gilmar, Humberto & Ronaldo, MJ Records.mp3","sem erro de leitura; metadata GOOD; título HIGH; artista HIGH; cover presente; bitrate 192 kbps; sample rate 44100 Hz; desempate final por relative_path",192000,44100,true,GOOD
"Sunnify/10 - Cê tá doido/Role Perfeito - Ao Vivo - Kaique e Felipe, CountryBeat.mp3","Role Perfeito - Ao Vivo - Kaique e Felipe, CountryBeat.mp3",Sunnify/10 - Cê tá doido,Role Perfeito - Ao Vivo,"Kaique e Felipe, CountryBeat",Role Perfeito (Ao Vivo),174,8621573c617a9673dfd84b79dc745454bf37fd67a00deae2979b05aaf8807fb8,4234410,IMPORT,likely_duplicate_representative,LIKELY_DUPLICATE,21,"Sunnify/10 - Cê tá doido/Role Perfeito - Ao Vivo - Kaique e Felipe, CountryBeat.mp3","sem erro de leitura; metadata GOOD; título HIGH; artista HIGH; cover presente; bitrate 192 kbps; sample rate 44100 Hz; desempate final por relative_path",192000,44100,true,GOOD
Sunnify/10 - Cê tá doido/Saudade Boa - Ao Vivo - Matheus & Kauan.mp3,Saudade Boa - Ao Vivo - Matheus & Kauan.mp3,Sunnify/10 - Cê tá doido,Saudade Boa - Ao Vivo,Matheus & Kauan,,201,408d31d2f580527dbbb5a2b2038a6a92548e34f55fcdf140d291703a43382305,4871426,IMPORT,preserved,UNIQUE,,Sunnify/10 - Cê tá doido/Saudade Boa - Ao Vivo - Matheus & Kauan.mp3,"sem erro de leitura; metadata GOOD; título HIGH; artista HIGH; cover presente; bitrate 192 kbps; sample rate 44100 Hz; desempate final por relative_path",192000,44100,true,GOOD
"Sunnify/10 - Cê tá doido/Saudade do Carai - Mari Fernandez, Grelo, Natanzinho Lima.mp3","Saudade do Carai - Mari Fernandez, Grelo, Natanzinho Lima.mp3",Sunnify/10 - Cê tá doido,Saudade do Carai,"Mari Fernandez, Grelo, Natanzinho Lima",Saudade do Carai,171,3e0aa55fc32bba9ec3d1ca618f86550a79337735a1de5ebf85bd17c23b60c2b6,4162921,IMPORT,preserved,UNIQUE,,"Sunnify/10 - Cê tá doido/Saudade do Carai - Mari Fernandez, Grelo, Natanzinho Lima.mp3","sem erro de leitura; metadata GOOD; título HIGH; artista HIGH; cover presente; bitrate 192 kbps; sample rate 44100 Hz; desempate final por relative_path",192000,44100,true,GOOD
Sunnify/10 - Cê tá doido/Saudade Estranha - Du Nada - Ao Vivo - Murilo Huff.mp3,Saudade Estranha - Du Nada - Ao Vivo - Murilo Huff.mp3,Sunnify/10 - Cê tá doido,Saudade Estranha - Du Nada - Ao Vivo,Murilo Huff,,178,b06f2ed481a98ef991b33aee9844e70ce6b9123459cd3aad3450beed8c83ee15,4320740,SKIP_LIKELY,likely_duplicate,LIKELY_DUPLICATE,13,Sunnify/07 - Zé Neto e Cristiano/Saudade Estranha - Du Nada - Ao Vivo - Murilo Huff.mp3,"sem erro de leitura; metadata GOOD; título HIGH; artista HIGH; cover presente; bitrate 192 kbps; sample rate 44100 Hz; desempate final por relative_path",192000,44100,true,GOOD
"Sunnify/10 - Cê tá doido/Saudade Na Bebida - Ao Vivo - Paulo e Nathan, Panda.mp3","Saudade Na Bebida - Ao Vivo - Paulo e Nathan, Panda.mp3",Sunnify/10 - Cê tá doido,Saudade Na Bebida - Ao Vivo,"Paulo e Nathan, Panda",,158,4d0424bc66cd307aff2c0825371aedeb5e4746dc5ad1f5adce2db6b7c943fe81,3838974,IMPORT,preserved,UNIQUE,,"Sunnify/10 - Cê tá doido/Saudade Na Bebida - Ao Vivo - Paulo e Nathan, Panda.mp3","sem erro de leitura; metadata GOOD; título HIGH; artista HIGH; cover presente; bitrate 192 kbps; sample rate 44100 Hz; desempate final por relative_path",192000,44100,true,GOOD
"Sunnify/10 - Cê tá doido/Sem Esse Coração Azul - Ao Vivo - Panda, Humberto & Ronaldo, Ícaro e Gilmar, MJ Records.mp3","Sem Esse Coração Azul - Ao Vivo - Panda, Humberto & Ronaldo, Ícaro e Gilmar, MJ Records.mp3",Sunnify/10 - Cê tá doido,Sem Esse Coração / Azul - Ao Vivo,"Panda, Humberto & Ronaldo, Ícaro e Gilmar, MJ Records",,218,ad60da3b8583422e56ee8b4837ea27dbbf56e4ac2d1e3fb12fca8a29aa88be8c,5288635,IMPORT,preserved,UNIQUE,,"Sunnify/10 - Cê tá doido/Sem Esse Coração Azul - Ao Vivo - Panda, Humberto & Ronaldo, Ícaro e Gilmar, MJ Records.mp3","sem erro de leitura; metadata GOOD; título HIGH; artista HIGH; cover presente; bitrate 192 kbps; sample rate 44100 Hz; desempate final por relative_path",192000,44100,true,GOOD
"Sunnify/10 - Cê tá doido/Sensível Demais É Isso Aí - Ao Vivo - Ícaro e Gilmar, Panda, Humberto & Ronaldo, MJ Records.mp3","Sensível Demais É Isso Aí - Ao Vivo - Ícaro e Gilmar, Panda, Humberto & Ronaldo, MJ Records.mp3",Sunnify/10 - Cê tá doido,Sensível Demais / É Isso Aí - Ao Vivo,"Ícaro e Gilmar, Panda, Humberto & Ronaldo, MJ Records",,195,baeee77a1e569316c7887238c7021ece0a39a841fae6216de1bc9ddc6a536a25,4749233,IMPORT,preserved,UNIQUE,,"Sunnify/10 - Cê tá doido/Sensível Demais É Isso Aí - Ao Vivo - Ícaro e Gilmar, Panda, Humberto & Ronaldo, MJ Records.mp3","sem erro de leitura; metadata GOOD; título HIGH; artista HIGH; cover presente; bitrate 192 kbps; sample rate 44100 Hz; desempate final por relative_path",192000,44100,true,GOOD
"Sunnify/10 - Cê tá doido/Só Com Ela - Ao Vivo - Murilo Huff, Matheus Fernandes.mp3","Só Com Ela - Ao Vivo - Murilo Huff, Matheus Fernandes.mp3",Sunnify/10 - Cê tá doido,Só Com Ela - Ao Vivo,"Murilo Huff, Matheus Fernandes",Só Com Ela (Ao Vivo),169,44f678fb73e219066155a0c3a522b365b0d8e019f1640b2025556d85e69e0ca0,4103653,IMPORT,preserved,UNIQUE,,"Sunnify/10 - Cê tá doido/Só Com Ela - Ao Vivo - Murilo Huff, Matheus Fernandes.mp3","sem erro de leitura; metadata GOOD; título HIGH; artista HIGH; cover presente; bitrate 192 kbps; sample rate 44100 Hz; desempate final por relative_path",192000,44100,true,GOOD
"Sunnify/10 - Cê tá doido/Só pro Meu Prazer - Ao Vivo - Filtr Music Brasil, Mari Fernandez, Léo Foguete.mp3","Só pro Meu Prazer - Ao Vivo - Filtr Music Brasil, Mari Fernandez, Léo Foguete.mp3",Sunnify/10 - Cê tá doido,Só pro Meu Prazer - Ao Vivo,"Filtr Music Brasil, Mari Fernandez, Léo Foguete",Só pro Meu Prazer (Ao Vivo),144,b684231c87e99a022144b53441cabedcc13dde335815d3c1f31e6b0e164ab725,3505429,IMPORT,preserved,UNIQUE,,"Sunnify/10 - Cê tá doido/Só pro Meu Prazer - Ao Vivo - Filtr Music Brasil, Mari Fernandez, Léo Foguete.mp3","sem erro de leitura; metadata GOOD; título HIGH; artista HIGH; cover presente; bitrate 192 kbps; sample rate 44100 Hz; desempate final por relative_path",192000,44100,true,GOOD
"Sunnify/10 - Cê tá doido/Te Perdi Pros Paredão - Ao Vivo - Mayke & Rodrigo, Kaique e Felipe.mp3","Te Perdi Pros Paredão - Ao Vivo - Mayke & Rodrigo, Kaique e Felipe.mp3",Sunnify/10 - Cê tá doido,Te Perdi Pros Paredão - Ao Vivo,"Mayke & Rodrigo, Kaique e Felipe",Te Perdi Pros Paredão (Ao Vivo),144,d9c5b4bd12881ba3cf664d006e182b8a52ac1769d8c5957b7997b63a80bcb358,3511258,IMPORT,preserved,UNIQUE,,"Sunnify/10 - Cê tá doido/Te Perdi Pros Paredão - Ao Vivo - Mayke & Rodrigo, Kaique e Felipe.mp3","sem erro de leitura; metadata GOOD; título HIGH; artista HIGH; cover presente; bitrate 192 kbps; sample rate 44100 Hz; desempate final por relative_path",192000,44100,true,GOOD
"Sunnify/10 - Cê tá doido/Tem Que Ser Você O Que Combina Comigo É Você - Ao Vivo - Ícaro e Gilmar, Panda, Humberto & Ronaldo, MJ Records.mp3","Tem Que Ser Você O Que Combina Comigo É Você - Ao Vivo - Ícaro e Gilmar, Panda, Humberto & Ronaldo, MJ Records.mp3",Sunnify/10 - Cê tá doido,Tem Que Ser Você / O Que Combina Comigo É Você - Ao Vivo,"Ícaro e Gilmar, Panda, Humberto & Ronaldo, MJ Records",,218,11495cb4f512bd24d69972bffc4065d4532fefb537abb4ccabb59ba593809fe2,5289607,IMPORT,preserved,UNIQUE,,"Sunnify/10 - Cê tá doido/Tem Que Ser Você O Que Combina Comigo É Você - Ao Vivo - Ícaro e Gilmar, Panda, Humberto & Ronaldo, MJ Records.mp3","sem erro de leitura; metadata GOOD; título HIGH; artista HIGH; cover presente; bitrate 192 kbps; sample rate 44100 Hz; desempate final por relative_path",192000,44100,true,GOOD
Sunnify/10 - Cê tá doido/Texana 37 - Bruno & Barretto.mp3,Texana 37 - Bruno & Barretto.mp3,Sunnify/10 - Cê tá doido,Texana 37,Bruno & Barretto,,130,b9eaa456d3ad66b092e856ddd8a5e1592cb9912d38bbd6e35a0e974c0fa71151,3174898,IMPORT,preserved,UNIQUE,,Sunnify/10 - Cê tá doido/Texana 37 - Bruno & Barretto.mp3,"sem erro de leitura; metadata GOOD; título HIGH; artista HIGH; cover presente; bitrate 192 kbps; sample rate 44100 Hz; desempate final por relative_path",192000,44100,true,GOOD
"Sunnify/10 - Cê tá doido/Tira Ela De Mim Dividido - Ao Vivo - Panda, Humberto & Ronaldo, Ícaro e Gilmar, MJ Records.mp3","Tira Ela De Mim Dividido - Ao Vivo - Panda, Humberto & Ronaldo, Ícaro e Gilmar, MJ Records.mp3",Sunnify/10 - Cê tá doido,Tira Ela De Mim / Dividido - Ao Vivo,"Panda, Humberto & Ronaldo, Ícaro e Gilmar, MJ Records",,278,153373aab68e35cc5d64f0785557e860cd0525a6f2f7e535f00086c13a8b13ff,6723886,IMPORT,preserved,UNIQUE,,"Sunnify/10 - Cê tá doido/Tira Ela De Mim Dividido - Ao Vivo - Panda, Humberto & Ronaldo, Ícaro e Gilmar, MJ Records.mp3","sem erro de leitura; metadata GOOD; título HIGH; artista HIGH; cover presente; bitrate 192 kbps; sample rate 44100 Hz; desempate final por relative_path",192000,44100,true,GOOD
Sunnify/10 - Cê tá doido/Tudo Acabou - Ao Vivo - Vini & Lucas.mp3,Tudo Acabou - Ao Vivo - Vini & Lucas.mp3,Sunnify/10 - Cê tá doido,Tudo Acabou - Ao Vivo,Vini & Lucas,Bar do Vini & Lucas (São Paulo) [Ao Vivo],194,62b0cc3600201866553c9cc81bd4a06b255c749d6493ee6ba6c7e7b10a8310b6,4700421,IMPORT,likely_duplicate_representative,LIKELY_DUPLICATE,14,Sunnify/10 - Cê tá doido/Tudo Acabou - Ao Vivo - Vini & Lucas.mp3,"sem erro de leitura; metadata GOOD; título HIGH; artista HIGH; cover presente; bitrate 192 kbps; sample rate 44100 Hz; desempate final por relative_path",192000,44100,true,GOOD
"Sunnify/10 - Cê tá doido/Tudo Que Vai Tempo Perdido - Ao Vivo - Panda, Humberto & Ronaldo, Ícaro e Gilmar, MJ Records.mp3","Tudo Que Vai Tempo Perdido - Ao Vivo - Panda, Humberto & Ronaldo, Ícaro e Gilmar, MJ Records.mp3",Sunnify/10 - Cê tá doido,Tudo Que Vai / Tempo Perdido - Ao Vivo,"Panda, Humberto & Ronaldo, Ícaro e Gilmar, MJ Records",,401,11686166dc9d650495da5c79f7ad963d94a3065217e07e4ae7831c7a909d2ffd,9685194,IMPORT,preserved,UNIQUE,,"Sunnify/10 - Cê tá doido/Tudo Que Vai Tempo Perdido - Ao Vivo - Panda, Humberto & Ronaldo, Ícaro e Gilmar, MJ Records.mp3","sem erro de leitura; metadata GOOD; título HIGH; artista HIGH; cover presente; bitrate 192 kbps; sample rate 44100 Hz; desempate final por relative_path",192000,44100,true,GOOD
"Sunnify/10 - Cê tá doido/Tudo Que Você Quiser Te Esperando - Ao Vivo - Panda, Humberto & Ronaldo, Ícaro e Gilmar, MJ Records.mp3","Tudo Que Você Quiser Te Esperando - Ao Vivo - Panda, Humberto & Ronaldo, Ícaro e Gilmar, MJ Records.mp3",Sunnify/10 - Cê tá doido,Tudo Que Você Quiser / Te Esperando - Ao Vivo,"Panda, Humberto & Ronaldo, Ícaro e Gilmar, MJ Records",,308,fa5ac741d5cbf8116e31deaef1cb327604eafad5e63085013d3cc68a32323f43,7446233,IMPORT,preserved,UNIQUE,,"Sunnify/10 - Cê tá doido/Tudo Que Você Quiser Te Esperando - Ao Vivo - Panda, Humberto & Ronaldo, Ícaro e Gilmar, MJ Records.mp3","sem erro de leitura; metadata GOOD; título HIGH; artista HIGH; cover presente; bitrate 192 kbps; sample rate 44100 Hz; desempate final por relative_path",192000,44100,true,GOOD
Sunnify/10 - Cê tá doido/Tudo Vai Ficar Bem - Marília Mendonça.mp3,Tudo Vai Ficar Bem - Marília Mendonça.mp3,Sunnify/10 - Cê tá doido,Tudo Vai Ficar Bem,Marília Mendonça,Tudo Vai Ficar Bem,181,7d4cce67c07cc750405c6f58340793e4819d01da6b85d839547699224e4862a5,4369728,IMPORT,preserved,UNIQUE,,Sunnify/10 - Cê tá doido/Tudo Vai Ficar Bem - Marília Mendonça.mp3,"sem erro de leitura; metadata GOOD; título HIGH; artista HIGH; cover presente; bitrate 192 kbps; sample rate 44100 Hz; desempate final por relative_path",192000,44100,true,GOOD
"Sunnify/10 - Cê tá doido/Um Louco Deixaria Tudo Eu Mereço - Junior Marques, Fred e Fabrício, Ícaro e Gilmar.mp3","Um Louco Deixaria Tudo Eu Mereço - Junior Marques, Fred e Fabrício, Ícaro e Gilmar.mp3",Sunnify/10 - Cê tá doido,Um Louco / Deixaria Tudo / Eu Mereço,"Junior Marques, Fred e Fabrício, Ícaro e Gilmar",,399,6cd79f53fe538d5ce5d60679cc98eb793e22817d7e4b7667250a031b39a1c02d,9629168,IMPORT,preserved,UNIQUE,,"Sunnify/10 - Cê tá doido/Um Louco Deixaria Tudo Eu Mereço - Junior Marques, Fred e Fabrício, Ícaro e Gilmar.mp3","sem erro de leitura; metadata GOOD; título HIGH; artista HIGH; cover presente; bitrate 192 kbps; sample rate 44100 Hz; desempate final por relative_path",192000,44100,true,GOOD
"Sunnify/10 - Cê tá doido/Um Peão Desse - CountryBeat, Mari Fernandez.mp3","Um Peão Desse - CountryBeat, Mari Fernandez.mp3",Sunnify/10 - Cê tá doido,Um Peão Desse,"CountryBeat, Mari Fernandez",Um Peão Desse,127,3c955800a4fa44f14aa3ac16e18158a538f9c41de329ed9ed49519b4d37d1d7c,3107099,IMPORT,likely_duplicate_representative,LIKELY_DUPLICATE,22,"Sunnify/10 - Cê tá doido/Um Peão Desse - CountryBeat, Mari Fernandez.mp3","sem erro de leitura; metadata GOOD; título HIGH; artista HIGH; cover presente; bitrate 192 kbps; sample rate 44100 Hz; desempate final por relative_path",192000,44100,true,GOOD
"Sunnify/10 - Cê tá doido/Vai Brasil - Ao Vivo - Panda, Ícaro e Gilmar, Humberto & Ronaldo, MJ Records.mp3","Vai Brasil - Ao Vivo - Panda, Ícaro e Gilmar, Humberto & Ronaldo, MJ Records.mp3",Sunnify/10 - Cê tá doido,Vai Brasil - Ao Vivo,"Panda, Ícaro e Gilmar, Humberto & Ronaldo, MJ Records",,134,40d4b572cbe53ae4919c4550cb08b57268610f21e19036c9df745614926282c8,3286045,IMPORT,preserved,UNIQUE,,"Sunnify/10 - Cê tá doido/Vai Brasil - Ao Vivo - Panda, Ícaro e Gilmar, Humberto & Ronaldo, MJ Records.mp3","sem erro de leitura; metadata GOOD; título HIGH; artista HIGH; cover presente; bitrate 192 kbps; sample rate 44100 Hz; desempate final por relative_path",192000,44100,true,GOOD
"Sunnify/11 - Israel e Rodolffo/200 Reais - Ao Vivo - Panda, João Neto & Frederico, MJ Records.mp3","200 Reais - Ao Vivo - Panda, João Neto & Frederico, MJ Records.mp3",Sunnify/11 - Israel e Rodolffo,200 Reais - Ao Vivo,"Panda, João Neto & Frederico, MJ Records",,149,c9096f6a656d92da25f1a0ea12a017ae924a7d15738cc9c09fbe3e8fc4908041,3625176,SKIP_LIKELY,likely_duplicate,LIKELY_DUPLICATE,23,"Sunnify/10 - Cê tá doido/200 Reais - Ao Vivo - Panda, João Neto & Frederico, MJ Records.mp3","sem erro de leitura; metadata GOOD; título HIGH; artista HIGH; cover presente; bitrate 192 kbps; sample rate 44100 Hz; desempate final por relative_path",192000,44100,true,GOOD
Sunnify/11 - Israel e Rodolffo/2020 - Ao Vivo - Israel & Rodolffo.mp3,2020 - Ao Vivo - Israel & Rodolffo.mp3,Sunnify/11 - Israel e Rodolffo,2020 - Ao Vivo,Israel & Rodolffo,,134,7032a2f6232d1cef5b584bc925b00ee901b9eb1120355590f4656bd2ae4365f4,3262713,IMPORT,preserved,UNIQUE,,Sunnify/11 - Israel e Rodolffo/2020 - Ao Vivo - Israel & Rodolffo.mp3,"sem erro de leitura; metadata GOOD; título HIGH; artista HIGH; cover presente; bitrate 192 kbps; sample rate 44100 Hz; desempate final por relative_path",192000,44100,true,GOOD
"Sunnify/11 - Israel e Rodolffo/Alguns Defeitos - Léo Foguete, Panda.mp3","Alguns Defeitos - Léo Foguete, Panda.mp3",Sunnify/11 - Israel e Rodolffo,Alguns Defeitos,"Léo Foguete, Panda",,148,c29459341d404fa9c54dcb349773e62630b123d70f473abf29cbc4201c09b221,3591678,IMPORT,preserved,UNIQUE,,"Sunnify/11 - Israel e Rodolffo/Alguns Defeitos - Léo Foguete, Panda.mp3","sem erro de leitura; metadata GOOD; título HIGH; artista HIGH; cover presente; bitrate 192 kbps; sample rate 44100 Hz; desempate final por relative_path",192000,44100,true,GOOD
"Sunnify/11 - Israel e Rodolffo/Amor Não Dá Em Copo - Ao Vivo - Israel & Rodolffo, Hugo & Guilherme.mp3","Amor Não Dá Em Copo - Ao Vivo - Israel & Rodolffo, Hugo & Guilherme.mp3",Sunnify/11 - Israel e Rodolffo,Amor Não Dá Em Copo - Ao Vivo,"Israel & Rodolffo, Hugo & Guilherme",,169,6480a7d760a7f40b291159c99b63424166f88b137e9ed67a8c92542b55235b96,4115346,IMPORT,preserved,UNIQUE,,"Sunnify/11 - Israel e Rodolffo/Amor Não Dá Em Copo - Ao Vivo - Israel & Rodolffo, Hugo & Guilherme.mp3","sem erro de leitura; metadata GOOD; título HIGH; artista HIGH; cover presente; bitrate 192 kbps; sample rate 44100 Hz; desempate final por relative_path",192000,44100,true,GOOD
Sunnify/11 - Israel e Rodolffo/Amor Que É Bom Ninguém Quer Dar - Ao Vivo - Israel & Rodolffo.mp3,Amor Que É Bom Ninguém Quer Dar - Ao Vivo - Israel & Rodolffo.mp3,Sunnify/11 - Israel e Rodolffo,Amor Que É Bom Ninguém Quer Dar - Ao Vivo,Israel & Rodolffo,,172,6d6d93ffd8df44128d399530ff114c487a35971f6ecca794e7a12d1fa74b383a,4195419,IMPORT,preserved,UNIQUE,,Sunnify/11 - Israel e Rodolffo/Amor Que É Bom Ninguém Quer Dar - Ao Vivo - Israel & Rodolffo.mp3,"sem erro de leitura; metadata GOOD; título HIGH; artista HIGH; cover presente; bitrate 192 kbps; sample rate 44100 Hz; desempate final por relative_path",192000,44100,true,GOOD
Sunnify/11 - Israel e Rodolffo/Arruma Um Bão - Israel & Rodolffo.mp3,Arruma Um Bão - Israel & Rodolffo.mp3,Sunnify/11 - Israel e Rodolffo,Arruma Um Bão,Israel & Rodolffo,,176,0c1da9d46257c6effd6bc53d8964d559adbe72374475dcb84f177565d2a1f8e1,4285165,IMPORT,preserved,UNIQUE,,Sunnify/11 - Israel e Rodolffo/Arruma Um Bão - Israel & Rodolffo.mp3,"sem erro de leitura; metadata GOOD; título HIGH; artista HIGH; cover presente; bitrate 192 kbps; sample rate 44100 Hz; desempate final por relative_path",192000,44100,true,GOOD
Sunnify/11 - Israel e Rodolffo/Bala Alojada - Gusttavo Lima.mp3,Bala Alojada - Gusttavo Lima.mp3,Sunnify/11 - Israel e Rodolffo,Bala Alojada,Gusttavo Lima,,220,697cef112ec2adb4186f9989fd775f28b1782cf4168ae3ac3282d399b0d7ad86,5328532,SKIP_LIKELY,likely_duplicate,LIKELY_DUPLICATE,3,Sunnify/10 - Cê tá doido/Bala Alojada - Gusttavo Lima.mp3,"sem erro de leitura; metadata GOOD; título HIGH; artista HIGH; cover presente; bitrate 192 kbps; sample rate 44100 Hz; desempate final por relative_path",192000,44100,true,GOOD
Sunnify/11 - Israel e Rodolffo/Barulho Do Foguete - Ao Vivo - Zé Neto & Cristiano.mp3,Barulho Do Foguete - Ao Vivo - Zé Neto & Cristiano.mp3,Sunnify/11 - Israel e Rodolffo,Barulho Do Foguete - Ao Vivo,Zé Neto & Cristiano,,134,b3f0fb6a9c823ed04cd29eb2c9d3b6417527fd71198a910d5e87060b3f61956f,3266465,SKIP_LIKELY,likely_duplicate,LIKELY_DUPLICATE,4,Sunnify/09 - Ana Castela/Barulho Do Foguete - Ao Vivo - Zé Neto & Cristiano.mp3,"sem erro de leitura; metadata GOOD; título HIGH; artista HIGH; cover presente; bitrate 192 kbps; sample rate 44100 Hz; desempate final por relative_path",192000,44100,true,GOOD
Sunnify/11 - Israel e Rodolffo/Batom de Cereja - Ao Vivo - Israel & Rodolffo.mp3,Batom de Cereja - Ao Vivo - Israel & Rodolffo.mp3,Sunnify/11 - Israel e Rodolffo,Batom de Cereja - Ao Vivo,Israel & Rodolffo,,141,899452b3549c87186433f8753e428b06443e42fd1a6742e28a11d93f0595a3a1,3448368,IMPORT,preserved,UNIQUE,,Sunnify/11 - Israel e Rodolffo/Batom de Cereja - Ao Vivo - Israel & Rodolffo.mp3,"sem erro de leitura; metadata GOOD; título HIGH; artista HIGH; cover presente; bitrate 192 kbps; sample rate 44100 Hz; desempate final por relative_path",192000,44100,true,GOOD
"Sunnify/11 - Israel e Rodolffo/Bombonzinho - Ao Vivo - Israel & Rodolffo, Ana Castela.mp3","Bombonzinho - Ao Vivo - Israel & Rodolffo, Ana Castela.mp3",Sunnify/11 - Israel e Rodolffo,Bombonzinho - Ao Vivo,"Israel & Rodolffo, Ana Castela",,155,efbf9a53deffda90a0ab812f72065de441717a01adaa1bfde1b2678309cae7c0,3771911,SKIP_LIKELY,likely_duplicate,LIKELY_DUPLICATE,15,"Sunnify/09 - Ana Castela/Bombonzinho - Ao Vivo - Israel & Rodolffo, Ana Castela.mp3","sem erro de leitura; metadata GOOD; título HIGH; artista HIGH; cover presente; bitrate 192 kbps; sample rate 44100 Hz; desempate final por relative_path",192000,44100,true,GOOD
"Sunnify/11 - Israel e Rodolffo/Casa Mobiliada - Acústico Ao Vivo - Israel & Rodolffo, Edson & Hudson.mp3","Casa Mobiliada - Acústico Ao Vivo - Israel & Rodolffo, Edson & Hudson.mp3",Sunnify/11 - Israel e Rodolffo,Casa Mobiliada - Acústico | Ao Vivo,"Israel & Rodolffo, Edson & Hudson",,160,20505a3fa310e0d45592c59eac5230721c46632a502baba4d0d68630c43065e3,3870157,IMPORT,preserved,UNIQUE,,"Sunnify/11 - Israel e Rodolffo/Casa Mobiliada - Acústico Ao Vivo - Israel & Rodolffo, Edson & Hudson.mp3","sem erro de leitura; metadata GOOD; título HIGH; artista HIGH; cover presente; bitrate 192 kbps; sample rate 44100 Hz; desempate final por relative_path",192000,44100,true,GOOD
Sunnify/11 - Israel e Rodolffo/Cê Não Pega Mais - Ao Vivo - Israel & Rodolffo.mp3,Cê Não Pega Mais - Ao Vivo - Israel & Rodolffo.mp3,Sunnify/11 - Israel e Rodolffo,Cê Não Pega Mais - Ao Vivo,Israel & Rodolffo,,137,50493d168e1b593cc443bb10ec862e4cf5549fd6ec489cd76ee7c94a482b53c4,3344266,IMPORT,preserved,UNIQUE,,Sunnify/11 - Israel e Rodolffo/Cê Não Pega Mais - Ao Vivo - Israel & Rodolffo.mp3,"sem erro de leitura; metadata GOOD; título HIGH; artista HIGH; cover presente; bitrate 192 kbps; sample rate 44100 Hz; desempate final por relative_path",192000,44100,true,GOOD
Sunnify/11 - Israel e Rodolffo/Chegou um Áudio - Ao Vivo Faixa Bônus - Israel & Rodolffo.mp3,Chegou um Áudio - Ao Vivo Faixa Bônus - Israel & Rodolffo.mp3,Sunnify/11 - Israel e Rodolffo,Chegou um Áudio - Ao Vivo | Faixa Bônus,Israel & Rodolffo,,151,95c46cd21aaee9afbc6d2d20cb76b28d03e1afde64c32fc09bb34eee65701f5f,3687606,IMPORT,preserved,UNIQUE,,Sunnify/11 - Israel e Rodolffo/Chegou um Áudio - Ao Vivo Faixa Bônus - Israel & Rodolffo.mp3,"sem erro de leitura; metadata GOOD; título HIGH; artista HIGH; cover presente; bitrate 192 kbps; sample rate 44100 Hz; desempate final por relative_path",192000,44100,true,GOOD
Sunnify/11 - Israel e Rodolffo/Comigo - Ao Vivo - Israel & Rodolffo.mp3,Comigo - Ao Vivo - Israel & Rodolffo.mp3,Sunnify/11 - Israel e Rodolffo,Comigo - Ao Vivo,Israel & Rodolffo,,162,18656ab36244878fb154a77d7e872638157e095567be232314558400ddfe22c6,3946011,IMPORT,preserved,UNIQUE,,Sunnify/11 - Israel e Rodolffo/Comigo - Ao Vivo - Israel & Rodolffo.mp3,"sem erro de leitura; metadata GOOD; título HIGH; artista HIGH; cover presente; bitrate 192 kbps; sample rate 44100 Hz; desempate final por relative_path",192000,44100,true,GOOD
Sunnify/11 - Israel e Rodolffo/Conto de Fadas - Ao Vivo - Israel & Rodolffo.mp3,Conto de Fadas - Ao Vivo - Israel & Rodolffo.mp3,Sunnify/11 - Israel e Rodolffo,Conto de Fadas - Ao Vivo,Israel & Rodolffo,,199,7403dc5bfdb71e03452a55a42c1f4411a57f3d8237c49f6ab996c32d5c4794c4,4832365,IMPORT,preserved,UNIQUE,,Sunnify/11 - Israel e Rodolffo/Conto de Fadas - Ao Vivo - Israel & Rodolffo.mp3,"sem erro de leitura; metadata GOOD; título HIGH; artista HIGH; cover presente; bitrate 192 kbps; sample rate 44100 Hz; desempate final por relative_path",192000,44100,true,GOOD
Sunnify/11 - Israel e Rodolffo/Coração de Quatro - Israel & Rodolffo.mp3,Coração de Quatro - Israel & Rodolffo.mp3,Sunnify/11 - Israel e Rodolffo,Coração de Quatro,Israel & Rodolffo,,157,b26cde68bd546700680fdd4cb0df09da6ad96c6bbe9d52e83ef1982d64e2b35e,3816705,IMPORT,preserved,UNIQUE,,Sunnify/11 - Israel e Rodolffo/Coração de Quatro - Israel & Rodolffo.mp3,"sem erro de leitura; metadata GOOD; título HIGH; artista HIGH; cover presente; bitrate 192 kbps; sample rate 44100 Hz; desempate final por relative_path",192000,44100,true,GOOD
Sunnify/11 - Israel e Rodolffo/Da Água Pro Lixo - Acústico Ao Vivo - Israel & Rodolffo.mp3,Da Água Pro Lixo - Acústico Ao Vivo - Israel & Rodolffo.mp3,Sunnify/11 - Israel e Rodolffo,Da Água Pro Lixo - Acústico | Ao Vivo,Israel & Rodolffo,,175,7fc1cbb94f59008d36970e58d597e225377b29956444546e25eb13afd179f84f,4235084,IMPORT,preserved,UNIQUE,,Sunnify/11 - Israel e Rodolffo/Da Água Pro Lixo - Acústico Ao Vivo - Israel & Rodolffo.mp3,"sem erro de leitura; metadata GOOD; título HIGH; artista HIGH; cover presente; bitrate 192 kbps; sample rate 44100 Hz; desempate final por relative_path",192000,44100,true,GOOD
Sunnify/11 - Israel e Rodolffo/Dá Intimidade Pra Ver - Ao Vivo - Israel & Rodolffo.mp3,Dá Intimidade Pra Ver - Ao Vivo - Israel & Rodolffo.mp3,Sunnify/11 - Israel e Rodolffo,Dá Intimidade Pra Ver - Ao Vivo,Israel & Rodolffo,,144,e0101d604a4ebd25ca9902837554af4afbec24b7d9f30619fb1e8d64b545588c,3520669,IMPORT,preserved,UNIQUE,,Sunnify/11 - Israel e Rodolffo/Dá Intimidade Pra Ver - Ao Vivo - Israel & Rodolffo.mp3,"sem erro de leitura; metadata GOOD; título HIGH; artista HIGH; cover presente; bitrate 192 kbps; sample rate 44100 Hz; desempate final por relative_path",192000,44100,true,GOOD
Sunnify/11 - Israel e Rodolffo/Daí A Gente Conversa - Ao Vivo - Israel & Rodolffo.mp3,Daí A Gente Conversa - Ao Vivo - Israel & Rodolffo.mp3,Sunnify/11 - Israel e Rodolffo,Daí A Gente Conversa - Ao Vivo,Israel & Rodolffo,,155,1ddb08da49ec86f9ac90060f1bb3c9b157ee831be4c46dafa018fc474c9b4358,3786408,IMPORT,preserved,UNIQUE,,Sunnify/11 - Israel e Rodolffo/Daí A Gente Conversa - Ao Vivo - Israel & Rodolffo.mp3,"sem erro de leitura; metadata GOOD; título HIGH; artista HIGH; cover presente; bitrate 192 kbps; sample rate 44100 Hz; desempate final por relative_path",192000,44100,true,GOOD
Sunnify/11 - Israel e Rodolffo/Dar uma Namorada - Ao Vivo - Israel & Rodolffo.mp3,Dar uma Namorada - Ao Vivo - Israel & Rodolffo.mp3,Sunnify/11 - Israel e Rodolffo,Dar uma Namorada - Ao Vivo,Israel & Rodolffo,,128,18571a1dc6035b763025150dda98faaa5576c9c3a497eac246da13791fc5c176,3142714,IMPORT,preserved,UNIQUE,,Sunnify/11 - Israel e Rodolffo/Dar uma Namorada - Ao Vivo - Israel & Rodolffo.mp3,"sem erro de leitura; metadata GOOD; título HIGH; artista HIGH; cover presente; bitrate 192 kbps; sample rate 44100 Hz; desempate final por relative_path",192000,44100,true,GOOD
"Sunnify/11 - Israel e Rodolffo/Deixa Eu Chorar - Acústico Ao Vivo - Israel & Rodolffo, Jorge & Mateus.mp3","Deixa Eu Chorar - Acústico Ao Vivo - Israel & Rodolffo, Jorge & Mateus.mp3",Sunnify/11 - Israel e Rodolffo,Deixa Eu Chorar - Acústico | Ao Vivo,"Israel & Rodolffo, Jorge & Mateus",,170,93dccedf99c3a26a2df1034ce0305a797badf54ada4003bfd94203062e3483d9,4135958,IMPORT,preserved,UNIQUE,,"Sunnify/11 - Israel e Rodolffo/Deixa Eu Chorar - Acústico Ao Vivo - Israel & Rodolffo, Jorge & Mateus.mp3","sem erro de leitura; metadata GOOD; título HIGH; artista HIGH; cover presente; bitrate 192 kbps; sample rate 44100 Hz; desempate final por relative_path",192000,44100,true,GOOD
Sunnify/11 - Israel e Rodolffo/Deus Me Livre Quem Me Dera - Israel & Rodolffo.mp3,Deus Me Livre Quem Me Dera - Israel & Rodolffo.mp3,Sunnify/11 - Israel e Rodolffo,Deus Me Livre Quem Me Dera,Israel & Rodolffo,,123,7d5eda772a99fd65df4ea7c464b0bc09443fecde62869c318fd6dd47aaf5bcfa,3009045,IMPORT,preserved,UNIQUE,,Sunnify/11 - Israel e Rodolffo/Deus Me Livre Quem Me Dera - Israel & Rodolffo.mp3,"sem erro de leitura; metadata GOOD; título HIGH; artista HIGH; cover presente; bitrate 192 kbps; sample rate 44100 Hz; desempate final por relative_path",192000,44100,true,GOOD
Sunnify/11 - Israel e Rodolffo/Do Jeito Que Eu Queria - Ao Vivo - Israel & Rodolffo.mp3,Do Jeito Que Eu Queria - Ao Vivo - Israel & Rodolffo.mp3,Sunnify/11 - Israel e Rodolffo,Do Jeito Que Eu Queria - Ao Vivo,Israel & Rodolffo,,161,bf38554524342555f0d251922c18d0f868a41c843879f5e21986fad10b01ecd5,3926175,IMPORT,preserved,UNIQUE,,Sunnify/11 - Israel e Rodolffo/Do Jeito Que Eu Queria - Ao Vivo - Israel & Rodolffo.mp3,"sem erro de leitura; metadata GOOD; título HIGH; artista HIGH; cover presente; bitrate 192 kbps; sample rate 44100 Hz; desempate final por relative_path",192000,44100,true,GOOD
"Sunnify/11 - Israel e Rodolffo/Eu Não Dou Conta - Ao Vivo - Israel & Rodolffo, Mc Don Juan, João Gomes.mp3","Eu Não Dou Conta - Ao Vivo - Israel & Rodolffo, Mc Don Juan, João Gomes.mp3",Sunnify/11 - Israel e Rodolffo,Eu Não Dou Conta - Ao Vivo,"Israel & Rodolffo, Mc Don Juan, João Gomes",,170,8ae90000e414882b956bb8f8b92aac8b5d19c9e138672c2f5b2effca9b9dc11d,4143233,IMPORT,preserved,UNIQUE,,"Sunnify/11 - Israel e Rodolffo/Eu Não Dou Conta - Ao Vivo - Israel & Rodolffo, Mc Don Juan, João Gomes.mp3","sem erro de leitura; metadata GOOD; título HIGH; artista HIGH; cover presente; bitrate 192 kbps; sample rate 44100 Hz; desempate final por relative_path",192000,44100,true,GOOD
Sunnify/11 - Israel e Rodolffo/Eu Não Sou Terapia - Ao Vivo - Danilo e Davi.mp3,Eu Não Sou Terapia - Ao Vivo - Danilo e Davi.mp3,Sunnify/11 - Israel e Rodolffo,Eu Não Sou Terapia - Ao Vivo,Danilo e Davi,,163,20638f20c9a09a02eff48192314356edc3908c5a598e5d480b73d32771ca9cb7,3962902,SKIP_LIKELY,likely_duplicate,LIKELY_DUPLICATE,16,Sunnify/09 - Ana Castela/Eu Não Sou Terapia - Ao Vivo - Danilo e Davi.mp3,"sem erro de leitura; metadata GOOD; título HIGH; artista HIGH; cover presente; bitrate 192 kbps; sample rate 44100 Hz; desempate final por relative_path",192000,44100,true,GOOD
Sunnify/11 - Israel e Rodolffo/Eu ou Você - Ao Vivo - Israel & Rodolffo.mp3,Eu ou Você - Ao Vivo - Israel & Rodolffo.mp3,Sunnify/11 - Israel e Rodolffo,Eu ou Você - Ao Vivo,Israel & Rodolffo,,155,88a4ca8fd351be52fe827df0a0f50989e4c27c53bcd17f6bfd22c59de7a62998,3769171,IMPORT,preserved,UNIQUE,,Sunnify/11 - Israel e Rodolffo/Eu ou Você - Ao Vivo - Israel & Rodolffo.mp3,"sem erro de leitura; metadata GOOD; título HIGH; artista HIGH; cover presente; bitrate 192 kbps; sample rate 44100 Hz; desempate final por relative_path",192000,44100,true,GOOD
Sunnify/11 - Israel e Rodolffo/Ex Alcoolizado - Ao Vivo - Israel & Rodolffo.mp3,Ex Alcoolizado - Ao Vivo - Israel & Rodolffo.mp3,Sunnify/11 - Israel e Rodolffo,Ex Alcoolizado - Ao Vivo,Israel & Rodolffo,,161,2f6c3490ccd3bdef4e2cf105f4c096cc7e31bdc3ab8a084274977757c164885b,3924457,IMPORT,preserved,UNIQUE,,Sunnify/11 - Israel e Rodolffo/Ex Alcoolizado - Ao Vivo - Israel & Rodolffo.mp3,"sem erro de leitura; metadata GOOD; título HIGH; artista HIGH; cover presente; bitrate 192 kbps; sample rate 44100 Hz; desempate final por relative_path",192000,44100,true,GOOD
"Sunnify/11 - Israel e Rodolffo/Faz Amor Comigo Só Hoje - Ao Vivo - Israel & Rodolffo, Wesley Safadão.mp3","Faz Amor Comigo Só Hoje - Ao Vivo - Israel & Rodolffo, Wesley Safadão.mp3",Sunnify/11 - Israel e Rodolffo,Faz Amor Comigo Só Hoje - Ao Vivo,"Israel & Rodolffo, Wesley Safadão",,148,5c83ea5d945a342ae1f4fbac5441ba70201d07171e64a30eaf18b2e3af99a0c0,3607104,IMPORT,preserved,UNIQUE,,"Sunnify/11 - Israel e Rodolffo/Faz Amor Comigo Só Hoje - Ao Vivo - Israel & Rodolffo, Wesley Safadão.mp3","sem erro de leitura; metadata GOOD; título HIGH; artista HIGH; cover presente; bitrate 192 kbps; sample rate 44100 Hz; desempate final por relative_path",192000,44100,true,GOOD
Sunnify/11 - Israel e Rodolffo/Greve De Beijo - Ao Vivo - Israel & Rodolffo.mp3,Greve De Beijo - Ao Vivo - Israel & Rodolffo.mp3,Sunnify/11 - Israel e Rodolffo,Greve De Beijo - Ao Vivo,Israel & Rodolffo,,159,d3046a878f8c205e658ec6bf64b4a41ef03bbaf428323474596e27706785a0a7,3867817,IMPORT,preserved,UNIQUE,,Sunnify/11 - Israel e Rodolffo/Greve De Beijo - Ao Vivo - Israel & Rodolffo.mp3,"sem erro de leitura; metadata GOOD; título HIGH; artista HIGH; cover presente; bitrate 192 kbps; sample rate 44100 Hz; desempate final por relative_path",192000,44100,true,GOOD
Sunnify/11 - Israel e Rodolffo/Guardanapo Borrado - Ao Vivo - Israel & Rodolffo.mp3,Guardanapo Borrado - Ao Vivo - Israel & Rodolffo.mp3,Sunnify/11 - Israel e Rodolffo,Guardanapo Borrado - Ao Vivo,Israel & Rodolffo,,152,c2d0884870bb5fb6899a4e3dad32b880b2f01d2addfaefe49eb6904586d09b01,3709957,IMPORT,preserved,UNIQUE,,Sunnify/11 - Israel e Rodolffo/Guardanapo Borrado - Ao Vivo - Israel & Rodolffo.mp3,"sem erro de leitura; metadata GOOD; título HIGH; artista HIGH; cover presente; bitrate 192 kbps; sample rate 44100 Hz; desempate final por relative_path",192000,44100,true,GOOD
Sunnify/11 - Israel e Rodolffo/Hoje Não - Ao Vivo - Israel & Rodolffo.mp3,Hoje Não - Ao Vivo - Israel & Rodolffo.mp3,Sunnify/11 - Israel e Rodolffo,Hoje Não - Ao Vivo,Israel & Rodolffo,,152,26c6353564a3223dbd6daa429a646f03f236c7eabef887691d05fbdf1d8e8acc,3710447,IMPORT,preserved,UNIQUE,,Sunnify/11 - Israel e Rodolffo/Hoje Não - Ao Vivo - Israel & Rodolffo.mp3,"sem erro de leitura; metadata GOOD; título HIGH; artista HIGH; cover presente; bitrate 192 kbps; sample rate 44100 Hz; desempate final por relative_path",192000,44100,true,GOOD
"Sunnify/11 - Israel e Rodolffo/Marca Evidente - Ao Vivo - Israel & Rodolffo, Jorge & Mateus.mp3","Marca Evidente - Ao Vivo - Israel & Rodolffo, Jorge & Mateus.mp3",Sunnify/11 - Israel e Rodolffo,Marca Evidente - Ao Vivo,"Israel & Rodolffo, Jorge & Mateus",,187,fc3775dcbad7a72ce9fc756a8881cbe368d683f47a7b7466edc27cf7d94f79a8,4538693,IMPORT,preserved,UNIQUE,,"Sunnify/11 - Israel e Rodolffo/Marca Evidente - Ao Vivo - Israel & Rodolffo, Jorge & Mateus.mp3","sem erro de leitura; metadata GOOD; título HIGH; artista HIGH; cover presente; bitrate 192 kbps; sample rate 44100 Hz; desempate final por relative_path",192000,44100,true,GOOD
Sunnify/11 - Israel e Rodolffo/Melhor Que Muita Gente - Ao Vivo - Israel & Rodolffo.mp3,Melhor Que Muita Gente - Ao Vivo - Israel & Rodolffo.mp3,Sunnify/11 - Israel e Rodolffo,Melhor Que Muita Gente - Ao Vivo,Israel & Rodolffo,,174,757dc37acb618927713282ce12caa4967f7f2cdbd31c0b63a09ed1838ccddaba,4255234,IMPORT,preserved,UNIQUE,,Sunnify/11 - Israel e Rodolffo/Melhor Que Muita Gente - Ao Vivo - Israel & Rodolffo.mp3,"sem erro de leitura; metadata GOOD; título HIGH; artista HIGH; cover presente; bitrate 192 kbps; sample rate 44100 Hz; desempate final por relative_path",192000,44100,true,GOOD
Sunnify/11 - Israel e Rodolffo/Miragem - Enzo Rabelo.mp3,Miragem - Enzo Rabelo.mp3,Sunnify/11 - Israel e Rodolffo,Miragem,Enzo Rabelo,,212,260a9bc20d492e2ae5860b11826a27af4025ae83e4b842c71e25e8851214db37,5121712,SKIP_LIKELY,likely_duplicate,LIKELY_DUPLICATE,7,Sunnify/10 - Cê tá doido/Miragem - Enzo Rabelo.mp3,"sem erro de leitura; metadata GOOD; título HIGH; artista HIGH; cover presente; bitrate 192 kbps; sample rate 44100 Hz; desempate final por relative_path",192000,44100,true,GOOD
Sunnify/11 - Israel e Rodolffo/Moral da História - Ao Vivo - Israel & Rodolffo.mp3,Moral da História - Ao Vivo - Israel & Rodolffo.mp3,Sunnify/11 - Israel e Rodolffo,Moral da História - Ao Vivo,Israel & Rodolffo,,183,a0dccc3b70e773f0418b8f94f3d918d6fe2dc84841cda068253566a7dca80376,4456840,IMPORT,preserved,UNIQUE,,Sunnify/11 - Israel e Rodolffo/Moral da História - Ao Vivo - Israel & Rodolffo.mp3,"sem erro de leitura; metadata GOOD; título HIGH; artista HIGH; cover presente; bitrate 192 kbps; sample rate 44100 Hz; desempate final por relative_path",192000,44100,true,GOOD
Sunnify/11 - Israel e Rodolffo/Mulher Nunca Foi Pra Menino - Ao Vivo - Danilo e Davi.mp3,Mulher Nunca Foi Pra Menino - Ao Vivo - Danilo e Davi.mp3,Sunnify/11 - Israel e Rodolffo,Mulher Nunca Foi Pra Menino - Ao Vivo,Danilo e Davi,,181,fb0278456c5dd81c6bf6b6bc5381ef9f4741a3ca36afe9323971d822ce43c541,4408415,SKIP_LIKELY,likely_duplicate,LIKELY_DUPLICATE,8,Sunnify/10 - Cê tá doido/Mulher Nunca Foi Pra Menino - Ao Vivo - Danilo e Davi.mp3,"sem erro de leitura; metadata GOOD; título HIGH; artista HIGH; cover presente; bitrate 192 kbps; sample rate 44100 Hz; desempate final por relative_path",192000,44100,true,GOOD
Sunnify/11 - Israel e Rodolffo/Munição - Ao Vivo - Israel & Rodolffo.mp3,Munição - Ao Vivo - Israel & Rodolffo.mp3,Sunnify/11 - Israel e Rodolffo,Munição - Ao Vivo,Israel & Rodolffo,,160,03815b9f7375b83abc7c30f880ba30f192a41d7fdb699257cd408e6f7fbaaa46,3900954,IMPORT,preserved,UNIQUE,,Sunnify/11 - Israel e Rodolffo/Munição - Ao Vivo - Israel & Rodolffo.mp3,"sem erro de leitura; metadata GOOD; título HIGH; artista HIGH; cover presente; bitrate 192 kbps; sample rate 44100 Hz; desempate final por relative_path",192000,44100,true,GOOD
Sunnify/11 - Israel e Rodolffo/Nada A Oferecer - Israel & Rodolffo.mp3,Nada A Oferecer - Israel & Rodolffo.mp3,Sunnify/11 - Israel e Rodolffo,Nada A Oferecer,Israel & Rodolffo,,141,a07de72bc8e696578325b6f8af8fd3889670a92de114d314a54b1d4e659cc8a1,3453018,IMPORT,preserved,UNIQUE,,Sunnify/11 - Israel e Rodolffo/Nada A Oferecer - Israel & Rodolffo.mp3,"sem erro de leitura; metadata GOOD; título HIGH; artista HIGH; cover presente; bitrate 192 kbps; sample rate 44100 Hz; desempate final por relative_path",192000,44100,true,GOOD
Sunnify/11 - Israel e Rodolffo/Namoro de Inverno - Israel & Rodolffo.mp3,Namoro de Inverno - Israel & Rodolffo.mp3,Sunnify/11 - Israel e Rodolffo,Namoro de Inverno,Israel & Rodolffo,,175,3bbfd780bc493de45b6c7c908a2ceb1d4c2b00265b5173ecfdbe64b472e2b107,4246593,IMPORT,preserved,UNIQUE,,Sunnify/11 - Israel e Rodolffo/Namoro de Inverno - Israel & Rodolffo.mp3,"sem erro de leitura; metadata GOOD; título HIGH; artista HIGH; cover presente; bitrate 192 kbps; sample rate 44100 Hz; desempate final por relative_path",192000,44100,true,GOOD
Sunnify/11 - Israel e Rodolffo/Não Deixou De Ser Esquema - Ao Vivo - Israel & Rodolffo.mp3,Não Deixou De Ser Esquema - Ao Vivo - Israel & Rodolffo.mp3,Sunnify/11 - Israel e Rodolffo,Não Deixou De Ser Esquema - Ao Vivo,Israel & Rodolffo,,147,78a976ae7aebb9cafba0a950e860204b6d559aaa8d7129e77f106b353f08fbbe,3576275,IMPORT,preserved,UNIQUE,,Sunnify/11 - Israel e Rodolffo/Não Deixou De Ser Esquema - Ao Vivo - Israel & Rodolffo.mp3,"sem erro de leitura; metadata GOOD; título HIGH; artista HIGH; cover presente; bitrate 192 kbps; sample rate 48000 Hz; desempate final por relative_path",192000,48000,true,GOOD
Sunnify/11 - Israel e Rodolffo/Não É De Açúcar - Ao Vivo - Israel & Rodolffo.mp3,Não É De Açúcar - Ao Vivo - Israel & Rodolffo.mp3,Sunnify/11 - Israel e Rodolffo,Não É De Açúcar - Ao Vivo,Israel & Rodolffo,,140,4eb428a85702618b9ca76182dfb76e811df11984a51dc78e7e6b9407ba56ea25,3423393,IMPORT,preserved,UNIQUE,,Sunnify/11 - Israel e Rodolffo/Não É De Açúcar - Ao Vivo - Israel & Rodolffo.mp3,"sem erro de leitura; metadata GOOD; título HIGH; artista HIGH; cover presente; bitrate 192 kbps; sample rate 44100 Hz; desempate final por relative_path",192000,44100,true,GOOD
Sunnify/11 - Israel e Rodolffo/Não Existe Amor Sem Briga - Ao Vivo - Israel & Rodolffo.mp3,Não Existe Amor Sem Briga - Ao Vivo - Israel & Rodolffo.mp3,Sunnify/11 - Israel e Rodolffo,Não Existe Amor Sem Briga - Ao Vivo,Israel & Rodolffo,,156,55ffebdb4135e3c2d1911c11c5dbf7abe4aa8351fe894001c2040cd61ad640e9,3799468,IMPORT,preserved,UNIQUE,,Sunnify/11 - Israel e Rodolffo/Não Existe Amor Sem Briga - Ao Vivo - Israel & Rodolffo.mp3,"sem erro de leitura; metadata GOOD; título HIGH; artista HIGH; cover presente; bitrate 192 kbps; sample rate 44100 Hz; desempate final por relative_path",192000,44100,true,GOOD
Sunnify/11 - Israel e Rodolffo/Não Mexe nas Minhas Gavetas - Ao Vivo - Danilo e Davi.mp3,Não Mexe nas Minhas Gavetas - Ao Vivo - Danilo e Davi.mp3,Sunnify/11 - Israel e Rodolffo,Não Mexe nas Minhas Gavetas - Ao Vivo,Danilo e Davi,,126,87675d99ef509e7c6dc86f640e1c6075745102ee33436cd80b418ea3435087e3,3083731,SKIP_LIKELY,likely_duplicate,LIKELY_DUPLICATE,19,Sunnify/09 - Ana Castela/Não Mexe nas Minhas Gavetas - Ao Vivo - Danilo e Davi.mp3,"sem erro de leitura; metadata GOOD; título HIGH; artista HIGH; cover presente; bitrate 192 kbps; sample rate 44100 Hz; desempate final por relative_path",192000,44100,true,GOOD
Sunnify/11 - Israel e Rodolffo/Não Pise - Ao Vivo - Israel & Rodolffo.mp3,Não Pise - Ao Vivo - Israel & Rodolffo.mp3,Sunnify/11 - Israel e Rodolffo,Não Pise - Ao Vivo,Israel & Rodolffo,,151,d05ff8203f8ede8bddecf9c9cb0dfbc61933a8f6fafe70adb0242ffcdd48fe93,3675972,IMPORT,preserved,UNIQUE,,Sunnify/11 - Israel e Rodolffo/Não Pise - Ao Vivo - Israel & Rodolffo.mp3,"sem erro de leitura; metadata GOOD; título HIGH; artista HIGH; cover presente; bitrate 192 kbps; sample rate 44100 Hz; desempate final por relative_path",192000,44100,true,GOOD
Sunnify/11 - Israel e Rodolffo/Não Tenho Vergonha Na Cara - Israel & Rodolffo.mp3,Não Tenho Vergonha Na Cara - Israel & Rodolffo.mp3,Sunnify/11 - Israel e Rodolffo,Não Tenho Vergonha Na Cara,Israel & Rodolffo,,152,f48816c0792266afa12a28166f7b047b2190370220965c8b82c43e1600197fea,3708459,IMPORT,preserved,UNIQUE,,Sunnify/11 - Israel e Rodolffo/Não Tenho Vergonha Na Cara - Israel & Rodolffo.mp3,"sem erro de leitura; metadata GOOD; título HIGH; artista HIGH; cover presente; bitrate 192 kbps; sample rate 44100 Hz; desempate final por relative_path",192000,44100,true,GOOD
"Sunnify/11 - Israel e Rodolffo/Não, Mas Quase - Ao Vivo - Israel & Rodolffo.mp3","Não, Mas Quase - Ao Vivo - Israel & Rodolffo.mp3",Sunnify/11 - Israel e Rodolffo,"Não, Mas Quase - Ao Vivo",Israel & Rodolffo,,169,cc13bdd3f53159eb978bf00097c41ad8aec746811a73b80df2c39f69f137f33a,4126698,IMPORT,preserved,UNIQUE,,"Sunnify/11 - Israel e Rodolffo/Não, Mas Quase - Ao Vivo - Israel & Rodolffo.mp3","sem erro de leitura; metadata GOOD; título HIGH; artista HIGH; cover presente; bitrate 192 kbps; sample rate 44100 Hz; desempate final por relative_path",192000,44100,true,GOOD
"Sunnify/11 - Israel e Rodolffo/Nem Namorado e Nem Ficante - Ao Vivo Faixa Bônus - Israel & Rodolffo, Maiara & Maraisa.mp3","Nem Namorado e Nem Ficante - Ao Vivo Faixa Bônus - Israel & Rodolffo, Maiara & Maraisa.mp3",Sunnify/11 - Israel e Rodolffo,Nem Namorado e Nem Ficante - Ao Vivo | Faixa Bônus,"Israel & Rodolffo, Maiara & Maraisa",,168,83532e005d7bbde866cb21638a21bc0aabccc6b9bee8ea9b92a75378ac5d08e4,4104369,IMPORT,preserved,UNIQUE,,"Sunnify/11 - Israel e Rodolffo/Nem Namorado e Nem Ficante - Ao Vivo Faixa Bônus - Israel & Rodolffo, Maiara & Maraisa.mp3","sem erro de leitura; metadata GOOD; título HIGH; artista HIGH; cover presente; bitrate 192 kbps; sample rate 44100 Hz; desempate final por relative_path",192000,44100,true,GOOD
Sunnify/11 - Israel e Rodolffo/O Grande Dia - Israel & Rodolffo.mp3,O Grande Dia - Israel & Rodolffo.mp3,Sunnify/11 - Israel e Rodolffo,O Grande Dia,Israel & Rodolffo,,201,05f6ae694666a53f932b625fc026a7ffb98a1562ec11a2d65536755c74bb2e0a,4853625,IMPORT,preserved,UNIQUE,,Sunnify/11 - Israel e Rodolffo/O Grande Dia - Israel & Rodolffo.mp3,"sem erro de leitura; metadata GOOD; título HIGH; artista HIGH; cover presente; bitrate 192 kbps; sample rate 44100 Hz; desempate final por relative_path",192000,44100,true,GOOD
Sunnify/11 - Israel e Rodolffo/Oh Trenzão - Ao Vivo - Israel & Rodolffo.mp3,Oh Trenzão - Ao Vivo - Israel & Rodolffo.mp3,Sunnify/11 - Israel e Rodolffo,Oh Trenzão - Ao Vivo,Israel & Rodolffo,,141,55410f258f641fb1924df485ed7132084e07c7c64f9b837bc88e7ec5cc733cdb,3432168,IMPORT,preserved,UNIQUE,,Sunnify/11 - Israel e Rodolffo/Oh Trenzão - Ao Vivo - Israel & Rodolffo.mp3,"sem erro de leitura; metadata GOOD; título HIGH; artista HIGH; cover presente; bitrate 192 kbps; sample rate 44100 Hz; desempate final por relative_path",192000,44100,true,GOOD
"Sunnify/11 - Israel e Rodolffo/Oi, Tudo Bem - Ao Vivo - Zé Neto & Cristiano.mp3","Oi, Tudo Bem - Ao Vivo - Zé Neto & Cristiano.mp3",Sunnify/11 - Israel e Rodolffo,"Oi, Tudo Bem? - Ao Vivo",Zé Neto & Cristiano,,188,934e5a0c2b2742daacaffbc0d53893b7b6dd97c13fad5dc681553d0dab01208c,4564556,SKIP_LIKELY,likely_duplicate,LIKELY_DUPLICATE,10,"Sunnify/09 - Ana Castela/Oi, Tudo Bem - Ao Vivo - Zé Neto & Cristiano.mp3","sem erro de leitura; metadata GOOD; título HIGH; artista HIGH; cover presente; bitrate 192 kbps; sample rate 44100 Hz; desempate final por relative_path",192000,44100,true,GOOD
Sunnify/11 - Israel e Rodolffo/Orar e Ação - Ao Vivo - Israel & Rodolffo.mp3,Orar e Ação - Ao Vivo - Israel & Rodolffo.mp3,Sunnify/11 - Israel e Rodolffo,Orar e Ação - Ao Vivo,Israel & Rodolffo,,186,90b83fd0038b501c6bdfec3bf69e81881fc2dfa1d990e212699885157d810757,4522881,IMPORT,preserved,UNIQUE,,Sunnify/11 - Israel e Rodolffo/Orar e Ação - Ao Vivo - Israel & Rodolffo.mp3,"sem erro de leitura; metadata GOOD; título HIGH; artista HIGH; cover presente; bitrate 192 kbps; sample rate 44100 Hz; desempate final por relative_path",192000,44100,true,GOOD
"Sunnify/11 - Israel e Rodolffo/Pele, Osso e Saudade - Ao Vivo - Israel & Rodolffo.mp3","Pele, Osso e Saudade - Ao Vivo - Israel & Rodolffo.mp3",Sunnify/11 - Israel e Rodolffo,"Pele, Osso e Saudade - Ao Vivo",Israel & Rodolffo,,173,603fe386321f1972a4728654e1c05de635e8167dbaefbb6af39aa51f5d57d843,4224612,IMPORT,preserved,UNIQUE,,"Sunnify/11 - Israel e Rodolffo/Pele, Osso e Saudade - Ao Vivo - Israel & Rodolffo.mp3","sem erro de leitura; metadata GOOD; título HIGH; artista HIGH; cover presente; bitrate 192 kbps; sample rate 44100 Hz; desempate final por relative_path",192000,44100,true,GOOD
Sunnify/11 - Israel e Rodolffo/Pena Que Cê Já Namora - Marcos & Belutti.mp3,Pena Que Cê Já Namora - Marcos & Belutti.mp3,Sunnify/11 - Israel e Rodolffo,Pena Que Cê Já Namora,Marcos & Belutti,,166,3c18c564b1654422bd327631579e9af4d5614fe0af296c72addce2fbf512c7c2,4019969,SKIP_LIKELY,likely_duplicate,LIKELY_DUPLICATE,12,Sunnify/07 - Zé Neto e Cristiano/Pena Que Cê Já Namora - Marcos & Belutti.mp3,"sem erro de leitura; metadata GOOD; título HIGH; artista HIGH; cover presente; bitrate 192 kbps; sample rate 44100 Hz; desempate final por relative_path",192000,44100,true,GOOD
Sunnify/11 - Israel e Rodolffo/Pequenas Brigas - Ao Vivo - Israel & Rodolffo.mp3,Pequenas Brigas - Ao Vivo - Israel & Rodolffo.mp3,Sunnify/11 - Israel e Rodolffo,Pequenas Brigas - Ao Vivo,Israel & Rodolffo,,163,71981b840c6b38572a1d1431bc017021bdf269ad2d4524cd875e1d6bb5159f6b,3967927,IMPORT,preserved,UNIQUE,,Sunnify/11 - Israel e Rodolffo/Pequenas Brigas - Ao Vivo - Israel & Rodolffo.mp3,"sem erro de leitura; metadata GOOD; título HIGH; artista HIGH; cover presente; bitrate 192 kbps; sample rate 44100 Hz; desempate final por relative_path",192000,44100,true,GOOD
"Sunnify/11 - Israel e Rodolffo/Perdoou Nada - Ao Vivo - Israel & Rodolffo, Jorge & Mateus.mp3","Perdoou Nada - Ao Vivo - Israel & Rodolffo, Jorge & Mateus.mp3",Sunnify/11 - Israel e Rodolffo,Perdoou Nada - Ao Vivo,"Israel & Rodolffo, Jorge & Mateus",,163,0a6684b5c30600b94ea9e9560fc6b1ee9dd761e578b8dd526e7abcb9a0a5221f,3958736,IMPORT,preserved,UNIQUE,,"Sunnify/11 - Israel e Rodolffo/Perdoou Nada - Ao Vivo - Israel & Rodolffo, Jorge & Mateus.mp3","sem erro de leitura; metadata GOOD; título HIGH; artista HIGH; cover presente; bitrate 192 kbps; sample rate 44100 Hz; desempate final por relative_path",192000,44100,true,GOOD
Sunnify/11 - Israel e Rodolffo/Pois É - Acústico Ao Vivo - Israel & Rodolffo.mp3,Pois É - Acústico Ao Vivo - Israel & Rodolffo.mp3,Sunnify/11 - Israel e Rodolffo,Pois É - Acústico | Ao Vivo,Israel & Rodolffo,,195,30a3f1ea8d7b4ff84666031dd2040768880c232e8ba2157fd5265b96616ee433,4716696,IMPORT,preserved,UNIQUE,,Sunnify/11 - Israel e Rodolffo/Pois É - Acústico Ao Vivo - Israel & Rodolffo.mp3,"sem erro de leitura; metadata GOOD; título HIGH; artista HIGH; cover presente; bitrate 192 kbps; sample rate 44100 Hz; desempate final por relative_path",192000,44100,true,GOOD
Sunnify/11 - Israel e Rodolffo/Que Memória Hein - Ao Vivo - Israel & Rodolffo.mp3,Que Memória Hein - Ao Vivo - Israel & Rodolffo.mp3,Sunnify/11 - Israel e Rodolffo,Que Memória Hein - Ao Vivo,Israel & Rodolffo,,131,32ae10f53e30bb64faa7ca7a562f5e4b7581133aac8b7fc54fc598fb6d946515,3184922,IMPORT,preserved,UNIQUE,,Sunnify/11 - Israel e Rodolffo/Que Memória Hein - Ao Vivo - Israel & Rodolffo.mp3,"sem erro de leitura; metadata GOOD; título HIGH; artista HIGH; cover presente; bitrate 192 kbps; sample rate 44100 Hz; desempate final por relative_path",192000,44100,true,GOOD
"Sunnify/11 - Israel e Rodolffo/Quem Perdeu Que Chore - Ao Vivo - Israel & Rodolffo, MC Kevinho.mp3","Quem Perdeu Que Chore - Ao Vivo - Israel & Rodolffo, MC Kevinho.mp3",Sunnify/11 - Israel e Rodolffo,Quem Perdeu Que Chore - Ao Vivo,"Israel & Rodolffo, MC Kevinho",,158,0ea0abe807716821879eeb7080bfb9da3305468d16827a1a59886c64dbe459aa,3871253,IMPORT,preserved,UNIQUE,,"Sunnify/11 - Israel e Rodolffo/Quem Perdeu Que Chore - Ao Vivo - Israel & Rodolffo, MC Kevinho.mp3","sem erro de leitura; metadata GOOD; título HIGH; artista HIGH; cover presente; bitrate 192 kbps; sample rate 44100 Hz; desempate final por relative_path",192000,44100,true,GOOD
"Sunnify/11 - Israel e Rodolffo/Se Namorar Estraga - Ao Vivo - Israel & Rodolffo, Marcos & Belutti.mp3","Se Namorar Estraga - Ao Vivo - Israel & Rodolffo, Marcos & Belutti.mp3",Sunnify/11 - Israel e Rodolffo,Se Namorar Estraga - Ao Vivo,"Israel & Rodolffo, Marcos & Belutti",,163,d0f3b1ef72a222e97eb704dbc0f07e30f0d58a6bb9ad83f1157f0efbfb4af875,3979960,IMPORT,preserved,UNIQUE,,"Sunnify/11 - Israel e Rodolffo/Se Namorar Estraga - Ao Vivo - Israel & Rodolffo, Marcos & Belutti.mp3","sem erro de leitura; metadata GOOD; título HIGH; artista HIGH; cover presente; bitrate 192 kbps; sample rate 44100 Hz; desempate final por relative_path",192000,44100,true,GOOD
"Sunnify/11 - Israel e Rodolffo/Seu Brilho Sumiu - Ao Vivo - Israel & Rodolffo, Mari Fernandez.mp3","Seu Brilho Sumiu - Ao Vivo - Israel & Rodolffo, Mari Fernandez.mp3",Sunnify/11 - Israel e Rodolffo,Seu Brilho Sumiu - Ao Vivo,"Israel & Rodolffo, Mari Fernandez",,169,37f7fb1c3dfba40cc3ff5ecc95c74d760942791732c3d40f6eb7743d73c77acd,4103082,IMPORT,preserved,UNIQUE,,"Sunnify/11 - Israel e Rodolffo/Seu Brilho Sumiu - Ao Vivo - Israel & Rodolffo, Mari Fernandez.mp3","sem erro de leitura; metadata GOOD; título HIGH; artista HIGH; cover presente; bitrate 192 kbps; sample rate 44100 Hz; desempate final por relative_path",192000,44100,true,GOOD
"Sunnify/11 - Israel e Rodolffo/Só de Sacanagem - Ao Vivo - Israel & Rodolffo, Matheuzinho.mp3","Só de Sacanagem - Ao Vivo - Israel & Rodolffo, Matheuzinho.mp3",Sunnify/11 - Israel e Rodolffo,Só de Sacanagem - Ao Vivo,"Israel & Rodolffo, Matheuzinho",,182,96e3b93057fccc1307031583918d86bc3052b6f246c9174b80664e69d9d864f3,4428026,IMPORT,preserved,UNIQUE,,"Sunnify/11 - Israel e Rodolffo/Só de Sacanagem - Ao Vivo - Israel & Rodolffo, Matheuzinho.mp3","sem erro de leitura; metadata GOOD; título HIGH; artista HIGH; cover presente; bitrate 192 kbps; sample rate 44100 Hz; desempate final por relative_path",192000,44100,true,GOOD
"Sunnify/11 - Israel e Rodolffo/Sobre - Ao Vivo - Israel & Rodolffo, Juliette.mp3","Sobre - Ao Vivo - Israel & Rodolffo, Juliette.mp3",Sunnify/11 - Israel e Rodolffo,Sobre - Ao Vivo,"Israel & Rodolffo, Juliette",,177,a1f5995b7f2c2f60149713b5b31ecaf4899d64d58afd725799ff99dd7f346fd1,4306023,IMPORT,preserved,UNIQUE,,"Sunnify/11 - Israel e Rodolffo/Sobre - Ao Vivo - Israel & Rodolffo, Juliette.mp3","sem erro de leitura; metadata GOOD; título HIGH; artista HIGH; cover presente; bitrate 192 kbps; sample rate 44100 Hz; desempate final por relative_path",192000,44100,true,GOOD
"Sunnify/11 - Israel e Rodolffo/Sou Seu Fã - Ao Vivo - Israel & Rodolffo, Gusttavo Lima.mp3","Sou Seu Fã - Ao Vivo - Israel & Rodolffo, Gusttavo Lima.mp3",Sunnify/11 - Israel e Rodolffo,Sou Seu Fã - Ao Vivo,"Israel & Rodolffo, Gusttavo Lima",,197,b048ec2f91ac1454538da37b2d5ef5a2b849bbb364cb2b92a0e85bd0831b7902,4783436,IMPORT,preserved,UNIQUE,,"Sunnify/11 - Israel e Rodolffo/Sou Seu Fã - Ao Vivo - Israel & Rodolffo, Gusttavo Lima.mp3","sem erro de leitura; metadata GOOD; título HIGH; artista HIGH; cover presente; bitrate 192 kbps; sample rate 44100 Hz; desempate final por relative_path",192000,44100,true,GOOD
Sunnify/11 - Israel e Rodolffo/Também Sei Fazer Falta - Ao Vivo - Israel & Rodolffo.mp3,Também Sei Fazer Falta - Ao Vivo - Israel & Rodolffo.mp3,Sunnify/11 - Israel e Rodolffo,Também Sei Fazer Falta - Ao Vivo,Israel & Rodolffo,,157,e71cb2598a92fdb402985440ff349b28c74673d7b60759b47b4d665ab3bc46ef,3800272,IMPORT,preserved,UNIQUE,,Sunnify/11 - Israel e Rodolffo/Também Sei Fazer Falta - Ao Vivo - Israel & Rodolffo.mp3,"sem erro de leitura; metadata GOOD; título HIGH; artista HIGH; cover presente; bitrate 192 kbps; sample rate 44100 Hz; desempate final por relative_path",192000,44100,true,GOOD
Sunnify/11 - Israel e Rodolffo/Te Amei Em Dólar - Ao Vivo - Israel & Rodolffo.mp3,Te Amei Em Dólar - Ao Vivo - Israel & Rodolffo.mp3,Sunnify/11 - Israel e Rodolffo,Te Amei Em Dólar - Ao Vivo,Israel & Rodolffo,,151,2b93b451d63821c417e73aff5e6d466e4d57fb9d75def32323cfe79124db9404,3681131,IMPORT,preserved,UNIQUE,,Sunnify/11 - Israel e Rodolffo/Te Amei Em Dólar - Ao Vivo - Israel & Rodolffo.mp3,"sem erro de leitura; metadata GOOD; título HIGH; artista HIGH; cover presente; bitrate 192 kbps; sample rate 44100 Hz; desempate final por relative_path",192000,44100,true,GOOD
Sunnify/11 - Israel e Rodolffo/Tô Play - Ao Vivo - Israel & Rodolffo.mp3,Tô Play - Ao Vivo - Israel & Rodolffo.mp3,Sunnify/11 - Israel e Rodolffo,Tô Play - Ao Vivo,Israel & Rodolffo,,172,6006d947749b521a30b596205127c25833fd32ed68cfbc5755932257816872cd,4183985,IMPORT,preserved,UNIQUE,,Sunnify/11 - Israel e Rodolffo/Tô Play - Ao Vivo - Israel & Rodolffo.mp3,"sem erro de leitura; metadata GOOD; título HIGH; artista HIGH; cover presente; bitrate 192 kbps; sample rate 44100 Hz; desempate final por relative_path",192000,44100,true,GOOD
Sunnify/11 - Israel e Rodolffo/Trident de Menta - Ao Vivo - Israel & Rodolffo.mp3,Trident de Menta - Ao Vivo - Israel & Rodolffo.mp3,Sunnify/11 - Israel e Rodolffo,Trident de Menta - Ao Vivo,Israel & Rodolffo,,132,7095de5d59bc06fbfa39caf9dfe1241da9d244faa6f265e74162514020f93e09,3223203,IMPORT,preserved,UNIQUE,,Sunnify/11 - Israel e Rodolffo/Trident de Menta - Ao Vivo - Israel & Rodolffo.mp3,"sem erro de leitura; metadata GOOD; título HIGH; artista HIGH; cover presente; bitrate 192 kbps; sample rate 44100 Hz; desempate final por relative_path",192000,44100,true,GOOD
Sunnify/11 - Israel e Rodolffo/Veterinária - Ao Vivo - Israel & Rodolffo.mp3,Veterinária - Ao Vivo - Israel & Rodolffo.mp3,Sunnify/11 - Israel e Rodolffo,Veterinária - Ao Vivo,Israel & Rodolffo,,157,b56f73692ea1ba04ea38fe522921fadde4d50d945f4baf92169a2a7e789254e3,3813430,IMPORT,preserved,UNIQUE,,Sunnify/11 - Israel e Rodolffo/Veterinária - Ao Vivo - Israel & Rodolffo.mp3,"sem erro de leitura; metadata GOOD; título HIGH; artista HIGH; cover presente; bitrate 192 kbps; sample rate 44100 Hz; desempate final por relative_path",192000,44100,true,GOOD
Sunnify/11 - Israel e Rodolffo/Voltou Com Quem Não Voltava - Ao Vivo - Israel & Rodolffo.mp3,Voltou Com Quem Não Voltava - Ao Vivo - Israel & Rodolffo.mp3,Sunnify/11 - Israel e Rodolffo,Voltou Com Quem Não Voltava - Ao Vivo,Israel & Rodolffo,,148,abb0b7986c102292c10c59760f79b767494e13e8d31350829ce3b2acfc4f5b7e,3597394,IMPORT,preserved,UNIQUE,,Sunnify/11 - Israel e Rodolffo/Voltou Com Quem Não Voltava - Ao Vivo - Israel & Rodolffo.mp3,"sem erro de leitura; metadata GOOD; título HIGH; artista HIGH; cover presente; bitrate 192 kbps; sample rate 44100 Hz; desempate final por relative_path",192000,44100,true,GOOD
"Sunnify/12 - Rionegro e Solimões/A Gente Se Entrega Ô de Casa, Ô de Fora - Ao Vivo - Rionegro & Solimões.mp3","A Gente Se Entrega Ô de Casa, Ô de Fora - Ao Vivo - Rionegro & Solimões.mp3",Sunnify/12 - Rionegro e Solimões,"A Gente Se Entrega / Ô de Casa, Ô de Fora - Ao Vivo",Rionegro & Solimões,,234,1b8261d199a1d73aad2dcaf17e65d6a508d58e2bf2f2efaa0756f45c0159eef3,5654466,IMPORT,preserved,UNIQUE,,"Sunnify/12 - Rionegro e Solimões/A Gente Se Entrega Ô de Casa, Ô de Fora - Ao Vivo - Rionegro & Solimões.mp3","sem erro de leitura; metadata GOOD; título HIGH; artista HIGH; cover presente; bitrate 192 kbps; sample rate 44100 Hz; desempate final por relative_path",192000,44100,true,GOOD
"Sunnify/12 - Rionegro e Solimões/Ala dos Fumantes - Althaír & Alexandre, Rionegro & Solimões.mp3","Ala dos Fumantes - Althaír & Alexandre, Rionegro & Solimões.mp3",Sunnify/12 - Rionegro e Solimões,Ala dos Fumantes,"Althaír & Alexandre, Rionegro & Solimões",,176,b1da0ef1c82792b5c5c880d4ab6eec4ab8a388f9e8167204da8c618e8a46ee7b,4268128,IMPORT,preserved,UNIQUE,,"Sunnify/12 - Rionegro e Solimões/Ala dos Fumantes - Althaír & Alexandre, Rionegro & Solimões.mp3","sem erro de leitura; metadata GOOD; título HIGH; artista HIGH; cover presente; bitrate 192 kbps; sample rate 44100 Hz; desempate final por relative_path",192000,44100,true,GOOD
Sunnify/12 - Rionegro e Solimões/Alqueirão de Saudade - Ao Vivo - Rionegro & Solimões.mp3,Alqueirão de Saudade - Ao Vivo - Rionegro & Solimões.mp3,Sunnify/12 - Rionegro e Solimões,Alqueirão de Saudade - Ao Vivo,Rionegro & Solimões,,187,f792e1b1bedb97b00cb1f51af386c42fdaa91fe9ba9cf03abef24cbda530696d,4522922,IMPORT,preserved,UNIQUE,,Sunnify/12 - Rionegro e Solimões/Alqueirão de Saudade - Ao Vivo - Rionegro & Solimões.mp3,"sem erro de leitura; metadata GOOD; título HIGH; artista HIGH; cover presente; bitrate 192 kbps; sample rate 44100 Hz; desempate final por relative_path",192000,44100,true,GOOD
"Sunnify/12 - Rionegro e Solimões/Ativou a Saudade - Ao Vivo - Rionegro & Solimões, Bruno & Marrone.mp3","Ativou a Saudade - Ao Vivo - Rionegro & Solimões, Bruno & Marrone.mp3",Sunnify/12 - Rionegro e Solimões,Ativou a Saudade - Ao Vivo,"Rionegro & Solimões, Bruno & Marrone",,182,51bf8474bfb8b4848c5f5a357ba72c6e6245963c0bb35c7a476a76496bbbd526,4415153,IMPORT,preserved,UNIQUE,,"Sunnify/12 - Rionegro e Solimões/Ativou a Saudade - Ao Vivo - Rionegro & Solimões, Bruno & Marrone.mp3","sem erro de leitura; metadata GOOD; título HIGH; artista HIGH; cover presente; bitrate 192 kbps; sample rate 44100 Hz; desempate final por relative_path",192000,44100,true,GOOD
Sunnify/12 - Rionegro e Solimões/Bão Pra Eu Aprender - Ao Vivo - Rionegro & Solimões.mp3,Bão Pra Eu Aprender - Ao Vivo - Rionegro & Solimões.mp3,Sunnify/12 - Rionegro e Solimões,Bão Pra Eu Aprender - Ao Vivo,Rionegro & Solimões,,185,c69289d833e57a5c1450e21100bc211729004bff3fa6eeabf96186d6e64bb679,4486521,IMPORT,preserved,UNIQUE,,Sunnify/12 - Rionegro e Solimões/Bão Pra Eu Aprender - Ao Vivo - Rionegro & Solimões.mp3,"sem erro de leitura; metadata GOOD; título HIGH; artista HIGH; cover presente; bitrate 192 kbps; sample rate 44100 Hz; desempate final por relative_path",192000,44100,true,GOOD
"Sunnify/12 - Rionegro e Solimões/Bem aos Olhos da Lua - Ao Vivo - Emílio & Eduardo, Rionegro & Solimões.mp3","Bem aos Olhos da Lua - Ao Vivo - Emílio & Eduardo, Rionegro & Solimões.mp3",Sunnify/12 - Rionegro e Solimões,Bem aos Olhos da Lua - Ao Vivo,"Emílio & Eduardo, Rionegro & Solimões",,172,9363faf574b7dbb94980fbc5208b7db07dcfba0ecc03a88b049a577415b05914,4198970,IMPORT,preserved,UNIQUE,,"Sunnify/12 - Rionegro e Solimões/Bem aos Olhos da Lua - Ao Vivo - Emílio & Eduardo, Rionegro & Solimões.mp3","sem erro de leitura; metadata GOOD; título HIGH; artista HIGH; cover presente; bitrate 192 kbps; sample rate 44100 Hz; desempate final por relative_path",192000,44100,true,GOOD
"Sunnify/12 - Rionegro e Solimões/Caminhonete Inteira - Ao Vivo - Diego & Arnaldo, Rionegro & Solimões.mp3","Caminhonete Inteira - Ao Vivo - Diego & Arnaldo, Rionegro & Solimões.mp3",Sunnify/12 - Rionegro e Solimões,Caminhonete Inteira - Ao Vivo,"Diego & Arnaldo, Rionegro & Solimões",,156,83168ce1f50b95cad1d0710a264f0cef612c89158155cb1d0452ab2c10d5de5e,3804666,IMPORT,preserved,UNIQUE,,"Sunnify/12 - Rionegro e Solimões/Caminhonete Inteira - Ao Vivo - Diego & Arnaldo, Rionegro & Solimões.mp3","sem erro de leitura; metadata GOOD; título HIGH; artista HIGH; cover presente; bitrate 192 kbps; sample rate 44100 Hz; desempate final por relative_path",192000,44100,true,GOOD
"Sunnify/12 - Rionegro e Solimões/Castelo de Sonhos - Ao Vivo - Rionegro & Solimões, Emílio & Eduardo.mp3","Castelo de Sonhos - Ao Vivo - Rionegro & Solimões, Emílio & Eduardo.mp3",Sunnify/12 - Rionegro e Solimões,Castelo de Sonhos - Ao Vivo,"Rionegro & Solimões, Emílio & Eduardo",,212,1f68aab9336f405349502a10a3b28985cb3f44ac4570e261f88cb709b4f8776d,5132229,IMPORT,preserved,UNIQUE,,"Sunnify/12 - Rionegro e Solimões/Castelo de Sonhos - Ao Vivo - Rionegro & Solimões, Emílio & Eduardo.mp3","sem erro de leitura; metadata GOOD; título HIGH; artista HIGH; cover presente; bitrate 192 kbps; sample rate 44100 Hz; desempate final por relative_path",192000,44100,true,GOOD
Sunnify/12 - Rionegro e Solimões/Chorando e Dançando - Rionegro & Solimões.mp3,Chorando e Dançando - Rionegro & Solimões.mp3,Sunnify/12 - Rionegro e Solimões,Chorando e Dançando,Rionegro & Solimões,,172,12627ca9beccbc5e8ebd3b253b0b059f7ab99c98815904bb8984d97d9a2298f7,4181067,IMPORT,preserved,UNIQUE,,Sunnify/12 - Rionegro e Solimões/Chorando e Dançando - Rionegro & Solimões.mp3,"sem erro de leitura; metadata GOOD; título HIGH; artista HIGH; cover presente; bitrate 192 kbps; sample rate 44100 Hz; desempate final por relative_path",192000,44100,true,GOOD
Sunnify/12 - Rionegro e Solimões/Clima de Rodeio - Ao Vivo - Rionegro & Solimões.mp3,Clima de Rodeio - Ao Vivo - Rionegro & Solimões.mp3,Sunnify/12 - Rionegro e Solimões,Clima de Rodeio - Ao Vivo,Rionegro & Solimões,,255,83090adb992145a6ddb49cc26d77b713cb029d9d0fa5ac88c76325bfbcccebe4,6172966,IMPORT,preserved,UNIQUE,,Sunnify/12 - Rionegro e Solimões/Clima de Rodeio - Ao Vivo - Rionegro & Solimões.mp3,"sem erro de leitura; metadata GOOD; título HIGH; artista HIGH; cover presente; bitrate 192 kbps; sample rate 44100 Hz; desempate final por relative_path",192000,44100,true,GOOD
Sunnify/12 - Rionegro e Solimões/Como Esquecer um Amor - Ao Vivo - Rionegro & Solimões.mp3,Como Esquecer um Amor - Ao Vivo - Rionegro & Solimões.mp3,Sunnify/12 - Rionegro e Solimões,Como Esquecer um Amor - Ao Vivo,Rionegro & Solimões,,183,cc097d488470873806c0326fce85860b45f3c943587dde4024a96ee50b31f166,4440265,IMPORT,preserved,UNIQUE,,Sunnify/12 - Rionegro e Solimões/Como Esquecer um Amor - Ao Vivo - Rionegro & Solimões.mp3,"sem erro de leitura; metadata GOOD; título HIGH; artista HIGH; cover presente; bitrate 192 kbps; sample rate 44100 Hz; desempate final por relative_path",192000,44100,true,GOOD
Sunnify/12 - Rionegro e Solimões/Coração Tirou o Chapéu - Rionegro & Solimões.mp3,Coração Tirou o Chapéu - Rionegro & Solimões.mp3,Sunnify/12 - Rionegro e Solimões,Coração Tirou o Chapéu,Rionegro & Solimões,,167,971abdc9f0063cf19a38c68cff0475f9f10dc5133c67c2c29779d71767e34d1b,4059764,IMPORT,preserved,UNIQUE,,Sunnify/12 - Rionegro e Solimões/Coração Tirou o Chapéu - Rionegro & Solimões.mp3,"sem erro de leitura; metadata GOOD; título HIGH; artista HIGH; cover presente; bitrate 192 kbps; sample rate 44100 Hz; desempate final por relative_path",192000,44100,true,GOOD
"Sunnify/12 - Rionegro e Solimões/Cowboy Chora - Ao Vivo - Rionegro & Solimões, Luan Pereira.mp3","Cowboy Chora - Ao Vivo - Rionegro & Solimões, Luan Pereira.mp3",Sunnify/12 - Rionegro e Solimões,Cowboy Chora - Ao Vivo,"Rionegro & Solimões, Luan Pereira",,168,3a98f02a5220c6ecbaf409d167ff9adce15d9a82cce062649db2fe20e84d006f,4091831,IMPORT,preserved,UNIQUE,,"Sunnify/12 - Rionegro e Solimões/Cowboy Chora - Ao Vivo - Rionegro & Solimões, Luan Pereira.mp3","sem erro de leitura; metadata GOOD; título HIGH; artista HIGH; cover presente; bitrate 192 kbps; sample rate 44100 Hz; desempate final por relative_path",192000,44100,true,GOOD
Sunnify/12 - Rionegro e Solimões/Divergência - Ao Vivo - Rionegro & Solimões.mp3,Divergência - Ao Vivo - Rionegro & Solimões.mp3,Sunnify/12 - Rionegro e Solimões,Divergência - Ao Vivo,Rionegro & Solimões,,184,a45cb7eaa594b87e423f4676add2e0421d597c757cc34f11c8d475b58787ef38,4465796,IMPORT,preserved,UNIQUE,,Sunnify/12 - Rionegro e Solimões/Divergência - Ao Vivo - Rionegro & Solimões.mp3,"sem erro de leitura; metadata GOOD; título HIGH; artista HIGH; cover presente; bitrate 192 kbps; sample rate 44100 Hz; desempate final por relative_path",192000,44100,true,GOOD
Sunnify/12 - Rionegro e Solimões/Estrada de Chão - Rionegro & Solimões.mp3,Estrada de Chão - Rionegro & Solimões.mp3,Sunnify/12 - Rionegro e Solimões,Estrada de Chão,Rionegro & Solimões,,178,6281482ad7e3d859be17cbd5a37f9b1458df34b9d13d5bd456a0764568c223a2,4342125,IMPORT,preserved,UNIQUE,,Sunnify/12 - Rionegro e Solimões/Estrada de Chão - Rionegro & Solimões.mp3,"sem erro de leitura; metadata GOOD; título HIGH; artista HIGH; cover presente; bitrate 192 kbps; sample rate 44100 Hz; desempate final por relative_path",192000,44100,true,GOOD
Sunnify/12 - Rionegro e Solimões/Estrela Guia - Ao Vivo - Rionegro & Solimões.mp3,Estrela Guia - Ao Vivo - Rionegro & Solimões.mp3,Sunnify/12 - Rionegro e Solimões,Estrela Guia - Ao Vivo,Rionegro & Solimões,,183,1beae8b9da785b0a61c5e488b9e485a5757009827ff6ca1b051a29334b65e260,4452801,IMPORT,preserved,UNIQUE,,Sunnify/12 - Rionegro e Solimões/Estrela Guia - Ao Vivo - Rionegro & Solimões.mp3,"sem erro de leitura; metadata GOOD; título HIGH; artista HIGH; cover presente; bitrate 192 kbps; sample rate 44100 Hz; desempate final por relative_path",192000,44100,true,GOOD
Sunnify/12 - Rionegro e Solimões/Fivela Com Fivela - Ao Vivo - Rionegro & Solimões.mp3,Fivela Com Fivela - Ao Vivo - Rionegro & Solimões.mp3,Sunnify/12 - Rionegro e Solimões,Fivela Com Fivela - Ao Vivo,Rionegro & Solimões,,159,3cc2c4f31aebeefdc86506f690f09e3cf74a9ad55b2406ff5e08310eac459411,3867917,IMPORT,preserved,UNIQUE,,Sunnify/12 - Rionegro e Solimões/Fivela Com Fivela - Ao Vivo - Rionegro & Solimões.mp3,"sem erro de leitura; metadata GOOD; título HIGH; artista HIGH; cover presente; bitrate 192 kbps; sample rate 44100 Hz; desempate final por relative_path",192000,44100,true,GOOD
"Sunnify/12 - Rionegro e Solimões/Foi Bom, Mas Não Foi Diferente - Ao Vivo - Rionegro & Solimões.mp3","Foi Bom, Mas Não Foi Diferente - Ao Vivo - Rionegro & Solimões.mp3",Sunnify/12 - Rionegro e Solimões,"Foi Bom, Mas Não Foi Diferente - Ao Vivo",Rionegro & Solimões,,154,c6eb514888a35233eb2f33a666278b48ed85526ed026b8edbd8fce5b6ece78d3,3749153,IMPORT,preserved,UNIQUE,,"Sunnify/12 - Rionegro e Solimões/Foi Bom, Mas Não Foi Diferente - Ao Vivo - Rionegro & Solimões.mp3","sem erro de leitura; metadata GOOD; título HIGH; artista HIGH; cover presente; bitrate 192 kbps; sample rate 44100 Hz; desempate final por relative_path",192000,44100,true,GOOD
"Sunnify/12 - Rionegro e Solimões/Frio da Madrugada - Ao Vivo - Emílio & Eduardo, Rionegro & Solimões.mp3","Frio da Madrugada - Ao Vivo - Emílio & Eduardo, Rionegro & Solimões.mp3",Sunnify/12 - Rionegro e Solimões,Frio da Madrugada - Ao Vivo,"Emílio & Eduardo, Rionegro & Solimões",,163,862b29e2f68a9000bcabcb2d3f894fce25dbcd944eb26cb0934cd3685993a433,3976806,IMPORT,preserved,UNIQUE,,"Sunnify/12 - Rionegro e Solimões/Frio da Madrugada - Ao Vivo - Emílio & Eduardo, Rionegro & Solimões.mp3","sem erro de leitura; metadata GOOD; título HIGH; artista HIGH; cover presente; bitrate 192 kbps; sample rate 44100 Hz; desempate final por relative_path",192000,44100,true,GOOD
"Sunnify/12 - Rionegro e Solimões/Frio da Madrugada - Ao Vivo - Rionegro & Solimões, Jorge & Mateus.mp3","Frio da Madrugada - Ao Vivo - Rionegro & Solimões, Jorge & Mateus.mp3",Sunnify/12 - Rionegro e Solimões,Frio da Madrugada - Ao Vivo,"Rionegro & Solimões, Jorge & Mateus",,260,751091840c28ed203ab898eb14917693e0281c8b1fdc68169fa97b717faf9d42,6299908,IMPORT,preserved,UNIQUE,,"Sunnify/12 - Rionegro e Solimões/Frio da Madrugada - Ao Vivo - Rionegro & Solimões, Jorge & Mateus.mp3","sem erro de leitura; metadata GOOD; título HIGH; artista HIGH; cover presente; bitrate 192 kbps; sample rate 44100 Hz; desempate final por relative_path",192000,44100,true,GOOD
Sunnify/12 - Rionegro e Solimões/Fui - Ao Vivo - Rionegro & Solimões.mp3,Fui - Ao Vivo - Rionegro & Solimões.mp3,Sunnify/12 - Rionegro e Solimões,Fui - Ao Vivo,Rionegro & Solimões,,168,e96905432756e4d2e67dfc66f100fbdc9398300fd5a66e933936e6deccf83ae3,4076688,IMPORT,preserved,UNIQUE,,Sunnify/12 - Rionegro e Solimões/Fui - Ao Vivo - Rionegro & Solimões.mp3,"sem erro de leitura; metadata GOOD; título HIGH; artista HIGH; cover presente; bitrate 192 kbps; sample rate 44100 Hz; desempate final por relative_path",192000,44100,true,GOOD
"Sunnify/12 - Rionegro e Solimões/Hábito Previsível - Ao Vivo - Rionegro & Solimões, Gusttavo Lima.mp3","Hábito Previsível - Ao Vivo - Rionegro & Solimões, Gusttavo Lima.mp3",Sunnify/12 - Rionegro e Solimões,Hábito Previsível - Ao Vivo,"Rionegro & Solimões, Gusttavo Lima",,187,4e3bedc692f9a25b83a7f902bcde8d25523b010f39e8e7340241e15cda219063,4538206,IMPORT,preserved,UNIQUE,,"Sunnify/12 - Rionegro e Solimões/Hábito Previsível - Ao Vivo - Rionegro & Solimões, Gusttavo Lima.mp3","sem erro de leitura; metadata GOOD; título HIGH; artista HIGH; cover presente; bitrate 192 kbps; sample rate 44100 Hz; desempate final por relative_path",192000,44100,true,GOOD
"Sunnify/12 - Rionegro e Solimões/Isso É Coisa de Quem Quer Voltar - Ao Vivo - Rionegro & Solimões, Maiara & Maraisa.mp3","Isso É Coisa de Quem Quer Voltar - Ao Vivo - Rionegro & Solimões, Maiara & Maraisa.mp3",Sunnify/12 - Rionegro e Solimões,Isso É Coisa de Quem Quer Voltar - Ao Vivo,"Rionegro & Solimões, Maiara & Maraisa",,155,51e5f5bb5a52092eb1429649a3e94bcd9327103ec450fa7c2db496cfde6ea167,3768349,IMPORT,preserved,UNIQUE,,"Sunnify/12 - Rionegro e Solimões/Isso É Coisa de Quem Quer Voltar - Ao Vivo - Rionegro & Solimões, Maiara & Maraisa.mp3","sem erro de leitura; metadata GOOD; título HIGH; artista HIGH; cover presente; bitrate 192 kbps; sample rate 44100 Hz; desempate final por relative_path",192000,44100,true,GOOD
Sunnify/12 - Rionegro e Solimões/Lenço - Ao Vivo - Rionegro & Solimões.mp3,Lenço - Ao Vivo - Rionegro & Solimões.mp3,Sunnify/12 - Rionegro e Solimões,Lenço - Ao Vivo,Rionegro & Solimões,,178,1a7c6a25d23182365e247ac1569ac9b01397e4e34703fc74ddeed967f59351fc,4313913,IMPORT,preserved,UNIQUE,,Sunnify/12 - Rionegro e Solimões/Lenço - Ao Vivo - Rionegro & Solimões.mp3,"sem erro de leitura; metadata GOOD; título HIGH; artista HIGH; cover presente; bitrate 192 kbps; sample rate 44100 Hz; desempate final por relative_path",192000,44100,true,GOOD
"Sunnify/12 - Rionegro e Solimões/Menino da Porteira - Ao Vivo - Rionegro & Solimões, Emílio & Eduardo, Gabeu.mp3","Menino da Porteira - Ao Vivo - Rionegro & Solimões, Emílio & Eduardo, Gabeu.mp3",Sunnify/12 - Rionegro e Solimões,Menino da Porteira - Ao Vivo,"Rionegro & Solimões, Emílio & Eduardo, Gabeu",,183,f612c514ce8594ea991177c359a5ded8dd3e36460fa037de2c254d6946c31d7a,4435019,IMPORT,preserved,UNIQUE,,"Sunnify/12 - Rionegro e Solimões/Menino da Porteira - Ao Vivo - Rionegro & Solimões, Emílio & Eduardo, Gabeu.mp3","sem erro de leitura; metadata GOOD; título HIGH; artista HIGH; cover presente; bitrate 192 kbps; sample rate 44100 Hz; desempate final por relative_path",192000,44100,true,GOOD
Sunnify/12 - Rionegro e Solimões/Meu Amor - Ao Vivo - Rionegro & Solimões.mp3,Meu Amor - Ao Vivo - Rionegro & Solimões.mp3,Sunnify/12 - Rionegro e Solimões,Meu Amor - Ao Vivo,Rionegro & Solimões,,153,ef209a209217352f7dade4a7f062d12015eb2a2f60df6ff69189e8c487cbc26d,3714775,IMPORT,preserved,UNIQUE,,Sunnify/12 - Rionegro e Solimões/Meu Amor - Ao Vivo - Rionegro & Solimões.mp3,"sem erro de leitura; metadata GOOD; título HIGH; artista HIGH; cover presente; bitrate 192 kbps; sample rate 44100 Hz; desempate final por relative_path",192000,44100,true,GOOD
"Sunnify/12 - Rionegro e Solimões/Meus Pedaços - Ao Vivo - Emílio & Eduardo, Rionegro & Solimões.mp3","Meus Pedaços - Ao Vivo - Emílio & Eduardo, Rionegro & Solimões.mp3",Sunnify/12 - Rionegro e Solimões,Meus Pedaços - Ao Vivo,"Emílio & Eduardo, Rionegro & Solimões",Resenha Ao Vivo Sem Compromisso (Completa),212,cf006ac3f6c1573f5a2e4004fd317343f0387932efcf20345532ecc2f1813709,5142915,IMPORT,preserved,UNIQUE,,"Sunnify/12 - Rionegro e Solimões/Meus Pedaços - Ao Vivo - Emílio & Eduardo, Rionegro & Solimões.mp3","sem erro de leitura; metadata GOOD; título HIGH; artista HIGH; cover presente; bitrate 192 kbps; sample rate 44100 Hz; desempate final por relative_path",192000,44100,true,GOOD
Sunnify/12 - Rionegro e Solimões/Modo Avião - Ao Vivo - Rionegro & Solimões.mp3,Modo Avião - Ao Vivo - Rionegro & Solimões.mp3,Sunnify/12 - Rionegro e Solimões,Modo Avião - Ao Vivo,Rionegro & Solimões,,193,ceb10bf1c448d083e031439e41148905950b8a6d56bd69362cf2ae095047d4ca,4684996,IMPORT,preserved,UNIQUE,,Sunnify/12 - Rionegro e Solimões/Modo Avião - Ao Vivo - Rionegro & Solimões.mp3,"sem erro de leitura; metadata GOOD; título HIGH; artista HIGH; cover presente; bitrate 192 kbps; sample rate 44100 Hz; desempate final por relative_path",192000,44100,true,GOOD
Sunnify/12 - Rionegro e Solimões/Muro - Ao Vivo - Rionegro & Solimões.mp3,Muro - Ao Vivo - Rionegro & Solimões.mp3,Sunnify/12 - Rionegro e Solimões,Muro - Ao Vivo,Rionegro & Solimões,,161,211aac04285b33d55f0523a96fe8ecf28539bf2327e1d5a8ae17af524b308907,3924373,IMPORT,preserved,UNIQUE,,Sunnify/12 - Rionegro e Solimões/Muro - Ao Vivo - Rionegro & Solimões.mp3,"sem erro de leitura; metadata GOOD; título HIGH; artista HIGH; cover presente; bitrate 192 kbps; sample rate 44100 Hz; desempate final por relative_path",192000,44100,true,GOOD
"Sunnify/12 - Rionegro e Solimões/Na Beira da Lagoa - Rionegro & Solimões, Emílio & Eduardo.mp3","Na Beira da Lagoa - Rionegro & Solimões, Emílio & Eduardo.mp3",Sunnify/12 - Rionegro e Solimões,Na Beira da Lagoa,"Rionegro & Solimões, Emílio & Eduardo",,192,2d3ae64be8e574f4212ac72da8c4afdd6c68d57d20c5f3d30cad7be6fbba3e58,4657890,IMPORT,preserved,UNIQUE,,"Sunnify/12 - Rionegro e Solimões/Na Beira da Lagoa - Rionegro & Solimões, Emílio & Eduardo.mp3","sem erro de leitura; metadata GOOD; título HIGH; artista HIGH; cover presente; bitrate 192 kbps; sample rate 44100 Hz; desempate final por relative_path",192000,44100,true,GOOD
"Sunnify/12 - Rionegro e Solimões/Na Boca de Uma Cowgirl - Brenno & Matheus, Rionegro & Solimões.mp3","Na Boca de Uma Cowgirl - Brenno & Matheus, Rionegro & Solimões.mp3",Sunnify/12 - Rionegro e Solimões,Na Boca de Uma Cowgirl,"Brenno & Matheus, Rionegro & Solimões",,155,4333f5042922a521407142c57c7723f2f3cecb8820194c8a841d552ab57b22d0,3780178,IMPORT,preserved,UNIQUE,,"Sunnify/12 - Rionegro e Solimões/Na Boca de Uma Cowgirl - Brenno & Matheus, Rionegro & Solimões.mp3","sem erro de leitura; metadata GOOD; título HIGH; artista HIGH; cover presente; bitrate 192 kbps; sample rate 44100 Hz; desempate final por relative_path",192000,44100,true,GOOD
Sunnify/12 - Rionegro e Solimões/Na Sola da Bota Bate o Pé - Ao Vivo - Rionegro & Solimões.mp3,Na Sola da Bota Bate o Pé - Ao Vivo - Rionegro & Solimões.mp3,Sunnify/12 - Rionegro e Solimões,Na Sola da Bota / Bate o Pé - Ao Vivo,Rionegro & Solimões,,165,e00411f6674821c210da18b893f50a0e16a8ff1b414870ee908bf9ae9c77e07c,4008331,IMPORT,preserved,UNIQUE,,Sunnify/12 - Rionegro e Solimões/Na Sola da Bota Bate o Pé - Ao Vivo - Rionegro & Solimões.mp3,"sem erro de leitura; metadata GOOD; título HIGH; artista HIGH; cover presente; bitrate 192 kbps; sample rate 44100 Hz; desempate final por relative_path",192000,44100,true,GOOD
Sunnify/12 - Rionegro e Solimões/Ninguém Faz Igual - Ao Vivo - Rionegro & Solimões.mp3,Ninguém Faz Igual - Ao Vivo - Rionegro & Solimões.mp3,Sunnify/12 - Rionegro e Solimões,Ninguém Faz Igual - Ao Vivo,Rionegro & Solimões,,166,8f11e80ae3601a5e91443ef1f9e28042a2ae5e378bf52b0c5c1048b74ae7f737,4038435,IMPORT,preserved,UNIQUE,,Sunnify/12 - Rionegro e Solimões/Ninguém Faz Igual - Ao Vivo - Rionegro & Solimões.mp3,"sem erro de leitura; metadata GOOD; título HIGH; artista HIGH; cover presente; bitrate 192 kbps; sample rate 44100 Hz; desempate final por relative_path",192000,44100,true,GOOD
Sunnify/12 - Rionegro e Solimões/O Peão Voltou - Ao Vivo - Rionegro & Solimões.mp3,O Peão Voltou - Ao Vivo - Rionegro & Solimões.mp3,Sunnify/12 - Rionegro e Solimões,O Peão Voltou - Ao Vivo,Rionegro & Solimões,,157,a2d66b90eaa23d293750d2254f7c2a76623d3039dade9c6ce27cee8b75a091f1,3821470,IMPORT,preserved,UNIQUE,,Sunnify/12 - Rionegro e Solimões/O Peão Voltou - Ao Vivo - Rionegro & Solimões.mp3,"sem erro de leitura; metadata GOOD; título HIGH; artista HIGH; cover presente; bitrate 192 kbps; sample rate 44100 Hz; desempate final por relative_path",192000,44100,true,GOOD
Sunnify/12 - Rionegro e Solimões/O Peão Voltou - Rionegro & Solimões.mp3,O Peão Voltou - Rionegro & Solimões.mp3,Sunnify/12 - Rionegro e Solimões,O Peão Voltou,Rionegro & Solimões,,157,b9c8bb37e6b5682f27268959391e22c822d69e59edabcc4f732ee59e3fa47fb6,3824247,IMPORT,preserved,UNIQUE,,Sunnify/12 - Rionegro e Solimões/O Peão Voltou - Rionegro & Solimões.mp3,"sem erro de leitura; metadata GOOD; título HIGH; artista HIGH; cover presente; bitrate 192 kbps; sample rate 44100 Hz; desempate final por relative_path",192000,44100,true,GOOD
"Sunnify/12 - Rionegro e Solimões/Patrão - Ao Vivo - Diego & Arnaldo, Mariana Fagundes.mp3","Patrão - Ao Vivo - Diego & Arnaldo, Mariana Fagundes.mp3",Sunnify/12 - Rionegro e Solimões,Patrão - Ao Vivo,"Diego & Arnaldo, Mariana Fagundes",,171,8e6505de4c1031f8f42fbd0ccb9d24b8ce7ecb33862dbdd0ba36db9e16cf7912,4154523,SKIP_LIKELY,likely_duplicate,LIKELY_DUPLICATE,11,"Sunnify/10 - Cê tá doido/Patrão - Ao Vivo - Diego & Arnaldo, Mariana Fagundes.mp3","sem erro de leitura; metadata GOOD; título HIGH; artista HIGH; cover presente; bitrate 192 kbps; sample rate 44100 Hz; desempate final por relative_path",192000,44100,true,GOOD
Sunnify/12 - Rionegro e Solimões/Peão Apaixonado De São Paulo À Belém - Ao Vivo - Rionegro & Solimões.mp3,Peão Apaixonado De São Paulo À Belém - Ao Vivo - Rionegro & Solimões.mp3,Sunnify/12 - Rionegro e Solimões,Peão Apaixonado / De São Paulo À Belém - Ao Vivo,Rionegro & Solimões,,274,fd7bd63ba326000f24d3bf979105e2a95f610beeefcbba17faa1a05e2a55e3de,6625305,IMPORT,preserved,UNIQUE,,Sunnify/12 - Rionegro e Solimões/Peão Apaixonado De São Paulo À Belém - Ao Vivo - Rionegro & Solimões.mp3,"sem erro de leitura; metadata GOOD; título HIGH; artista HIGH; cover presente; bitrate 192 kbps; sample rate 44100 Hz; desempate final por relative_path",192000,44100,true,GOOD
"Sunnify/12 - Rionegro e Solimões/Ruim de Sinal - Ao Vivo - Rionegro & Solimões, Emílio & Eduardo.mp3","Ruim de Sinal - Ao Vivo - Rionegro & Solimões, Emílio & Eduardo.mp3",Sunnify/12 - Rionegro e Solimões,Ruim de Sinal - Ao Vivo,"Rionegro & Solimões, Emílio & Eduardo",,150,57c938431d98b3fc5752353eab7deda7aeea7b686cc645897e5bb642eb0359ee,3651792,IMPORT,preserved,UNIQUE,,"Sunnify/12 - Rionegro e Solimões/Ruim de Sinal - Ao Vivo - Rionegro & Solimões, Emílio & Eduardo.mp3","sem erro de leitura; metadata GOOD; título HIGH; artista HIGH; cover presente; bitrate 192 kbps; sample rate 44100 Hz; desempate final por relative_path",192000,44100,true,GOOD
"Sunnify/12 - Rionegro e Solimões/Saudade Atemporal - Ao Vivo - Rionegro & Solimões, Henrique & Juliano.mp3","Saudade Atemporal - Ao Vivo - Rionegro & Solimões, Henrique & Juliano.mp3",Sunnify/12 - Rionegro e Solimões,Saudade Atemporal - Ao Vivo,"Rionegro & Solimões, Henrique & Juliano",,192,30d4d9953b0a6754c8b5f41bdb06987f694a782459406e357038ccb1588d1e00,4670475,IMPORT,preserved,UNIQUE,,"Sunnify/12 - Rionegro e Solimões/Saudade Atemporal - Ao Vivo - Rionegro & Solimões, Henrique & Juliano.mp3","sem erro de leitura; metadata GOOD; título HIGH; artista HIGH; cover presente; bitrate 192 kbps; sample rate 44100 Hz; desempate final por relative_path",192000,44100,true,GOOD
"Sunnify/12 - Rionegro e Solimões/Saudade de Ex - Ao Vivo - Rionegro & Solimões, Jorge & Mateus.mp3","Saudade de Ex - Ao Vivo - Rionegro & Solimões, Jorge & Mateus.mp3",Sunnify/12 - Rionegro e Solimões,Saudade de Ex - Ao Vivo,"Rionegro & Solimões, Jorge & Mateus",,167,ff273c9072397cfb9c80855519758d23668d80fbbbbc54d969e19a4154760394,4062456,IMPORT,preserved,UNIQUE,,"Sunnify/12 - Rionegro e Solimões/Saudade de Ex - Ao Vivo - Rionegro & Solimões, Jorge & Mateus.mp3","sem erro de leitura; metadata GOOD; título HIGH; artista HIGH; cover presente; bitrate 192 kbps; sample rate 44100 Hz; desempate final por relative_path",192000,44100,true,GOOD
Sunnify/12 - Rionegro e Solimões/Saudade Pulou no Peito - Ao Vivo - Rionegro & Solimões.mp3,Saudade Pulou no Peito - Ao Vivo - Rionegro & Solimões.mp3,Sunnify/12 - Rionegro e Solimões,Saudade Pulou no Peito - Ao Vivo,Rionegro & Solimões,,164,f10541128fdb8a523dee56470c6a43a7ab4fe5428e0dd6bc9f39af4f9f9cfea8,3986538,IMPORT,preserved,UNIQUE,,Sunnify/12 - Rionegro e Solimões/Saudade Pulou no Peito - Ao Vivo - Rionegro & Solimões.mp3,"sem erro de leitura; metadata GOOD; título HIGH; artista HIGH; cover presente; bitrate 192 kbps; sample rate 44100 Hz; desempate final por relative_path",192000,44100,true,GOOD
"Sunnify/12 - Rionegro e Solimões/Só Eu Sei - Ao Vivo - João Neves, Rionegro & Solimões.mp3","Só Eu Sei - Ao Vivo - João Neves, Rionegro & Solimões.mp3",Sunnify/12 - Rionegro e Solimões,Só Eu Sei - Ao Vivo,"João Neves, Rionegro & Solimões",,218,952f404afc5203f1c5a8df6956238d453f471edfd407925ea26c4a522daeaae5,5277690,IMPORT,preserved,UNIQUE,,"Sunnify/12 - Rionegro e Solimões/Só Eu Sei - Ao Vivo - João Neves, Rionegro & Solimões.mp3","sem erro de leitura; metadata GOOD; título HIGH; artista HIGH; cover presente; bitrate 192 kbps; sample rate 44100 Hz; desempate final por relative_path",192000,44100,true,GOOD
Sunnify/12 - Rionegro e Solimões/Só Lembranças - Ao Vivo - Rionegro & Solimões.mp3,Só Lembranças - Ao Vivo - Rionegro & Solimões.mp3,Sunnify/12 - Rionegro e Solimões,Só Lembranças - Ao Vivo,Rionegro & Solimões,,199,538d31357c76ebc1857f053c37377dcaa1855d6f6d1a2876753d4c03405ca98d,4819746,IMPORT,preserved,UNIQUE,,Sunnify/12 - Rionegro e Solimões/Só Lembranças - Ao Vivo - Rionegro & Solimões.mp3,"sem erro de leitura; metadata GOOD; título HIGH; artista HIGH; cover presente; bitrate 192 kbps; sample rate 44100 Hz; desempate final por relative_path",192000,44100,true,GOOD
"Sunnify/12 - Rionegro e Solimões/Solteiro Sofredor - Ao Vivo - João Neto & Frederico, Rionegro & Solimões.mp3","Solteiro Sofredor - Ao Vivo - João Neto & Frederico, Rionegro & Solimões.mp3",Sunnify/12 - Rionegro e Solimões,Solteiro Sofredor - Ao Vivo,"João Neto & Frederico, Rionegro & Solimões",,163,6bf15b8aa646d0eb35b7fe8868a1b26832866b646e99c7a0dcb7483e010e8c1a,3957947,IMPORT,preserved,UNIQUE,,"Sunnify/12 - Rionegro e Solimões/Solteiro Sofredor - Ao Vivo - João Neto & Frederico, Rionegro & Solimões.mp3","sem erro de leitura; metadata GOOD; título HIGH; artista HIGH; cover presente; bitrate 192 kbps; sample rate 44100 Hz; desempate final por relative_path",192000,44100,true,GOOD
"Sunnify/12 - Rionegro e Solimões/Sonhando Com Você - Ao Vivo - Rionegro & Solimões, Emílio & Eduardo.mp3","Sonhando Com Você - Ao Vivo - Rionegro & Solimões, Emílio & Eduardo.mp3",Sunnify/12 - Rionegro e Solimões,Sonhando Com Você - Ao Vivo,"Rionegro & Solimões, Emílio & Eduardo",,133,1c84ca3b082f32ec2b933cc99588465e23c5f3a5d0f42bab012674de0d411437,3235096,IMPORT,preserved,UNIQUE,,"Sunnify/12 - Rionegro e Solimões/Sonhando Com Você - Ao Vivo - Rionegro & Solimões, Emílio & Eduardo.mp3","sem erro de leitura; metadata GOOD; título HIGH; artista HIGH; cover presente; bitrate 192 kbps; sample rate 44100 Hz; desempate final por relative_path",192000,44100,true,GOOD
"Sunnify/12 - Rionegro e Solimões/Tô Mal - Ao Vivo - Rionegro & Solimões, Henrique & Juliano.mp3","Tô Mal - Ao Vivo - Rionegro & Solimões, Henrique & Juliano.mp3",Sunnify/12 - Rionegro e Solimões,Tô Mal - Ao Vivo,"Rionegro & Solimões, Henrique & Juliano",,193,e79afee6c134891dd88d3e0ef7bde3f7b042be99fa9fb21084e8766c3077f9a4,4674767,IMPORT,preserved,UNIQUE,,"Sunnify/12 - Rionegro e Solimões/Tô Mal - Ao Vivo - Rionegro & Solimões, Henrique & Juliano.mp3","sem erro de leitura; metadata GOOD; título HIGH; artista HIGH; cover presente; bitrate 192 kbps; sample rate 44100 Hz; desempate final por relative_path",192000,44100,true,GOOD
Sunnify/12 - Rionegro e Solimões/Tô por Aí - Rionegro & Solimões.mp3,Tô por Aí - Rionegro & Solimões.mp3,Sunnify/12 - Rionegro e Solimões,Tô por Aí,Rionegro & Solimões,,211,01c6c8c8008da4915781a424adb6bba8d2d1ce6b3fc1c1b9f721bfe660a3d34e,5104341,IMPORT,preserved,UNIQUE,,Sunnify/12 - Rionegro e Solimões/Tô por Aí - Rionegro & Solimões.mp3,"sem erro de leitura; metadata GOOD; título HIGH; artista HIGH; cover presente; bitrate 192 kbps; sample rate 44100 Hz; desempate final por relative_path",192000,44100,true,GOOD
Sunnify/12 - Rionegro e Solimões/Trem Bão - Ao Vivo - Rionegro & Solimões.mp3,Trem Bão - Ao Vivo - Rionegro & Solimões.mp3,Sunnify/12 - Rionegro e Solimões,Trem Bão - Ao Vivo,Rionegro & Solimões,,182,3f7ba577fe317b9a46df9d6eb427dbcdd1a83cf142d12e9f56e9026cd7ceada6,4427690,IMPORT,preserved,UNIQUE,,Sunnify/12 - Rionegro e Solimões/Trem Bão - Ao Vivo - Rionegro & Solimões.mp3,"sem erro de leitura; metadata GOOD; título HIGH; artista HIGH; cover presente; bitrate 192 kbps; sample rate 44100 Hz; desempate final por relative_path",192000,44100,true,GOOD
Sunnify/12 - Rionegro e Solimões/Um Pouquinho de Você - Ao Vivo - Rionegro & Solimões.mp3,Um Pouquinho de Você - Ao Vivo - Rionegro & Solimões.mp3,Sunnify/12 - Rionegro e Solimões,Um Pouquinho de Você - Ao Vivo,Rionegro & Solimões,,261,0ffe5bf5cf915ae0ac096f16226e051d1fbc83e1467db14a227133fd01b973ee,6299562,IMPORT,preserved,UNIQUE,,Sunnify/12 - Rionegro e Solimões/Um Pouquinho de Você - Ao Vivo - Rionegro & Solimões.mp3,"sem erro de leitura; metadata GOOD; título HIGH; artista HIGH; cover presente; bitrate 192 kbps; sample rate 44100 Hz; desempate final por relative_path",192000,44100,true,GOOD
"Sunnify/12 - Rionegro e Solimões/Vida de Cão - Rionegro & Solimões, Gusttavo Lima.mp3","Vida de Cão - Rionegro & Solimões, Gusttavo Lima.mp3",Sunnify/12 - Rionegro e Solimões,Vida de Cão,"Rionegro & Solimões, Gusttavo Lima",,231,21c5f4c74ca8420e0772e082dec05ebbecd1985c89b836349f92233bb1b7827f,5585411,IMPORT,preserved,UNIQUE,,"Sunnify/12 - Rionegro e Solimões/Vida de Cão - Rionegro & Solimões, Gusttavo Lima.mp3","sem erro de leitura; metadata GOOD; título HIGH; artista HIGH; cover presente; bitrate 192 kbps; sample rate 44100 Hz; desempate final por relative_path",192000,44100,true,GOOD
Sunnify/13 - Althair e Alexandre/A Bebida Não Cura - Althaír & Alexandre.mp3,A Bebida Não Cura - Althaír & Alexandre.mp3,Sunnify/13 - Althair e Alexandre,A Bebida Não Cura,Althaír & Alexandre,,159,a540b97c51e0627376b1e88f39984e8bede44f71850a5e97fe647f05ea625c42,3872820,IMPORT,preserved,UNIQUE,,Sunnify/13 - Althair e Alexandre/A Bebida Não Cura - Althaír & Alexandre.mp3,"sem erro de leitura; metadata GOOD; título HIGH; artista HIGH; cover presente; bitrate 192 kbps; sample rate 44100 Hz; desempate final por relative_path",192000,44100,true,GOOD
Sunnify/13 - Althair e Alexandre/Acordo Pra Sonhar - Althaír & Alexandre.mp3,Acordo Pra Sonhar - Althaír & Alexandre.mp3,Sunnify/13 - Althair e Alexandre,Acordo Pra Sonhar,Althaír & Alexandre,,180,8aced523a3dd08ca2a090cfb89853107f8380d58f0ce7b7b97d9433102c7758a,4353400,IMPORT,preserved,UNIQUE,,Sunnify/13 - Althair e Alexandre/Acordo Pra Sonhar - Althaír & Alexandre.mp3,"sem erro de leitura; metadata GOOD; título HIGH; artista HIGH; cover presente; bitrate 192 kbps; sample rate 44100 Hz; desempate final por relative_path",192000,44100,true,GOOD
Sunnify/13 - Althair e Alexandre/Agenda Rabiscada - Ao Vivo - Althaír & Alexandre.mp3,Agenda Rabiscada - Ao Vivo - Althaír & Alexandre.mp3,Sunnify/13 - Althair e Alexandre,Agenda Rabiscada - Ao Vivo,Althaír & Alexandre,,239,f3e3406e60abcc691ee250f8935c107fe3af95d04e68a55e5162cda940601ee9,5766378,IMPORT,preserved,UNIQUE,,Sunnify/13 - Althair e Alexandre/Agenda Rabiscada - Ao Vivo - Althaír & Alexandre.mp3,"sem erro de leitura; metadata GOOD; título HIGH; artista HIGH; cover presente; bitrate 192 kbps; sample rate 44100 Hz; desempate final por relative_path",192000,44100,true,GOOD
Sunnify/13 - Althair e Alexandre/Agora e Antes - Althaír & Alexandre.mp3,Agora e Antes - Althaír & Alexandre.mp3,Sunnify/13 - Althair e Alexandre,Agora e Antes,Althaír & Alexandre,,191,0c6913e6b1c68cded2f5022476445bd81f13c0315985179c320c26b0926b0392,4612137,IMPORT,preserved,UNIQUE,,Sunnify/13 - Althair e Alexandre/Agora e Antes - Althaír & Alexandre.mp3,"sem erro de leitura; metadata GOOD; título HIGH; artista HIGH; cover presente; bitrate 192 kbps; sample rate 44100 Hz; desempate final por relative_path",192000,44100,true,GOOD
Sunnify/13 - Althair e Alexandre/Amadurecidos - Althaír & Alexandre.mp3,Amadurecidos - Althaír & Alexandre.mp3,Sunnify/13 - Althair e Alexandre,Amadurecidos,Althaír & Alexandre,,200,2838488bec26515fa2f16cbbeea44140f9ea3c00bb7a8420c5d943409c6faf1b,4838687,IMPORT,preserved,UNIQUE,,Sunnify/13 - Althair e Alexandre/Amadurecidos - Althaír & Alexandre.mp3,"sem erro de leitura; metadata GOOD; título HIGH; artista HIGH; cover presente; bitrate 192 kbps; sample rate 44100 Hz; desempate final por relative_path",192000,44100,true,GOOD
Sunnify/13 - Althair e Alexandre/Amor Pirata - Althaír & Alexandre.mp3,Amor Pirata - Althaír & Alexandre.mp3,Sunnify/13 - Althair e Alexandre,Amor Pirata,Althaír & Alexandre,,181,b4057705246f1a3133d69e388eff5c81247b53c942a5bb1771cce65da973a6f4,4369893,IMPORT,preserved,UNIQUE,,Sunnify/13 - Althair e Alexandre/Amor Pirata - Althaír & Alexandre.mp3,"sem erro de leitura; metadata GOOD; título HIGH; artista HIGH; cover presente; bitrate 192 kbps; sample rate 44100 Hz; desempate final por relative_path",192000,44100,true,GOOD
Sunnify/13 - Althair e Alexandre/Amor Que É Amor não Mente - Althaír & Alexandre.mp3,Amor Que É Amor não Mente - Althaír & Alexandre.mp3,Sunnify/13 - Althair e Alexandre,Amor Que É Amor não Mente,Althaír & Alexandre,,167,7af079c8cc6b10085138845685e394c7383d8c93b3b760e9c71b83af829496df,4055188,IMPORT,preserved,UNIQUE,,Sunnify/13 - Althair e Alexandre/Amor Que É Amor não Mente - Althaír & Alexandre.mp3,"sem erro de leitura; metadata GOOD; título HIGH; artista HIGH; cover presente; bitrate 192 kbps; sample rate 44100 Hz; desempate final por relative_path",192000,44100,true,GOOD
Sunnify/13 - Althair e Alexandre/Apaziguar - Althaír & Alexandre.mp3,Apaziguar - Althaír & Alexandre.mp3,Sunnify/13 - Althair e Alexandre,Apaziguar,Althaír & Alexandre,,168,85871df1d6d9621dc6a4db43688ab368731ed23c34d27b3b45210a2b631921cb,4080529,IMPORT,preserved,UNIQUE,,Sunnify/13 - Althair e Alexandre/Apaziguar - Althaír & Alexandre.mp3,"sem erro de leitura; metadata GOOD; título HIGH; artista HIGH; cover presente; bitrate 192 kbps; sample rate 44100 Hz; desempate final por relative_path",192000,44100,true,GOOD
Sunnify/13 - Althair e Alexandre/As Avenidas - Althaír & Alexandre.mp3,As Avenidas - Althaír & Alexandre.mp3,Sunnify/13 - Althair e Alexandre,As Avenidas,Althaír & Alexandre,,187,6c8930e3364bc165d4ecfb3793a3ec7f4be4be6276bd09666a8c81645394daa3,4542107,IMPORT,preserved,UNIQUE,,Sunnify/13 - Althair e Alexandre/As Avenidas - Althaír & Alexandre.mp3,"sem erro de leitura; metadata GOOD; título HIGH; artista HIGH; cover presente; bitrate 192 kbps; sample rate 44100 Hz; desempate final por relative_path",192000,44100,true,GOOD
Sunnify/13 - Althair e Alexandre/Basta Você Voltar - Althaír & Alexandre.mp3,Basta Você Voltar - Althaír & Alexandre.mp3,Sunnify/13 - Althair e Alexandre,Basta Você Voltar,Althaír & Alexandre,,213,0387e331617e7a7cdfd3acb58bce85c54398ccef50c2a88bb1c47f43c182a91c,5166550,IMPORT,preserved,UNIQUE,,Sunnify/13 - Althair e Alexandre/Basta Você Voltar - Althaír & Alexandre.mp3,"sem erro de leitura; metadata GOOD; título HIGH; artista HIGH; cover presente; bitrate 192 kbps; sample rate 44100 Hz; desempate final por relative_path",192000,44100,true,GOOD
"Sunnify/13 - Althair e Alexandre/Cachaça, Viola e Mulher - Althaír & Alexandre.mp3","Cachaça, Viola e Mulher - Althaír & Alexandre.mp3",Sunnify/13 - Althair e Alexandre,"Cachaça, Viola e Mulher",Althaír & Alexandre,,170,e5eb865d6b7d25ada36a41606aabc58697124607d02de7d89b44a1a61c480f47,4140261,IMPORT,preserved,UNIQUE,,"Sunnify/13 - Althair e Alexandre/Cachaça, Viola e Mulher - Althaír & Alexandre.mp3","sem erro de leitura; metadata GOOD; título HIGH; artista HIGH; cover presente; bitrate 192 kbps; sample rate 44100 Hz; desempate final por relative_path",192000,44100,true,GOOD
Sunnify/13 - Althair e Alexandre/Choradeira - Althaír & Alexandre.mp3,Choradeira - Althaír & Alexandre.mp3,Sunnify/13 - Althair e Alexandre,Choradeira,Althaír & Alexandre,,156,043ed4b7107209fc99de76e96f413d501af1d27675d9c35dfdc1109d07b6d21b,3801264,IMPORT,preserved,UNIQUE,,Sunnify/13 - Althair e Alexandre/Choradeira - Althaír & Alexandre.mp3,"sem erro de leitura; metadata GOOD; título HIGH; artista HIGH; cover presente; bitrate 192 kbps; sample rate 44100 Hz; desempate final por relative_path",192000,44100,true,GOOD
Sunnify/13 - Althair e Alexandre/Choradeira - Ao Vivo - Althaír & Alexandre.mp3,Choradeira - Ao Vivo - Althaír & Alexandre.mp3,Sunnify/13 - Althair e Alexandre,Choradeira - Ao Vivo,Althaír & Alexandre,,177,79e89c23b8693e1683d7b2706e26cc3402babbf18465a3213ee783ace8ae1613,4296606,IMPORT,preserved,UNIQUE,,Sunnify/13 - Althair e Alexandre/Choradeira - Ao Vivo - Althaír & Alexandre.mp3,"sem erro de leitura; metadata GOOD; título HIGH; artista HIGH; cover presente; bitrate 192 kbps; sample rate 44100 Hz; desempate final por relative_path",192000,44100,true,GOOD
Sunnify/13 - Althair e Alexandre/Convite De Casamento - Althaír & Alexandre.mp3,Convite De Casamento - Althaír & Alexandre.mp3,Sunnify/13 - Althair e Alexandre,Convite De Casamento,Althaír & Alexandre,,199,15be5b67f1bc4c90c48db9642b3a53be2dc78636beb371d34e1aad53c05d1bdb,4845867,IMPORT,preserved,UNIQUE,,Sunnify/13 - Althair e Alexandre/Convite De Casamento - Althaír & Alexandre.mp3,"sem erro de leitura; metadata GOOD; título HIGH; artista HIGH; cover presente; bitrate 192 kbps; sample rate 44100 Hz; desempate final por relative_path",192000,44100,true,GOOD
Sunnify/13 - Althair e Alexandre/De Cara Com a Solidão - Althaír & Alexandre.mp3,De Cara Com a Solidão - Althaír & Alexandre.mp3,Sunnify/13 - Althair e Alexandre,De Cara Com a Solidão,Althaír & Alexandre,,169,cf7c3092128ca06ae979c9ebcfd11aca2ab35eb74cc03bc9311fee42e83d8b56,4108524,IMPORT,preserved,UNIQUE,,Sunnify/13 - Althair e Alexandre/De Cara Com a Solidão - Althaír & Alexandre.mp3,"sem erro de leitura; metadata GOOD; título HIGH; artista HIGH; cover presente; bitrate 192 kbps; sample rate 44100 Hz; desempate final por relative_path",192000,44100,true,GOOD
Sunnify/13 - Althair e Alexandre/Deus Me Livre - Althaír & Alexandre.mp3,Deus Me Livre - Althaír & Alexandre.mp3,Sunnify/13 - Althair e Alexandre,Deus Me Livre,Althaír & Alexandre,,195,fbd16600f03adcd1997450836e0f8c76238e5f395375b961e7044e25aba75092,4743560,IMPORT,preserved,UNIQUE,,Sunnify/13 - Althair e Alexandre/Deus Me Livre - Althaír & Alexandre.mp3,"sem erro de leitura; metadata GOOD; título HIGH; artista HIGH; cover presente; bitrate 192 kbps; sample rate 44100 Hz; desempate final por relative_path",192000,44100,true,GOOD
Sunnify/13 - Althair e Alexandre/Diferente de Tudo - Althaír & Alexandre.mp3,Diferente de Tudo - Althaír & Alexandre.mp3,Sunnify/13 - Althair e Alexandre,Diferente de Tudo,Althaír & Alexandre,,194,78dcc47f601a50358aa4eea48f91aa94da6628dd00631db75e20933ca63af8f0,4684315,IMPORT,preserved,UNIQUE,,Sunnify/13 - Althair e Alexandre/Diferente de Tudo - Althaír & Alexandre.mp3,"sem erro de leitura; metadata GOOD; título HIGH; artista HIGH; cover presente; bitrate 192 kbps; sample rate 44100 Hz; desempate final por relative_path",192000,44100,true,GOOD
Sunnify/13 - Althair e Alexandre/Doces Palavras - Althaír & Alexandre.mp3,Doces Palavras - Althaír & Alexandre.mp3,Sunnify/13 - Althair e Alexandre,Doces Palavras,Althaír & Alexandre,,227,fb1b22d5abeb0dd7fd56183d9dc7adb089ba902b2dd55f39fc68a0a8bc929e62,5508894,IMPORT,preserved,UNIQUE,,Sunnify/13 - Althair e Alexandre/Doces Palavras - Althaír & Alexandre.mp3,"sem erro de leitura; metadata GOOD; título HIGH; artista HIGH; cover presente; bitrate 192 kbps; sample rate 48000 Hz; desempate final por relative_path",192000,48000,true,GOOD
Sunnify/13 - Althair e Alexandre/É o Que Temos Pra Hoje - Althaír & Alexandre.mp3,É o Que Temos Pra Hoje - Althaír & Alexandre.mp3,Sunnify/13 - Althair e Alexandre,É o Que Temos Pra Hoje,Althaír & Alexandre,,188,d7fb8f97a7221f5acee80e2228b47699aeeba7d06ccf52327088a62d896426d8,4563866,IMPORT,preserved,UNIQUE,,Sunnify/13 - Althair e Alexandre/É o Que Temos Pra Hoje - Althaír & Alexandre.mp3,"sem erro de leitura; metadata GOOD; título HIGH; artista HIGH; cover presente; bitrate 192 kbps; sample rate 44100 Hz; desempate final por relative_path",192000,44100,true,GOOD
"Sunnify/13 - Althair e Alexandre/Esqueça - Althaír & Alexandre, Gabriel Francis.mp3","Esqueça - Althaír & Alexandre, Gabriel Francis.mp3",Sunnify/13 - Althair e Alexandre,Esqueça,"Althaír & Alexandre, Gabriel Francis",,247,5e53feafbc9f490aa87a6240f1764e690cb4603737868f2900f0b7b1064dcc4f,5963122,IMPORT,preserved,UNIQUE,,"Sunnify/13 - Althair e Alexandre/Esqueça - Althaír & Alexandre, Gabriel Francis.mp3","sem erro de leitura; metadata GOOD; título HIGH; artista HIGH; cover presente; bitrate 192 kbps; sample rate 44100 Hz; desempate final por relative_path",192000,44100,true,GOOD
Sunnify/13 - Althair e Alexandre/Esse Amor Não Valeu - Althaír & Alexandre.mp3,Esse Amor Não Valeu - Althaír & Alexandre.mp3,Sunnify/13 - Althair e Alexandre,Esse Amor Não Valeu,Althaír & Alexandre,,202,46504f0afdca4784fdc0376b9151fe00443f2aa86bd74952ecc4ec5b268f0a3c,4909921,IMPORT,preserved,UNIQUE,,Sunnify/13 - Althair e Alexandre/Esse Amor Não Valeu - Althaír & Alexandre.mp3,"sem erro de leitura; metadata GOOD; título HIGH; artista HIGH; cover presente; bitrate 192 kbps; sample rate 44100 Hz; desempate final por relative_path",192000,44100,true,GOOD
Sunnify/13 - Althair e Alexandre/Estrada Do Amor - Althaír & Alexandre.mp3,Estrada Do Amor - Althaír & Alexandre.mp3,Sunnify/13 - Althair e Alexandre,Estrada Do Amor,Althaír & Alexandre,,150,6273b702f37080da65718d92c3ed0a024fe82beed03b97397e7ca9b35567af03,3641872,IMPORT,preserved,UNIQUE,,Sunnify/13 - Althair e Alexandre/Estrada Do Amor - Althaír & Alexandre.mp3,"sem erro de leitura; metadata GOOD; título HIGH; artista HIGH; cover presente; bitrate 192 kbps; sample rate 44100 Hz; desempate final por relative_path",192000,44100,true,GOOD
Sunnify/13 - Althair e Alexandre/Fogo Cruzado - Althaír & Alexandre.mp3,Fogo Cruzado - Althaír & Alexandre.mp3,Sunnify/13 - Althair e Alexandre,Fogo Cruzado,Althaír & Alexandre,,187,0af1d336af3228e2bea349b1e4d7125bbcd01d2fb19dbae9cffd985a2056ff94,4531213,IMPORT,preserved,UNIQUE,,Sunnify/13 - Althair e Alexandre/Fogo Cruzado - Althaír & Alexandre.mp3,"sem erro de leitura; metadata GOOD; título HIGH; artista HIGH; cover presente; bitrate 192 kbps; sample rate 44100 Hz; desempate final por relative_path",192000,44100,true,GOOD
Sunnify/13 - Althair e Alexandre/Intuição - Althaír & Alexandre.mp3,Intuição - Althaír & Alexandre.mp3,Sunnify/13 - Althair e Alexandre,Intuição,Althaír & Alexandre,,189,fba1910188b9765a3590cfd76a3ab904e85cec19efb6cf4a9bc9329a46436365,4585176,IMPORT,preserved,UNIQUE,,Sunnify/13 - Althair e Alexandre/Intuição - Althaír & Alexandre.mp3,"sem erro de leitura; metadata GOOD; título HIGH; artista HIGH; cover presente; bitrate 192 kbps; sample rate 44100 Hz; desempate final por relative_path",192000,44100,true,GOOD
Sunnify/13 - Althair e Alexandre/Irresponsável - Althaír & Alexandre.mp3,Irresponsável - Althaír & Alexandre.mp3,Sunnify/13 - Althair e Alexandre,Irresponsável,Althaír & Alexandre,,172,eb80103820eb427ee4ff667bec094009b960ec4f3d570281092f1fc18853cdfa,4162172,IMPORT,preserved,UNIQUE,,Sunnify/13 - Althair e Alexandre/Irresponsável - Althaír & Alexandre.mp3,"sem erro de leitura; metadata GOOD; título HIGH; artista HIGH; cover presente; bitrate 192 kbps; sample rate 44100 Hz; desempate final por relative_path",192000,44100,true,GOOD
Sunnify/13 - Althair e Alexandre/Laço Aberto - Althaír & Alexandre.mp3,Laço Aberto - Althaír & Alexandre.mp3,Sunnify/13 - Althair e Alexandre,Laço Aberto,Althaír & Alexandre,,256,27b06ff874f7cf23f8e1d4287a69575214ec9fd53b08ed6fac379330fd965135,6212689,IMPORT,preserved,UNIQUE,,Sunnify/13 - Althair e Alexandre/Laço Aberto - Althaír & Alexandre.mp3,"sem erro de leitura; metadata GOOD; título HIGH; artista HIGH; cover presente; bitrate 192 kbps; sample rate 44100 Hz; desempate final por relative_path",192000,44100,true,GOOD
Sunnify/13 - Althair e Alexandre/Laço Aberto - Ao Vivo - Althaír & Alexandre.mp3,Laço Aberto - Ao Vivo - Althaír & Alexandre.mp3,Sunnify/13 - Althair e Alexandre,Laço Aberto - Ao Vivo,Althaír & Alexandre,,252,ad188c97b5145a165ddac7751acef1ee3c20bc5b490df514a1be4c86cf47112b,6097723,IMPORT,preserved,UNIQUE,,Sunnify/13 - Althair e Alexandre/Laço Aberto - Ao Vivo - Althaír & Alexandre.mp3,"sem erro de leitura; metadata GOOD; título HIGH; artista HIGH; cover presente; bitrate 192 kbps; sample rate 44100 Hz; desempate final por relative_path",192000,44100,true,GOOD
Sunnify/13 - Althair e Alexandre/Lado Feminino - Althaír & Alexandre.mp3,Lado Feminino - Althaír & Alexandre.mp3,Sunnify/13 - Althair e Alexandre,Lado Feminino,Althaír & Alexandre,,140,924881f008ddc7521256af7c47c65a8714982a8f094c43d72656ad5ec358137f,3398372,IMPORT,preserved,UNIQUE,,Sunnify/13 - Althair e Alexandre/Lado Feminino - Althaír & Alexandre.mp3,"sem erro de leitura; metadata GOOD; título HIGH; artista HIGH; cover presente; bitrate 192 kbps; sample rate 44100 Hz; desempate final por relative_path",192000,44100,true,GOOD
Sunnify/13 - Althair e Alexandre/Libera Ai - Althaír & Alexandre.mp3,Libera Ai - Althaír & Alexandre.mp3,Sunnify/13 - Althair e Alexandre,Libera Ai,Althaír & Alexandre,,149,ad504860faa91b3f7bd6eb52f0b2836323fe537cab3166d3ce22b53260c19c6e,3606769,IMPORT,preserved,UNIQUE,,Sunnify/13 - Althair e Alexandre/Libera Ai - Althaír & Alexandre.mp3,"sem erro de leitura; metadata GOOD; título HIGH; artista HIGH; cover presente; bitrate 192 kbps; sample rate 44100 Hz; desempate final por relative_path",192000,44100,true,GOOD
Sunnify/13 - Althair e Alexandre/Luzes da Ribalta - Althaír & Alexandre.mp3,Luzes da Ribalta - Althaír & Alexandre.mp3,Sunnify/13 - Althair e Alexandre,Luzes da Ribalta,Althaír & Alexandre,,190,49d742f7c97f9857a2b850a7e5962106749b17682c2f2ff7c8440c9c99ea8437,4603035,IMPORT,preserved,UNIQUE,,Sunnify/13 - Althair e Alexandre/Luzes da Ribalta - Althaír & Alexandre.mp3,"sem erro de leitura; metadata GOOD; título HIGH; artista HIGH; cover presente; bitrate 192 kbps; sample rate 44100 Hz; desempate final por relative_path",192000,44100,true,GOOD
Sunnify/13 - Althair e Alexandre/Luzes Da Ribalta (Limelight) - Althaír & Alexandre.mp3,Luzes Da Ribalta (Limelight) - Althaír & Alexandre.mp3,Sunnify/13 - Althair e Alexandre,Luzes Da Ribalta (Limelight),Althaír & Alexandre,,190,476f58a38825f9ddaa2912229d9dfc4b54432b5689987054c4bb76c5f561fe4a,4615569,IMPORT,preserved,UNIQUE,,Sunnify/13 - Althair e Alexandre/Luzes Da Ribalta (Limelight) - Althaír & Alexandre.mp3,"sem erro de leitura; metadata GOOD; título HIGH; artista HIGH; cover presente; bitrate 192 kbps; sample rate 44100 Hz; desempate final por relative_path",192000,44100,true,GOOD
Sunnify/13 - Althair e Alexandre/Madrugada Amiga - Althaír & Alexandre.mp3,Madrugada Amiga - Althaír & Alexandre.mp3,Sunnify/13 - Althair e Alexandre,Madrugada Amiga,Althaír & Alexandre,,201,03a6303d49347e23a202fdb3d6a8b861aa461aa6a76a6dc3ff540238ce9d2d10,4888534,IMPORT,preserved,UNIQUE,,Sunnify/13 - Althair e Alexandre/Madrugada Amiga - Althaír & Alexandre.mp3,"sem erro de leitura; metadata GOOD; título HIGH; artista HIGH; cover presente; bitrate 192 kbps; sample rate 44100 Hz; desempate final por relative_path",192000,44100,true,GOOD
"Sunnify/13 - Althair e Alexandre/Mato Grosso, Cuiabá - Althaír & Alexandre, Pescuma, Henrique & Claudinho.mp3","Mato Grosso, Cuiabá - Althaír & Alexandre, Pescuma, Henrique & Claudinho.mp3",Sunnify/13 - Althair e Alexandre,"Mato Grosso, Cuiabá","Althaír & Alexandre, Pescuma, Henrique & Claudinho",,192,1e5769f8d0bde885ce82901baeb5f23787b019a5c6740237b2b4dbc3e7327176,4663705,IMPORT,preserved,UNIQUE,,"Sunnify/13 - Althair e Alexandre/Mato Grosso, Cuiabá - Althaír & Alexandre, Pescuma, Henrique & Claudinho.mp3","sem erro de leitura; metadata GOOD; título HIGH; artista HIGH; cover presente; bitrate 192 kbps; sample rate 44100 Hz; desempate final por relative_path",192000,44100,true,GOOD
Sunnify/13 - Althair e Alexandre/Medião - Althaír & Alexandre.mp3,Medião - Althaír & Alexandre.mp3,Sunnify/13 - Althair e Alexandre,Medião,Althaír & Alexandre,,178,2c670114c628093881f99f97697577c887670c4138a152e99e8ca63f6d568d70,4319711,IMPORT,preserved,UNIQUE,,Sunnify/13 - Althair e Alexandre/Medião - Althaír & Alexandre.mp3,"sem erro de leitura; metadata GOOD; título HIGH; artista HIGH; cover presente; bitrate 192 kbps; sample rate 44100 Hz; desempate final por relative_path",192000,44100,true,GOOD
Sunnify/13 - Althair e Alexandre/Minha Estrela - Althaír & Alexandre.mp3,Minha Estrela - Althaír & Alexandre.mp3,Sunnify/13 - Althair e Alexandre,Minha Estrela,Althaír & Alexandre,,163,68279341274e6301bc031a33f82de8035b2a90ba09a1e446a655840a1fb47887,3946289,IMPORT,preserved,UNIQUE,,Sunnify/13 - Althair e Alexandre/Minha Estrela - Althaír & Alexandre.mp3,"sem erro de leitura; metadata GOOD; título HIGH; artista HIGH; cover presente; bitrate 192 kbps; sample rate 44100 Hz; desempate final por relative_path",192000,44100,true,GOOD
Sunnify/13 - Althair e Alexandre/Mulher Boa - Althaír & Alexandre.mp3,Mulher Boa - Althaír & Alexandre.mp3,Sunnify/13 - Althair e Alexandre,Mulher Boa,Althaír & Alexandre,,197,789918952ec9c3874f9f0cb5852c971491602bd4030724999845810231b2a9a7,4788111,IMPORT,preserved,UNIQUE,,Sunnify/13 - Althair e Alexandre/Mulher Boa - Althaír & Alexandre.mp3,"sem erro de leitura; metadata GOOD; título HIGH; artista HIGH; cover presente; bitrate 192 kbps; sample rate 44100 Hz; desempate final por relative_path",192000,44100,true,GOOD
Sunnify/13 - Althair e Alexandre/Não Consigo Te Trair - Althaír & Alexandre.mp3,Não Consigo Te Trair - Althaír & Alexandre.mp3,Sunnify/13 - Althair e Alexandre,Não Consigo Te Trair,Althaír & Alexandre,,200,b09cf2ac39034be4b0dafe98db30584ad39d92c2093c5b3b0ba82f1573147c9a,4851518,IMPORT,preserved,UNIQUE,,Sunnify/13 - Althair e Alexandre/Não Consigo Te Trair - Althaír & Alexandre.mp3,"sem erro de leitura; metadata GOOD; título HIGH; artista HIGH; cover presente; bitrate 192 kbps; sample rate 44100 Hz; desempate final por relative_path",192000,44100,true,GOOD
Sunnify/13 - Althair e Alexandre/Né Eu Não - Althaír & Alexandre.mp3,Né Eu Não - Althaír & Alexandre.mp3,Sunnify/13 - Althair e Alexandre,Né Eu Não,Althaír & Alexandre,,171,c0e84d552e7818c21b205bc609379cd1d5f28115f3101a5238cf134d4fadb594,4154667,IMPORT,preserved,UNIQUE,,Sunnify/13 - Althair e Alexandre/Né Eu Não - Althaír & Alexandre.mp3,"sem erro de leitura; metadata GOOD; título HIGH; artista HIGH; cover presente; bitrate 192 kbps; sample rate 44100 Hz; desempate final por relative_path",192000,44100,true,GOOD
Sunnify/13 - Althair e Alexandre/Paixão É Bucha - Althaír & Alexandre.mp3,Paixão É Bucha - Althaír & Alexandre.mp3,Sunnify/13 - Althair e Alexandre,Paixão É Bucha,Althaír & Alexandre,,153,0918a304b6bcc1180394438be26124d94a800ff3ddb4ffeb611b84a7eb263b5c,3717178,IMPORT,preserved,UNIQUE,,Sunnify/13 - Althair e Alexandre/Paixão É Bucha - Althaír & Alexandre.mp3,"sem erro de leitura; metadata GOOD; título HIGH; artista HIGH; cover presente; bitrate 192 kbps; sample rate 44100 Hz; desempate final por relative_path",192000,44100,true,GOOD
Sunnify/13 - Althair e Alexandre/Portas e Janelas - Althaír & Alexandre.mp3,Portas e Janelas - Althaír & Alexandre.mp3,Sunnify/13 - Althair e Alexandre,Portas e Janelas,Althaír & Alexandre,,221,db9e2d19877c55d13d562dfbcf2f89bad59be265280ae5575a2e5bd8e02f8c19,5359880,IMPORT,preserved,UNIQUE,,Sunnify/13 - Althair e Alexandre/Portas e Janelas - Althaír & Alexandre.mp3,"sem erro de leitura; metadata GOOD; título HIGH; artista HIGH; cover presente; bitrate 192 kbps; sample rate 44100 Hz; desempate final por relative_path",192000,44100,true,GOOD
Sunnify/13 - Althair e Alexandre/Primeiro de Abril - Althaír & Alexandre.mp3,Primeiro de Abril - Althaír & Alexandre.mp3,Sunnify/13 - Althair e Alexandre,Primeiro de Abril,Althaír & Alexandre,,217,0415f314b7eb025725e7772448b8824ccc6c46359d4030df7b1c4dc8f0655004,5263865,IMPORT,preserved,UNIQUE,,Sunnify/13 - Althair e Alexandre/Primeiro de Abril - Althaír & Alexandre.mp3,"sem erro de leitura; metadata GOOD; título HIGH; artista HIGH; cover presente; bitrate 192 kbps; sample rate 44100 Hz; desempate final por relative_path",192000,44100,true,GOOD
Sunnify/13 - Althair e Alexandre/Quase Me Chamou de Amor - Althaír & Alexandre.mp3,Quase Me Chamou de Amor - Althaír & Alexandre.mp3,Sunnify/13 - Althair e Alexandre,Quase Me Chamou de Amor,Althaír & Alexandre,,243,9e655f115aa46a8f12830403ea0620ee890bd8ed2f9784ac332a8b75bac90380,5876016,IMPORT,preserved,UNIQUE,,Sunnify/13 - Althair e Alexandre/Quase Me Chamou de Amor - Althaír & Alexandre.mp3,"sem erro de leitura; metadata GOOD; título HIGH; artista HIGH; cover presente; bitrate 192 kbps; sample rate 44100 Hz; desempate final por relative_path",192000,44100,true,GOOD
Sunnify/13 - Althair e Alexandre/Recomeçar - Ao Vivo - Althaír & Alexandre.mp3,Recomeçar - Ao Vivo - Althaír & Alexandre.mp3,Sunnify/13 - Althair e Alexandre,Recomeçar - Ao Vivo,Althaír & Alexandre,,203,d2075206e1ad01d57f4973092b4007ca6442793d70644884726975f6568e13b6,4898440,IMPORT,preserved,UNIQUE,,Sunnify/13 - Althair e Alexandre/Recomeçar - Ao Vivo - Althaír & Alexandre.mp3,"sem erro de leitura; metadata GOOD; título HIGH; artista HIGH; cover presente; bitrate 192 kbps; sample rate 44100 Hz; desempate final por relative_path",192000,44100,true,GOOD
Sunnify/13 - Althair e Alexandre/Renda-se - Althaír & Alexandre.mp3,Renda-se - Althaír & Alexandre.mp3,Sunnify/13 - Althair e Alexandre,Renda-se,Althaír & Alexandre,,229,2b8e0206f42d7baad8fca464cbda9c2a2a0ccde8e2b701f95783cbcf69777eab,5552528,IMPORT,preserved,UNIQUE,,Sunnify/13 - Althair e Alexandre/Renda-se - Althaír & Alexandre.mp3,"sem erro de leitura; metadata GOOD; título HIGH; artista HIGH; cover presente; bitrate 192 kbps; sample rate 44100 Hz; desempate final por relative_path",192000,44100,true,GOOD
Sunnify/13 - Althair e Alexandre/Rosas E Versos - Althaír & Alexandre.mp3,Rosas E Versos - Althaír & Alexandre.mp3,Sunnify/13 - Althair e Alexandre,Rosas E Versos,Althaír & Alexandre,,203,ce25295826cc03c9528eeaa33dbb7f140c0f6cbfafd6885e98dc73bbb1195934,4945641,IMPORT,preserved,UNIQUE,,Sunnify/13 - Althair e Alexandre/Rosas E Versos - Althaír & Alexandre.mp3,"sem erro de leitura; metadata GOOD; título HIGH; artista HIGH; cover presente; bitrate 192 kbps; sample rate 44100 Hz; desempate final por relative_path",192000,44100,true,GOOD
Sunnify/13 - Althair e Alexandre/Só de Nós Dois - Althaír & Alexandre.mp3,Só de Nós Dois - Althaír & Alexandre.mp3,Sunnify/13 - Althair e Alexandre,Só de Nós Dois,Althaír & Alexandre,,178,011e3cf010e5510c9829713e0f66c8c8e89608d463a41fc49f090fc4d2240b81,4309653,IMPORT,preserved,UNIQUE,,Sunnify/13 - Althair e Alexandre/Só de Nós Dois - Althaír & Alexandre.mp3,"sem erro de leitura; metadata GOOD; título HIGH; artista HIGH; cover presente; bitrate 192 kbps; sample rate 44100 Hz; desempate final por relative_path",192000,44100,true,GOOD
Sunnify/13 - Althair e Alexandre/Só Falta Você - Althaír & Alexandre.mp3,Só Falta Você - Althaír & Alexandre.mp3,Sunnify/13 - Althair e Alexandre,Só Falta Você,Althaír & Alexandre,,170,01b4b2b2d07df5c53198d15306e834cdfd69476e7d1185dbb95135ad858a9e04,4134593,IMPORT,preserved,UNIQUE,,Sunnify/13 - Althair e Alexandre/Só Falta Você - Althaír & Alexandre.mp3,"sem erro de leitura; metadata GOOD; título HIGH; artista HIGH; cover presente; bitrate 192 kbps; sample rate 44100 Hz; desempate final por relative_path",192000,44100,true,GOOD
Sunnify/13 - Althair e Alexandre/Só Outra Paixão - Althaír & Alexandre.mp3,Só Outra Paixão - Althaír & Alexandre.mp3,Sunnify/13 - Althair e Alexandre,Só Outra Paixão,Althaír & Alexandre,,157,d84361820738f9fcac337ac7d15703943bea032619e15537b05265ca83b88725,3811315,IMPORT,preserved,UNIQUE,,Sunnify/13 - Althair e Alexandre/Só Outra Paixão - Althaír & Alexandre.mp3,"sem erro de leitura; metadata GOOD; título HIGH; artista HIGH; cover presente; bitrate 192 kbps; sample rate 44100 Hz; desempate final por relative_path",192000,44100,true,GOOD
Sunnify/13 - Althair e Alexandre/Só Quero Te Dizer - Althaír & Alexandre.mp3,Só Quero Te Dizer - Althaír & Alexandre.mp3,Sunnify/13 - Althair e Alexandre,Só Quero Te Dizer,Althaír & Alexandre,,180,fa27af2842941f95a27c45f840faf3eae0ebf4a9c14df10bfc27eba93bf7d58a,4385000,IMPORT,preserved,UNIQUE,,Sunnify/13 - Althair e Alexandre/Só Quero Te Dizer - Althaír & Alexandre.mp3,"sem erro de leitura; metadata GOOD; título HIGH; artista HIGH; cover presente; bitrate 192 kbps; sample rate 44100 Hz; desempate final por relative_path",192000,44100,true,GOOD
Sunnify/13 - Althair e Alexandre/Sobrou Pra Mim - Althaír & Alexandre.mp3,Sobrou Pra Mim - Althaír & Alexandre.mp3,Sunnify/13 - Althair e Alexandre,Sobrou Pra Mim,Althaír & Alexandre,,155,ac17fae778d419b9d591fca7468e4445b7dbd5bb95a55cd292c49da75c572d3c,3766755,IMPORT,preserved,UNIQUE,,Sunnify/13 - Althair e Alexandre/Sobrou Pra Mim - Althaír & Alexandre.mp3,"sem erro de leitura; metadata GOOD; título HIGH; artista HIGH; cover presente; bitrate 192 kbps; sample rate 44100 Hz; desempate final por relative_path",192000,44100,true,GOOD
Sunnify/13 - Althair e Alexandre/Solto Na Cachaça - Althaír & Alexandre.mp3,Solto Na Cachaça - Althaír & Alexandre.mp3,Sunnify/13 - Althair e Alexandre,Solto Na Cachaça,Althaír & Alexandre,,163,4f0f9b054f3b7ae190421781542c04387d1eee08fdaf1f974e1138ea579fcb84,3936254,IMPORT,preserved,UNIQUE,,Sunnify/13 - Althair e Alexandre/Solto Na Cachaça - Althaír & Alexandre.mp3,"sem erro de leitura; metadata GOOD; título HIGH; artista HIGH; cover presente; bitrate 192 kbps; sample rate 44100 Hz; desempate final por relative_path",192000,44100,true,GOOD
"Sunnify/13 - Althair e Alexandre/Tá Nervoso,...Vai Pescá - Althaír & Alexandre.mp3","Tá Nervoso,...Vai Pescá - Althaír & Alexandre.mp3",Sunnify/13 - Althair e Alexandre,"Tá Nervoso,...Vai Pescá",Althaír & Alexandre,,179,1f915c0318df0786745d17fcb5a08d3e1747485add64f97c722b26a8f41e6143,4360765,IMPORT,preserved,UNIQUE,,"Sunnify/13 - Althair e Alexandre/Tá Nervoso,...Vai Pescá - Althaír & Alexandre.mp3","sem erro de leitura; metadata GOOD; título HIGH; artista HIGH; cover presente; bitrate 192 kbps; sample rate 44100 Hz; desempate final por relative_path",192000,44100,true,GOOD
Sunnify/13 - Althair e Alexandre/Taxi - Althaír & Alexandre.mp3,Taxi - Althaír & Alexandre.mp3,Sunnify/13 - Althair e Alexandre,Taxi,Althaír & Alexandre,,232,29b624afc89bc68d6a5f096efa3630575a6bbe69628833e6f1336e794ae7a9ce,5637824,IMPORT,likely_duplicate_representative,LIKELY_DUPLICATE,26,Sunnify/13 - Althair e Alexandre/Taxi - Althaír & Alexandre.mp3,"sem erro de leitura; metadata GOOD; título HIGH; artista HIGH; cover presente; bitrate 192 kbps; sample rate 44100 Hz; desempate final por relative_path",192000,44100,true,GOOD
Sunnify/13 - Althair e Alexandre/Táxi - Althaír & Alexandre.mp3,Táxi - Althaír & Alexandre.mp3,Sunnify/13 - Althair e Alexandre,Táxi,Althaír & Alexandre,,232,1773761fb3c3173b82e4f7dd2e408356c9aa12c956f058768b841c70b3e96519,5629082,SKIP_LIKELY,likely_duplicate,LIKELY_DUPLICATE,26,Sunnify/13 - Althair e Alexandre/Taxi - Althaír & Alexandre.mp3,"sem erro de leitura; metadata GOOD; título HIGH; artista HIGH; cover presente; bitrate 192 kbps; sample rate 44100 Hz; desempate final por relative_path",192000,44100,true,GOOD
"Sunnify/13 - Althair e Alexandre/Tô Apaixonado - Ao Vivo - Althaír & Alexandre, Forró Namoro Novo.mp3","Tô Apaixonado - Ao Vivo - Althaír & Alexandre, Forró Namoro Novo.mp3",Sunnify/13 - Althair e Alexandre,Tô Apaixonado - Ao Vivo,"Althaír & Alexandre, Forró Namoro Novo",,211,10e6726d661eaeb723f50964dc0bb6e3ae387f1fda3de5cdc96e3491abc75410,5112486,IMPORT,preserved,UNIQUE,,"Sunnify/13 - Althair e Alexandre/Tô Apaixonado - Ao Vivo - Althaír & Alexandre, Forró Namoro Novo.mp3","sem erro de leitura; metadata GOOD; título HIGH; artista HIGH; cover presente; bitrate 192 kbps; sample rate 44100 Hz; desempate final por relative_path",192000,44100,true,GOOD
Sunnify/13 - Althair e Alexandre/Tô Dodói - Althaír & Alexandre.mp3,Tô Dodói - Althaír & Alexandre.mp3,Sunnify/13 - Althair e Alexandre,Tô Dodói,Althaír & Alexandre,,163,519432f24ac37af3875e036649d5e44e6e1dba1ebc93d704166ac2b6da198f8b,3969533,IMPORT,preserved,UNIQUE,,Sunnify/13 - Althair e Alexandre/Tô Dodói - Althaír & Alexandre.mp3,"sem erro de leitura; metadata GOOD; título HIGH; artista HIGH; cover presente; bitrate 192 kbps; sample rate 44100 Hz; desempate final por relative_path",192000,44100,true,GOOD
Sunnify/13 - Althair e Alexandre/Uai Sô! - Althaír & Alexandre.mp3,Uai Sô! - Althaír & Alexandre.mp3,Sunnify/13 - Althair e Alexandre,Uai Sô!,Althaír & Alexandre,,183,1fe4f861d5c340f4a28ec2dcc07e33585a6a66c8707fd04f38bbfabe531e0891,4448906,IMPORT,preserved,UNIQUE,,Sunnify/13 - Althair e Alexandre/Uai Sô! - Althaír & Alexandre.mp3,"sem erro de leitura; metadata GOOD; título HIGH; artista HIGH; cover presente; bitrate 192 kbps; sample rate 44100 Hz; desempate final por relative_path",192000,44100,true,GOOD
Sunnify/13 - Althair e Alexandre/Um Novo Cara - Althaír & Alexandre [2NQAlKUh0mjvBhZ9aijXyq].mp3,Um Novo Cara - Althaír & Alexandre [2NQAlKUh0mjvBhZ9aijXyq].mp3,Sunnify/13 - Althair e Alexandre,Um Novo Cara,Althaír & Alexandre,,224,c4cc46fa80377be92f7d928b7f5e4f7980a35dcc16872ffbf298e9a9ad4fb3cd,5421373,IMPORT,preserved,UNIQUE,,Sunnify/13 - Althair e Alexandre/Um Novo Cara - Althaír & Alexandre [2NQAlKUh0mjvBhZ9aijXyq].mp3,"sem erro de leitura; metadata GOOD; título HIGH; artista HIGH; cover presente; bitrate 192 kbps; sample rate 44100 Hz; desempate final por relative_path",192000,44100,true,GOOD
Sunnify/13 - Althair e Alexandre/Um Novo Cara - Althaír & Alexandre.mp3,Um Novo Cara - Althaír & Alexandre.mp3,Sunnify/13 - Althair e Alexandre,Um Novo Cara,Althaír & Alexandre,,176,1febb88658ae00cce005ce8088730328d53c9f3e83456c12ee3fceed11aa1f90,4260071,IMPORT,preserved,UNIQUE,,Sunnify/13 - Althair e Alexandre/Um Novo Cara - Althaír & Alexandre.mp3,"sem erro de leitura; metadata GOOD; título HIGH; artista HIGH; cover presente; bitrate 192 kbps; sample rate 44100 Hz; desempate final por relative_path",192000,44100,true,GOOD
Sunnify/13 - Althair e Alexandre/Vai Se Danar - Althaír & Alexandre.mp3,Vai Se Danar - Althaír & Alexandre.mp3,Sunnify/13 - Althair e Alexandre,Vai Se Danar,Althaír & Alexandre,,168,14262182e62126cb9b4fd607710dafdc39292b3e657347e41e1de26a1a7d5bed,4066153,IMPORT,preserved,UNIQUE,,Sunnify/13 - Althair e Alexandre/Vai Se Danar - Althaír & Alexandre.mp3,"sem erro de leitura; metadata GOOD; título HIGH; artista HIGH; cover presente; bitrate 192 kbps; sample rate 44100 Hz; desempate final por relative_path",192000,44100,true,GOOD
Sunnify/13 - Althair e Alexandre/Você Marcou Pra Mim - Althaír & Alexandre.mp3,Você Marcou Pra Mim - Althaír & Alexandre.mp3,Sunnify/13 - Althair e Alexandre,Você Marcou Pra Mim,Althaír & Alexandre,,217,8c8d6643872d51ff7bfcc817767f16588345b08168295a8d33ab8f540db4fc30,5260689,IMPORT,preserved,UNIQUE,,Sunnify/13 - Althair e Alexandre/Você Marcou Pra Mim - Althaír & Alexandre.mp3,"sem erro de leitura; metadata GOOD; título HIGH; artista HIGH; cover presente; bitrate 192 kbps; sample rate 44100 Hz; desempate final por relative_path",192000,44100,true,GOOD
"Sunnify/14 - Pedro Paulo e Alex/Alcoonteceu - Fiduma & Jeca, Pedro Paulo & Alex.mp3","Alcoonteceu - Fiduma & Jeca, Pedro Paulo & Alex.mp3",Sunnify/14 - Pedro Paulo e Alex,Alcoonteceu,"Fiduma & Jeca, Pedro Paulo & Alex",,186,6b0091d03f91fc90a5a70162033e91a7fb3d68f9c6a6fc5c1ad11122c7608a6c,4528584,IMPORT,preserved,UNIQUE,,"Sunnify/14 - Pedro Paulo e Alex/Alcoonteceu - Fiduma & Jeca, Pedro Paulo & Alex.mp3","sem erro de leitura; metadata GOOD; título HIGH; artista HIGH; cover presente; bitrate 192 kbps; sample rate 44100 Hz; desempate final por relative_path",192000,44100,true,GOOD
Sunnify/14 - Pedro Paulo e Alex/Amores Impossíveis - Ao Vivo - Pedro Paulo & Alex.mp3,Amores Impossíveis - Ao Vivo - Pedro Paulo & Alex.mp3,Sunnify/14 - Pedro Paulo e Alex,Amores Impossíveis - Ao Vivo,Pedro Paulo & Alex,,161,972258ec5f6047b54f29cc5cb8eb94e17f438b8d276c6b0a9b26b2ebef6588af,3901391,IMPORT,preserved,UNIQUE,,Sunnify/14 - Pedro Paulo e Alex/Amores Impossíveis - Ao Vivo - Pedro Paulo & Alex.mp3,"sem erro de leitura; metadata GOOD; título HIGH; artista HIGH; cover presente; bitrate 192 kbps; sample rate 44100 Hz; desempate final por relative_path",192000,44100,true,GOOD
Sunnify/14 - Pedro Paulo e Alex/As Novinhas Tão Sensacional - Pedro Paulo & Alex.mp3,As Novinhas Tão Sensacional - Pedro Paulo & Alex.mp3,Sunnify/14 - Pedro Paulo e Alex,As Novinhas Tão Sensacional,Pedro Paulo & Alex,,197,35caba7fabb3ba803d4b6e40d77f3eaae3fa7bf64b125c639786d69b03b8694a,4764984,IMPORT,preserved,UNIQUE,,Sunnify/14 - Pedro Paulo e Alex/As Novinhas Tão Sensacional - Pedro Paulo & Alex.mp3,"sem erro de leitura; metadata GOOD; título HIGH; artista HIGH; cover presente; bitrate 192 kbps; sample rate 44100 Hz; desempate final por relative_path",192000,44100,true,GOOD
"Sunnify/14 - Pedro Paulo e Alex/Caipira Perdeu - João Pedro e André, Augusto & Atílio.mp3","Caipira Perdeu - João Pedro e André, Augusto & Atílio.mp3",Sunnify/14 - Pedro Paulo e Alex,Caipira Perdeu,"João Pedro e André, Augusto & Atílio",,158,4ba321931e0cf7d560550c0637117fc395fc2466b616c514a2a12818b6b66f1c,3854492,SKIP_LIKELY,likely_duplicate,LIKELY_DUPLICATE,24,"Sunnify/10 - Cê tá doido/Caipira Perdeu - João Pedro e André, Augusto & Atílio.mp3","sem erro de leitura; metadata GOOD; título HIGH; artista HIGH; cover presente; bitrate 192 kbps; sample rate 44100 Hz; desempate final por relative_path",192000,44100,true,GOOD
"Sunnify/14 - Pedro Paulo e Alex/Camionete Vai Pular - Jennifer e Stephany, Pedro Paulo & Alex.mp3","Camionete Vai Pular - Jennifer e Stephany, Pedro Paulo & Alex.mp3",Sunnify/14 - Pedro Paulo e Alex,Camionete Vai Pular,"Jennifer e Stephany, Pedro Paulo & Alex",,138,0ba7d8fcaee74278dddbebf0746ad235ba9a73472205316ac8c694511a2ad09e,3368308,IMPORT,preserved,UNIQUE,,"Sunnify/14 - Pedro Paulo e Alex/Camionete Vai Pular - Jennifer e Stephany, Pedro Paulo & Alex.mp3","sem erro de leitura; metadata GOOD; título HIGH; artista HIGH; cover presente; bitrate 192 kbps; sample rate 44100 Hz; desempate final por relative_path",192000,44100,true,GOOD
"Sunnify/14 - Pedro Paulo e Alex/Carmed Chocolate - Pedro Paulo & Alex, Diego & Victor Hugo.mp3","Carmed Chocolate - Pedro Paulo & Alex, Diego & Victor Hugo.mp3",Sunnify/14 - Pedro Paulo e Alex,Carmed Chocolate,"Pedro Paulo & Alex, Diego & Victor Hugo",,153,421d8d9993afdf5c51ef082867e5178a7140faede84f23c4e2ab39a53ed37e9d,3718974,IMPORT,preserved,UNIQUE,,"Sunnify/14 - Pedro Paulo e Alex/Carmed Chocolate - Pedro Paulo & Alex, Diego & Victor Hugo.mp3","sem erro de leitura; metadata GOOD; título HIGH; artista HIGH; cover presente; bitrate 192 kbps; sample rate 44100 Hz; desempate final por relative_path",192000,44100,true,GOOD
"Sunnify/14 - Pedro Paulo e Alex/Chapéu e Lingerie - Ao Vivo - Pedro Paulo & Alex, Farra dos Brabu, Bruno & Barretto, Loubet.mp3","Chapéu e Lingerie - Ao Vivo - Pedro Paulo & Alex, Farra dos Brabu, Bruno & Barretto, Loubet.mp3",Sunnify/14 - Pedro Paulo e Alex,Chapéu e Lingerie - Ao Vivo,"Pedro Paulo & Alex, Farra dos Brabu, Bruno & Barretto, Loubet",,198,658278dd3b9592dd6b11afa73ab7f0f9667bf4a85b01c7e9fd333150b1397ed1,4789974,IMPORT,preserved,UNIQUE,,"Sunnify/14 - Pedro Paulo e Alex/Chapéu e Lingerie - Ao Vivo - Pedro Paulo & Alex, Farra dos Brabu, Bruno & Barretto, Loubet.mp3","sem erro de leitura; metadata GOOD; título HIGH; artista HIGH; cover presente; bitrate 192 kbps; sample rate 44100 Hz; desempate final por relative_path",192000,44100,true,GOOD
"Sunnify/14 - Pedro Paulo e Alex/Colinho do Vaqueiro (Pocotó) - Ao Vivo - Os Barões Da Pisadinha, Pedro Paulo & Alex.mp3","Colinho do Vaqueiro (Pocotó) - Ao Vivo - Os Barões Da Pisadinha, Pedro Paulo & Alex.mp3",Sunnify/14 - Pedro Paulo e Alex,Colinho do Vaqueiro (Pocotó) - Ao Vivo,"Os Barões Da Pisadinha, Pedro Paulo & Alex",,158,6c5e277a48ad4da2589622bb823e0baca8c3912be73b8b1d3454e564afe23e07,3844658,IMPORT,preserved,UNIQUE,,"Sunnify/14 - Pedro Paulo e Alex/Colinho do Vaqueiro (Pocotó) - Ao Vivo - Os Barões Da Pisadinha, Pedro Paulo & Alex.mp3","sem erro de leitura; metadata GOOD; título HIGH; artista HIGH; cover presente; bitrate 192 kbps; sample rate 44100 Hz; desempate final por relative_path",192000,44100,true,GOOD
Sunnify/14 - Pedro Paulo e Alex/De 4 Paredes - Ao Vivo - Pedro Paulo & Alex.mp3,De 4 Paredes - Ao Vivo - Pedro Paulo & Alex.mp3,Sunnify/14 - Pedro Paulo e Alex,De 4 Paredes - Ao Vivo,Pedro Paulo & Alex,,163,06c9431d6c6fc5584746ca06c137b3f3e52023f3aa9b4a6b16adc2ca490448af,3978352,IMPORT,preserved,UNIQUE,,Sunnify/14 - Pedro Paulo e Alex/De 4 Paredes - Ao Vivo - Pedro Paulo & Alex.mp3,"sem erro de leitura; metadata GOOD; título HIGH; artista HIGH; cover presente; bitrate 192 kbps; sample rate 44100 Hz; desempate final por relative_path",192000,44100,true,GOOD
Sunnify/14 - Pedro Paulo e Alex/De Lance A Love - Ao Vivo Em Goiânia 2019 - Pedro Paulo & Alex.mp3,De Lance A Love - Ao Vivo Em Goiânia 2019 - Pedro Paulo & Alex.mp3,Sunnify/14 - Pedro Paulo e Alex,De Lance A Love - Ao Vivo Em Goiânia / 2019,Pedro Paulo & Alex,,163,c78469ae36215357f12b5860ad956b305cb45192d31ac860b255c164ac98bdcb,3967207,IMPORT,preserved,UNIQUE,,Sunnify/14 - Pedro Paulo e Alex/De Lance A Love - Ao Vivo Em Goiânia 2019 - Pedro Paulo & Alex.mp3,"sem erro de leitura; metadata GOOD; título HIGH; artista HIGH; cover presente; bitrate 192 kbps; sample rate 44100 Hz; desempate final por relative_path",192000,44100,true,GOOD
Sunnify/14 - Pedro Paulo e Alex/Desbotequei (Ai Bebê) - Acústico Ao Vivo - Pedro Paulo & Alex.mp3,Desbotequei (Ai Bebê) - Acústico Ao Vivo - Pedro Paulo & Alex.mp3,Sunnify/14 - Pedro Paulo e Alex,Desbotequei (Ai Bebê) - Acústico / Ao Vivo,Pedro Paulo & Alex,,148,95d7b8a36acf65ab8324b2d3a8af05076030664abb65c13ce4f1e50d1a7435f6,3606861,IMPORT,preserved,UNIQUE,,Sunnify/14 - Pedro Paulo e Alex/Desbotequei (Ai Bebê) - Acústico Ao Vivo - Pedro Paulo & Alex.mp3,"sem erro de leitura; metadata GOOD; título HIGH; artista HIGH; cover presente; bitrate 192 kbps; sample rate 44100 Hz; desempate final por relative_path",192000,44100,true,GOOD
"Sunnify/14 - Pedro Paulo e Alex/Desce Álcool - Ricco Montana, Pedro Paulo & Alex.mp3","Desce Álcool - Ricco Montana, Pedro Paulo & Alex.mp3",Sunnify/14 - Pedro Paulo e Alex,Desce Álcool,"Ricco Montana, Pedro Paulo & Alex",,132,adaa8048a75b78b511e24e3f2253bac5196b83503165410b602ee63b3c29a442,3221885,IMPORT,preserved,UNIQUE,,"Sunnify/14 - Pedro Paulo e Alex/Desce Álcool - Ricco Montana, Pedro Paulo & Alex.mp3","sem erro de leitura; metadata GOOD; título HIGH; artista HIGH; cover presente; bitrate 192 kbps; sample rate 44100 Hz; desempate final por relative_path",192000,44100,true,GOOD
"Sunnify/14 - Pedro Paulo e Alex/Desnamorei - Pedro Paulo & Alex, Edy Lemond.mp3","Desnamorei - Pedro Paulo & Alex, Edy Lemond.mp3",Sunnify/14 - Pedro Paulo e Alex,Desnamorei,"Pedro Paulo & Alex, Edy Lemond",,150,2be61bfa5cbd0cfe767ab03ed68299bb70eec5fe5cac7e011814b6a98d040546,3638460,IMPORT,preserved,UNIQUE,,"Sunnify/14 - Pedro Paulo e Alex/Desnamorei - Pedro Paulo & Alex, Edy Lemond.mp3","sem erro de leitura; metadata GOOD; título HIGH; artista HIGH; cover presente; bitrate 192 kbps; sample rate 44100 Hz; desempate final por relative_path",192000,44100,true,GOOD
"Sunnify/14 - Pedro Paulo e Alex/DNA - Matheus Vargas, Leonardo.mp3","DNA - Matheus Vargas, Leonardo.mp3",Sunnify/14 - Pedro Paulo e Alex,DNA,"Matheus Vargas, Leonardo",,156,cda8dd14da3b3d15c856a9e3c3443faafe5e9a36364f1fe889d35c6013dea6e8,3778412,SKIP_LIKELY,likely_duplicate,LIKELY_DUPLICATE,25,"Sunnify/10 - Cê tá doido/DNA - Matheus Vargas, Leonardo.mp3","sem erro de leitura; metadata GOOD; título HIGH; artista HIGH; cover presente; bitrate 192 kbps; sample rate 44100 Hz; desempate final por relative_path",192000,44100,true,GOOD
Sunnify/14 - Pedro Paulo e Alex/Elas Pedem Pra Botar - Pedro Paulo & Alex.mp3,Elas Pedem Pra Botar - Pedro Paulo & Alex.mp3,Sunnify/14 - Pedro Paulo e Alex,Elas Pedem Pra Botar,Pedro Paulo & Alex,,161,2f33a8817d12c9ad78254f84ab9e06c605c361a1fee9369dd30d210c9d8c8ce5,3903256,IMPORT,preserved,UNIQUE,,Sunnify/14 - Pedro Paulo e Alex/Elas Pedem Pra Botar - Pedro Paulo & Alex.mp3,"sem erro de leitura; metadata GOOD; título HIGH; artista HIGH; cover presente; bitrate 192 kbps; sample rate 44100 Hz; desempate final por relative_path",192000,44100,true,GOOD
Sunnify/14 - Pedro Paulo e Alex/Esqueceu do Ex - Pedro Paulo & Alex.mp3,Esqueceu do Ex - Pedro Paulo & Alex.mp3,Sunnify/14 - Pedro Paulo e Alex,Esqueceu do Ex,Pedro Paulo & Alex,,164,8da05e392b06687c746fefc1ed9c56b4f2d3028cd588ecf9c313bfe35de4234a,3974553,IMPORT,preserved,UNIQUE,,Sunnify/14 - Pedro Paulo e Alex/Esqueceu do Ex - Pedro Paulo & Alex.mp3,"sem erro de leitura; metadata GOOD; título HIGH; artista HIGH; cover presente; bitrate 192 kbps; sample rate 44100 Hz; desempate final por relative_path",192000,44100,true,GOOD
Sunnify/14 - Pedro Paulo e Alex/Eu Gosto Assim - Ao Vivo - Pedro Paulo & Alex.mp3,Eu Gosto Assim - Ao Vivo - Pedro Paulo & Alex.mp3,Sunnify/14 - Pedro Paulo e Alex,Eu Gosto Assim - Ao Vivo,Pedro Paulo & Alex,,161,ce4453268b739be6b65c5c8681457e2160da4908397198146276f0e9e56c3e13,3898872,IMPORT,preserved,UNIQUE,,Sunnify/14 - Pedro Paulo e Alex/Eu Gosto Assim - Ao Vivo - Pedro Paulo & Alex.mp3,"sem erro de leitura; metadata GOOD; título HIGH; artista HIGH; cover presente; bitrate 192 kbps; sample rate 44100 Hz; desempate final por relative_path",192000,44100,true,GOOD
Sunnify/14 - Pedro Paulo e Alex/Fama de Pegador - Ao Vivo - Pedro Paulo & Alex.mp3,Fama de Pegador - Ao Vivo - Pedro Paulo & Alex.mp3,Sunnify/14 - Pedro Paulo e Alex,Fama de Pegador - Ao Vivo,Pedro Paulo & Alex,,210,e1fb56b429182f809dbd094369d43da0caabb6fe684102f801fe1ecf2ef5d89c,5106166,IMPORT,preserved,UNIQUE,,Sunnify/14 - Pedro Paulo e Alex/Fama de Pegador - Ao Vivo - Pedro Paulo & Alex.mp3,"sem erro de leitura; metadata GOOD; título HIGH; artista HIGH; cover presente; bitrate 192 kbps; sample rate 44100 Hz; desempate final por relative_path",192000,44100,true,GOOD
Sunnify/14 - Pedro Paulo e Alex/Faro de Pegador - Pedro Paulo & Alex.mp3,Faro de Pegador - Pedro Paulo & Alex.mp3,Sunnify/14 - Pedro Paulo e Alex,Faro de Pegador,Pedro Paulo & Alex,,120,a1841182210304a23e1df1be8dc39292257d334910c4c6ba02100a0d0bbf71e3,2938355,IMPORT,preserved,UNIQUE,,Sunnify/14 - Pedro Paulo e Alex/Faro de Pegador - Pedro Paulo & Alex.mp3,"sem erro de leitura; metadata GOOD; título HIGH; artista HIGH; cover presente; bitrate 192 kbps; sample rate 44100 Hz; desempate final por relative_path",192000,44100,true,GOOD
"Sunnify/14 - Pedro Paulo e Alex/Farra É Melhor Que Te Amo - Pedro Paulo & Alex, Dj Kevin.mp3","Farra É Melhor Que Te Amo - Pedro Paulo & Alex, Dj Kevin.mp3",Sunnify/14 - Pedro Paulo e Alex,Farra É Melhor Que Te Amo,"Pedro Paulo & Alex, Dj Kevin",,126,4ce1326bf7786a5c6f904ac3029e85fb61b9f6a153a3dd547518b44ff1dc013f,3081338,IMPORT,preserved,UNIQUE,,"Sunnify/14 - Pedro Paulo e Alex/Farra É Melhor Que Te Amo - Pedro Paulo & Alex, Dj Kevin.mp3","sem erro de leitura; metadata GOOD; título HIGH; artista HIGH; cover presente; bitrate 192 kbps; sample rate 44100 Hz; desempate final por relative_path",192000,44100,true,GOOD
"Sunnify/14 - Pedro Paulo e Alex/Ia Dar Bom - Pedro Paulo & Alex, Ana Castela.mp3","Ia Dar Bom - Pedro Paulo & Alex, Ana Castela.mp3",Sunnify/14 - Pedro Paulo e Alex,Ia Dar Bom,"Pedro Paulo & Alex, Ana Castela",,168,cb62266457f829e745d2ce29e9eb38bd29387c56def25b8d9fb6960ec7190f0c,4070149,SKIP_LIKELY,likely_duplicate,LIKELY_DUPLICATE,17,"Sunnify/09 - Ana Castela/Ia Dar Bom - Pedro Paulo & Alex, Ana Castela.mp3","sem erro de leitura; metadata GOOD; título HIGH; artista HIGH; cover presente; bitrate 192 kbps; sample rate 44100 Hz; desempate final por relative_path",192000,44100,true,GOOD
"Sunnify/14 - Pedro Paulo e Alex/Loira de Maringá - Pedro Paulo & Alex, Ícaro e Gilmar.mp3","Loira de Maringá - Pedro Paulo & Alex, Ícaro e Gilmar.mp3",Sunnify/14 - Pedro Paulo e Alex,Loira de Maringá,"Pedro Paulo & Alex, Ícaro e Gilmar",,162,10c4d312144737bd6bd8a6a628d026b1e33ffb3f9329f59ca20b6e64f16a43ba,3928046,IMPORT,preserved,UNIQUE,,"Sunnify/14 - Pedro Paulo e Alex/Loira de Maringá - Pedro Paulo & Alex, Ícaro e Gilmar.mp3","sem erro de leitura; metadata GOOD; título HIGH; artista HIGH; cover presente; bitrate 192 kbps; sample rate 44100 Hz; desempate final por relative_path",192000,44100,true,GOOD
Sunnify/14 - Pedro Paulo e Alex/Mesmo Pedido - Ao Vivo - Pedro Paulo & Alex.mp3,Mesmo Pedido - Ao Vivo - Pedro Paulo & Alex.mp3,Sunnify/14 - Pedro Paulo e Alex,Mesmo Pedido - Ao Vivo,Pedro Paulo & Alex,,186,72a3c9865c32bb63b3f84e07921b6c124d5b70672574d89de484be8964ba0278,4508576,IMPORT,preserved,UNIQUE,,Sunnify/14 - Pedro Paulo e Alex/Mesmo Pedido - Ao Vivo - Pedro Paulo & Alex.mp3,"sem erro de leitura; metadata GOOD; título HIGH; artista HIGH; cover presente; bitrate 192 kbps; sample rate 44100 Hz; desempate final por relative_path",192000,44100,true,GOOD
Sunnify/14 - Pedro Paulo e Alex/Meu Corpo da Sinal - Pedro Paulo & Alex.mp3,Meu Corpo da Sinal - Pedro Paulo & Alex.mp3,Sunnify/14 - Pedro Paulo e Alex,Meu Corpo da Sinal,Pedro Paulo & Alex,,184,5838bca84c4ac4187dc3573615ba2daf76f80832bd6cba950a669c3cd178c791,4469382,IMPORT,preserved,UNIQUE,,Sunnify/14 - Pedro Paulo e Alex/Meu Corpo da Sinal - Pedro Paulo & Alex.mp3,"sem erro de leitura; metadata GOOD; título HIGH; artista HIGH; cover presente; bitrate 192 kbps; sample rate 44100 Hz; desempate final por relative_path",192000,44100,true,GOOD
"Sunnify/14 - Pedro Paulo e Alex/Não Me Recomendo - Farra dos Brabu, Pedro Paulo & Alex, US Agroboy.mp3","Não Me Recomendo - Farra dos Brabu, Pedro Paulo & Alex, US Agroboy.mp3",Sunnify/14 - Pedro Paulo e Alex,Não Me Recomendo,"Farra dos Brabu, Pedro Paulo & Alex, US Agroboy",,127,49bb3d0b17146069f9fed8018435f483f02a5253142f3979f0c1f5390b03863a,3109695,IMPORT,preserved,UNIQUE,,"Sunnify/14 - Pedro Paulo e Alex/Não Me Recomendo - Farra dos Brabu, Pedro Paulo & Alex, US Agroboy.mp3","sem erro de leitura; metadata GOOD; título HIGH; artista HIGH; cover presente; bitrate 192 kbps; sample rate 44100 Hz; desempate final por relative_path",192000,44100,true,GOOD
"Sunnify/14 - Pedro Paulo e Alex/Nega Insana - Ao Vivo - Pedro Paulo & Alex, Bruno & Barretto, Léo & Raphael, Loubet.mp3","Nega Insana - Ao Vivo - Pedro Paulo & Alex, Bruno & Barretto, Léo & Raphael, Loubet.mp3",Sunnify/14 - Pedro Paulo e Alex,Nega / Insana - Ao Vivo,"Pedro Paulo & Alex, Bruno & Barretto, Léo & Raphael, Loubet",,208,40868ca13b69b9f5db137be601c19d0e7b4a676461f15890684dbbfa4c9f3ab0,5049853,IMPORT,preserved,UNIQUE,,"Sunnify/14 - Pedro Paulo e Alex/Nega Insana - Ao Vivo - Pedro Paulo & Alex, Bruno & Barretto, Léo & Raphael, Loubet.mp3","sem erro de leitura; metadata GOOD; título HIGH; artista HIGH; cover presente; bitrate 192 kbps; sample rate 44100 Hz; desempate final por relative_path",192000,44100,true,GOOD
"Sunnify/14 - Pedro Paulo e Alex/No Shape - Pedro Paulo & Alex, Dan Lellis, Cintia Souza.mp3","No Shape - Pedro Paulo & Alex, Dan Lellis, Cintia Souza.mp3",Sunnify/14 - Pedro Paulo e Alex,No Shape,"Pedro Paulo & Alex, Dan Lellis, Cintia Souza",,122,6f42f1d099a6bc291ebec976b3cbfa3e8122eb50c1807e270e6aba7a019f09ee,2989226,IMPORT,preserved,UNIQUE,,"Sunnify/14 - Pedro Paulo e Alex/No Shape - Pedro Paulo & Alex, Dan Lellis, Cintia Souza.mp3","sem erro de leitura; metadata GOOD; título HIGH; artista HIGH; cover presente; bitrate 192 kbps; sample rate 44100 Hz; desempate final por relative_path",192000,44100,true,GOOD
Sunnify/14 - Pedro Paulo e Alex/Nossa Preferida Sertaneja - Ao Vivo - Pedro Paulo & Alex.mp3,Nossa Preferida Sertaneja - Ao Vivo - Pedro Paulo & Alex.mp3,Sunnify/14 - Pedro Paulo e Alex,Nossa Preferida Sertaneja - Ao Vivo,Pedro Paulo & Alex,,197,27e9793dae0ad8f21899c9ecc4d68c4cef4357663c94b39dda989a43658ac7f7,4779190,IMPORT,preserved,UNIQUE,,Sunnify/14 - Pedro Paulo e Alex/Nossa Preferida Sertaneja - Ao Vivo - Pedro Paulo & Alex.mp3,"sem erro de leitura; metadata GOOD; título HIGH; artista HIGH; cover presente; bitrate 192 kbps; sample rate 44100 Hz; desempate final por relative_path",192000,44100,true,GOOD
Sunnify/14 - Pedro Paulo e Alex/Novinha Cremosa - Ao Vivo Em Maringá 2019 - Pedro Paulo & Alex.mp3,Novinha Cremosa - Ao Vivo Em Maringá 2019 - Pedro Paulo & Alex.mp3,Sunnify/14 - Pedro Paulo e Alex,Novinha Cremosa - Ao Vivo Em Maringá / 2019,Pedro Paulo & Alex,,188,2dbf426a1382aa4e4843e27b1dd13cb5219c1c968637aeef962ea481a07f6010,4570677,IMPORT,preserved,UNIQUE,,Sunnify/14 - Pedro Paulo e Alex/Novinha Cremosa - Ao Vivo Em Maringá 2019 - Pedro Paulo & Alex.mp3,"sem erro de leitura; metadata GOOD; título HIGH; artista HIGH; cover presente; bitrate 192 kbps; sample rate 44100 Hz; desempate final por relative_path",192000,44100,true,GOOD
"Sunnify/14 - Pedro Paulo e Alex/Pegador de Boiadeira - DogBeat, Pedro Paulo & Alex.mp3","Pegador de Boiadeira - DogBeat, Pedro Paulo & Alex.mp3",Sunnify/14 - Pedro Paulo e Alex,Pegador de Boiadeira,"DogBeat, Pedro Paulo & Alex",,180,0200400e556ad311a05e9031d69347a11a66dc2b2392b0ff5879d53925e515c5,4354851,IMPORT,preserved,UNIQUE,,"Sunnify/14 - Pedro Paulo e Alex/Pegador de Boiadeira - DogBeat, Pedro Paulo & Alex.mp3","sem erro de leitura; metadata GOOD; título HIGH; artista HIGH; cover presente; bitrate 192 kbps; sample rate 44100 Hz; desempate final por relative_path",192000,44100,true,GOOD
"Sunnify/14 - Pedro Paulo e Alex/Pra Sempre Farra - Ao Vivo - Pedro Paulo & Alex, Bruno & Barretto.mp3","Pra Sempre Farra - Ao Vivo - Pedro Paulo & Alex, Bruno & Barretto.mp3",Sunnify/14 - Pedro Paulo e Alex,Pra Sempre Farra - Ao Vivo,"Pedro Paulo & Alex, Bruno & Barretto",,197,085a2f43fe234ccc51fc90e9654cb5a721d60bf3b091af8e133db5f006e45df1,4770941,IMPORT,preserved,UNIQUE,,"Sunnify/14 - Pedro Paulo e Alex/Pra Sempre Farra - Ao Vivo - Pedro Paulo & Alex, Bruno & Barretto.mp3","sem erro de leitura; metadata GOOD; título HIGH; artista HIGH; cover presente; bitrate 192 kbps; sample rate 44100 Hz; desempate final por relative_path",192000,44100,true,GOOD
Sunnify/14 - Pedro Paulo e Alex/Pressão - Pedro Paulo & Alex.mp3,Pressão - Pedro Paulo & Alex.mp3,Sunnify/14 - Pedro Paulo e Alex,Pressão,Pedro Paulo & Alex,,164,e49a2e4b033ee0cd44c0f4c0a9344d148d168c7ace362570cd0322414b1e3daa,3976095,IMPORT,preserved,UNIQUE,,Sunnify/14 - Pedro Paulo e Alex/Pressão - Pedro Paulo & Alex.mp3,"sem erro de leitura; metadata GOOD; título HIGH; artista HIGH; cover presente; bitrate 192 kbps; sample rate 44100 Hz; desempate final por relative_path",192000,44100,true,GOOD
"Sunnify/14 - Pedro Paulo e Alex/Presto Pouco - Farra dos Brabu, Pedro Paulo & Alex, US Agroboy.mp3","Presto Pouco - Farra dos Brabu, Pedro Paulo & Alex, US Agroboy.mp3",Sunnify/14 - Pedro Paulo e Alex,Presto Pouco,"Farra dos Brabu, Pedro Paulo & Alex, US Agroboy",,109,26960bcb733978d344c0b541125f57ad9d60e6d252fa321211c25cc94f2758d6,2677293,IMPORT,preserved,UNIQUE,,"Sunnify/14 - Pedro Paulo e Alex/Presto Pouco - Farra dos Brabu, Pedro Paulo & Alex, US Agroboy.mp3","sem erro de leitura; metadata GOOD; título HIGH; artista HIGH; cover presente; bitrate 192 kbps; sample rate 44100 Hz; desempate final por relative_path",192000,44100,true,GOOD
"Sunnify/14 - Pedro Paulo e Alex/Que Delícia - Pedro Paulo & Alex, CountryBeat.mp3","Que Delícia - Pedro Paulo & Alex, CountryBeat.mp3",Sunnify/14 - Pedro Paulo e Alex,Que Delícia,"Pedro Paulo & Alex, CountryBeat",,133,553ffef765449391688c1cf849f95e33162831fc48111a2d9d5a1ccd1a710ac3,3237020,IMPORT,preserved,UNIQUE,,"Sunnify/14 - Pedro Paulo e Alex/Que Delícia - Pedro Paulo & Alex, CountryBeat.mp3","sem erro de leitura; metadata GOOD; título HIGH; artista HIGH; cover presente; bitrate 192 kbps; sample rate 44100 Hz; desempate final por relative_path",192000,44100,true,GOOD
Sunnify/14 - Pedro Paulo e Alex/Quem Falou Que Eu Não Amo - Pedro Paulo & Alex.mp3,Quem Falou Que Eu Não Amo - Pedro Paulo & Alex.mp3,Sunnify/14 - Pedro Paulo e Alex,Quem Falou Que Eu Não Amo,Pedro Paulo & Alex,,198,3794192763807156593a8307eaf5c518e49bdc398dc94fd292cc4bc919b8bfb6,4784436,IMPORT,preserved,UNIQUE,,Sunnify/14 - Pedro Paulo e Alex/Quem Falou Que Eu Não Amo - Pedro Paulo & Alex.mp3,"sem erro de leitura; metadata GOOD; título HIGH; artista HIGH; cover presente; bitrate 192 kbps; sample rate 44100 Hz; desempate final por relative_path",192000,44100,true,GOOD
Sunnify/14 - Pedro Paulo e Alex/República Pingaiada - Ao Vivo - Pedro Paulo & Alex.mp3,República Pingaiada - Ao Vivo - Pedro Paulo & Alex.mp3,Sunnify/14 - Pedro Paulo e Alex,República Pingaiada - Ao Vivo,Pedro Paulo & Alex,,152,302e90575025cec20e93c9c07747b4de4dc98859cd356389ede15f516a37de99,3705448,IMPORT,preserved,UNIQUE,,Sunnify/14 - Pedro Paulo e Alex/República Pingaiada - Ao Vivo - Pedro Paulo & Alex.mp3,"sem erro de leitura; metadata GOOD; título HIGH; artista HIGH; cover presente; bitrate 192 kbps; sample rate 44100 Hz; desempate final por relative_path",192000,44100,true,GOOD
Sunnify/14 - Pedro Paulo e Alex/Revanche - Ao Vivo - Pedro Paulo & Alex.mp3,Revanche - Ao Vivo - Pedro Paulo & Alex.mp3,Sunnify/14 - Pedro Paulo e Alex,Revanche - Ao Vivo,Pedro Paulo & Alex,,212,f5a81f59c383c6fb6e441ae2cbeeb2383bcd7efabf924ac09dde7a29c725f578,5139559,IMPORT,preserved,UNIQUE,,Sunnify/14 - Pedro Paulo e Alex/Revanche - Ao Vivo - Pedro Paulo & Alex.mp3,"sem erro de leitura; metadata GOOD; título HIGH; artista HIGH; cover presente; bitrate 192 kbps; sample rate 44100 Hz; desempate final por relative_path",192000,44100,true,GOOD
"Sunnify/14 - Pedro Paulo e Alex/Saudade da Aglomeração - Ao Vivo - Pedro Paulo & Alex, Bruno & Barretto, Léo & Raphael, Loubet.mp3","Saudade da Aglomeração - Ao Vivo - Pedro Paulo & Alex, Bruno & Barretto, Léo & Raphael, Loubet.mp3",Sunnify/14 - Pedro Paulo e Alex,Saudade da Aglomeração - Ao Vivo,"Pedro Paulo & Alex, Bruno & Barretto, Léo & Raphael, Loubet",,189,1f40fd832cb6802a65ab7cc84934ca7da02436f86789b1ecbfabd5328654b308,4580451,IMPORT,preserved,UNIQUE,,"Sunnify/14 - Pedro Paulo e Alex/Saudade da Aglomeração - Ao Vivo - Pedro Paulo & Alex, Bruno & Barretto, Léo & Raphael, Loubet.mp3","sem erro de leitura; metadata GOOD; título HIGH; artista HIGH; cover presente; bitrate 192 kbps; sample rate 44100 Hz; desempate final por relative_path",192000,44100,true,GOOD
"Sunnify/14 - Pedro Paulo e Alex/Se Eu Beber Uma Lata - Ao Vivo - Pedro Paulo & Alex, Murilo Huff.mp3","Se Eu Beber Uma Lata - Ao Vivo - Pedro Paulo & Alex, Murilo Huff.mp3",Sunnify/14 - Pedro Paulo e Alex,Se Eu Beber Uma Lata - Ao Vivo,"Pedro Paulo & Alex, Murilo Huff",,150,5df09fe8925e27e8001f2de5ff7957f4c1fecc4d36de956c0275c99246ec0110,3656529,IMPORT,preserved,UNIQUE,,"Sunnify/14 - Pedro Paulo e Alex/Se Eu Beber Uma Lata - Ao Vivo - Pedro Paulo & Alex, Murilo Huff.mp3","sem erro de leitura; metadata GOOD; título HIGH; artista HIGH; cover presente; bitrate 192 kbps; sample rate 44100 Hz; desempate final por relative_path",192000,44100,true,GOOD
Sunnify/14 - Pedro Paulo e Alex/Sofrendo Ao Quadrado - Ao Vivo Em Goiânia 2019 - Pedro Paulo & Alex.mp3,Sofrendo Ao Quadrado - Ao Vivo Em Goiânia 2019 - Pedro Paulo & Alex.mp3,Sunnify/14 - Pedro Paulo e Alex,Sofrendo Ao Quadrado - Ao Vivo Em Goiânia / 2019,Pedro Paulo & Alex,,153,081a167ec279985778bd164985358f1b7f920e32da4c661a2814eda75f769d1c,3717445,IMPORT,preserved,UNIQUE,,Sunnify/14 - Pedro Paulo e Alex/Sofrendo Ao Quadrado - Ao Vivo Em Goiânia 2019 - Pedro Paulo & Alex.mp3,"sem erro de leitura; metadata GOOD; título HIGH; artista HIGH; cover presente; bitrate 192 kbps; sample rate 44100 Hz; desempate final por relative_path",192000,44100,true,GOOD
Sunnify/14 - Pedro Paulo e Alex/Tá Calor - Ao Vivo - Pedro Paulo & Alex.mp3,Tá Calor - Ao Vivo - Pedro Paulo & Alex.mp3,Sunnify/14 - Pedro Paulo e Alex,Tá Calor - Ao Vivo,Pedro Paulo & Alex,,204,5a2d6ec8ecc8112de19703c1fadd69083b90658b1c3e65735d43ec9189470e6d,4958048,IMPORT,preserved,UNIQUE,,Sunnify/14 - Pedro Paulo e Alex/Tá Calor - Ao Vivo - Pedro Paulo & Alex.mp3,"sem erro de leitura; metadata GOOD; título HIGH; artista HIGH; cover presente; bitrate 192 kbps; sample rate 44100 Hz; desempate final por relative_path",192000,44100,true,GOOD
"Sunnify/14 - Pedro Paulo e Alex/Te Conheço de Onde - Déborah Alves, Pedro Paulo & Alex.mp3","Te Conheço de Onde - Déborah Alves, Pedro Paulo & Alex.mp3",Sunnify/14 - Pedro Paulo e Alex,Te Conheço de Onde?,"Déborah Alves, Pedro Paulo & Alex",,146,901eb85641d14e7da31b0e88cc4e36bb19b270fb45f16b0abce02d66a2531372,3554807,IMPORT,preserved,UNIQUE,,"Sunnify/14 - Pedro Paulo e Alex/Te Conheço de Onde - Déborah Alves, Pedro Paulo & Alex.mp3","sem erro de leitura; metadata GOOD; título HIGH; artista HIGH; cover presente; bitrate 192 kbps; sample rate 44100 Hz; desempate final por relative_path",192000,44100,true,GOOD
"Sunnify/14 - Pedro Paulo e Alex/Toma E Depois Desce - Ao Vivo Em Maringá 2019 - Pedro Paulo & Alex, MC WM.mp3","Toma E Depois Desce - Ao Vivo Em Maringá 2019 - Pedro Paulo & Alex, MC WM.mp3",Sunnify/14 - Pedro Paulo e Alex,Toma E Depois Desce - Ao Vivo Em Maringá / 2019,"Pedro Paulo & Alex, MC WM",,162,e0acf87e7f7de535dc45cde1a6108f113b4c87f2f94522f3e085a3a0d66bdc35,3956937,IMPORT,preserved,UNIQUE,,"Sunnify/14 - Pedro Paulo e Alex/Toma E Depois Desce - Ao Vivo Em Maringá 2019 - Pedro Paulo & Alex, MC WM.mp3","sem erro de leitura; metadata GOOD; título HIGH; artista HIGH; cover presente; bitrate 192 kbps; sample rate 44100 Hz; desempate final por relative_path",192000,44100,true,GOOD
"Sunnify/14 - Pedro Paulo e Alex/Vai Ver Gente Pegando - Farra dos Brabu, Pedro Paulo & Alex, US Agroboy.mp3","Vai Ver Gente Pegando - Farra dos Brabu, Pedro Paulo & Alex, US Agroboy.mp3",Sunnify/14 - Pedro Paulo e Alex,Vai Ver Gente Pegando,"Farra dos Brabu, Pedro Paulo & Alex, US Agroboy",,120,a8c7308058bcbb930dd7d0fac2a512b1e610c05494d92e03978714f25b745bf1,2941516,IMPORT,preserved,UNIQUE,,"Sunnify/14 - Pedro Paulo e Alex/Vai Ver Gente Pegando - Farra dos Brabu, Pedro Paulo & Alex, US Agroboy.mp3","sem erro de leitura; metadata GOOD; título HIGH; artista HIGH; cover presente; bitrate 192 kbps; sample rate 44100 Hz; desempate final por relative_path",192000,44100,true,GOOD
Sunnify/14 - Pedro Paulo e Alex/Vem Vem - Ao Vivo - Pedro Paulo & Alex.mp3,Vem Vem - Ao Vivo - Pedro Paulo & Alex.mp3,Sunnify/14 - Pedro Paulo e Alex,Vem Vem - Ao Vivo,Pedro Paulo & Alex,,160,684a19d6ebe0cda34b9142fbd232a15ff620f179becc88469547bfe742d6f321,3916212,IMPORT,preserved,UNIQUE,,Sunnify/14 - Pedro Paulo e Alex/Vem Vem - Ao Vivo - Pedro Paulo & Alex.mp3,"sem erro de leitura; metadata GOOD; título HIGH; artista HIGH; cover presente; bitrate 192 kbps; sample rate 44100 Hz; desempate final por relative_path",192000,44100,true,GOOD
"Sunnify/14 - Pedro Paulo e Alex/Vish, Aff, Putz, Nossa - Pedro Paulo & Alex.mp3","Vish, Aff, Putz, Nossa - Pedro Paulo & Alex.mp3",Sunnify/14 - Pedro Paulo e Alex,"Vish, Aff, Putz, Nossa",Pedro Paulo & Alex,,135,3edff686bd414fc61e737c42a42d1f14eda1b66545c7589fb2a975d73d6e143e,3288312,IMPORT,preserved,UNIQUE,,"Sunnify/14 - Pedro Paulo e Alex/Vish, Aff, Putz, Nossa - Pedro Paulo & Alex.mp3","sem erro de leitura; metadata GOOD; título HIGH; artista HIGH; cover presente; bitrate 192 kbps; sample rate 44100 Hz; desempate final por relative_path",192000,44100,true,GOOD
