relative_path,file_hash,action,reason,duplicate_group,representative,representative_reason,bitrate,sample_rate,has_cover,metadata_status
0 - Top 50 Sertanejo/00 - ANA CASTELA   DONA DE MIM (OFICIAL.mp3,6b4bb30cd5b64a526dd2c5ed7a752df6fbf16ce59cde23623e8e14bb4650da96,IMPORT,preserved,,0 - Top 50 Sertanejo/00 - ANA CASTELA   DONA DE MIM (OFICIAL.mp3,"sem erro de leitura; metadata NEEDS_REVIEW; título MEDIUM; artista LOW; sem cover; bitrate 128 kbps; sample rate 32000 Hz; desempate final por relative_path",128000,32000,false,NEEDS_REVIEW
0 - Top 50 Sertanejo/00 - Gusttavo Lima   Canudinho Part Ana Castela   DVD Paraíso Particula[1].mp3,16bbd67933d80501b35e3a153b0ef03f3fb1aad7d1823146894db74e216f664c,IMPORT,preserved,,0 - Top 50 Sertanejo/00 - Gusttavo Lima   Canudinho Part Ana Castela   DVD Paraíso Particula[1].mp3,"sem erro de leitura; metadata NEEDS_REVIEW; título MEDIUM; artista LOW; sem cover; bitrate 128 kbps; sample rate 32000 Hz; desempate final por relative_path",128000,32000,false,NEEDS_REVIEW
0 - Top 50 Sertanejo/00 - GUSTTAVO LIMA - MORAR NESSE MOTEL (VÍDEO OFICIAL).MP3,8490ba3676bd1d94507cbf40b34f6fd29275114c5a29b95f8362676c1720c8c0,IMPORT,preserved,,0 - Top 50 Sertanejo/00 - GUSTTAVO LIMA - MORAR NESSE MOTEL (VÍDEO OFICIAL).MP3,"sem erro de leitura; metadata INFERRED; título HIGH; artista HIGH; sem cover; bitrate 128 kbps; sample rate 32000 Hz; desempate final por relative_path",128000,32000,false,INFERRED
"0 - Top 50 Sertanejo/00 - MOLETOM - Luan Pereira, Gustavo Mioto.mp3",c281d8602f99538c12ee893eec8723a99fd63b6435b81ef92843ad560d2691ac,IMPORT,preserved,,"0 - Top 50 Sertanejo/00 - MOLETOM - Luan Pereira, Gustavo Mioto.mp3","sem erro de leitura; metadata INFERRED; título HIGH; artista HIGH; sem cover; bitrate 320 kbps; sample rate 48000 Hz; desempate final por relative_path",320000,48000,false,INFERRED
0 - Top 50 Sertanejo/01 - Murilo Huff - Quem tá Pegando.mp3,9e39fbb92b56fb3308a8318948246c601ae5ce2ae38e475b432d2f9fb4b70d5c,IMPORT,preserved,,0 - Top 50 Sertanejo/01 - Murilo Huff - Quem tá Pegando.mp3,"sem erro de leitura; metadata GOOD; título HIGH; artista HIGH; cover presente; bitrate 128 kbps; sample rate 44100 Hz; desempate final por relative_path",128000,44100,true,GOOD
0 - Top 50 Sertanejo/02 - Ana Castela   Solteiro Forçado (DVD Boiadeira Internacional.mp3,f139cc6734f122f84ad3781e429485200aec8ba887013f82495da717749688be,IMPORT,preserved,,0 - Top 50 Sertanejo/02 - Ana Castela   Solteiro Forçado (DVD Boiadeira Internacional.mp3,"sem erro de leitura; metadata NEEDS_REVIEW; título MEDIUM; artista LOW; sem cover; bitrate 128 kbps; sample rate 32000 Hz; desempate final por relative_path",128000,32000,false,NEEDS_REVIEW
0 - Top 50 Sertanejo/02 - Hugo & Guilherme - Mágica (Ao Vivo).mp3,40258ccad7849e3093519af3fe1e8c4134058aeaefd2a7794dd6291168585875,IMPORT,preserved,,0 - Top 50 Sertanejo/02 - Hugo & Guilherme - Mágica (Ao Vivo).mp3,"sem erro de leitura; metadata GOOD; título HIGH; artista HIGH; cover presente; bitrate 128 kbps; sample rate 44100 Hz; desempate final por relative_path",128000,44100,true,GOOD
"0 - Top 50 Sertanejo/02 - Manu, Simone Mendes - Daqui pra Sempre.mp3",15fc107fffe34893171880d922f584443f05af7d4bc688118a2e637577ca061a,IMPORT,preserved,,"0 - Top 50 Sertanejo/02 - Manu, Simone Mendes - Daqui pra Sempre.mp3","sem erro de leitura; metadata GOOD; título HIGH; artista HIGH; cover presente; bitrate 128 kbps; sample rate 44100 Hz; desempate final por relative_path",128000,44100,true,GOOD
0 - Top 50 Sertanejo/03 - Guilherme & Benuto - Manda um Oi (Ao Vivo).mp3,8acef5d59c6ca636d9c1a2a5fdb7fa9777f9e26c6b7d3a5bbeb33f6847576eee,IMPORT,exact_duplicate_representative,1,0 - Top 50 Sertanejo/03 - Guilherme & Benuto - Manda um Oi (Ao Vivo).mp3,"sem erro de leitura; metadata GOOD; título HIGH; artista HIGH; cover presente; bitrate 128 kbps; sample rate 44100 Hz; desempate final por relative_path",128000,44100,true,GOOD
0 - Top 50 Sertanejo/04 - Clayton & Romário - Namorando Ou Não (Ao Vivo).mp3,1f002f4b43eab8bc24b4c0fd4fedcddaa7fef8649a030d7fbb55ad0c4b3729ed,IMPORT,preserved,,0 - Top 50 Sertanejo/04 - Clayton & Romário - Namorando Ou Não (Ao Vivo).mp3,"sem erro de leitura; metadata GOOD; título HIGH; artista HIGH; cover presente; bitrate 128 kbps; sample rate 44100 Hz; desempate final por relative_path",128000,44100,true,GOOD
0 - Top 50 Sertanejo/05 - Zé Neto & Cristiano - Pátio do Posto (Ao Vivo).mp3,a1a9c6a31cd98966611ec05b166db346e597343b7a73d5660bc9658c6e65bab3,IMPORT,preserved,,0 - Top 50 Sertanejo/05 - Zé Neto & Cristiano - Pátio do Posto (Ao Vivo).mp3,"sem erro de leitura; metadata GOOD; título HIGH; artista HIGH; cover presente; bitrate 128 kbps; sample rate 44100 Hz; desempate final por relative_path",128000,44100,true,GOOD
0 - Top 50 Sertanejo/06 - Gusttavo Lima - Solteiro Frustrado (Ao Vivo).mp3,9463f62e77d9cc7853a59950405aa3f7cde444e4583291f5660986ada3e3a289,IMPORT,preserved,,0 - Top 50 Sertanejo/06 - Gusttavo Lima - Solteiro Frustrado (Ao Vivo).mp3,"sem erro de leitura; metadata GOOD; título HIGH; artista HIGH; cover presente; bitrate 128 kbps; sample rate 44100 Hz; desempate final por relative_path",128000,44100,true,GOOD
0 - Top 50 Sertanejo/07 - Simone Mendes - Erro Gostoso (Ao Vivo).mp3,22da40c4ce8d51857bcd9def9e00fad6a94d09164dee0dc06e91bc3c5730a19f,IMPORT,preserved,,0 - Top 50 Sertanejo/07 - Simone Mendes - Erro Gostoso (Ao Vivo).mp3,"sem erro de leitura; metadata GOOD; título HIGH; artista HIGH; cover presente; bitrate 128 kbps; sample rate 44100 Hz; desempate final por relative_path",128000,44100,true,GOOD
0 - Top 50 Sertanejo/08 - Israel & Rodolffo - Voltou Com Quem Não Voltava (Ao Vivo).mp3,e1303ae7478ea2d71458e5980531eb1b18d3e71e49e93ec01d505374534df3a3,IMPORT,preserved,,0 - Top 50 Sertanejo/08 - Israel & Rodolffo - Voltou Com Quem Não Voltava (Ao Vivo).mp3,"sem erro de leitura; metadata GOOD; título HIGH; artista HIGH; cover presente; bitrate 128 kbps; sample rate 44100 Hz; desempate final por relative_path",128000,44100,true,GOOD
0 - Top 50 Sertanejo/09 - Henrique & Juliano - Abre A Mente (Ao Vivo Em Brasília).mp3,50d16ed6bacef60cf0e80195a90c936e4f95dd3c38eafea7fac716344de9a039,IMPORT,preserved,,0 - Top 50 Sertanejo/09 - Henrique & Juliano - Abre A Mente (Ao Vivo Em Brasília).mp3,"sem erro de leitura; metadata GOOD; título HIGH; artista HIGH; cover presente; bitrate 128 kbps; sample rate 44100 Hz; desempate final por relative_path",128000,44100,true,GOOD
0 - Top 50 Sertanejo/10 - Matheus & Kauan - Pactos (Ao Vivo).mp3,a0a08de4dba89fa3fad5f91f1be649c7dc107565d6ccdf33aa7fc589d988e4f2,IMPORT,preserved,,0 - Top 50 Sertanejo/10 - Matheus & Kauan - Pactos (Ao Vivo).mp3,"sem erro de leitura; metadata GOOD; título HIGH; artista HIGH; cover presente; bitrate 128 kbps; sample rate 44100 Hz; desempate final por relative_path",128000,44100,true,GOOD
0 - Top 50 Sertanejo/11 - AgroPlay - Nosso Quadro.mp3,67be73adfabcc1d74d8f9469490305874546150cb9b9ae9c7cf2599bbd2d409c,IMPORT,preserved,,0 - Top 50 Sertanejo/11 - AgroPlay - Nosso Quadro.mp3,"sem erro de leitura; metadata GOOD; título HIGH; artista HIGH; cover presente; bitrate 128 kbps; sample rate 44100 Hz; desempate final por relative_path",128000,44100,true,GOOD
0 - Top 50 Sertanejo/12 - Marília Mendonça - Me Ame Mais.mp3,b569beb8a28d7f598cd9aa84265159fe531373e34a48b0589ae3542291bedf5e,IMPORT,preserved,,0 - Top 50 Sertanejo/12 - Marília Mendonça - Me Ame Mais.mp3,"sem erro de leitura; metadata GOOD; título HIGH; artista HIGH; cover presente; bitrate 128 kbps; sample rate 44100 Hz; desempate final por relative_path",128000,44100,true,GOOD
0 - Top 50 Sertanejo/13 - Luan Santana - MEIO TERMO (Ao Vivo).mp3,6cbfeba041802ed0986aa377e37272aefbb18f692e01291494548c5e6514282b,SKIP_LIKELY,likely_duplicate,16,000 Top Sertanejo ⭐ Hits Sertanejos!/034 - Luan Santana - MEIO TERMO (Ao Vivo).mp3,"sem erro de leitura; metadata GOOD; título HIGH; artista HIGH; cover presente; bitrate 128 kbps; sample rate 44100 Hz; desempate final por relative_path",128000,44100,true,GOOD
0 - Top 50 Sertanejo/14 - Fred & Fabrício - Flor De Plástico (Ao Vivo).mp3,fa481d688689076a9bde6ac44d523e01c65ac48e99fd299bf08f641e0f719987,IMPORT,preserved,,0 - Top 50 Sertanejo/14 - Fred & Fabrício - Flor De Plástico (Ao Vivo).mp3,"sem erro de leitura; metadata GOOD; título HIGH; artista HIGH; cover presente; bitrate 128 kbps; sample rate 44100 Hz; desempate final por relative_path",128000,44100,true,GOOD
0 - Top 50 Sertanejo/15 - Bruno & Marrone - Por Te Amar Demais (Ao Vivo).mp3,587fd5e4f104e33614127d7d59e9f5690c3a7934e5efed233f1b0929840f03d7,IMPORT,preserved,,0 - Top 50 Sertanejo/15 - Bruno & Marrone - Por Te Amar Demais (Ao Vivo).mp3,"sem erro de leitura; metadata GOOD; título HIGH; artista HIGH; cover presente; bitrate 128 kbps; sample rate 44100 Hz; desempate final por relative_path",128000,44100,true,GOOD
0 - Top 50 Sertanejo/16 - Fiduma & Jeca - Chapéu Preto (Ao Vivo).mp3,3c012ab499a0f000ff9b9132beff13e021569724aca2a59b32c07d343afdd5e9,IMPORT,preserved,,0 - Top 50 Sertanejo/16 - Fiduma & Jeca - Chapéu Preto (Ao Vivo).mp3,"sem erro de leitura; metadata GOOD; título HIGH; artista HIGH; cover presente; bitrate 128 kbps; sample rate 44100 Hz; desempate final por relative_path",128000,44100,true,GOOD
0 - Top 50 Sertanejo/17 - Lauana Prado - Desandei (Ao Vivo).mp3,8f2d7bd55b0f1c179fa57fbfd472492aa3d0fa5bce8351c68b1b10bc236a7c02,IMPORT,preserved,,0 - Top 50 Sertanejo/17 - Lauana Prado - Desandei (Ao Vivo).mp3,"sem erro de leitura; metadata GOOD; título HIGH; artista HIGH; cover presente; bitrate 128 kbps; sample rate 44100 Hz; desempate final por relative_path",128000,44100,true,GOOD
0 - Top 50 Sertanejo/18 - Diego & Victor Hugo - Bestasexual (Ao Vivo).mp3,cca2901f25eaaaa7ca11eb279f719d1e0fc7fb23d73780a902861a586c1fd3da,IMPORT,preserved,,0 - Top 50 Sertanejo/18 - Diego & Victor Hugo - Bestasexual (Ao Vivo).mp3,"sem erro de leitura; metadata GOOD; título HIGH; artista HIGH; cover presente; bitrate 128 kbps; sample rate 44100 Hz; desempate final por relative_path",128000,44100,true,GOOD
0 - Top 50 Sertanejo/19 - Fernando & Sorocaba - Cancelado.mp3,e465d3d3eca2b8f55b4244aa612b5260ca84eca37a8ddc3a68df3962db319c4e,IMPORT,preserved,,0 - Top 50 Sertanejo/19 - Fernando & Sorocaba - Cancelado.mp3,"sem erro de leitura; metadata GOOD; título HIGH; artista HIGH; cover presente; bitrate 128 kbps; sample rate 44100 Hz; desempate final por relative_path",128000,44100,true,GOOD
0 - Top 50 Sertanejo/20 - Lucas Lucco - Superar Não É Comigo (Ao Vivo).mp3,6fd2ac5111550b70b477dd5c8e483f4146d64f7cdd79d1102c74ba9f1bd02346,IMPORT,preserved,,0 - Top 50 Sertanejo/20 - Lucas Lucco - Superar Não É Comigo (Ao Vivo).mp3,"sem erro de leitura; metadata GOOD; título HIGH; artista HIGH; cover presente; bitrate 128 kbps; sample rate 44100 Hz; desempate final por relative_path",128000,44100,true,GOOD
0 - Top 50 Sertanejo/21 - Hugo & Vitor - Problemão (Ao Vivo).mp3,6068dc15d86ed8b2abdad45251f3fdc19c216ed2ffd216043c64bb66fc024f97,IMPORT,preserved,,0 - Top 50 Sertanejo/21 - Hugo & Vitor - Problemão (Ao Vivo).mp3,"sem erro de leitura; metadata GOOD; título HIGH; artista HIGH; cover presente; bitrate 128 kbps; sample rate 44100 Hz; desempate final por relative_path",128000,44100,true,GOOD
0 - Top 50 Sertanejo/22 - Gustavo Mioto - Fim Do Mundo (Ao Vivo).mp3,35d4d1fb6e885292dda1374d8b41ea9158717b65d48eb0f5faccfe4d2998b3a0,IMPORT,preserved,,0 - Top 50 Sertanejo/22 - Gustavo Mioto - Fim Do Mundo (Ao Vivo).mp3,"sem erro de leitura; metadata GOOD; título HIGH; artista HIGH; cover presente; bitrate 128 kbps; sample rate 44100 Hz; desempate final por relative_path",128000,44100,true,GOOD
0 - Top 50 Sertanejo/23 - Naiara Azevedo - Covardias Digitais (Ao Vivo).mp3,717dabdcd0274e0e509b05663b7a69cce206009c673176a6d14d8051bf5c41f7,IMPORT,preserved,,0 - Top 50 Sertanejo/23 - Naiara Azevedo - Covardias Digitais (Ao Vivo).mp3,"sem erro de leitura; metadata GOOD; título HIGH; artista HIGH; cover presente; bitrate 128 kbps; sample rate 44100 Hz; desempate final por relative_path",128000,44100,true,GOOD
0 - Top 50 Sertanejo/24 - Bruno & Denner - Cavalo de Pau.mp3,76641671b3ce0e95c2a91eef4e8170f36ae214d7ec42a274b5bd29f7de445bf1,IMPORT,preserved,,0 - Top 50 Sertanejo/24 - Bruno & Denner - Cavalo de Pau.mp3,"sem erro de leitura; metadata GOOD; título HIGH; artista HIGH; cover presente; bitrate 128 kbps; sample rate 44100 Hz; desempate final por relative_path",128000,44100,true,GOOD
0 - Top 50 Sertanejo/25 - Ícaro e Gilmar - A Viola e Eu (Ao Vivo) (Ao Vivo).mp3,e4f7c17907487ce30b5891294870ebd88e4791fdaeec8b5ed4159346b7c22e38,IMPORT,preserved,,0 - Top 50 Sertanejo/25 - Ícaro e Gilmar - A Viola e Eu (Ao Vivo) (Ao Vivo).mp3,"sem erro de leitura; metadata GOOD; título HIGH; artista HIGH; cover presente; bitrate 128 kbps; sample rate 44100 Hz; desempate final por relative_path",128000,44100,true,GOOD
0 - Top 50 Sertanejo/26 - Léo & Raphael - Moça Do Cabelão Preto (Ao Vivo) (Ao Vivo).mp3,2386937e9798cd49fc9ec51cda52c87a29e434a8b2276648fb4587673bf0049b,IMPORT,preserved,,0 - Top 50 Sertanejo/26 - Léo & Raphael - Moça Do Cabelão Preto (Ao Vivo) (Ao Vivo).mp3,"sem erro de leitura; metadata GOOD; título HIGH; artista HIGH; cover presente; bitrate 128 kbps; sample rate 44100 Hz; desempate final por relative_path",128000,44100,true,GOOD
0 - Top 50 Sertanejo/27 - Maiara & Maraisa - Felizes para Sempre (Ao Vivo).mp3,a6378dcd4c3eda0d3ebd649b8bd07d4d5ef946bad416c31b5f4e2319b275112c,IMPORT,preserved,,0 - Top 50 Sertanejo/27 - Maiara & Maraisa - Felizes para Sempre (Ao Vivo).mp3,"sem erro de leitura; metadata GOOD; título HIGH; artista HIGH; cover presente; bitrate 128 kbps; sample rate 44100 Hz; desempate final por relative_path",128000,44100,true,GOOD
0 - Top 50 Sertanejo/28 - Jorge & Mateus - 5 Regras (Ao Vivo).mp3,65da1274c8c07e8b9ad8fb4e385acc9dcadef6e637ab6fecd350f5675b612883,IMPORT,preserved,,0 - Top 50 Sertanejo/28 - Jorge & Mateus - 5 Regras (Ao Vivo).mp3,"sem erro de leitura; metadata GOOD; título HIGH; artista HIGH; cover presente; bitrate 128 kbps; sample rate 44100 Hz; desempate final por relative_path",128000,44100,true,GOOD
0 - Top 50 Sertanejo/29 - Chitãozinho & Xororó - Sinônimos.mp3,a686348ad803cb8c19779cbd3263ad731c39de9e326d504131af990601f0670e,IMPORT,preserved,,0 - Top 50 Sertanejo/29 - Chitãozinho & Xororó - Sinônimos.mp3,"sem erro de leitura; metadata GOOD; título HIGH; artista HIGH; cover presente; bitrate 128 kbps; sample rate 44100 Hz; desempate final por relative_path",128000,44100,true,GOOD
0 - Top 50 Sertanejo/30 - Yasmin Santos - Apenas um Sorriso (Ao Vivo).mp3,0a8e5948cffbd796bf37720e6c8cc41ff4b272335e5bf582dfededdb39ee9137,IMPORT,preserved,,0 - Top 50 Sertanejo/30 - Yasmin Santos - Apenas um Sorriso (Ao Vivo).mp3,"sem erro de leitura; metadata GOOD; título HIGH; artista HIGH; cover presente; bitrate 128 kbps; sample rate 44100 Hz; desempate final por relative_path",128000,44100,true,GOOD
0 - Top 50 Sertanejo/31 - Mariana & Mateus - Nunca Será (Ao Vivo).mp3,73d88c44a4b333866dfea1f489c649ee358f344fb9830ae5836e152a19417e66,IMPORT,preserved,,0 - Top 50 Sertanejo/31 - Mariana & Mateus - Nunca Será (Ao Vivo).mp3,"sem erro de leitura; metadata GOOD; título HIGH; artista HIGH; cover presente; bitrate 128 kbps; sample rate 44100 Hz; desempate final por relative_path",128000,44100,true,GOOD
0 - Top 50 Sertanejo/32 - US Agroboy - Eu Minto (Ao Vivo).mp3,abcfb26d290fe1c542af294bbb2a56c517cdbb4fb88469ba82e98ceb0e3ca16c,IMPORT,preserved,,0 - Top 50 Sertanejo/32 - US Agroboy - Eu Minto (Ao Vivo).mp3,"sem erro de leitura; metadata GOOD; título HIGH; artista HIGH; cover presente; bitrate 128 kbps; sample rate 44100 Hz; desempate final por relative_path",128000,44100,true,GOOD
0 - Top 50 Sertanejo/33 - Felipe Araújo - Despedida De Sofrimento (Ao Vivo).mp3,93d98c40f4f2004fdc4e6b8b4a3ae956386cb2e5e2d038aeef808ea5c8bbb92e,IMPORT,preserved,,0 - Top 50 Sertanejo/33 - Felipe Araújo - Despedida De Sofrimento (Ao Vivo).mp3,"sem erro de leitura; metadata GOOD; título HIGH; artista HIGH; cover presente; bitrate 128 kbps; sample rate 44100 Hz; desempate final por relative_path",128000,44100,true,GOOD
0 - Top 50 Sertanejo/34 - Felipe e Rodrigo - Média Boa (Ao Vivo).mp3,7e3bc3ba107f98443c274ca92318ac8b63f9413d85224c8a9deecce16d063bc6,IMPORT,preserved,,0 - Top 50 Sertanejo/34 - Felipe e Rodrigo - Média Boa (Ao Vivo).mp3,"sem erro de leitura; metadata GOOD; título HIGH; artista HIGH; cover presente; bitrate 128 kbps; sample rate 44100 Hz; desempate final por relative_path",128000,44100,true,GOOD
0 - Top 50 Sertanejo/35 - João Bosco e Gabriel - Se Não Entendeu (Ao Vivo).mp3,575211ddd3f994c00f9e2c2957923a59256964d0e76ad677cc10e72cf1687be0,IMPORT,preserved,,0 - Top 50 Sertanejo/35 - João Bosco e Gabriel - Se Não Entendeu (Ao Vivo).mp3,"sem erro de leitura; metadata GOOD; título HIGH; artista HIGH; cover presente; bitrate 128 kbps; sample rate 44100 Hz; desempate final por relative_path",128000,44100,true,GOOD
0 - Top 50 Sertanejo/36 - Guilherme e Santiago - Se Ele Soubesse (Ao Vivo Em Goiânia _ 2022).mp3,3fa2c15fca419b274456772283782c60d2f8e49739575825904331dfd523801c,IMPORT,preserved,,0 - Top 50 Sertanejo/36 - Guilherme e Santiago - Se Ele Soubesse (Ao Vivo Em Goiânia _ 2022).mp3,"sem erro de leitura; metadata GOOD; título HIGH; artista HIGH; cover presente; bitrate 128 kbps; sample rate 44100 Hz; desempate final por relative_path",128000,44100,true,GOOD
0 - Top 50 Sertanejo/37 - Luiza Martins - Desconhecido (Ao Vivo).mp3,b12dd3a5f82db4c51774c037dfdeaec552c99bd08997553a70747e7336dc7b00,IMPORT,preserved,,0 - Top 50 Sertanejo/37 - Luiza Martins - Desconhecido (Ao Vivo).mp3,"sem erro de leitura; metadata GOOD; título HIGH; artista HIGH; cover presente; bitrate 128 kbps; sample rate 44100 Hz; desempate final por relative_path",128000,44100,true,GOOD
0 - Top 50 Sertanejo/38 - Augusto e Rafael - Dona Chica (Ao Vivo).mp3,3e3df7ec309ed138feace3d2f514e65d19a0d7e7291b3fc6569a60b12d76af7a,IMPORT,preserved,,0 - Top 50 Sertanejo/38 - Augusto e Rafael - Dona Chica (Ao Vivo).mp3,"sem erro de leitura; metadata GOOD; título HIGH; artista HIGH; cover presente; bitrate 128 kbps; sample rate 44100 Hz; desempate final por relative_path",128000,44100,true,GOOD
0 - Top 50 Sertanejo/39 - Day e Lara - Problemão (Ao Vivo).mp3,22c22529b2e3489b32244f93f4addba3175f423ca6c180803757cb5e80f1ff31,IMPORT,preserved,,0 - Top 50 Sertanejo/39 - Day e Lara - Problemão (Ao Vivo).mp3,"sem erro de leitura; metadata GOOD; título HIGH; artista HIGH; cover presente; bitrate 128 kbps; sample rate 44100 Hz; desempate final por relative_path",128000,44100,true,GOOD
0 - Top 50 Sertanejo/40 - Cristiano Araújo - Tempo Ao Tempo.mp3,d153b4622e39280b76da116c3ca8d40afa0abbc17239952b062f27a10888fecd,SKIP_LIKELY,likely_duplicate,17,Top 50 Sertanejo 2024/47 - Cristiano Araújo - Tempo Ao Tempo.mp3,"sem erro de leitura; metadata GOOD; título HIGH; artista HIGH; cover presente; bitrate 128 kbps; sample rate 44100 Hz; desempate final por relative_path",128000,44100,true,GOOD
0 - Top 50 Sertanejo/41 - Daniel - Estou Apaixonado (Ao Vivo).mp3,95c9c57e5929988d8b43f4b83efaa868010540ff4095c69eb8cc572aa867ec81,SKIP_LIKELY,likely_duplicate,18,Sertanejao/Daniel 40 anos Canta João Paulo e Daniel/01 - Daniel - Estou Apaixonado (Ao Vivo).mp3,"sem erro de leitura; metadata GOOD; título HIGH; artista HIGH; cover presente; bitrate 128 kbps; sample rate 44100 Hz; desempate final por relative_path",128000,44100,true,GOOD
0 - Top 50 Sertanejo/42 - Humberto & Ronaldo - A Uma Ex Atrás (Ao Vivo).mp3,046298ebba0ba58594e0074827fd4ed5eab4abae159bedfa4d2db36546e0df71,IMPORT,preserved,,0 - Top 50 Sertanejo/42 - Humberto & Ronaldo - A Uma Ex Atrás (Ao Vivo).mp3,"sem erro de leitura; metadata GOOD; título HIGH; artista HIGH; cover presente; bitrate 128 kbps; sample rate 44100 Hz; desempate final por relative_path",128000,44100,true,GOOD
0 - Top 50 Sertanejo/43 - César Menotti & Fabiano - Eu Sem Você Não Dá.mp3,cacdbfd5827b64071ee40c9874a13b1f55a7870a3055a8518a16acf183478df2,IMPORT,preserved,,0 - Top 50 Sertanejo/43 - César Menotti & Fabiano - Eu Sem Você Não Dá.mp3,"sem erro de leitura; metadata GOOD; título HIGH; artista HIGH; cover presente; bitrate 128 kbps; sample rate 44100 Hz; desempate final por relative_path",128000,44100,true,GOOD
0 - Top 50 Sertanejo/44 - Tayrone - Arrochadinha (Ao Vivo).mp3,23e5e7991a99944e1ef080c8547ca9835f5a8cae3f6b82b0adbd14766bf29637,IMPORT,preserved,,0 - Top 50 Sertanejo/44 - Tayrone - Arrochadinha (Ao Vivo).mp3,"sem erro de leitura; metadata GOOD; título HIGH; artista HIGH; cover presente; bitrate 128 kbps; sample rate 44100 Hz; desempate final por relative_path",128000,44100,true,GOOD
0 - Top 50 Sertanejo/45 - Netto & Henrique - Cheiro De Problema (Ao Vivo).mp3,0199e5a1bfc14b636d800b2d383af830178c64bbe4d7caa7bff2169e61006a0b,IMPORT,preserved,,0 - Top 50 Sertanejo/45 - Netto & Henrique - Cheiro De Problema (Ao Vivo).mp3,"sem erro de leitura; metadata GOOD; título HIGH; artista HIGH; cover presente; bitrate 128 kbps; sample rate 44100 Hz; desempate final por relative_path",128000,44100,true,GOOD
0 - Top 50 Sertanejo/46 - Jefferson Moraes - Coração Que Manda (Ao Vivo).mp3,5b8ea8dbcbaee8869718a8ec6662c29d215f8f3a58ca96306ec06c2f3b4a7fdb,IMPORT,preserved,,0 - Top 50 Sertanejo/46 - Jefferson Moraes - Coração Que Manda (Ao Vivo).mp3,"sem erro de leitura; metadata GOOD; título HIGH; artista HIGH; cover presente; bitrate 128 kbps; sample rate 44100 Hz; desempate final por relative_path",128000,44100,true,GOOD
0 - Top 50 Sertanejo/47 - Cleber & Cauan - Boca Ocupada.mp3,669e59138ae52f7d6b8e1eee425ace587618e3054eb4d0ab95f83db7b746546b,IMPORT,preserved,,0 - Top 50 Sertanejo/47 - Cleber & Cauan - Boca Ocupada.mp3,"sem erro de leitura; metadata GOOD; título HIGH; artista HIGH; cover presente; bitrate 128 kbps; sample rate 44100 Hz; desempate final por relative_path",128000,44100,true,GOOD
0 - Top 50 Sertanejo/48 - João Bosco & Vinícius - Sem Esse Coração (Ao Vivo).mp3,be2aa0527032a47b3e4cc7e3e96281f43a1a72300a31f9d31fd74befef463a69,IMPORT,preserved,,0 - Top 50 Sertanejo/48 - João Bosco & Vinícius - Sem Esse Coração (Ao Vivo).mp3,"sem erro de leitura; metadata GOOD; título HIGH; artista HIGH; cover presente; bitrate 128 kbps; sample rate 44100 Hz; desempate final por relative_path",128000,44100,true,GOOD
0 - Top 50 Sertanejo/49 - Emerson e Jean - Saudade Não Beija (Ao Vivo).mp3,8a32a7177cb67bb0887ce005a9bbba7974397674d069cc9a630a7b1566593b23,IMPORT,preserved,,0 - Top 50 Sertanejo/49 - Emerson e Jean - Saudade Não Beija (Ao Vivo).mp3,"sem erro de leitura; metadata GOOD; título HIGH; artista HIGH; cover presente; bitrate 128 kbps; sample rate 44100 Hz; desempate final por relative_path",128000,44100,true,GOOD
0 - Top 50 Sertanejo/50 - Luíza & Maurílio - Para Em Mim de Novo.mp3,fb8b05aa784549514b1ef23ff7ea4c77e12aee14ead8f95be223c450c245485b,IMPORT,preserved,,0 - Top 50 Sertanejo/50 - Luíza & Maurílio - Para Em Mim de Novo.mp3,"sem erro de leitura; metadata GOOD; título HIGH; artista HIGH; cover presente; bitrate 128 kbps; sample rate 44100 Hz; desempate final por relative_path",128000,44100,true,GOOD
00 - Modão de Buteco/01 a 20/00 - Capa de revista.mp3,c1497d10e27fb6a8f1e5df79f8a05778433d2b958788371bb12cd94fc02418b0,IMPORT,preserved,,00 - Modão de Buteco/01 a 20/00 - Capa de revista.mp3,"sem erro de leitura; metadata GOOD; título HIGH; artista HIGH; sem cover; bitrate 128 kbps; sample rate 44100 Hz; desempate final por relative_path",128000,44100,false,GOOD
00 - Modão de Buteco/01 a 20/01 - Amor Distante.mp3,8ce6373c71396130156dddf4e381b218f407371c0bf8c0f39377199d15894a25,IMPORT,preserved,,00 - Modão de Buteco/01 a 20/01 - Amor Distante.mp3,"sem erro de leitura; metadata INFERRED; título MEDIUM; artista MEDIUM; sem cover; bitrate 128 kbps; sample rate 44100 Hz; desempate final por relative_path",128000,44100,false,INFERRED
00 - Modão de Buteco/01 a 20/02 - Milionário & José Rico - A Carta.mp3,cac930d0667be82a273ab945cd2c2a7a29714a7c0244eee9c5d9a3623877b7bb,IMPORT,likely_duplicate_representative,19,00 - Modão de Buteco/01 a 20/02 - Milionário & José Rico - A Carta.mp3,"sem erro de leitura; metadata GOOD; título HIGH; artista HIGH; sem cover; bitrate 128 kbps; sample rate 44100 Hz; desempate final por relative_path",128000,44100,false,GOOD
00 - Modão de Buteco/01 a 20/03 - Escolta De Vagalumes.mp3,d5ebc369e0854cf717b2ea8293937068dca6d6909a864dcfefc3ebbb459b53c4,IMPORT,preserved,,00 - Modão de Buteco/01 a 20/03 - Escolta De Vagalumes.mp3,"sem erro de leitura; metadata GOOD; título HIGH; artista HIGH; sem cover; bitrate 128 kbps; sample rate 44100 Hz; desempate final por relative_path",128000,44100,false,GOOD
00 - Modão de Buteco/01 a 20/04 - Boate azul.mp3,d88100de03387b84ff4465c251fa9d48ffc62b0f63e01936e5e908aacf30dbda,IMPORT,preserved,,00 - Modão de Buteco/01 a 20/04 - Boate azul.mp3,"sem erro de leitura; metadata GOOD; título HIGH; artista HIGH; sem cover; bitrate 128 kbps; sample rate 44100 Hz; desempate final por relative_path",128000,44100,false,GOOD
00 - Modão de Buteco/01 a 20/05 - Seu Amor Ainda É Tudo.mp3,46ac26897d58813c49af35a0b8648422f8841664301dda1b4b730008a3d9ecff,IMPORT,preserved,,00 - Modão de Buteco/01 a 20/05 - Seu Amor Ainda É Tudo.mp3,"sem erro de leitura; metadata INFERRED; título MEDIUM; artista MEDIUM; sem cover; bitrate 112 kbps; sample rate 44100 Hz; desempate final por relative_path",112000,44100,false,INFERRED
00 - Modão de Buteco/01 a 20/06 - A loira do carro branco.mp3,a04739a16bebd85b43e359c66b90b9889cae631e52311ff8202ec70c052c61a0,IMPORT,preserved,,00 - Modão de Buteco/01 a 20/06 - A loira do carro branco.mp3,"sem erro de leitura; metadata GOOD; título HIGH; artista HIGH; sem cover; bitrate 128 kbps; sample rate 44100 Hz; desempate final por relative_path",128000,44100,false,GOOD
00 - Modão de Buteco/01 a 20/07 - Desatino.mp3,59c82356ddec5d625cc086ca39906845c461e691cdfdc1452a201d9b1f537faf,IMPORT,preserved,,00 - Modão de Buteco/01 a 20/07 - Desatino.mp3,"sem erro de leitura; metadata INFERRED; título HIGH; artista MEDIUM; sem cover; bitrate 128 kbps; sample rate 44100 Hz; desempate final por relative_path",128000,44100,false,INFERRED
00 - Modão de Buteco/01 a 20/08 - Amargurado.mp3,6be7d9f75d7f27c5ea2db9694a7d7792f616efd0d69450a613345465e09fded2,IMPORT,preserved,,00 - Modão de Buteco/01 a 20/08 - Amargurado.mp3,"sem erro de leitura; metadata GOOD; título HIGH; artista HIGH; sem cover; bitrate 128 kbps; sample rate 44100 Hz; desempate final por relative_path",128000,44100,false,GOOD
00 - Modão de Buteco/01 a 20/09 - Teodoro E Sampaio - Vestido De Sede.mp3,196965d7c56d4092dd3b7bbe06934462c239edbd9d2bee82b5490b4e4dff5f6f,IMPORT,preserved,,00 - Modão de Buteco/01 a 20/09 - Teodoro E Sampaio - Vestido De Sede.mp3,"sem erro de leitura; metadata GOOD; título HIGH; artista HIGH; sem cover; bitrate 128 kbps; sample rate 44100 Hz; desempate final por relative_path",128000,44100,false,GOOD
00 - Modão de Buteco/01 a 20/10 - As Andorinhas.mp3,0077fb0bb742522d913c42a6c8ca31f7cbdd59e1a49988707cc156704ff74e59,IMPORT,preserved,,00 - Modão de Buteco/01 a 20/10 - As Andorinhas.mp3,"sem erro de leitura; metadata GOOD; título HIGH; artista HIGH; sem cover; bitrate 128 kbps; sample rate 44100 Hz; desempate final por relative_path",128000,44100,false,GOOD
00 - Modão de Buteco/01 a 20/11 - Porta Do Mundo.mp3,2b01c2087b45d6509c380f6f94e2bdbbcdcd5dd03cfee02db3e6e15248726401,IMPORT,likely_duplicate_representative,20,00 - Modão de Buteco/01 a 20/11 - Porta Do Mundo.mp3,"sem erro de leitura; metadata GOOD; título HIGH; artista HIGH; sem cover; bitrate 128 kbps; sample rate 44100 Hz; desempate final por relative_path",128000,44100,false,GOOD
00 - Modão de Buteco/01 a 20/12 - Amor de violeiro.mp3,b95229f2209f590044b0c758005f1002de869b8ce9b7a48b3f16f975eceeee79,IMPORT,preserved,,00 - Modão de Buteco/01 a 20/12 - Amor de violeiro.mp3,"sem erro de leitura; metadata GOOD; título HIGH; artista HIGH; sem cover; bitrate 128 kbps; sample rate 44100 Hz; desempate final por relative_path",128000,44100,false,GOOD
"00 - Modão de Buteco/01 a 20/13 - Roberta Miranda - A Majestade, o sabiá.mp3",656b506f4792ba981a921b54cb9e387c93143a3f478521e3849431d171af3419,IMPORT,preserved,,"00 - Modão de Buteco/01 a 20/13 - Roberta Miranda - A Majestade, o sabiá.mp3","sem erro de leitura; metadata INFERRED; título HIGH; artista HIGH; sem cover; bitrate 128 kbps; sample rate 44100 Hz; desempate final por relative_path",128000,44100,false,INFERRED
00 - Modão de Buteco/01 a 20/14 - Nuvem De Lágrimas - Part. Esp. Fafá De Belém.mp3,5dfecc0d4fe5c456db922437d260044607d094866ca229d66a006133d48f725c,IMPORT,preserved,,00 - Modão de Buteco/01 a 20/14 - Nuvem De Lágrimas - Part. Esp. Fafá De Belém.mp3,"sem erro de leitura; metadata INFERRED; título HIGH; artista HIGH; sem cover; bitrate 128 kbps; sample rate 44100 Hz; desempate final por relative_path",128000,44100,false,INFERRED
00 - Modão de Buteco/01 a 20/15 - Ainda Ontem Chorei de Saudade.mp3,dea6b75a599f32e1ba4d26f2fe11df1275658121456ad806dbd3fd75ffca0298,IMPORT,likely_duplicate_representative,21,00 - Modão de Buteco/01 a 20/15 - Ainda Ontem Chorei de Saudade.mp3,"sem erro de leitura; metadata GOOD; título HIGH; artista HIGH; sem cover; bitrate 128 kbps; sample rate 44100 Hz; desempate final por relative_path",128000,44100,false,GOOD
00 - Modão de Buteco/01 a 20/16 - Canarinho Prisioneiro.mp3,514ce291905fce9164381cfb22e382b4d24008538c07f71ae84676cf5f0e2c7f,SKIP_LIKELY,likely_duplicate,22,Sertanejao/Chico Rey e Parana/01-Canarinho Prisioneiro.mp3,"sem erro de leitura; metadata GOOD; título HIGH; artista HIGH; sem cover; bitrate 128 kbps; sample rate 44100 Hz; desempate final por relative_path",128000,44100,false,GOOD
00 - Modão de Buteco/01 a 20/17 - CACHACEIRO.mp3,d7a9ae34b61f28f96491614b57b3fa4626045853b1cf442e6802856c7d282f35,IMPORT,preserved,74,00 - Modão de Buteco/01 a 20/17 - CACHACEIRO.mp3,"sem erro de leitura; metadata GOOD; título HIGH; artista HIGH; sem cover; bitrate 128 kbps; sample rate 44100 Hz; desempate final por relative_path",128000,44100,false,GOOD
00 - Modão de Buteco/01 a 20/18 - Juliano Cezar - Bem Aos Olhos Da Lua.mp3,5eff2e41c17f7a5c6593dc403bde840c1e9348d3577dca4055b67aae73f2797a,IMPORT,preserved,,00 - Modão de Buteco/01 a 20/18 - Juliano Cezar - Bem Aos Olhos Da Lua.mp3,"sem erro de leitura; metadata INFERRED; título HIGH; artista HIGH; sem cover; bitrate 128 kbps; sample rate 44100 Hz; desempate final por relative_path",128000,44100,false,INFERRED
00 - Modão de Buteco/01 a 20/19 - Ultimo Adeus Chrystian & Ralf.mp3,73c2c9636a68572c665ff834c0b0ce26d9c1728fb8dfdc0ae4554f988d270a7c,IMPORT,preserved,,00 - Modão de Buteco/01 a 20/19 - Ultimo Adeus Chrystian & Ralf.mp3,"sem erro de leitura; metadata INFERRED; título MEDIUM; artista MEDIUM; sem cover; bitrate 128 kbps; sample rate 44100 Hz; desempate final por relative_path",128000,44100,false,INFERRED
00 - Modão de Buteco/01 a 20/20 - Teodoro E Sampaio - O Garrafão.mp3,829750b107329741cf1b27f20a25eadd81a43f88504693091fd181a11e1e23ee,IMPORT,preserved,,00 - Modão de Buteco/01 a 20/20 - Teodoro E Sampaio - O Garrafão.mp3,"sem erro de leitura; metadata GOOD; título HIGH; artista HIGH; sem cover; bitrate 128 kbps; sample rate 44100 Hz; desempate final por relative_path",128000,44100,false,GOOD
00 - Modão de Buteco/21 a 40/21 - Rasgandoa madrugada.mp3,f0cb28d07107451e1d88b99103030f32f1f10ebb07d9edf67f66d30658fc03cf,IMPORT,preserved,,00 - Modão de Buteco/21 a 40/21 - Rasgandoa madrugada.mp3,"sem erro de leitura; metadata GOOD; título HIGH; artista HIGH; sem cover; bitrate 128 kbps; sample rate 44100 Hz; desempate final por relative_path",128000,44100,false,GOOD
00 - Modão de Buteco/21 a 40/22 - É Pra Cabá.mp3,3877f65e65ef5b7c16f95cff234951e5b72d1253c507f64fa6bb1bd5124701d5,IMPORT,preserved,,00 - Modão de Buteco/21 a 40/22 - É Pra Cabá.mp3,"sem erro de leitura; metadata INFERRED; título MEDIUM; artista HIGH; cover presente; bitrate 192 kbps; sample rate 48000 Hz; desempate final por relative_path",192000,48000,true,INFERRED
00 - Modão de Buteco/21 a 40/23 - Doeu (Part. Geovany Reis & Fabrício).mp3,7b772cb02f7f7819227665f8f21f18430096e47aed1dfae4bd862d586562a84f,IMPORT,preserved,,00 - Modão de Buteco/21 a 40/23 - Doeu (Part. Geovany Reis & Fabrício).mp3,"sem erro de leitura; metadata INFERRED; título MEDIUM; artista MEDIUM; sem cover; bitrate 128 kbps; sample rate 44100 Hz; desempate final por relative_path",128000,44100,false,INFERRED
00 - Modão de Buteco/21 a 40/24 - Gino e Geno - Voa sabiá.mp3,778930a3f01ac0be91551d7967fc46a2f90755ce9e4534491513822e83e57152,SKIP_LIKELY,likely_duplicate,23,00 - Modao Pra Churrasco/07 - Gino e Geno - Voa sabiá.mp3,"sem erro de leitura; metadata INFERRED; título HIGH; artista HIGH; sem cover; bitrate 128 kbps; sample rate 44100 Hz; desempate final por relative_path",128000,44100,false,INFERRED
00 - Modão de Buteco/21 a 40/25 - Asa Delta (Vôo Livre).mp3,18d8ef0ee4e3c3e1fcd8ad7551f48247480cff089ba989224a855943f7bab633,IMPORT,preserved,,00 - Modão de Buteco/21 a 40/25 - Asa Delta (Vôo Livre).mp3,"sem erro de leitura; metadata GOOD; título HIGH; artista HIGH; sem cover; bitrate 128 kbps; sample rate 44100 Hz; desempate final por relative_path",128000,44100,false,GOOD
00 - Modão de Buteco/21 a 40/26 - Franguinho na Panela (Paraíso-Moacyr dos Santos) Part. Craveiro & Cravinho.mp3,cc13744c0e6bfc0de39d5f7e222079f904962fa30a497d81f01eed442a2ebc7f,IMPORT,preserved,,00 - Modão de Buteco/21 a 40/26 - Franguinho na Panela (Paraíso-Moacyr dos Santos) Part. Craveiro & Cravinho.mp3,"sem erro de leitura; metadata GOOD; título HIGH; artista HIGH; sem cover; bitrate 128 kbps; sample rate 44100 Hz; desempate final por relative_path",128000,44100,false,GOOD
00 - Modão de Buteco/21 a 40/27 - não entrego os pontos.mp3,f6f80f514f5219b445142869c8b3df683ddc50e12a2f884c61c600e4a32e4910,IMPORT,preserved,,00 - Modão de Buteco/21 a 40/27 - não entrego os pontos.mp3,"sem erro de leitura; metadata GOOD; título HIGH; artista HIGH; sem cover; bitrate 128 kbps; sample rate 44100 Hz; desempate final por relative_path",128000,44100,false,GOOD
00 - Modão de Buteco/21 a 40/28 - Evidências.mp3,9fdc9072b8063298011c7318a25788840ac981ce76ba3bed32afb0a3732a62ff,IMPORT,preserved,,00 - Modão de Buteco/21 a 40/28 - Evidências.mp3,"sem erro de leitura; metadata INFERRED; título HIGH; artista MEDIUM; sem cover; bitrate 128 kbps; sample rate 44100 Hz; desempate final por relative_path",128000,44100,false,INFERRED
00 - Modão de Buteco/21 a 40/29 - Teodoro E Sampaio - Garanhão Da Madrugada.mp3,c413d7c8f77c78277ef5e4e65729d71a96c42ae6effb11bc4187844266424a3d,IMPORT,preserved,,00 - Modão de Buteco/21 a 40/29 - Teodoro E Sampaio - Garanhão Da Madrugada.mp3,"sem erro de leitura; metadata GOOD; título HIGH; artista HIGH; sem cover; bitrate 128 kbps; sample rate 44100 Hz; desempate final por relative_path",128000,44100,false,GOOD
00 - Modão de Buteco/21 a 40/30 - Desejo De Amar.mp3,15618b426ec253988f5a04483beda2e213c6e97c8f0d2424e72ee8a10dd5265d,IMPORT,preserved,,00 - Modão de Buteco/21 a 40/30 - Desejo De Amar.mp3,"sem erro de leitura; metadata INFERRED; título MEDIUM; artista MEDIUM; sem cover; bitrate 128 kbps; sample rate 44100 Hz; desempate final por relative_path",128000,44100,false,INFERRED
00 - Modão de Buteco/21 a 40/31 - Chique no Urtimo (Verdade de Pescador).mp3,706258b03f208e35bbd89add496cb94bce76e09951c97265fd068584e6ce0850,IMPORT,preserved,,00 - Modão de Buteco/21 a 40/31 - Chique no Urtimo (Verdade de Pescador).mp3,"sem erro de leitura; metadata GOOD; título HIGH; artista HIGH; sem cover; bitrate 128 kbps; sample rate 44100 Hz; desempate final por relative_path",128000,44100,false,GOOD
00 - Modão de Buteco/21 a 40/32 - Um Degrau Na Escada.mp3,ebfc331be241480dbbdf808da1b01ac34571bd56d5dd61a46f416164d831656d,IMPORT,likely_duplicate_representative,24,00 - Modão de Buteco/21 a 40/32 - Um Degrau Na Escada.mp3,"sem erro de leitura; metadata GOOD; título HIGH; artista HIGH; sem cover; bitrate 128 kbps; sample rate 44100 Hz; desempate final por relative_path",128000,44100,false,GOOD
00 - Modão de Buteco/21 a 40/33 - Avenida Boiadeira.mp3,18e526fa597c55932c515c29dab001a1036f6a2d304348b0133174ddde42a41f,IMPORT,preserved,,00 - Modão de Buteco/21 a 40/33 - Avenida Boiadeira.mp3,"sem erro de leitura; metadata GOOD; título HIGH; artista HIGH; sem cover; bitrate 128 kbps; sample rate 44100 Hz; desempate final por relative_path",128000,44100,false,GOOD
00 - Modão de Buteco/21 a 40/34 - 60 DIAS APAIXONADO - SORRISO MUDO (AO VIVO).mp3,91ff4968848f95529faedeff252b966c527e1d966a2aeed06b53c093b3208be4,IMPORT,preserved,,00 - Modão de Buteco/21 a 40/34 - 60 DIAS APAIXONADO - SORRISO MUDO (AO VIVO).mp3,"sem erro de leitura; metadata GOOD; título HIGH; artista HIGH; sem cover; bitrate 128 kbps; sample rate 44100 Hz; desempate final por relative_path",128000,44100,false,GOOD
00 - Modão de Buteco/21 a 40/35 - Ela chorou de amor.mp3,006cc95d96d0d42c07b9e7127ce432430ce37c00c9a503a9a8b347febcc1b8cd,IMPORT,preserved,,00 - Modão de Buteco/21 a 40/35 - Ela chorou de amor.mp3,"sem erro de leitura; metadata GOOD; título HIGH; artista HIGH; sem cover; bitrate 128 kbps; sample rate 44100 Hz; desempate final por relative_path",128000,44100,false,GOOD
00 - Modão de Buteco/21 a 40/36 - Teodoro E Sampaio - Pinga Ni Mim.mp3,3040df34819a70b80cbf8979d59bdebdc4a3237cc768d10967c3404e803e2301,IMPORT,preserved,,00 - Modão de Buteco/21 a 40/36 - Teodoro E Sampaio - Pinga Ni Mim.mp3,"sem erro de leitura; metadata GOOD; título HIGH; artista HIGH; sem cover; bitrate 128 kbps; sample rate 44100 Hz; desempate final por relative_path",128000,44100,false,GOOD
00 - Modão de Buteco/21 a 40/37 - Guilherme e Santiago- Meia noite e meia.mp3,a5162e5eb1239ae8c7958fb7a9ea9e6fba58232a6b8ae268177d06d6988a92f6,IMPORT,preserved,,00 - Modão de Buteco/21 a 40/37 - Guilherme e Santiago- Meia noite e meia.mp3,"sem erro de leitura; metadata INFERRED; título MEDIUM; artista MEDIUM; cover presente; bitrate 128 kbps; sample rate 44100 Hz; desempate final por relative_path",128000,44100,true,INFERRED
00 - Modão de Buteco/21 a 40/38 - Acorrentado Em Você.mp3,fb238da166dc569ed7cb1977833e203f811f808ec4ae617de216c3d8c48cfe73,IMPORT,preserved,,00 - Modão de Buteco/21 a 40/38 - Acorrentado Em Você.mp3,"sem erro de leitura; metadata GOOD; título HIGH; artista HIGH; sem cover; bitrate 128 kbps; sample rate 44100 Hz; desempate final por relative_path",128000,44100,false,GOOD
00 - Modão de Buteco/21 a 40/39 - Amor de Primavera.mp3,0cdeb535d30d06b8c0f53ad112cd5bb577f755fdb927223e9a6feeea09188b79,IMPORT,likely_duplicate_representative,25,00 - Modão de Buteco/21 a 40/39 - Amor de Primavera.mp3,"sem erro de leitura; metadata GOOD; título HIGH; artista HIGH; sem cover; bitrate 128 kbps; sample rate 44100 Hz; desempate final por relative_path",128000,44100,false,GOOD
00 - Modão de Buteco/21 a 40/40 - O Ipe e o Prisioneiro.mp3,698cdbed265cddd48546bd916f3834369cafa224da9cf0e38201a0a23d29507c,IMPORT,preserved,,00 - Modão de Buteco/21 a 40/40 - O Ipe e o Prisioneiro.mp3,"sem erro de leitura; metadata INFERRED; título MEDIUM; artista MEDIUM; sem cover; bitrate 128 kbps; sample rate 44100 Hz; desempate final por relative_path",128000,44100,false,INFERRED
00 - Modão de Buteco/41 a 60/41 - Me Apaixonei (A primeira vez que eu te vi).mp3,2dcef7f6b68deca2d090d1146408bb517cee0932534a3551614596949c9363ca,IMPORT,preserved,,00 - Modão de Buteco/41 a 60/41 - Me Apaixonei (A primeira vez que eu te vi).mp3,"sem erro de leitura; metadata GOOD; título HIGH; artista HIGH; sem cover; bitrate 128 kbps; sample rate 44100 Hz; desempate final por relative_path",128000,44100,false,GOOD
00 - Modão de Buteco/41 a 60/42 - Pele de maca.mp3,0426079fae3a828dc01b6a3dee8219cdd7e49bf418066efb613ee721add31584,IMPORT,preserved,75,00 - Modão de Buteco/41 a 60/42 - Pele de maca.mp3,"sem erro de leitura; metadata GOOD; título HIGH; artista HIGH; sem cover; bitrate 128 kbps; sample rate 44100 Hz; desempate final por relative_path",128000,44100,false,GOOD
00 - Modão de Buteco/41 a 60/43 - Cheiro de Shampoo.mp3,1b4a46ae6c135fc63da8df0bdc44b1757330dc56bb876f8d26b991a283e9b4cf,IMPORT,preserved,,00 - Modão de Buteco/41 a 60/43 - Cheiro de Shampoo.mp3,"sem erro de leitura; metadata INFERRED; título MEDIUM; artista MEDIUM; sem cover; bitrate 128 kbps; sample rate 44100 Hz; desempate final por relative_path",128000,44100,false,INFERRED
00 - Modão de Buteco/41 a 60/44 - Alma Transparente.mp3,83d2058bb0322b22cc669615a144f71f5c0fbbb42f69e8c0dcc200fa50322430,SKIP_LIKELY,likely_duplicate,26,Sertanejao/Chico Rey e Parana/13-Alma Transparente.mp3,"sem erro de leitura; metadata GOOD; título HIGH; artista HIGH; sem cover; bitrate 128 kbps; sample rate 44100 Hz; desempate final por relative_path",128000,44100,false,GOOD
00 - Modão de Buteco/41 a 60/45 - É o Amor.mp3,f0a01aedcda1a4def42f575282bf9d4aed344994dafa14f1702ed1a869e4dff3,IMPORT,likely_duplicate_representative,27,00 - Modão de Buteco/41 a 60/45 - É o Amor.mp3,"sem erro de leitura; metadata GOOD; título HIGH; artista HIGH; sem cover; bitrate 128 kbps; sample rate 44100 Hz; desempate final por relative_path",128000,44100,false,GOOD
00 - Modão de Buteco/41 a 60/46 - Piquitita (Part. Esp. Nicole e Gabriela (Piquitita).mp3,66866656d405fb7f7ad9ef82819253a0f8f9e779be43290022489fc67bc858c1,IMPORT,preserved,,00 - Modão de Buteco/41 a 60/46 - Piquitita (Part. Esp. Nicole e Gabriela (Piquitita).mp3,"sem erro de leitura; metadata GOOD; título HIGH; artista HIGH; sem cover; bitrate 128 kbps; sample rate 44100 Hz; desempate final por relative_path",128000,44100,false,GOOD
00 - Modão de Buteco/41 a 60/47 - Tô Indo Embora.mp3,5da26eb34108e624716415ecbff6074f27c66a53bd0d74074fa54196f97989e9,IMPORT,preserved,,00 - Modão de Buteco/41 a 60/47 - Tô Indo Embora.mp3,"sem erro de leitura; metadata GOOD; título HIGH; artista HIGH; sem cover; bitrate 128 kbps; sample rate 44100 Hz; desempate final por relative_path",128000,44100,false,GOOD
00 - Modão de Buteco/41 a 60/48 - Pinga na Garganta.mp3,1cbfaff1d9045484fe2213302515fd38f0b57211a5665028c7ea116378b8a4dd,IMPORT,preserved,,00 - Modão de Buteco/41 a 60/48 - Pinga na Garganta.mp3,"sem erro de leitura; metadata GOOD; título HIGH; artista HIGH; sem cover; bitrate 128 kbps; sample rate 44100 Hz; desempate final por relative_path",128000,44100,false,GOOD
00 - Modão de Buteco/41 a 60/49 - Páginas De Amigos.mp3,4c1fd20a0c9fad6fdd1c38f1b7f9194d50a18bcf59b8697d5b2233a173de851f,IMPORT,preserved,,00 - Modão de Buteco/41 a 60/49 - Páginas De Amigos.mp3,"sem erro de leitura; metadata INFERRED; título HIGH; artista MEDIUM; sem cover; bitrate 128 kbps; sample rate 44100 Hz; desempate final por relative_path",128000,44100,false,INFERRED
00 - Modão de Buteco/41 a 60/50 - agenda rabiscada - www.musicasparabaixar.org.mp3,38c56f848d31c205a9ac1e30b7f09d999c7d4e5af0d586232bb0624955d185b2,IMPORT,preserved,,00 - Modão de Buteco/41 a 60/50 - agenda rabiscada - www.musicasparabaixar.org.mp3,"sem erro de leitura; metadata INFERRED; título HIGH; artista HIGH; sem cover; bitrate 128 kbps; sample rate 44100 Hz; desempate final por relative_path",128000,44100,false,INFERRED
00 - Modão de Buteco/41 a 60/51 - Bruna Viola - Moda Da Pinga.mp3,31f66d72b2a354d65ef091f345f16d4a33546e7753082ab001228bfc2580b912,IMPORT,preserved,,00 - Modão de Buteco/41 a 60/51 - Bruna Viola - Moda Da Pinga.mp3,"sem erro de leitura; metadata INFERRED; título HIGH; artista HIGH; sem cover; bitrate 128 kbps; sample rate 44100 Hz; desempate final por relative_path",128000,44100,false,INFERRED
00 - Modão de Buteco/41 a 60/52 - GALOPEIRA - VÁ PRO INFERNO COM O SEU AMOR (AO VIVO).mp3,bb90dc437d89b3529143b91a3151c968973fe23f3f1b2b2f90f8e675db4d7985,IMPORT,preserved,,00 - Modão de Buteco/41 a 60/52 - GALOPEIRA - VÁ PRO INFERNO COM O SEU AMOR (AO VIVO).mp3,"sem erro de leitura; metadata GOOD; título HIGH; artista HIGH; sem cover; bitrate 128 kbps; sample rate 44100 Hz; desempate final por relative_path",128000,44100,false,GOOD
00 - Modão de Buteco/41 a 60/53 - Rick e Renner - Casa de Caboclo.mp3,7000444a670305266f4bfaad2107dc8f6df6378e4b81b7073cc8c0a34f0e340b,IMPORT,preserved,,00 - Modão de Buteco/41 a 60/53 - Rick e Renner - Casa de Caboclo.mp3,"sem erro de leitura; metadata INFERRED; título HIGH; artista HIGH; sem cover; bitrate 128 kbps; sample rate 44100 Hz; desempate final por relative_path",128000,44100,false,INFERRED
00 - Modão de Buteco/41 a 60/54 - Quem Será Seu Outro Amor.mp3,f8af96b4264fb99b326a8ceeaa746a83fd934a976e5a90213756c92bff90476c,IMPORT,preserved,76,00 - Modão de Buteco/41 a 60/54 - Quem Será Seu Outro Amor.mp3,"sem erro de leitura; metadata GOOD; título HIGH; artista HIGH; sem cover; bitrate 128 kbps; sample rate 44100 Hz; desempate final por relative_path",128000,44100,false,GOOD
00 - Modão de Buteco/41 a 60/55 - Vida dividida.mp3,698d691f5397c14990274c1e82ee0435546a39444aa838ae0be003524c08cacf,IMPORT,preserved,,00 - Modão de Buteco/41 a 60/55 - Vida dividida.mp3,"sem erro de leitura; metadata INFERRED; título MEDIUM; artista MEDIUM; sem cover; bitrate 128 kbps; sample rate 44100 Hz; desempate final por relative_path",128000,44100,false,INFERRED
"00 - Modão de Buteco/41 a 60/56 - Fazenda São Francisco (Maior Proeza) (Jesus Belmiro, Paraíso).mp3",68ade4e323353cdab58a158f96061a97594e9b0dd31deda2d1a2f616304424d8,IMPORT,preserved,,"00 - Modão de Buteco/41 a 60/56 - Fazenda São Francisco (Maior Proeza) (Jesus Belmiro, Paraíso).mp3","sem erro de leitura; metadata GOOD; título HIGH; artista HIGH; sem cover; bitrate 128 kbps; sample rate 44100 Hz; desempate final por relative_path",128000,44100,false,GOOD
00 - Modão de Buteco/41 a 60/57 - PRIMEIRO DE ABRIL.mp3,ae27ab07d4737afc06f5c870bba9bb2f41ab614722244a538f4589b2ab01e351,IMPORT,preserved,,00 - Modão de Buteco/41 a 60/57 - PRIMEIRO DE ABRIL.mp3,"sem erro de leitura; metadata GOOD; título HIGH; artista HIGH; sem cover; bitrate 128 kbps; sample rate 44100 Hz; desempate final por relative_path",128000,44100,false,GOOD
00 - Modão de Buteco/41 a 60/58 - Guilherme e Santiago part. As Mineirinhas - PORQUE BRIGAMOS.mp3,3aa80e56e594b33be11e28db73c3dfb3e346cdb29ffe09424e41ceb0f8722250,IMPORT,preserved,,00 - Modão de Buteco/41 a 60/58 - Guilherme e Santiago part. As Mineirinhas - PORQUE BRIGAMOS.mp3,"sem erro de leitura; metadata GOOD; título HIGH; artista HIGH; sem cover; bitrate 128 kbps; sample rate 44100 Hz; desempate final por relative_path",128000,44100,false,GOOD
00 - Modão de Buteco/41 a 60/59 - Whisky Com Gelo.mp3,c5f5367cbbaceb2cd0e469e8b7d6281e3ba2ec33be060d1769b364df7f1ae9d3,IMPORT,preserved,,00 - Modão de Buteco/41 a 60/59 - Whisky Com Gelo.mp3,"sem erro de leitura; metadata GOOD; título HIGH; artista HIGH; sem cover; bitrate 128 kbps; sample rate 44100 Hz; desempate final por relative_path",128000,44100,false,GOOD
00 - Modão de Buteco/41 a 60/60 - Milionário & José Rico - Decida.mp3,2ee4d8bf9819285ce3ceb8920be594ea2a1729e43750638e0c2a4e1cc23a3467,IMPORT,preserved,,00 - Modão de Buteco/41 a 60/60 - Milionário & José Rico - Decida.mp3,"sem erro de leitura; metadata GOOD; título HIGH; artista HIGH; sem cover; bitrate 128 kbps; sample rate 44100 Hz; desempate final por relative_path",128000,44100,false,GOOD
00 - Modão de Buteco/61 a 87/61- Telefone Mudo.mp3,408abc461c237034dd7ef7385ceed12653d458af22d09e48df606c3cdd87e983,IMPORT,likely_duplicate_representative,28,00 - Modão de Buteco/61 a 87/61- Telefone Mudo.mp3,"sem erro de leitura; metadata GOOD; título HIGH; artista HIGH; sem cover; bitrate 192 kbps; sample rate 44100 Hz; desempate final por relative_path",192000,44100,false,GOOD
00 - Modão de Buteco/61 a 87/62 - QUANDO A SAUDADE JUDIA - OTÁVIO AUGUSTO E GABRIEL.mp3,c2325a7e328600cd820cb4a0d962baa96a138898dab0d0d1f755e0e98103f3e3,IMPORT,preserved,,00 - Modão de Buteco/61 a 87/62 - QUANDO A SAUDADE JUDIA - OTÁVIO AUGUSTO E GABRIEL.mp3,"sem erro de leitura; metadata INFERRED; título HIGH; artista HIGH; sem cover; bitrate 128 kbps; sample rate 44100 Hz; desempate final por relative_path",128000,44100,false,INFERRED
00 - Modão de Buteco/61 a 87/63 - Nosso Amor é Ouro.mp3,d8ae6bb6e8bc7719bc82501293d009619ea94fd38fb68c862bca66698024e7d1,IMPORT,likely_duplicate_representative,29,00 - Modão de Buteco/61 a 87/63 - Nosso Amor é Ouro.mp3,"sem erro de leitura; metadata GOOD; título HIGH; artista HIGH; sem cover; bitrate 128 kbps; sample rate 44100 Hz; desempate final por relative_path",128000,44100,false,GOOD
00 - Modão de Buteco/61 a 87/64 - Gian & Giovani - 02 - Espuma Da Cerveja.mp3,7813bb85411c9507aa1360ae22d9b78a6ffb817344146e9b045fc49b408fb4a2,IMPORT,preserved,,00 - Modão de Buteco/61 a 87/64 - Gian & Giovani - 02 - Espuma Da Cerveja.mp3,"sem erro de leitura; metadata GOOD; título HIGH; artista HIGH; sem cover; bitrate 128 kbps; sample rate 44100 Hz; desempate final por relative_path",128000,44100,false,GOOD
00 - Modão de Buteco/61 a 87/65 - Cama Fria.mp3,33b8b7fca9b526002d20640cc1a9820533615204ab35e90b220496697a939726,IMPORT,preserved,,00 - Modão de Buteco/61 a 87/65 - Cama Fria.mp3,"sem erro de leitura; metadata GOOD; título HIGH; artista HIGH; sem cover; bitrate 128 kbps; sample rate 44100 Hz; desempate final por relative_path",128000,44100,false,GOOD
00 - Modão de Buteco/61 a 87/66 -Tristeza de Jeca.mp3,b35fbadf98155ba2a79822147ce4a8db04e4a5d952bc53f56eedf7c0c738d3df,IMPORT,preserved,,00 - Modão de Buteco/61 a 87/66 -Tristeza de Jeca.mp3,"sem erro de leitura; metadata GOOD; título HIGH; artista HIGH; sem cover; bitrate 128 kbps; sample rate 44100 Hz; desempate final por relative_path",128000,44100,false,GOOD
00 - Modão de Buteco/61 a 87/67 - Milionário & José Rico - Sonhei Com Você - Estrada Da Vida.mp3,2435a2c347d14024508641330c0ffadc4a745715ad2ff3c6a878c04df3860c06,IMPORT,preserved,,00 - Modão de Buteco/61 a 87/67 - Milionário & José Rico - Sonhei Com Você - Estrada Da Vida.mp3,"sem erro de leitura; metadata GOOD; título HIGH; artista HIGH; sem cover; bitrate 128 kbps; sample rate 44100 Hz; desempate final por relative_path",128000,44100,false,GOOD
00 - Modão de Buteco/61 a 87/68 - Quem é.mp3,3652ab59144552a5526bcca19f0ff25a2c38aa2a71ae109f6258287edf4932f6,IMPORT,likely_duplicate_representative,30,00 - Modão de Buteco/61 a 87/68 - Quem é.mp3,"sem erro de leitura; metadata GOOD; título HIGH; artista HIGH; sem cover; bitrate 128 kbps; sample rate 44100 Hz; desempate final por relative_path",128000,44100,false,GOOD
00 - Modão de Buteco/61 a 87/69 - Matogrosso e Mathias - Os Brutos Também Amam (Part. João Carreiro e Capataz).mp3,c3d74a032676ba00a6d58f51e8927996dcf4ea754f0c06e9a8320f5d4c1ded33,IMPORT,preserved,,00 - Modão de Buteco/61 a 87/69 - Matogrosso e Mathias - Os Brutos Também Amam (Part. João Carreiro e Capataz).mp3,"sem erro de leitura; metadata INFERRED; título HIGH; artista HIGH; cover presente; bitrate 128 kbps; sample rate 44100 Hz; desempate final por relative_path",128000,44100,true,INFERRED
00 - Modão de Buteco/61 a 87/70 - Vidro Fumê.mp3,2174f5361dbbbf9c7290c64425a6ab7de4a4c92784bd71571793d427cdaff114,IMPORT,preserved,,00 - Modão de Buteco/61 a 87/70 - Vidro Fumê.mp3,"sem erro de leitura; metadata INFERRED; título MEDIUM; artista MEDIUM; sem cover; bitrate 128 kbps; sample rate 44100 Hz; desempate final por relative_path",128000,44100,false,INFERRED
00 - Modão de Buteco/61 a 87/71 - Rio Negro & Solimões - A Gente Se Entrega.mp3,009e3afc5d5372b07878953e00098868dd591951778eb8aae9e1992eb96608fd,IMPORT,likely_duplicate_representative,31,00 - Modão de Buteco/61 a 87/71 - Rio Negro & Solimões - A Gente Se Entrega.mp3,"sem erro de leitura; metadata GOOD; título HIGH; artista HIGH; sem cover; bitrate 128 kbps; sample rate 44100 Hz; desempate final por relative_path",128000,44100,false,GOOD
00 - Modão de Buteco/61 a 87/72 - Idas e voltas.mp3,9bc602b6aa6b9c46585708318ecc585a05224feb72cc251d59fcef0e0714613d,IMPORT,preserved,,00 - Modão de Buteco/61 a 87/72 - Idas e voltas.mp3,"sem erro de leitura; metadata GOOD; título HIGH; artista HIGH; sem cover; bitrate 128 kbps; sample rate 44100 Hz; desempate final por relative_path",128000,44100,false,GOOD
00 - Modão de Buteco/61 a 87/73 - FIO DE CABELO (AO VIVO).mp3,8b1812a3a43d0dda620aa90ad46c61cdc644fd61962a94b50eca144945433cb7,IMPORT,preserved,,00 - Modão de Buteco/61 a 87/73 - FIO DE CABELO (AO VIVO).mp3,"sem erro de leitura; metadata GOOD; título HIGH; artista HIGH; sem cover; bitrate 128 kbps; sample rate 44100 Hz; desempate final por relative_path",128000,44100,false,GOOD
00 - Modão de Buteco/61 a 87/74 - Rio Negro & Solimões - Saudade Pulou No Peito.mp3,56e9807b91c328a9bb55b044c9f831cbe8e4a42a6e429bf4d699567f98aff0a2,IMPORT,preserved,77,00 - Modão de Buteco/61 a 87/74 - Rio Negro & Solimões - Saudade Pulou No Peito.mp3,"sem erro de leitura; metadata GOOD; título HIGH; artista HIGH; sem cover; bitrate 128 kbps; sample rate 44100 Hz; desempate final por relative_path",128000,44100,false,GOOD
00 - Modão de Buteco/61 a 87/75 - Milionário & José Rico - Vontade Dividida.mp3,0e4080b497d19cf39bf6f97d9a1f3e768d387d298c5d72b3d7b4d94f160f472a,IMPORT,preserved,,00 - Modão de Buteco/61 a 87/75 - Milionário & José Rico - Vontade Dividida.mp3,"sem erro de leitura; metadata GOOD; título HIGH; artista HIGH; sem cover; bitrate 128 kbps; sample rate 44100 Hz; desempate final por relative_path",128000,44100,false,GOOD
00 - Modão de Buteco/61 a 87/76 - Assino com X.mp3,27c16ce61955cfd46328d1f2b4a12c6aa300bdba6197c90d748de38a2e9c11a9,IMPORT,preserved,,00 - Modão de Buteco/61 a 87/76 - Assino com X.mp3,"sem erro de leitura; metadata GOOD; título HIGH; artista HIGH; sem cover; bitrate 128 kbps; sample rate 44100 Hz; desempate final por relative_path",128000,44100,false,GOOD
00 - Modão de Buteco/61 a 87/77 - Tô Por Ai.mp3,6bd54bc5eb3ce08f95a0d14b58426b8f02c4e2806f2b25f584378dc37bbf94bc,IMPORT,preserved,,00 - Modão de Buteco/61 a 87/77 - Tô Por Ai.mp3,"sem erro de leitura; metadata GOOD; título HIGH; artista HIGH; sem cover; bitrate 128 kbps; sample rate 44100 Hz; desempate final por relative_path",128000,44100,false,GOOD
00 - Modão de Buteco/61 a 87/78 - Meu Reino Encantado.mp3,942e12082ef47d7d2e3356c4b8627ca83aeacd295ca4fd972c6424d6afe1d6bb,IMPORT,preserved,,00 - Modão de Buteco/61 a 87/78 - Meu Reino Encantado.mp3,"sem erro de leitura; metadata GOOD; título HIGH; artista HIGH; sem cover; bitrate 128 kbps; sample rate 44100 Hz; desempate final por relative_path",128000,44100,false,GOOD
00 - Modão de Buteco/61 a 87/79 - Saudade de Minha Terra (Goiá-Belmonte) Part. Belmonte & Amaraí.mp3,d988841a15f43b743c5c3dca200362dcd6c4c2b2c11d573f93535ff9c7de6ab3,IMPORT,preserved,,00 - Modão de Buteco/61 a 87/79 - Saudade de Minha Terra (Goiá-Belmonte) Part. Belmonte & Amaraí.mp3,"sem erro de leitura; metadata GOOD; título HIGH; artista HIGH; sem cover; bitrate 128 kbps; sample rate 44100 Hz; desempate final por relative_path",128000,44100,false,GOOD
00 - Modão de Buteco/61 a 87/80 - No Dia Em Que Eu Sai De Casa.mp3,f9cb3bf18c3a10e95e75471655da082d6bff5f4125a1e71501e614a6a9dcb311,IMPORT,likely_duplicate_representative,32,00 - Modão de Buteco/61 a 87/80 - No Dia Em Que Eu Sai De Casa.mp3,"sem erro de leitura; metadata GOOD; título HIGH; artista HIGH; sem cover; bitrate 128 kbps; sample rate 44100 Hz; desempate final por relative_path",128000,44100,false,GOOD
00 - Modão de Buteco/61 a 87/81 - Viajante Solitário (O Comboio).mp3,15a701f1871865512b011bad05f61bb27b3121ba1708c480bfbeaa770a50856e,IMPORT,preserved,,00 - Modão de Buteco/61 a 87/81 - Viajante Solitário (O Comboio).mp3,"sem erro de leitura; metadata GOOD; título HIGH; artista HIGH; sem cover; bitrate 128 kbps; sample rate 44100 Hz; desempate final por relative_path",128000,44100,false,GOOD
00 - Modão de Buteco/61 a 87/82 - Jayne - Sem Você (Part. Matogrosso & Mathias).mp3,d2c82f66973b62cd46bb0143b94014263e5888346ac22621d752a7f2c8f9ad0a,IMPORT,preserved,,00 - Modão de Buteco/61 a 87/82 - Jayne - Sem Você (Part. Matogrosso & Mathias).mp3,"sem erro de leitura; metadata INFERRED; título HIGH; artista HIGH; sem cover; bitrate 128 kbps; sample rate 44100 Hz; desempate final por relative_path",128000,44100,false,INFERRED
00 - Modão de Buteco/61 a 87/83 - Vida de Cao.mp3,cb91905edcb230f66fc4de4e0d95edc32f4c9b9880bbf9a14ac405ed706ebdb1,IMPORT,preserved,,00 - Modão de Buteco/61 a 87/83 - Vida de Cao.mp3,"sem erro de leitura; metadata GOOD; título HIGH; artista HIGH; sem cover; bitrate 128 kbps; sample rate 44100 Hz; desempate final por relative_path",128000,44100,false,GOOD
00 - Modão de Buteco/61 a 87/84 - Ausência.mp3,6719cfadf1ca8e97e531b9b06402334bc10c0cd711c484de1aa040b2673a1cce,IMPORT,preserved,,00 - Modão de Buteco/61 a 87/84 - Ausência.mp3,"sem erro de leitura; metadata INFERRED; título MEDIUM; artista MEDIUM; sem cover; bitrate 128 kbps; sample rate 44100 Hz; desempate final por relative_path",128000,44100,false,INFERRED
00 - Modão de Buteco/61 a 87/85 - Gian & Giovani - 01 - Amante Anonimo.mp3,51286a22a915fe590c63bd140e878f76dcedd6c811eeb3d1121f0f08c85d9a3b,IMPORT,preserved,,00 - Modão de Buteco/61 a 87/85 - Gian & Giovani - 01 - Amante Anonimo.mp3,"sem erro de leitura; metadata GOOD; título HIGH; artista HIGH; sem cover; bitrate 128 kbps; sample rate 44100 Hz; desempate final por relative_path",128000,44100,false,GOOD
00 - Modão de Buteco/61 a 87/86 - Dou a Vida Por Um Beijo.mp3,234b36a9c664144970d33081c7865c4d26dc3b2c7a1e66bffc950066fdb84495,IMPORT,likely_duplicate_representative,33,00 - Modão de Buteco/61 a 87/86 - Dou a Vida Por Um Beijo.mp3,"sem erro de leitura; metadata GOOD; título HIGH; artista HIGH; sem cover; bitrate 128 kbps; sample rate 44100 Hz; desempate final por relative_path",128000,44100,false,GOOD
00 - Modão de Buteco/61 a 87/87  - O mesmo castigo.mp3,658d0c08785818f1946555901f6a3ba15a84c28439441a33e17d63e0c23e3ac5,IMPORT,preserved,,00 - Modão de Buteco/61 a 87/87  - O mesmo castigo.mp3,"sem erro de leitura; metadata INFERRED; título HIGH; artista MEDIUM; sem cover; bitrate 128 kbps; sample rate 44100 Hz; desempate final por relative_path",128000,44100,false,INFERRED
00 - Modão de Buteco/61 a 87/88 - Cabelo loiro - Mexe mexe - A jiripoca vai pia.mp3,afe4051a2f1dde69468959184af863cc52a2e4ae760c4d1f7194500053e219c4,IMPORT,preserved,,00 - Modão de Buteco/61 a 87/88 - Cabelo loiro - Mexe mexe - A jiripoca vai pia.mp3,"sem erro de leitura; metadata GOOD; título HIGH; artista HIGH; sem cover; bitrate 128 kbps; sample rate 44100 Hz; desempate final por relative_path",128000,44100,false,GOOD
00 - Modão de Buteco/61 a 87/89 - atiradora de elite-duduca e dalvan.mp3,b4c0db5b9103d7d3a14b1ea0f7798e51731c6bd6027a92f74b7e2c10813ccfd9,IMPORT,preserved,,00 - Modão de Buteco/61 a 87/89 - atiradora de elite-duduca e dalvan.mp3,"sem erro de leitura; metadata INFERRED; título MEDIUM; artista MEDIUM; sem cover; bitrate 128 kbps; sample rate 44100 Hz; desempate final por relative_path",128000,44100,false,INFERRED
00 - Modão de Buteco/61 a 87/90 - Renato Teixeira e Sérgio Reis Part. Toquinho - Cuitelinho.mp3,c41595d8309a1c97c58afc4f5812b9565cf5235fe86c06f893aaad417e4c54eb,IMPORT,preserved,,00 - Modão de Buteco/61 a 87/90 - Renato Teixeira e Sérgio Reis Part. Toquinho - Cuitelinho.mp3,"sem erro de leitura; metadata INFERRED; título HIGH; artista HIGH; sem cover; bitrate 128 kbps; sample rate 44100 Hz; desempate final por relative_path",128000,44100,false,INFERRED
00 - Modao Pra Churrasco/00 - Di Paulo & Paulino_01_Amor de Primavera.mp3,b9f2990563e0d10b5c3d16c56db1fb4b30f2136cf7478baef111ea9ea5fb7a04,IMPORT,preserved,,00 - Modao Pra Churrasco/00 - Di Paulo & Paulino_01_Amor de Primavera.mp3,"sem erro de leitura; metadata GOOD; título HIGH; artista HIGH; sem cover; bitrate 128 kbps; sample rate 44100 Hz; desempate final por relative_path",128000,44100,false,GOOD
00 - Modao Pra Churrasco/01 - Seu Amor Ainda É Tudo.mp3,fae198026b77a91af2c5a5fd8727cb475e73cda1794389ef0e79f98aaa24edf4,IMPORT,preserved,,00 - Modao Pra Churrasco/01 - Seu Amor Ainda É Tudo.mp3,"sem erro de leitura; metadata GOOD; título HIGH; artista HIGH; cover presente; bitrate 128 kbps; sample rate 44100 Hz; desempate final por relative_path",128000,44100,true,GOOD
00 - Modao Pra Churrasco/02 - Tentei Te Esquecer.mp3,38d090edd37088074aeaa55702523dd42819dfb53e654924d7b73fe82b48b0e9,IMPORT,preserved,,00 - Modao Pra Churrasco/02 - Tentei Te Esquecer.mp3,"sem erro de leitura; metadata GOOD; título HIGH; artista HIGH; sem cover; bitrate 128 kbps; sample rate 44100 Hz; desempate final por relative_path",128000,44100,false,GOOD
00 - Modao Pra Churrasco/03 - Milionário & José Rico - Decida.mp3,81c1c158ca78b948e8773a65f86bfc93887bb3e4fc084fab5e99a5497daa0dc5,IMPORT,preserved,,00 - Modao Pra Churrasco/03 - Milionário & José Rico - Decida.mp3,"sem erro de leitura; metadata GOOD; título HIGH; artista HIGH; cover presente; bitrate 128 kbps; sample rate 44100 Hz; desempate final por relative_path",128000,44100,true,GOOD
00 - Modao Pra Churrasco/04 - Porta Do Mundo.mp3,78edde99a1fa6da72ced3b8187af0e023471bdd199877d6c5099f3c3fbc2a3b6,SKIP_LIKELY,likely_duplicate,20,00 - Modão de Buteco/01 a 20/11 - Porta Do Mundo.mp3,"sem erro de leitura; metadata GOOD; título HIGH; artista HIGH; sem cover; bitrate 128 kbps; sample rate 44100 Hz; desempate final por relative_path",128000,44100,false,GOOD
00 - Modao Pra Churrasco/05 - Boate Azul (Participação especial João Neto e Frederico).mp3,1044bd5d374e2ab47261ac26cbc889cebef9e024e0adcd61dfcc47336b09367a,IMPORT,preserved,,00 - Modao Pra Churrasco/05 - Boate Azul (Participação especial João Neto e Frederico).mp3,"sem erro de leitura; metadata GOOD; título HIGH; artista HIGH; sem cover; bitrate 128 kbps; sample rate 44100 Hz; desempate final por relative_path",128000,44100,false,GOOD
00 - Modao Pra Churrasco/06 - Milionário & José Rico - Anjo Loiro.mp3,28ceb19723d31cb0208a90fc6429fffa6e9f8f68f6e5dbafc55935258209a0ce,IMPORT,preserved,,00 - Modao Pra Churrasco/06 - Milionário & José Rico - Anjo Loiro.mp3,"sem erro de leitura; metadata GOOD; título HIGH; artista HIGH; cover presente; bitrate 128 kbps; sample rate 44100 Hz; desempate final por relative_path",128000,44100,true,GOOD
00 - Modao Pra Churrasco/07 - Gino e Geno - Voa sabiá.mp3,6259444f8bf43cdc067abce35bea6f90c6042b40266e353921841baccda0ca8f,IMPORT,likely_duplicate_representative,23,00 - Modao Pra Churrasco/07 - Gino e Geno - Voa sabiá.mp3,"sem erro de leitura; metadata INFERRED; título HIGH; artista HIGH; sem cover; bitrate 128 kbps; sample rate 44100 Hz; desempate final por relative_path",128000,44100,false,INFERRED
00 - Modao Pra Churrasco/08 -  Pele de Maçã.mp3,9e41aaeee57dddc2e843577f50e9bbc28dd99e5cd21d0a7e9793bb7d89cd7689,IMPORT,preserved,75,00 - Modao Pra Churrasco/08 -  Pele de Maçã.mp3,"sem erro de leitura; metadata GOOD; título HIGH; artista HIGH; sem cover; bitrate 128 kbps; sample rate 44100 Hz; desempate final por relative_path",128000,44100,false,GOOD
00 - Modao Pra Churrasco/09 - Ainda Ontem Chorei de Saudade.mp3,7277a91c47bc4239ad0b3c5707087c7953435a1515ef46d2603bdd718a5c951b,SKIP_LIKELY,likely_duplicate,21,00 - Modão de Buteco/01 a 20/15 - Ainda Ontem Chorei de Saudade.mp3,"sem erro de leitura; metadata GOOD; título HIGH; artista HIGH; sem cover; bitrate 128 kbps; sample rate 44100 Hz; desempate final por relative_path",128000,44100,false,GOOD
00 - Modao Pra Churrasco/10 - Di Paulo & Paulino_02_Telefone Mudo - Ainda Ontem Chorei de Saudade.mp3,5eee5f841f5e7df784936c35a06cef5534dfd930ea5cc6d3fb76a2272cb7f936,IMPORT,preserved,,00 - Modao Pra Churrasco/10 - Di Paulo & Paulino_02_Telefone Mudo - Ainda Ontem Chorei de Saudade.mp3,"sem erro de leitura; metadata GOOD; título HIGH; artista HIGH; sem cover; bitrate 128 kbps; sample rate 44100 Hz; desempate final por relative_path",128000,44100,false,GOOD
00 - Modao Pra Churrasco/11 - O mesmo castigo.mp3,c422fae5b96feeae002ca4ccde4ec03f9ff6e9ea4840e685da94dc9259fde5bf,IMPORT,preserved,,00 - Modao Pra Churrasco/11 - O mesmo castigo.mp3,"sem erro de leitura; metadata NEEDS_REVIEW; título HIGH; artista LOW; sem cover; bitrate 128 kbps; sample rate 44100 Hz; desempate final por relative_path",128000,44100,false,NEEDS_REVIEW
00 - Modao Pra Churrasco/12 - Não São Palavras Lindas(no son palabritas).mp3,a977d6214748d83c0c1dd62622913b772c85463b280437a3447e62f543511b33,IMPORT,preserved,,00 - Modao Pra Churrasco/12 - Não São Palavras Lindas(no son palabritas).mp3,"sem erro de leitura; metadata GOOD; título HIGH; artista HIGH; sem cover; bitrate 128 kbps; sample rate 44100 Hz; desempate final por relative_path",128000,44100,false,GOOD
00 - Modao Pra Churrasco/13 - nóis é cowboy.mp3,c361d5ef44de88ae89b8beb10a2a7140c15b2197199d5b239a8e8d1e760a9f86,IMPORT,preserved,,00 - Modao Pra Churrasco/13 - nóis é cowboy.mp3,"sem erro de leitura; metadata NEEDS_REVIEW; título MEDIUM; artista LOW; sem cover; bitrate 64 kbps; sample rate 24000 Hz; desempate final por relative_path",64000,24000,false,NEEDS_REVIEW
00 - Modao Pra Churrasco/14 - Saudade Da Minha Terra.mp3,6b2248227d8a42aba32ca0edb8cf6c573fafd47f0e79f297c6b6733ed182f860,IMPORT,preserved,,00 - Modao Pra Churrasco/14 - Saudade Da Minha Terra.mp3,"sem erro de leitura; metadata GOOD; título HIGH; artista HIGH; cover presente; bitrate 128 kbps; sample rate 44100 Hz; desempate final por relative_path",128000,44100,true,GOOD
00 - Modao Pra Churrasco/15 - Do Jeito que o Povo Gosta.mp3,f70cfd35fc928908f6a1c9961fffd0af95d77fb8e453f563e542fee9dc70f408,IMPORT,preserved,,00 - Modao Pra Churrasco/15 - Do Jeito que o Povo Gosta.mp3,"sem erro de leitura; metadata NEEDS_REVIEW; título MEDIUM; artista LOW; sem cover; bitrate 160 kbps; sample rate 44100 Hz; desempate final por relative_path",160000,44100,false,NEEDS_REVIEW
00 - Modao Pra Churrasco/16 - Jeitão caboclo.mp3,41fe783d9c3a2f7412c7621756520c36da689f69350cddf8102634dc12fd7ff8,IMPORT,preserved,,00 - Modao Pra Churrasco/16 - Jeitão caboclo.mp3,"sem erro de leitura; metadata NEEDS_REVIEW; título HIGH; artista LOW; sem cover; bitrate 128 kbps; sample rate 44100 Hz; desempate final por relative_path",128000,44100,false,NEEDS_REVIEW
00 - Modao Pra Churrasco/17 - A volta do boiadeiro.mp3,5f695b8f26413b5c8c5b8c0646ec7d34a55b072a730ce3c8afb59f587128095f,IMPORT,preserved,,00 - Modao Pra Churrasco/17 - A volta do boiadeiro.mp3,"sem erro de leitura; metadata GOOD; título HIGH; artista HIGH; sem cover; bitrate 64 kbps; sample rate 24000 Hz; desempate final por relative_path",64000,24000,false,GOOD
00 - Modao Pra Churrasco/18 - Gino e Geno Part. Rick e Renner - Cê Quer Matar o Tio - LANÇAMENTO 2013.mp3,57b92586ea1f49c5b31ceb34bc474cdeac1c4b4498de93819c42618fa8dd54b4,SKIP_LIKELY,likely_duplicate,34,Sertanejao/Gino e Geno - 40 Anos/Gino e Geno Part. Rick e Renner - Cê Quer Matar o Tio - LANÇAMENTO 2013.mp3,"sem erro de leitura; metadata INFERRED; título HIGH; artista HIGH; sem cover; bitrate 192 kbps; sample rate 44100 Hz; desempate final por relative_path",128000,44100,false,INFERRED
00 - Modao Pra Churrasco/19 - Piracicabano (Acústico).MP3,9c19269c8fa6fdfe3dbdb777f31366e710cf0eac7ce861594e204ed5dd6c7313,IMPORT,preserved,,00 - Modao Pra Churrasco/19 - Piracicabano (Acústico).MP3,"sem erro de leitura; metadata GOOD; título HIGH; artista HIGH; sem cover; bitrate 192 kbps; sample rate 44100 Hz; desempate final por relative_path",192000,44100,false,GOOD
00 - Modao Pra Churrasco/20 - Cuida de mim Deus.mp3,fca114eac7a84e345340aff45c62bedfe26b367b62a30c8e0b43a7c4c5317fb0,IMPORT,preserved,,00 - Modao Pra Churrasco/20 - Cuida de mim Deus.mp3,"sem erro de leitura; metadata GOOD; título HIGH; artista HIGH; sem cover; bitrate 64 kbps; sample rate 24000 Hz; desempate final por relative_path",64000,24000,false,GOOD
00 - Modao Pra Churrasco/21 - Eu Nasci Há 10.000 Anos Atraz.mp3,87c81b16bc439186e40a0a585b2620d15eb8e07fbe9defb6259eedeed1d07c13,IMPORT,preserved,,00 - Modao Pra Churrasco/21 - Eu Nasci Há 10.000 Anos Atraz.mp3,"sem erro de leitura; metadata NEEDS_REVIEW; título MEDIUM; artista LOW; sem cover; bitrate 160 kbps; sample rate 44100 Hz; desempate final por relative_path",160000,44100,false,NEEDS_REVIEW
00 - Modao Pra Churrasco/22 - As Paredes Azuis- Part.Esp.Marciano.mp3,c120fc94251a966a311ff12420afe24f208eeacc8c11c8d3b1f29ff6cb8ade98,IMPORT,preserved,,00 - Modao Pra Churrasco/22 - As Paredes Azuis- Part.Esp.Marciano.mp3,"sem erro de leitura; metadata GOOD; título HIGH; artista HIGH; sem cover; bitrate 128 kbps; sample rate 44100 Hz; desempate final por relative_path",128000,44100,false,GOOD
00 - Modao Pra Churrasco/23 - Pagode em Brasilia(Acústico).MP3,2ff09b4a97d236b0002545a576e4046cd5148b6863060990c09e0a13a97cb209,IMPORT,preserved,,00 - Modao Pra Churrasco/23 - Pagode em Brasilia(Acústico).MP3,"sem erro de leitura; metadata GOOD; título HIGH; artista HIGH; sem cover; bitrate 192 kbps; sample rate 44100 Hz; desempate final por relative_path",192000,44100,false,GOOD
00 - Modao Pra Churrasco/24 - Almir Sater -Tocando em Frente.mp3,1c773ef813761ad0f9b83314599b4138c25853be85c7a1b04439d80a32a6d918,IMPORT,preserved,,00 - Modao Pra Churrasco/24 - Almir Sater -Tocando em Frente.mp3,"sem erro de leitura; metadata GOOD; título HIGH; artista HIGH; sem cover; bitrate 96 kbps; sample rate 44100 Hz; desempate final por relative_path",96000,44100,false,GOOD
00 - Modao Pra Churrasco/25 - Sonhei Com Você.mp3,fd6bae341d1d648ab3e35fde7ef8f0d141baa2af72a92e25ab0ad950e7e0cb20,IMPORT,exact_duplicate_representative,3,00 - Modao Pra Churrasco/25 - Sonhei Com Você.mp3,"sem erro de leitura; metadata NEEDS_REVIEW; título HIGH; artista LOW; cover presente; bitrate 128 kbps; sample rate 44100 Hz; desempate final por relative_path",128000,44100,true,NEEDS_REVIEW
00 - Modao Pra Churrasco/26 - Nuvém de Lágrimas.mp3,d28f6bcd8cc0da821d066220bd29f22ce17241aed5a5cd55752fa52d066f12a3,IMPORT,exact_duplicate_representative,4,00 - Modao Pra Churrasco/26 - Nuvém de Lágrimas.mp3,"sem erro de leitura; metadata NEEDS_REVIEW; título HIGH; artista LOW; cover presente; bitrate 128 kbps; sample rate 44100 Hz; desempate final por relative_path",128000,44100,true,NEEDS_REVIEW
00 - Modao Pra Churrasco/27 - Velha Porteira.mp3,d59035f86463fdb6e5efafbb4aaedf5b10eced5577524d913025684f6cd602ce,IMPORT,preserved,,00 - Modao Pra Churrasco/27 - Velha Porteira.mp3,"sem erro de leitura; metadata GOOD; título HIGH; artista HIGH; sem cover; bitrate 128 kbps; sample rate 44100 Hz; desempate final por relative_path",128000,44100,false,GOOD
00 - Modao Pra Churrasco/28 - Menino da Porteira.mp3,bd0fd2483b418ff5fe4eb2e0fbcc6b321646812bcc31322177c98e2ce372dcb0,IMPORT,exact_duplicate_representative,5,00 - Modao Pra Churrasco/28 - Menino da Porteira.mp3,"sem erro de leitura; metadata GOOD; título HIGH; artista HIGH; sem cover; bitrate 183 kbps; sample rate 48000 Hz; desempate final por relative_path",182576,48000,false,GOOD
00 - Modao Pra Churrasco/29 - 60 Dias Apaixonado - Milionário & José Rico.mp3,4c84453963b290275c39cc045a6bb1d54c2b21e3c78318d583b2005b945a285d,IMPORT,preserved,,00 - Modao Pra Churrasco/29 - 60 Dias Apaixonado - Milionário & José Rico.mp3,"sem erro de leitura; metadata GOOD; título HIGH; artista HIGH; sem cover; bitrate 56 kbps; sample rate 24000 Hz; desempate final por relative_path",56000,24000,false,GOOD
00 - Modao Pra Churrasco/30 - Evidências.mp3,38ac5d94dedb8e64de60d05e83ca60665234dfdd8908dab46e3b6562aa242352,IMPORT,preserved,,00 - Modao Pra Churrasco/30 - Evidências.mp3,"sem erro de leitura; metadata NEEDS_REVIEW; título MEDIUM; artista LOW; sem cover; bitrate 64 kbps; sample rate 24000 Hz; desempate final por relative_path",64000,24000,false,NEEDS_REVIEW
00 - Modao Pra Churrasco/31 - Inquilino de Violeiro(Acústico).MP3,17b2a466ea3734716919b8440b198c0b5847ae0c68b3f25f5bbe414af697df8e,IMPORT,preserved,,00 - Modao Pra Churrasco/31 - Inquilino de Violeiro(Acústico).MP3,"sem erro de leitura; metadata GOOD; título HIGH; artista HIGH; sem cover; bitrate 192 kbps; sample rate 44100 Hz; desempate final por relative_path",192000,44100,false,GOOD
"00 - Modao Pra Churrasco/32 - Paula Fernandes, Almir Sater - Jeito De Mato.mp3",3a25871adc74a85ac841b83d0062592f9b21cb3a0e78d4854b9cc282aed97d99,IMPORT,preserved,,"00 - Modao Pra Churrasco/32 - Paula Fernandes, Almir Sater - Jeito De Mato.mp3","sem erro de leitura; metadata INFERRED; título HIGH; artista HIGH; sem cover; bitrate 128 kbps; sample rate 32000 Hz; desempate final por relative_path",128000,32000,false,INFERRED
00 - Modao Pra Churrasco/33 - Pescador E Catireiro.mp3,be073a7bcda113d03c384552b74a05a7d0cbb1305765de4c1ddccf8a8999dbce,IMPORT,preserved,,00 - Modao Pra Churrasco/33 - Pescador E Catireiro.mp3,"sem erro de leitura; metadata GOOD; título HIGH; artista HIGH; sem cover; bitrate 128 kbps; sample rate 44100 Hz; desempate final por relative_path",128000,44100,false,GOOD
00 - Modao Pra Churrasco/34 - No Rancho Fundo.mp3,55b4c36de667baa765371558a63b39b69e9675f1589db3fcff53d0245b85d4a9,IMPORT,exact_duplicate_representative,6,00 - Modao Pra Churrasco/34 - No Rancho Fundo.mp3,"sem erro de leitura; metadata GOOD; título HIGH; artista HIGH; sem cover; bitrate 173 kbps; sample rate 48000 Hz; desempate final por relative_path",173074,48000,false,GOOD
00 - Modao Pra Churrasco/35 - Desatino (Acústico).MP3,98288d87e11bd99d1bad6825e52be9eda6f9e6642702e6caf9e5033095b42a7a,IMPORT,preserved,,00 - Modao Pra Churrasco/35 - Desatino (Acústico).MP3,"sem erro de leitura; metadata GOOD; título HIGH; artista HIGH; sem cover; bitrate 192 kbps; sample rate 44100 Hz; desempate final por relative_path",192000,44100,false,GOOD
00 - Modao Pra Churrasco/36 - Heroi sem medalha.mp3,355b5f3c9d6401c3bb0d07aba9ad1f2f76d416cecf67539725f9b824c577fbef,IMPORT,preserved,,00 - Modao Pra Churrasco/36 - Heroi sem medalha.mp3,"sem erro de leitura; metadata GOOD; título HIGH; artista HIGH; sem cover; bitrate 128 kbps; sample rate 44100 Hz; desempate final por relative_path",128000,44100,false,GOOD
00 - Modao Pra Churrasco/37 - Travessia do Araguaia.mp3,9cb8827e0701f9f025a4a8beda372b7d5e83fbdc9a2f0a092244d84fb8be910f,IMPORT,preserved,,00 - Modao Pra Churrasco/37 - Travessia do Araguaia.mp3,"sem erro de leitura; metadata GOOD; título HIGH; artista HIGH; sem cover; bitrate 128 kbps; sample rate 44100 Hz; desempate final por relative_path",128000,44100,false,GOOD
00 - Modao Pra Churrasco/38 - Vou mandar o paulo atras.mp3,a268e157321fc49154cd3641f5f6700d1ed55b1fda5175803a51e181dde111aa,IMPORT,preserved,,00 - Modao Pra Churrasco/38 - Vou mandar o paulo atras.mp3,"sem erro de leitura; metadata GOOD; título HIGH; artista HIGH; sem cover; bitrate 128 kbps; sample rate 44100 Hz; desempate final por relative_path",128000,44100,false,GOOD
00 - Modao Pra Churrasco/39 - Amor de violeiro.mp3,1e12683c21b3091453a5c29523cb0a535064ba56694bb05d994006089f0fc972,IMPORT,preserved,,00 - Modao Pra Churrasco/39 - Amor de violeiro.mp3,"sem erro de leitura; metadata GOOD; título HIGH; artista HIGH; sem cover; bitrate 96 kbps; sample rate 32000 Hz; desempate final por relative_path",96000,32000,false,GOOD
"00 - Modao Pra Churrasco/40 - Hoje Eu Sei (Alexandre, Rick).mp3",d41443bc63ba4edae595d420c6e1d32b90ce3d26a1928f9d5f14a9e1f2065a1d,IMPORT,exact_duplicate_representative,7,"00 - Modao Pra Churrasco/40 - Hoje Eu Sei (Alexandre, Rick).mp3","sem erro de leitura; metadata GOOD; título HIGH; artista HIGH; cover presente; bitrate 128 kbps; sample rate 44100 Hz; desempate final por relative_path",128000,44100,true,GOOD
00 - Modao Pra Churrasco/41 - Dormi Na Praça.mp3,121071ad003ce7e1a7d3a815b8dc8c2ace9f0ca4a8ed0118708721d03a225f7e,IMPORT,preserved,,00 - Modao Pra Churrasco/41 - Dormi Na Praça.mp3,"sem erro de leitura; metadata NEEDS_REVIEW; título MEDIUM; artista LOW; cover presente; bitrate 128 kbps; sample rate 44100 Hz; desempate final por relative_path",128000,44100,true,NEEDS_REVIEW
00 - Modao Pra Churrasco/42 - Sou Eu.mp3,72d10259618cb574cfa5bb4704afc996b338612db2c539f32e5718adc29f1d27,IMPORT,exact_duplicate_representative,8,00 - Modao Pra Churrasco/42 - Sou Eu.mp3,"sem erro de leitura; metadata GOOD; título HIGH; artista HIGH; sem cover; bitrate 128 kbps; sample rate 44100 Hz; desempate final por relative_path",128000,44100,false,GOOD
00 - Modao Pra Churrasco/43 - A Vida de Pescador.mp3,53cf5376911583e93aa46048b80e6153d2344b7fab1a02a2551ffd91a6112054,IMPORT,preserved,,00 - Modao Pra Churrasco/43 - A Vida de Pescador.mp3,"sem erro de leitura; metadata GOOD; título HIGH; artista HIGH; sem cover; bitrate 128 kbps; sample rate 44100 Hz; desempate final por relative_path",128000,44100,false,GOOD
00 - Modao Pra Churrasco/44 - Cobra Venenosa.mp3,d94c00644d06bc01aed6f6d47accda54d50c98054eecc432dc17f409add44602,IMPORT,preserved,,00 - Modao Pra Churrasco/44 - Cobra Venenosa.mp3,"sem erro de leitura; metadata GOOD; título HIGH; artista HIGH; sem cover; bitrate 128 kbps; sample rate 44100 Hz; desempate final por relative_path",128000,44100,false,GOOD
00 - Modao Pra Churrasco/45 - PARAR DE BEBER PINGA NÓIS NÃO PARA.mp3,2f6e17c4b6cb31bd2b653a19fca2c6d98ce877a6a3c22af17b1a4d15b5e3485c,IMPORT,preserved,,00 - Modao Pra Churrasco/45 - PARAR DE BEBER PINGA NÓIS NÃO PARA.mp3,"sem erro de leitura; metadata NEEDS_REVIEW; título MEDIUM; artista LOW; sem cover; bitrate 128 kbps; sample rate 44100 Hz; desempate final por relative_path",128000,44100,false,NEEDS_REVIEW
00 - Modao Pra Churrasco/46 - Me engana que eu gosto.mp3,48c3825e8c4edb4e247ad25786b13dad270f932ab6d601eb1875ade22090abcd,IMPORT,preserved,,00 - Modao Pra Churrasco/46 - Me engana que eu gosto.mp3,"sem erro de leitura; metadata GOOD; título HIGH; artista HIGH; sem cover; bitrate 96 kbps; sample rate 32000 Hz; desempate final por relative_path",96000,32000,false,GOOD
00 - Modao Pra Churrasco/47 - Avenida Boiadeira.mp3,530a32a3e0efe94a03dee51e321568b616d38e6d75447f0c835d2ecf172d851c,IMPORT,preserved,,00 - Modao Pra Churrasco/47 - Avenida Boiadeira.mp3,"sem erro de leitura; metadata GOOD; título HIGH; artista HIGH; sem cover; bitrate 187 kbps; sample rate 44100 Hz; desempate final por relative_path",187437,44100,false,GOOD
"00 - Modao Pra Churrasco/48 - Estou Apaixonado (Estoy Enamorado) (Estefano, Donato).mp3",ab5cc85d93b25dabe838a50be80edcedeee6d544f12ad498dae68a3465b4cf77,IMPORT,preserved,,"00 - Modao Pra Churrasco/48 - Estou Apaixonado (Estoy Enamorado) (Estefano, Donato).mp3","sem erro de leitura; metadata GOOD; título HIGH; artista HIGH; cover presente; bitrate 128 kbps; sample rate 44100 Hz; desempate final por relative_path",128000,44100,true,GOOD
00 - Modao Pra Churrasco/49 - NÃO TENTE ME IMPEDIR.mp3,4c7ebaf5026b25cb3e848a0cbbc47d37788fa612aeece7ae7bb7dcf78082e096,IMPORT,preserved,,00 - Modao Pra Churrasco/49 - NÃO TENTE ME IMPEDIR.mp3,"sem erro de leitura; metadata GOOD; título HIGH; artista HIGH; sem cover; bitrate 64 kbps; sample rate 24000 Hz; desempate final por relative_path",64000,24000,false,GOOD
00 - Modao Pra Churrasco/50 - Porta Do Mundo.mp3,9f9c2f62354625b01feebfc59889752ab07aa02bf6171a41b904535c358d147a,IMPORT,preserved,,00 - Modao Pra Churrasco/50 - Porta Do Mundo.mp3,"sem erro de leitura; metadata GOOD; título HIGH; artista HIGH; sem cover; bitrate 189 kbps; sample rate 44100 Hz; desempate final por relative_path",189328,44100,false,GOOD
00 - Modao Pra Churrasco/51 - Castelo De Amor.mp3,b0753a51eeda5969e0ab52b68abc96383561c7850b77b811ce0ea5e4693b2be0,IMPORT,preserved,,00 - Modao Pra Churrasco/51 - Castelo De Amor.mp3,"sem erro de leitura; metadata GOOD; título HIGH; artista HIGH; sem cover; bitrate 320 kbps; sample rate 44100 Hz; desempate final por relative_path",320000,44100,false,GOOD
00 - Modao Pra Churrasco/52 - Trio Parada Dura - Aceita Que Dói Menos (Ao Vivo) ft. Marilia Mendonça.mp3,333f6018f4cc1e4ccdacbe22cb7c6e5fcd749089449f2b198771f4bcd7a0b349,IMPORT,preserved,,00 - Modao Pra Churrasco/52 - Trio Parada Dura - Aceita Que Dói Menos (Ao Vivo) ft. Marilia Mendonça.mp3,"sem erro de leitura; metadata GOOD; título HIGH; artista HIGH; cover presente; bitrate 135 kbps; sample rate 44100 Hz; desempate final por relative_path",134661,44100,true,GOOD
00 - Modao Pra Churrasco/53 - É o Amor.mp3,0757856dab0ec38e18b5d8856da7acf1baf275b2e01719bb73f6241ec3f7fc28,SKIP_LIKELY,likely_duplicate,27,00 - Modão de Buteco/41 a 60/45 - É o Amor.mp3,"sem erro de leitura; metadata GOOD; título HIGH; artista HIGH; sem cover; bitrate 128 kbps; sample rate 44100 Hz; desempate final por relative_path",64000,24000,false,GOOD
00 - Modao Pra Churrasco/54 - Escolta De Vagalumes.mp3,5d7e647dbadda4f4cbd0ecb1bb213b0e49bda552ab6fbfe2792f9d455ab7278d,IMPORT,preserved,,00 - Modao Pra Churrasco/54 - Escolta De Vagalumes.mp3,"sem erro de leitura; metadata GOOD; título HIGH; artista HIGH; sem cover; bitrate 112 kbps; sample rate 44100 Hz; desempate final por relative_path",112000,44100,false,GOOD
00 - Modao Pra Churrasco/55 - PODE IR EMBORA.mp3,0958b30907feefae0120f5d8404e5d360609988ced5ecfcb84212e16300946e4,IMPORT,preserved,,00 - Modao Pra Churrasco/55 - PODE IR EMBORA.mp3,"sem erro de leitura; metadata GOOD; título HIGH; artista HIGH; sem cover; bitrate 64 kbps; sample rate 24000 Hz; desempate final por relative_path",64000,24000,false,GOOD
00 - Modao Pra Churrasco/56 - Rio Negro & Solimões - A Gente Se Entrega.mp3,6f52b70b4fda65194b83a3d0edc35857ffc75365ff979da22556d0b2c80b480f,SKIP_LIKELY,likely_duplicate,31,00 - Modão de Buteco/61 a 87/71 - Rio Negro & Solimões - A Gente Se Entrega.mp3,"sem erro de leitura; metadata GOOD; título HIGH; artista HIGH; sem cover; bitrate 128 kbps; sample rate 44100 Hz; desempate final por relative_path",64000,24000,false,GOOD
00 - Modao Pra Churrasco/57 - Franguinho na Panela.mp3,0ea59cf59fe2436f1e83aeda84085f8defc9fdc3bc4141a91505249a2bf27954,IMPORT,preserved,,00 - Modao Pra Churrasco/57 - Franguinho na Panela.mp3,"sem erro de leitura; metadata GOOD; título HIGH; artista HIGH; cover presente; bitrate 128 kbps; sample rate 48000 Hz; desempate final por relative_path",128000,48000,true,GOOD
"00 - Modao Pra Churrasco/58 - Pot pourri-Bobeou a gente pimba,quebra topete,passa lá.mp3",b82d6268a35055aed16893c2f3d39bba33ebdb8c02a458660632e4ee6f567bcd,IMPORT,preserved,,"00 - Modao Pra Churrasco/58 - Pot pourri-Bobeou a gente pimba,quebra topete,passa lá.mp3","sem erro de leitura; metadata NEEDS_REVIEW; título HIGH; artista LOW; sem cover; bitrate 320 kbps; sample rate 44100 Hz; desempate final por relative_path",320000,44100,false,NEEDS_REVIEW
00 - Modao Pra Churrasco/59 - Joaquim & Manuel - 01 - Boate Azul.mp3,fc5e3b2706c57952c689af4fbd8d47ed6c08c9736ad1662705b022d1fbd74a69,IMPORT,preserved,,00 - Modao Pra Churrasco/59 - Joaquim & Manuel - 01 - Boate Azul.mp3,"sem erro de leitura; metadata GOOD; título HIGH; artista HIGH; sem cover; bitrate 192 kbps; sample rate 44100 Hz; desempate final por relative_path",192000,44100,false,GOOD
00 - Modao Pra Churrasco/60 - Juras De Amor.mp3,9757fb0390d71686e94f986123ecd01e792e4608dc6eff57b165171a1e4c27ce,IMPORT,preserved,,00 - Modao Pra Churrasco/60 - Juras De Amor.mp3,"sem erro de leitura; metadata INFERRED; título MEDIUM; artista HIGH; cover presente; bitrate 256 kbps; sample rate 44100 Hz; desempate final por relative_path",256000,44100,true,INFERRED
00 - Modao Pra Churrasco/61 - Filho Adotivo.mp3,cc42b0fef910a4ede569d3e76f714827ef7567e6b3f1bfb9bdb19322f08995ac,IMPORT,preserved,,00 - Modao Pra Churrasco/61 - Filho Adotivo.mp3,"sem erro de leitura; metadata GOOD; título HIGH; artista HIGH; sem cover; bitrate 112 kbps; sample rate 44100 Hz; desempate final por relative_path",112000,44100,false,GOOD
00 - Modao Pra Churrasco/62 - Menina Veneno.mp3,eb1fe0e3afacc16a1394d1e18d4d3c4da38aca301782647d58e2a196cc70a459,IMPORT,exact_duplicate_representative,10,00 - Modao Pra Churrasco/62 - Menina Veneno.mp3,"sem erro de leitura; metadata GOOD; título HIGH; artista HIGH; sem cover; bitrate 64 kbps; sample rate 24000 Hz; desempate final por relative_path",64000,24000,false,GOOD
00 - Modao Pra Churrasco/63 - Matogrosso  e Mathias part Gusttavo Lima - E aí.mp3,f7a73d8827cf19320a31efc42e12de683918e98fbfaad0bb437a56602d70bb48,IMPORT,preserved,,00 - Modao Pra Churrasco/63 - Matogrosso  e Mathias part Gusttavo Lima - E aí.mp3,"sem erro de leitura; metadata INFERRED; título HIGH; artista HIGH; sem cover; bitrate 128 kbps; sample rate 32000 Hz; desempate final por relative_path",128000,32000,false,INFERRED
00 - Modao Pra Churrasco/64 - Gilberto & Gilmar - Show 30 Anos De carreira - 08 Assino Com X.mp3,88f3f87ce396a32c9b3593180593c98f941c510aec17bf52b35ef4bc0ecd1898,IMPORT,exact_duplicate_representative,11,00 - Modao Pra Churrasco/64 - Gilberto & Gilmar - Show 30 Anos De carreira - 08 Assino Com X.mp3,"sem erro de leitura; metadata INFERRED; título HIGH; artista HIGH; sem cover; bitrate 128 kbps; sample rate 44100 Hz; desempate final por relative_path",128000,44100,false,INFERRED
00 - Modao Pra Churrasco/65 - Voce Me Vira a Cabeça.mp3,1d51e6f7fdcd62dcfeab29dacb29b4090c946314f4b9bd4162fc0547be0cb278,IMPORT,preserved,,00 - Modao Pra Churrasco/65 - Voce Me Vira a Cabeça.mp3,"sem erro de leitura; metadata INFERRED; título MEDIUM; artista HIGH; cover presente; bitrate 256 kbps; sample rate 44100 Hz; desempate final por relative_path",256000,44100,true,INFERRED
00 - Modao Pra Churrasco/66 - As Andorinhas.mp3,7a3e50bc76bf458bd5580182fc8bf2f792a1118585e38743fd2be96ed15b6f1f,IMPORT,preserved,,00 - Modao Pra Churrasco/66 - As Andorinhas.mp3,"sem erro de leitura; metadata NEEDS_REVIEW; título HIGH; artista LOW; sem cover; bitrate 320 kbps; sample rate 44100 Hz; desempate final por relative_path",320000,44100,false,NEEDS_REVIEW
00 - Modao Pra Churrasco/67 - No Dia Em Que Eu Sai De Casa.mp3,86d4304aaadf17134b8343c031628d013e38a69903d34d91f4f3a7bd73b3f521,SKIP_LIKELY,likely_duplicate,32,00 - Modão de Buteco/61 a 87/80 - No Dia Em Que Eu Sai De Casa.mp3,"sem erro de leitura; metadata GOOD; título HIGH; artista HIGH; sem cover; bitrate 128 kbps; sample rate 44100 Hz; desempate final por relative_path",64000,24000,false,GOOD
000 Top Sertanejo ⭐ Hits Sertanejos!/000 - Brenno & Matheus - Descer Pra BC.mp3,7f6c8d3af5708ac6ab1acc74896d83f85899706c3ef7dcbe79ea9fd1e8166024,IMPORT,preserved,,000 Top Sertanejo ⭐ Hits Sertanejos!/000 - Brenno & Matheus - Descer Pra BC.mp3,"sem erro de leitura; metadata GOOD; título HIGH; artista HIGH; cover presente; bitrate 128 kbps; sample rate 44100 Hz; desempate final por relative_path",128000,44100,true,GOOD
000 Top Sertanejo ⭐ Hits Sertanejos!/006 - Gusttavo Lima - Mala dos Porta-Mala (Ao Vivo).mp3,5e09884b5d7e09858c144729153ea450351c313132738e2eff463f607e91f196,IMPORT,preserved,,000 Top Sertanejo ⭐ Hits Sertanejos!/006 - Gusttavo Lima - Mala dos Porta-Mala (Ao Vivo).mp3,"sem erro de leitura; metadata GOOD; título HIGH; artista HIGH; cover presente; bitrate 128 kbps; sample rate 44100 Hz; desempate final por relative_path",128000,44100,true,GOOD
000 Top Sertanejo ⭐ Hits Sertanejos!/008 - Zé Neto & Cristiano - Foi Intenso (Ao Vivo).mp3,932eb4a0801d79a8d884f1c49b7eb5918cc15f86aa0d0d5b9612a31a0aeba4f8,IMPORT,preserved,,000 Top Sertanejo ⭐ Hits Sertanejos!/008 - Zé Neto & Cristiano - Foi Intenso (Ao Vivo).mp3,"sem erro de leitura; metadata GOOD; título HIGH; artista HIGH; cover presente; bitrate 128 kbps; sample rate 44100 Hz; desempate final por relative_path",128000,44100,true,GOOD
000 Top Sertanejo ⭐ Hits Sertanejos!/009 - Henrique Casttro - Experiência (Ao Vivo).mp3,53463c60273caa2a85b9f5c5e4c0037ab6eefa6e135903bfecb535c798bb4757,IMPORT,preserved,,000 Top Sertanejo ⭐ Hits Sertanejos!/009 - Henrique Casttro - Experiência (Ao Vivo).mp3,"sem erro de leitura; metadata GOOD; título HIGH; artista HIGH; cover presente; bitrate 128 kbps; sample rate 44100 Hz; desempate final por relative_path",128000,44100,true,GOOD
000 Top Sertanejo ⭐ Hits Sertanejos!/01 - Gusttavo Lima - Fala Comigo (Ao Vivo).mp3,870d84c94986e6b0d30d017386ab5def4e8327e3d10057c96c339c0d5dad72e6,IMPORT,preserved,,000 Top Sertanejo ⭐ Hits Sertanejos!/01 - Gusttavo Lima - Fala Comigo (Ao Vivo).mp3,"sem erro de leitura; metadata GOOD; título HIGH; artista HIGH; cover presente; bitrate 128 kbps; sample rate 44100 Hz; desempate final por relative_path",128000,44100,true,GOOD
000 Top Sertanejo ⭐ Hits Sertanejos!/010 - Luan Pereira - FALTA DE QUÊ_.mp3,1f75b0fcc85ac627a69961eb0a9fe25380af5879f94a0f2ae3123128e028e8b9,IMPORT,exact_duplicate_representative,13,000 Top Sertanejo ⭐ Hits Sertanejos!/010 - Luan Pereira - FALTA DE QUÊ_.mp3,"sem erro de leitura; metadata GOOD; título HIGH; artista HIGH; cover presente; bitrate 128 kbps; sample rate 44100 Hz; desempate final por relative_path",128000,44100,true,GOOD
000 Top Sertanejo ⭐ Hits Sertanejos!/011 - Gusttavo Lima - Canudinho (Ao Vivo).mp3,83459240972bb081cb3331a2d399416a362f509fc5bab1d9f6b7e819c7e4278e,IMPORT,preserved,,000 Top Sertanejo ⭐ Hits Sertanejos!/011 - Gusttavo Lima - Canudinho (Ao Vivo).mp3,"sem erro de leitura; metadata GOOD; título HIGH; artista HIGH; cover presente; bitrate 128 kbps; sample rate 44100 Hz; desempate final por relative_path",128000,44100,true,GOOD
000 Top Sertanejo ⭐ Hits Sertanejos!/012 - Luan Santana - PEGA ESCANDALOSO.mp3,c323719b9652c322bf8dfa7b846df2f772e1657188145694eaa305e523df80ee,IMPORT,preserved,,000 Top Sertanejo ⭐ Hits Sertanejos!/012 - Luan Santana - PEGA ESCANDALOSO.mp3,"sem erro de leitura; metadata GOOD; título HIGH; artista HIGH; cover presente; bitrate 128 kbps; sample rate 44100 Hz; desempate final por relative_path",128000,44100,true,GOOD
000 Top Sertanejo ⭐ Hits Sertanejos!/013 - Diego & Victor Hugo - Vestido Curto (Ao Vivo).mp3,4e422d57b3c6e11380937dc956890a1b3b15ce8786a6448aa8ed7c40114e4555,IMPORT,preserved,,000 Top Sertanejo ⭐ Hits Sertanejos!/013 - Diego & Victor Hugo - Vestido Curto (Ao Vivo).mp3,"sem erro de leitura; metadata GOOD; título HIGH; artista HIGH; cover presente; bitrate 128 kbps; sample rate 44100 Hz; desempate final por relative_path",128000,44100,true,GOOD
000 Top Sertanejo ⭐ Hits Sertanejos!/014 - Guilherme & Benuto - Manda um Oi (Ao Vivo).mp3,8acef5d59c6ca636d9c1a2a5fdb7fa9777f9e26c6b7d3a5bbeb33f6847576eee,SKIP_EXACT,exact_duplicate,1,0 - Top 50 Sertanejo/03 - Guilherme & Benuto - Manda um Oi (Ao Vivo).mp3,"sem erro de leitura; metadata GOOD; título HIGH; artista HIGH; cover presente; bitrate 128 kbps; sample rate 44100 Hz; desempate final por relative_path",128000,44100,true,GOOD
000 Top Sertanejo ⭐ Hits Sertanejos!/015 - Paulo e Nathan - Ciumentalmente (Ao Vivo).mp3,cb6a3e3f3f1b7f8f5e791d9763d9cd4a104f11de662f6d97a6a3be3add0d0d5f,IMPORT,preserved,,000 Top Sertanejo ⭐ Hits Sertanejos!/015 - Paulo e Nathan - Ciumentalmente (Ao Vivo).mp3,"sem erro de leitura; metadata GOOD; título HIGH; artista HIGH; cover presente; bitrate 128 kbps; sample rate 44100 Hz; desempate final por relative_path",128000,44100,true,GOOD
000 Top Sertanejo ⭐ Hits Sertanejos!/016 - Gusttavo Lima - Cep Novo (Ao Vivo).mp3,7cd75a8ff354319b91a077ad88364b03fbb4f506702cd2f2d5c13b66f61f19d7,IMPORT,preserved,,000 Top Sertanejo ⭐ Hits Sertanejos!/016 - Gusttavo Lima - Cep Novo (Ao Vivo).mp3,"sem erro de leitura; metadata GOOD; título HIGH; artista HIGH; cover presente; bitrate 128 kbps; sample rate 44100 Hz; desempate final por relative_path",128000,44100,true,GOOD
000 Top Sertanejo ⭐ Hits Sertanejos!/017 - Luan Santana - AMBIENTE ERRADO (Ao Vivo).mp3,73e7b02a0cd39ba1bab94c6ed74f2daa4ee76d6484fcdf14c15db4271f49510e,IMPORT,preserved,,000 Top Sertanejo ⭐ Hits Sertanejos!/017 - Luan Santana - AMBIENTE ERRADO (Ao Vivo).mp3,"sem erro de leitura; metadata GOOD; título HIGH; artista HIGH; cover presente; bitrate 128 kbps; sample rate 44100 Hz; desempate final por relative_path",128000,44100,true,GOOD
000 Top Sertanejo ⭐ Hits Sertanejos!/018 - Guilherme & Benuto - Duas Três.mp3,96ed767fb1406f236487692146487b1eb5f5c773458fcf845ca50685b7c8d738,IMPORT,preserved,,000 Top Sertanejo ⭐ Hits Sertanejos!/018 - Guilherme & Benuto - Duas Três.mp3,"sem erro de leitura; metadata GOOD; título HIGH; artista HIGH; cover presente; bitrate 128 kbps; sample rate 44100 Hz; desempate final por relative_path",128000,44100,true,GOOD
000 Top Sertanejo ⭐ Hits Sertanejos!/019 - Fiorella - Namorando Sem Namorar.mp3,ae8015a66bfc8f30ea53944fdb8f10733bc1ed74cd0ae20b78e1ee95f7ed4c0f,IMPORT,preserved,,000 Top Sertanejo ⭐ Hits Sertanejos!/019 - Fiorella - Namorando Sem Namorar.mp3,"sem erro de leitura; metadata GOOD; título HIGH; artista HIGH; cover presente; bitrate 128 kbps; sample rate 44100 Hz; desempate final por relative_path",128000,44100,true,GOOD
000 Top Sertanejo ⭐ Hits Sertanejos!/02 - Israel & Rodolffo - Batom de Cereja (Ao Vivo).mp3,f300c76f2367739494cb36436bf9a31e00c1ed5b0f2d0e6516c623c07c13226c,IMPORT,preserved,,000 Top Sertanejo ⭐ Hits Sertanejos!/02 - Israel & Rodolffo - Batom de Cereja (Ao Vivo).mp3,"sem erro de leitura; metadata GOOD; título HIGH; artista HIGH; cover presente; bitrate 128 kbps; sample rate 44100 Hz; desempate final por relative_path",128000,44100,true,GOOD
000 Top Sertanejo ⭐ Hits Sertanejos!/020 - Jorge & Mateus - Haverá Sinais (Ao Vivo).mp3,9a51911df6bb9c7e5b79f8da579a46807fdff09cd0ec7a324a7188d970ef6dd1,IMPORT,preserved,,000 Top Sertanejo ⭐ Hits Sertanejos!/020 - Jorge & Mateus - Haverá Sinais (Ao Vivo).mp3,"sem erro de leitura; metadata GOOD; título HIGH; artista HIGH; cover presente; bitrate 128 kbps; sample rate 44100 Hz; desempate final por relative_path",128000,44100,true,GOOD
000 Top Sertanejo ⭐ Hits Sertanejos!/021 - Gusttavo Lima - Torce o Olho (Ao Vivo).mp3,e5d5c1daadcc151ee8cf54233eeef638abda29b2c6d02255b62bdc2d37e862df,IMPORT,preserved,,000 Top Sertanejo ⭐ Hits Sertanejos!/021 - Gusttavo Lima - Torce o Olho (Ao Vivo).mp3,"sem erro de leitura; metadata GOOD; título HIGH; artista HIGH; cover presente; bitrate 128 kbps; sample rate 44100 Hz; desempate final por relative_path",128000,44100,true,GOOD
000 Top Sertanejo ⭐ Hits Sertanejos!/023 - Guilherme & Benuto - Deixaria Tudo (Dejaria Todo) _ Programa de Fim de Semana _ Ela é Demais (Ao Vivo).mp3,c2b641f7871554f21e15f69ea2f7e7622cd46721ef338f5f69d7b5893c4ded51,IMPORT,preserved,,000 Top Sertanejo ⭐ Hits Sertanejos!/023 - Guilherme & Benuto - Deixaria Tudo (Dejaria Todo) _ Programa de Fim de Semana _ Ela é Demais (Ao Vivo).mp3,"sem erro de leitura; metadata GOOD; título HIGH; artista HIGH; cover presente; bitrate 128 kbps; sample rate 44100 Hz; desempate final por relative_path",128000,44100,true,GOOD
000 Top Sertanejo ⭐ Hits Sertanejos!/024 - Luan Santana - DEJA VU.mp3,efb7491667d3d8b939a524b3c3003edc80c57d36a73b6c00c135be0c767cc59c,IMPORT,preserved,,000 Top Sertanejo ⭐ Hits Sertanejos!/024 - Luan Santana - DEJA VU.mp3,"sem erro de leitura; metadata GOOD; título HIGH; artista HIGH; cover presente; bitrate 128 kbps; sample rate 44100 Hz; desempate final por relative_path",128000,44100,true,GOOD
000 Top Sertanejo ⭐ Hits Sertanejos!/025 - Matheus Fernandes - Triplex (Ao Vivo).mp3,5b9b8c8b981e6d9a1413094da333f524413ae58cc7f7e9f9c0791cf465f7859d,IMPORT,preserved,,000 Top Sertanejo ⭐ Hits Sertanejos!/025 - Matheus Fernandes - Triplex (Ao Vivo).mp3,"sem erro de leitura; metadata GOOD; título HIGH; artista HIGH; cover presente; bitrate 128 kbps; sample rate 44100 Hz; desempate final por relative_path",128000,44100,true,GOOD
000 Top Sertanejo ⭐ Hits Sertanejos!/026 - Gusttavo Lima - Lado Emocional (Ao Vivo).mp3,7c6bd3a26ea1b75bfa81e34a3bc6355b86c765fa135b7899a3a3d20383493cea,IMPORT,preserved,,000 Top Sertanejo ⭐ Hits Sertanejos!/026 - Gusttavo Lima - Lado Emocional (Ao Vivo).mp3,"sem erro de leitura; metadata GOOD; título HIGH; artista HIGH; cover presente; bitrate 128 kbps; sample rate 44100 Hz; desempate final por relative_path",128000,44100,true,GOOD
000 Top Sertanejo ⭐ Hits Sertanejos!/027 - Guilherme & Benuto - Vagabundo Chora (Ao Vivo).mp3,dca38192e471287cd8bc7e68411b864b1010fb99b6f3f3e27142b69f050e393c,IMPORT,preserved,,000 Top Sertanejo ⭐ Hits Sertanejos!/027 - Guilherme & Benuto - Vagabundo Chora (Ao Vivo).mp3,"sem erro de leitura; metadata GOOD; título HIGH; artista HIGH; cover presente; bitrate 128 kbps; sample rate 44100 Hz; desempate final por relative_path",128000,44100,true,GOOD
000 Top Sertanejo ⭐ Hits Sertanejos!/028 - Zé Vaqueiro - Baby (Ao Vivo).mp3,44e9d9af6b50b1adb6c46ee13f7ba7a4dad370db68b6bf037a8dd4f7c718119e,IMPORT,preserved,,000 Top Sertanejo ⭐ Hits Sertanejos!/028 - Zé Vaqueiro - Baby (Ao Vivo).mp3,"sem erro de leitura; metadata GOOD; título HIGH; artista HIGH; cover presente; bitrate 128 kbps; sample rate 44100 Hz; desempate final por relative_path",128000,44100,true,GOOD
000 Top Sertanejo ⭐ Hits Sertanejos!/029 - DENNIS - RAM TCHUM.mp3,6a3e48342c1fa140249b78834d170923d5cc7498d183e55fd7a44c02bd4c4669,IMPORT,preserved,,000 Top Sertanejo ⭐ Hits Sertanejos!/029 - DENNIS - RAM TCHUM.mp3,"sem erro de leitura; metadata GOOD; título HIGH; artista HIGH; cover presente; bitrate 128 kbps; sample rate 44100 Hz; desempate final por relative_path",128000,44100,true,GOOD
000 Top Sertanejo ⭐ Hits Sertanejos!/03 - Diego & Victor Hugo - Facas (Ao Vivo).mp3,50272816c66b639aee9d0a8287cfdb21968f312751eb5b03396ab66aba81afde,IMPORT,preserved,,000 Top Sertanejo ⭐ Hits Sertanejos!/03 - Diego & Victor Hugo - Facas (Ao Vivo).mp3,"sem erro de leitura; metadata GOOD; título HIGH; artista HIGH; cover presente; bitrate 128 kbps; sample rate 44100 Hz; desempate final por relative_path",128000,44100,true,GOOD
000 Top Sertanejo ⭐ Hits Sertanejos!/030 - Gusttavo Lima - Saudade da Minha Vida (Ao Vivo).mp3,26ca6338dd5038798692d1d4b022bb9cf20a1415bd1ce315f9efb88ead4bed01,IMPORT,preserved,,000 Top Sertanejo ⭐ Hits Sertanejos!/030 - Gusttavo Lima - Saudade da Minha Vida (Ao Vivo).mp3,"sem erro de leitura; metadata GOOD; título HIGH; artista HIGH; cover presente; bitrate 128 kbps; sample rate 44100 Hz; desempate final por relative_path",128000,44100,true,GOOD
000 Top Sertanejo ⭐ Hits Sertanejos!/031 - Diego & Victor Hugo - Pirulito Vermelho.mp3,41189596bde84d0de4f6d4b3438db4a4b4b51d7f333d6bd9148fdc8610440300,IMPORT,preserved,,000 Top Sertanejo ⭐ Hits Sertanejos!/031 - Diego & Victor Hugo - Pirulito Vermelho.mp3,"sem erro de leitura; metadata GOOD; título HIGH; artista HIGH; cover presente; bitrate 128 kbps; sample rate 44100 Hz; desempate final por relative_path",128000,44100,true,GOOD
000 Top Sertanejo ⭐ Hits Sertanejos!/032 - Guilherme & Benuto - Assunto Delicado (Ao Vivo).mp3,d85425c59bcf8b855734bec6ba0b154b64f5d8f65acc6798724532d47101462e,IMPORT,preserved,,000 Top Sertanejo ⭐ Hits Sertanejos!/032 - Guilherme & Benuto - Assunto Delicado (Ao Vivo).mp3,"sem erro de leitura; metadata GOOD; título HIGH; artista HIGH; cover presente; bitrate 128 kbps; sample rate 44100 Hz; desempate final por relative_path",128000,44100,true,GOOD
000 Top Sertanejo ⭐ Hits Sertanejos!/033 - Ana Castela - Minha Herança.mp3,69a87310ec8158d1e72ae8dbe29498ef41e8c75465c21d9b8dd760ad6608d36a,IMPORT,preserved,,000 Top Sertanejo ⭐ Hits Sertanejos!/033 - Ana Castela - Minha Herança.mp3,"sem erro de leitura; metadata GOOD; título HIGH; artista HIGH; cover presente; bitrate 128 kbps; sample rate 44100 Hz; desempate final por relative_path",128000,44100,true,GOOD
000 Top Sertanejo ⭐ Hits Sertanejos!/034 - Luan Santana - MEIO TERMO (Ao Vivo).mp3,057875bf49776d02841412eeeac5b2f2b1e7fb3b055d5af0f64b31b3b7824510,IMPORT,likely_duplicate_representative,16,000 Top Sertanejo ⭐ Hits Sertanejos!/034 - Luan Santana - MEIO TERMO (Ao Vivo).mp3,"sem erro de leitura; metadata GOOD; título HIGH; artista HIGH; cover presente; bitrate 128 kbps; sample rate 44100 Hz; desempate final por relative_path",128000,44100,true,GOOD
000 Top Sertanejo ⭐ Hits Sertanejos!/035 - Gusttavo Lima - Desejo Imortal (It Must Have Been Love) (Ao Vivo).mp3,fee1bcb4036816f2d5ff6f8cfae4be4d4d1be0861d1c3643ba68073e1521da20,IMPORT,preserved,,000 Top Sertanejo ⭐ Hits Sertanejos!/035 - Gusttavo Lima - Desejo Imortal (It Must Have Been Love) (Ao Vivo).mp3,"sem erro de leitura; metadata GOOD; título HIGH; artista HIGH; cover presente; bitrate 128 kbps; sample rate 44100 Hz; desempate final por relative_path",128000,44100,true,GOOD
000 Top Sertanejo ⭐ Hits Sertanejos!/036 - Mariana & Mateus - Desculpinha Vagabunda (Ao Vivo).mp3,d0763aa4cf89828d684a0fd2e2b4f209ea55f911a4009bf42f0d12d620fe61d4,IMPORT,preserved,,000 Top Sertanejo ⭐ Hits Sertanejos!/036 - Mariana & Mateus - Desculpinha Vagabunda (Ao Vivo).mp3,"sem erro de leitura; metadata GOOD; título HIGH; artista HIGH; cover presente; bitrate 128 kbps; sample rate 44100 Hz; desempate final por relative_path",128000,44100,true,GOOD
000 Top Sertanejo ⭐ Hits Sertanejos!/037 - Guilherme & Benuto - Poeirão (Ao Vivo).mp3,4b79bb180b0a7a39ea51a17c4a8041ba1204b3fb47d2b83e5c5568cf98dde782,IMPORT,preserved,,000 Top Sertanejo ⭐ Hits Sertanejos!/037 - Guilherme & Benuto - Poeirão (Ao Vivo).mp3,"sem erro de leitura; metadata GOOD; título HIGH; artista HIGH; cover presente; bitrate 128 kbps; sample rate 44100 Hz; desempate final por relative_path",128000,44100,true,GOOD
000 Top Sertanejo ⭐ Hits Sertanejos!/038 - Diego & Victor Hugo - Facas (Ao Vivo).mp3,0bb39e6c8569fffc2a4c931bd7b82d1449a9f6c82e9f51aff51ed569a22cb851,IMPORT,likely_duplicate_representative,35,000 Top Sertanejo ⭐ Hits Sertanejos!/038 - Diego & Victor Hugo - Facas (Ao Vivo).mp3,"sem erro de leitura; metadata GOOD; título HIGH; artista HIGH; cover presente; bitrate 128 kbps; sample rate 44100 Hz; desempate final por relative_path",128000,44100,true,GOOD
000 Top Sertanejo ⭐ Hits Sertanejos!/039 - Gusttavo Lima - Não Posso Falar (Ao Vivo).mp3,f5d965545e50c2d23a82a6b746e79e0bf08cd3fbafdb3c3d888bcf76fb47c18b,IMPORT,preserved,,000 Top Sertanejo ⭐ Hits Sertanejos!/039 - Gusttavo Lima - Não Posso Falar (Ao Vivo).mp3,"sem erro de leitura; metadata GOOD; título HIGH; artista HIGH; cover presente; bitrate 128 kbps; sample rate 44100 Hz; desempate final por relative_path",128000,44100,true,GOOD
000 Top Sertanejo ⭐ Hits Sertanejos!/04 - Henrique & Juliano - Briga Feia (Ao Vivo).mp3,3fd8a703c2c79e0904725afb272c2975e56e33684693117059e2208568064310,IMPORT,preserved,,000 Top Sertanejo ⭐ Hits Sertanejos!/04 - Henrique & Juliano - Briga Feia (Ao Vivo).mp3,"sem erro de leitura; metadata GOOD; título HIGH; artista HIGH; cover presente; bitrate 128 kbps; sample rate 44100 Hz; desempate final por relative_path",128000,44100,true,GOOD
000 Top Sertanejo ⭐ Hits Sertanejos!/040 - Luan Santana - ABALO EMOCIONAL (Ao Vivo).mp3,3f2faf8920dc83a733caa325cf1ee12c0a4367d8681712c0c292b9db7df0dbd7,IMPORT,preserved,,000 Top Sertanejo ⭐ Hits Sertanejos!/040 - Luan Santana - ABALO EMOCIONAL (Ao Vivo).mp3,"sem erro de leitura; metadata GOOD; título HIGH; artista HIGH; cover presente; bitrate 128 kbps; sample rate 44100 Hz; desempate final por relative_path",128000,44100,true,GOOD
000 Top Sertanejo ⭐ Hits Sertanejos!/041 - Zé Vaqueiro - Maravilhosa (Ao Vivo).mp3,0f475d9dbe911b9fa2cf2ccae95007498c45919bdd503417dac11a7f09d92950,IMPORT,preserved,,000 Top Sertanejo ⭐ Hits Sertanejos!/041 - Zé Vaqueiro - Maravilhosa (Ao Vivo).mp3,"sem erro de leitura; metadata GOOD; título HIGH; artista HIGH; cover presente; bitrate 128 kbps; sample rate 44100 Hz; desempate final por relative_path",128000,44100,true,GOOD
000 Top Sertanejo ⭐ Hits Sertanejos!/042 - Simone Mendes - Dois Tristes (Ao Vivo).mp3,4182e3d8098d345e0c50fc7703a19c73a0cc40aabc5572aa493b2d5cab58858f,IMPORT,preserved,,000 Top Sertanejo ⭐ Hits Sertanejos!/042 - Simone Mendes - Dois Tristes (Ao Vivo).mp3,"sem erro de leitura; metadata GOOD; título HIGH; artista HIGH; cover presente; bitrate 128 kbps; sample rate 44100 Hz; desempate final por relative_path",128000,44100,true,GOOD
000 Top Sertanejo ⭐ Hits Sertanejos!/043 - Gusttavo Lima - Oi Vida (Ao Vivo).mp3,78d202100e4ab6e62538956596e380a3915bf96bb9150c58395bd09bf30d57b6,IMPORT,preserved,,000 Top Sertanejo ⭐ Hits Sertanejos!/043 - Gusttavo Lima - Oi Vida (Ao Vivo).mp3,"sem erro de leitura; metadata GOOD; título HIGH; artista HIGH; cover presente; bitrate 128 kbps; sample rate 44100 Hz; desempate final por relative_path",128000,44100,true,GOOD
000 Top Sertanejo ⭐ Hits Sertanejos!/044 - Mari Fernandez - Comunicação Falhou (Ao Vivo).mp3,19794ad85a5c02fc71828589cc3676e546140e6cf70e2da7edb7dbb3f1ae09d0,IMPORT,preserved,,000 Top Sertanejo ⭐ Hits Sertanejos!/044 - Mari Fernandez - Comunicação Falhou (Ao Vivo).mp3,"sem erro de leitura; metadata GOOD; título HIGH; artista HIGH; cover presente; bitrate 128 kbps; sample rate 44100 Hz; desempate final por relative_path",128000,44100,true,GOOD
000 Top Sertanejo ⭐ Hits Sertanejos!/045 - Luan Santana - CORAÇÃO CIGANO (Ao Vivo).mp3,221ae107858c4e1f0508fcf2edc82f152d1ca009067b954f3eed68e8ea2b1082,IMPORT,preserved,,000 Top Sertanejo ⭐ Hits Sertanejos!/045 - Luan Santana - CORAÇÃO CIGANO (Ao Vivo).mp3,"sem erro de leitura; metadata GOOD; título HIGH; artista HIGH; cover presente; bitrate 128 kbps; sample rate 44100 Hz; desempate final por relative_path",128000,44100,true,GOOD
000 Top Sertanejo ⭐ Hits Sertanejos!/046 - Guilherme & Benuto - Haja Colírio (feat. Hugo & Guilherme) (Ao Vivo).mp3,1a3b06324b801ca4f94422281ec82a8feb4394f5767860a964904908785dde2b,IMPORT,preserved,,000 Top Sertanejo ⭐ Hits Sertanejos!/046 - Guilherme & Benuto - Haja Colírio (feat. Hugo & Guilherme) (Ao Vivo).mp3,"sem erro de leitura; metadata GOOD; título HIGH; artista HIGH; cover presente; bitrate 128 kbps; sample rate 44100 Hz; desempate final por relative_path",128000,44100,true,GOOD
000 Top Sertanejo ⭐ Hits Sertanejos!/047 - Gusttavo Lima - Termina Comigo Antes.mp3,c518a2529d7663ee7aa33e96502652d6ee5b0641138b24325f263758c6a2960c,IMPORT,preserved,,000 Top Sertanejo ⭐ Hits Sertanejos!/047 - Gusttavo Lima - Termina Comigo Antes.mp3,"sem erro de leitura; metadata GOOD; título HIGH; artista HIGH; cover presente; bitrate 128 kbps; sample rate 44100 Hz; desempate final por relative_path",128000,44100,true,GOOD
000 Top Sertanejo ⭐ Hits Sertanejos!/048 - Zé Neto & Cristiano - Melação (Ao Vivo).mp3,4a358cf904cd1f74e5f4e36756282209fc099dffaccf7a6c8516a4fc01112ac6,IMPORT,likely_duplicate_representative,36,000 Top Sertanejo ⭐ Hits Sertanejos!/048 - Zé Neto & Cristiano - Melação (Ao Vivo).mp3,"sem erro de leitura; metadata GOOD; título HIGH; artista HIGH; cover presente; bitrate 128 kbps; sample rate 44100 Hz; desempate final por relative_path",128000,44100,true,GOOD
000 Top Sertanejo ⭐ Hits Sertanejos!/05 - Zé Neto & Cristiano - Alô Ambev (Segue Sua Vida) (Ao Vivo).mp3,09f138aa3f92696ed0bb45f14ea0e61f76bdcd31e3a54c5a619c5d746d0fcb61,IMPORT,preserved,,000 Top Sertanejo ⭐ Hits Sertanejos!/05 - Zé Neto & Cristiano - Alô Ambev (Segue Sua Vida) (Ao Vivo).mp3,"sem erro de leitura; metadata GOOD; título HIGH; artista HIGH; cover presente; bitrate 128 kbps; sample rate 44100 Hz; desempate final por relative_path",128000,44100,true,GOOD
000 Top Sertanejo ⭐ Hits Sertanejos!/051 - Gusttavo Lima - Compensa (Ao Vivo).mp3,e573366b18e7c3d7592cdffc6157b0f2c7094aaae308c7e2360a13e00a49466d,IMPORT,preserved,,000 Top Sertanejo ⭐ Hits Sertanejos!/051 - Gusttavo Lima - Compensa (Ao Vivo).mp3,"sem erro de leitura; metadata GOOD; título HIGH; artista HIGH; cover presente; bitrate 128 kbps; sample rate 44100 Hz; desempate final por relative_path",128000,44100,true,GOOD
000 Top Sertanejo ⭐ Hits Sertanejos!/052 - Paulo e Nathan - Acabei de Terminar (Ao Vivo).mp3,5136ae65bf7495dcaceb49d87e8e569f62c46b2e62e180bfd9223b977895f445,IMPORT,preserved,,000 Top Sertanejo ⭐ Hits Sertanejos!/052 - Paulo e Nathan - Acabei de Terminar (Ao Vivo).mp3,"sem erro de leitura; metadata GOOD; título HIGH; artista HIGH; cover presente; bitrate 128 kbps; sample rate 44100 Hz; desempate final por relative_path",128000,44100,true,GOOD
000 Top Sertanejo ⭐ Hits Sertanejos!/053 - Luan Santana - SOLTEIROU (Ao Vivo).mp3,b44fd80096ab97b0814c6a5f544e337916acce61a3e66166831de76bd32124b3,IMPORT,preserved,,000 Top Sertanejo ⭐ Hits Sertanejos!/053 - Luan Santana - SOLTEIROU (Ao Vivo).mp3,"sem erro de leitura; metadata GOOD; título HIGH; artista HIGH; cover presente; bitrate 128 kbps; sample rate 44100 Hz; desempate final por relative_path",128000,44100,true,GOOD
000 Top Sertanejo ⭐ Hits Sertanejos!/054 - Guilherme & Benuto - Corpo Sexy (Ao Vivo).mp3,b0cd94fdb52cf1fbba888e721a49994c15573f19a32e554cf7c8862acdaee3ff,IMPORT,preserved,,000 Top Sertanejo ⭐ Hits Sertanejos!/054 - Guilherme & Benuto - Corpo Sexy (Ao Vivo).mp3,"sem erro de leitura; metadata GOOD; título HIGH; artista HIGH; cover presente; bitrate 128 kbps; sample rate 44100 Hz; desempate final por relative_path",128000,44100,true,GOOD
000 Top Sertanejo ⭐ Hits Sertanejos!/055 - Gusttavo Lima - Relação Errada (Ao Vivo).mp3,2ae75c9504d6f1850004831114c0b56383d6d9d0d674be7dac81757b4a3c88c3,IMPORT,preserved,,000 Top Sertanejo ⭐ Hits Sertanejos!/055 - Gusttavo Lima - Relação Errada (Ao Vivo).mp3,"sem erro de leitura; metadata GOOD; título HIGH; artista HIGH; cover presente; bitrate 128 kbps; sample rate 44100 Hz; desempate final por relative_path",128000,44100,true,GOOD
000 Top Sertanejo ⭐ Hits Sertanejos!/056 - Diego & Victor Hugo - Calafrio (feat. Henrique & Juliano) (Ao Vivo _ Bônus Track).mp3,caceb5cef10173b6ebe4a6009a0a8a75fd1dca5883b3a49359a8a5d076b13d71,IMPORT,preserved,,000 Top Sertanejo ⭐ Hits Sertanejos!/056 - Diego & Victor Hugo - Calafrio (feat. Henrique & Juliano) (Ao Vivo _ Bônus Track).mp3,"sem erro de leitura; metadata GOOD; título HIGH; artista HIGH; cover presente; bitrate 128 kbps; sample rate 44100 Hz; desempate final por relative_path",128000,44100,true,GOOD
000 Top Sertanejo ⭐ Hits Sertanejos!/057 - Murilo Huff - Me Caiu Tão Bem (Ao Vivo) (Ao Vivo).mp3,19231460463ab04bf37b2bfa722f288b574f87d187c90dc3e3017aeab77ea34f,IMPORT,preserved,,000 Top Sertanejo ⭐ Hits Sertanejos!/057 - Murilo Huff - Me Caiu Tão Bem (Ao Vivo) (Ao Vivo).mp3,"sem erro de leitura; metadata GOOD; título HIGH; artista HIGH; cover presente; bitrate 128 kbps; sample rate 44100 Hz; desempate final por relative_path",128000,44100,true,GOOD
000 Top Sertanejo ⭐ Hits Sertanejos!/058 - DENNIS - F1000.mp3,8c55fec5da67c35ae7046f7fa505881584f1ddfb95f8f721c2899bb73dc18bb5,IMPORT,preserved,,000 Top Sertanejo ⭐ Hits Sertanejos!/058 - DENNIS - F1000.mp3,"sem erro de leitura; metadata GOOD; título HIGH; artista HIGH; cover presente; bitrate 128 kbps; sample rate 44100 Hz; desempate final por relative_path",128000,44100,true,GOOD
000 Top Sertanejo ⭐ Hits Sertanejos!/059 - Gusttavo Lima - Bloqueado (Ao Vivo).mp3,d8d134eda5b44f77ebeabd755d785b809932c822562a4775e4be3977ff675ade,IMPORT,preserved,,000 Top Sertanejo ⭐ Hits Sertanejos!/059 - Gusttavo Lima - Bloqueado (Ao Vivo).mp3,"sem erro de leitura; metadata GOOD; título HIGH; artista HIGH; cover presente; bitrate 128 kbps; sample rate 44100 Hz; desempate final por relative_path",128000,44100,true,GOOD
000 Top Sertanejo ⭐ Hits Sertanejos!/06 - Bruno & Marrone - Último Beijo.mp3,124d940e6a49825a2a83a740fe908b77a041734e0debf676c400c262b5ad636c,IMPORT,preserved,,000 Top Sertanejo ⭐ Hits Sertanejos!/06 - Bruno & Marrone - Último Beijo.mp3,"sem erro de leitura; metadata GOOD; título HIGH; artista HIGH; cover presente; bitrate 128 kbps; sample rate 44100 Hz; desempate final por relative_path",128000,44100,true,GOOD
000 Top Sertanejo ⭐ Hits Sertanejos!/060 - Guilherme & Benuto - De Eu Pra Eu (Ao Vivo).mp3,2e0c49e58ba69a647320124182915cc8a60d499baf71015762cd8713842102c0,IMPORT,preserved,,000 Top Sertanejo ⭐ Hits Sertanejos!/060 - Guilherme & Benuto - De Eu Pra Eu (Ao Vivo).mp3,"sem erro de leitura; metadata GOOD; título HIGH; artista HIGH; cover presente; bitrate 128 kbps; sample rate 44100 Hz; desempate final por relative_path",128000,44100,true,GOOD
000 Top Sertanejo ⭐ Hits Sertanejos!/061 - Luan Santana - MULHER SEGURA (Ao Vivo).mp3,e6d2cddd293c46f15f59a075bc13596ace072c4f95fb0d0794493e0c0614f857,IMPORT,preserved,,000 Top Sertanejo ⭐ Hits Sertanejos!/061 - Luan Santana - MULHER SEGURA (Ao Vivo).mp3,"sem erro de leitura; metadata GOOD; título HIGH; artista HIGH; cover presente; bitrate 128 kbps; sample rate 44100 Hz; desempate final por relative_path",128000,44100,true,GOOD
000 Top Sertanejo ⭐ Hits Sertanejos!/062 - Hugo & Guilherme - Morena De Goiânia (Ao Vivo).mp3,dc822b7a8f3f572660f4c9f69dc10d4da62974c4e25e48f88c8e9b6863201b33,IMPORT,preserved,,000 Top Sertanejo ⭐ Hits Sertanejos!/062 - Hugo & Guilherme - Morena De Goiânia (Ao Vivo).mp3,"sem erro de leitura; metadata GOOD; título HIGH; artista HIGH; cover presente; bitrate 128 kbps; sample rate 44100 Hz; desempate final por relative_path",128000,44100,true,GOOD
000 Top Sertanejo ⭐ Hits Sertanejos!/063 - Gusttavo Lima - 30 Cadeados (Ao Vivo).mp3,5ee3523f7d9b12c183f93bee70569f11af6a76a1ec7183093f568eb69e0914c2,IMPORT,preserved,,000 Top Sertanejo ⭐ Hits Sertanejos!/063 - Gusttavo Lima - 30 Cadeados (Ao Vivo).mp3,"sem erro de leitura; metadata GOOD; título HIGH; artista HIGH; cover presente; bitrate 128 kbps; sample rate 44100 Hz; desempate final por relative_path",128000,44100,true,GOOD
000 Top Sertanejo ⭐ Hits Sertanejos!/064 - Avine Vinny - Anota Aí (Ao Vivo).mp3,839a9c7c58fc66cda45a15f14f23f200a6742dfaed030745100caca72a300e85,IMPORT,preserved,,000 Top Sertanejo ⭐ Hits Sertanejos!/064 - Avine Vinny - Anota Aí (Ao Vivo).mp3,"sem erro de leitura; metadata GOOD; título HIGH; artista HIGH; cover presente; bitrate 128 kbps; sample rate 44100 Hz; desempate final por relative_path",128000,44100,true,GOOD
000 Top Sertanejo ⭐ Hits Sertanejos!/065 - Diego & Victor Hugo - Película de Vidro (Ao Vivo).mp3,7e0fcbdf7129305f7546d8e2d4f774f19d93f45349c48bb5d8871bdeb8083e3e,IMPORT,preserved,,000 Top Sertanejo ⭐ Hits Sertanejos!/065 - Diego & Victor Hugo - Película de Vidro (Ao Vivo).mp3,"sem erro de leitura; metadata GOOD; título HIGH; artista HIGH; cover presente; bitrate 128 kbps; sample rate 44100 Hz; desempate final por relative_path",128000,44100,true,GOOD
000 Top Sertanejo ⭐ Hits Sertanejos!/066 - Yasmin Santos - Para Pensa e Volta (feat. Marília Mendonça) (Ao Vivo).mp3,12e431d6fe7f9f8ad61ffa974c60c27ee8bf0cd4fed8324731e7b2bc8c0d4445,IMPORT,preserved,,000 Top Sertanejo ⭐ Hits Sertanejos!/066 - Yasmin Santos - Para Pensa e Volta (feat. Marília Mendonça) (Ao Vivo).mp3,"sem erro de leitura; metadata GOOD; título HIGH; artista HIGH; cover presente; bitrate 128 kbps; sample rate 44100 Hz; desempate final por relative_path",128000,44100,true,GOOD
000 Top Sertanejo ⭐ Hits Sertanejos!/067 - Gusttavo Lima - Livramento (Ao Vivo).mp3,f239e767ed8a2e8111ca9b18dabd816a678ee1bbb918463f2b152f6c88f0332c,IMPORT,preserved,,000 Top Sertanejo ⭐ Hits Sertanejos!/067 - Gusttavo Lima - Livramento (Ao Vivo).mp3,"sem erro de leitura; metadata GOOD; título HIGH; artista HIGH; cover presente; bitrate 128 kbps; sample rate 44100 Hz; desempate final por relative_path",128000,44100,true,GOOD
000 Top Sertanejo ⭐ Hits Sertanejos!/068 - Clayton & Romário - Aproveita (Ao Vivo).mp3,4bb44d985a364925b0a04357baa9ff49819a4cd4ea8daae4cb739cb819b2f129,IMPORT,exact_duplicate_representative,14,000 Top Sertanejo ⭐ Hits Sertanejos!/068 - Clayton & Romário - Aproveita (Ao Vivo).mp3,"sem erro de leitura; metadata GOOD; título HIGH; artista HIGH; cover presente; bitrate 128 kbps; sample rate 44100 Hz; desempate final por relative_path",128000,44100,true,GOOD
000 Top Sertanejo ⭐ Hits Sertanejos!/069 - Guilherme & Benuto - Carolina Herrera (Ao Vivo).mp3,4963b8c9c30de6ac7b5d6786c844fcfa45c695708e4bac8af743fdd52244e8ef,IMPORT,preserved,,000 Top Sertanejo ⭐ Hits Sertanejos!/069 - Guilherme & Benuto - Carolina Herrera (Ao Vivo).mp3,"sem erro de leitura; metadata GOOD; título HIGH; artista HIGH; cover presente; bitrate 128 kbps; sample rate 44100 Hz; desempate final por relative_path",128000,44100,true,GOOD
000 Top Sertanejo ⭐ Hits Sertanejos!/07 - João Bosco e Gabriel - Alô Ex Amor (Ao Vivo).mp3,a6852251a40ac3263296d5ff076475745492a10919c7deef253d982f5c3d365d,IMPORT,preserved,,000 Top Sertanejo ⭐ Hits Sertanejos!/07 - João Bosco e Gabriel - Alô Ex Amor (Ao Vivo).mp3,"sem erro de leitura; metadata GOOD; título HIGH; artista HIGH; cover presente; bitrate 128 kbps; sample rate 44100 Hz; desempate final por relative_path",128000,44100,true,GOOD
000 Top Sertanejo ⭐ Hits Sertanejos!/070 - Luan Santana - MALDITO GIRASSOL (Ao Vivo).mp3,4a4df66e8f0a5626792dc8a3d886c03334a4901412c6f818d52b295217bb2db5,IMPORT,preserved,,000 Top Sertanejo ⭐ Hits Sertanejos!/070 - Luan Santana - MALDITO GIRASSOL (Ao Vivo).mp3,"sem erro de leitura; metadata GOOD; título HIGH; artista HIGH; cover presente; bitrate 128 kbps; sample rate 44100 Hz; desempate final por relative_path",128000,44100,true,GOOD
000 Top Sertanejo ⭐ Hits Sertanejos!/071 - Gusttavo Lima - Fala Mal de Mim (Ao Vivo).mp3,51deaace5f34793113425f046ef15dc3cfebeb9f8d1a4d53fe40bc053ccce684,IMPORT,preserved,,000 Top Sertanejo ⭐ Hits Sertanejos!/071 - Gusttavo Lima - Fala Mal de Mim (Ao Vivo).mp3,"sem erro de leitura; metadata GOOD; título HIGH; artista HIGH; cover presente; bitrate 128 kbps; sample rate 44100 Hz; desempate final por relative_path",128000,44100,true,GOOD
000 Top Sertanejo ⭐ Hits Sertanejos!/073 - Diego & Victor Hugo - Beijo de Glicose (Ao Vivo).mp3,1fd19c2f19c09a87a5569955c20062252f148b414a6c338cfeb6cebbb0cf369c,IMPORT,preserved,,000 Top Sertanejo ⭐ Hits Sertanejos!/073 - Diego & Victor Hugo - Beijo de Glicose (Ao Vivo).mp3,"sem erro de leitura; metadata GOOD; título HIGH; artista HIGH; cover presente; bitrate 128 kbps; sample rate 44100 Hz; desempate final por relative_path",128000,44100,true,GOOD
000 Top Sertanejo ⭐ Hits Sertanejos!/074 - Guilherme & Benuto - Esse B.O é Meu (Ao Vivo).mp3,9f7beb86b01a70900c6deec131b14d941e2b586a9d8314eec3baa155fc6bdfea,IMPORT,preserved,,000 Top Sertanejo ⭐ Hits Sertanejos!/074 - Guilherme & Benuto - Esse B.O é Meu (Ao Vivo).mp3,"sem erro de leitura; metadata GOOD; título HIGH; artista HIGH; cover presente; bitrate 128 kbps; sample rate 44100 Hz; desempate final por relative_path",128000,44100,true,GOOD
000 Top Sertanejo ⭐ Hits Sertanejos!/075 - Zé Neto & Cristiano - Deu Moral (Ao Vivo).mp3,b61d2fe31e097e7a3e59d44f9e025ff2a2e767553a2cb2e1d7f88d530a1ba571,IMPORT,preserved,,000 Top Sertanejo ⭐ Hits Sertanejos!/075 - Zé Neto & Cristiano - Deu Moral (Ao Vivo).mp3,"sem erro de leitura; metadata GOOD; título HIGH; artista HIGH; cover presente; bitrate 128 kbps; sample rate 44100 Hz; desempate final por relative_path",128000,44100,true,GOOD
000 Top Sertanejo ⭐ Hits Sertanejos!/076 - Gusttavo Lima - Inesquecível (Ao Vivo).mp3,b44929725e0dc79002f248558f634d88f148932f61370ed86a8e1c396b05b636,IMPORT,preserved,,000 Top Sertanejo ⭐ Hits Sertanejos!/076 - Gusttavo Lima - Inesquecível (Ao Vivo).mp3,"sem erro de leitura; metadata GOOD; título HIGH; artista HIGH; cover presente; bitrate 128 kbps; sample rate 44100 Hz; desempate final por relative_path",128000,44100,true,GOOD
000 Top Sertanejo ⭐ Hits Sertanejos!/077 - Luan Santana - SORRIA.mp3,1b925bf4e744c87acb99de7ee388c61ffe5e02103e8dff60fd6421486e5ce31a,IMPORT,preserved,,000 Top Sertanejo ⭐ Hits Sertanejos!/077 - Luan Santana - SORRIA.mp3,"sem erro de leitura; metadata GOOD; título HIGH; artista HIGH; cover presente; bitrate 128 kbps; sample rate 44100 Hz; desempate final por relative_path",128000,44100,true,GOOD
000 Top Sertanejo ⭐ Hits Sertanejos!/078 - Fernando & Sorocaba - Só Não Divulga.mp3,d3f31380d9c38386a80e6cf180c0a0267a871294550952adcfb8566571b2c71f,IMPORT,preserved,,000 Top Sertanejo ⭐ Hits Sertanejos!/078 - Fernando & Sorocaba - Só Não Divulga.mp3,"sem erro de leitura; metadata GOOD; título HIGH; artista HIGH; cover presente; bitrate 128 kbps; sample rate 44100 Hz; desempate final por relative_path",128000,44100,true,GOOD
000 Top Sertanejo ⭐ Hits Sertanejos!/079 - Diego & Victor Hugo - Desbloqueado (Ao Vivo).mp3,b73c1248e388299abbc140e02ddabb2e6f67637bc72a4731363775af9e64b6a7,IMPORT,preserved,,000 Top Sertanejo ⭐ Hits Sertanejos!/079 - Diego & Victor Hugo - Desbloqueado (Ao Vivo).mp3,"sem erro de leitura; metadata GOOD; título HIGH; artista HIGH; cover presente; bitrate 128 kbps; sample rate 44100 Hz; desempate final por relative_path",128000,44100,true,GOOD
000 Top Sertanejo ⭐ Hits Sertanejos!/08 - Guilherme & Benuto - Pulei na Piscina (Ao Vivo).mp3,4bf5faf30eeed50ba1c009833a070e15a3650ee08f14170ab7e0e813be7a7b00,IMPORT,preserved,,000 Top Sertanejo ⭐ Hits Sertanejos!/08 - Guilherme & Benuto - Pulei na Piscina (Ao Vivo).mp3,"sem erro de leitura; metadata GOOD; título HIGH; artista HIGH; cover presente; bitrate 128 kbps; sample rate 44100 Hz; desempate final por relative_path",128000,44100,true,GOOD
000 Top Sertanejo ⭐ Hits Sertanejos!/080 - Gusttavo Lima - Ficha Limpa.mp3,6b1f80b13a868a289032164dbf336c9a0691761b1656c2aad322b9b506088576,IMPORT,preserved,,000 Top Sertanejo ⭐ Hits Sertanejos!/080 - Gusttavo Lima - Ficha Limpa.mp3,"sem erro de leitura; metadata GOOD; título HIGH; artista HIGH; cover presente; bitrate 128 kbps; sample rate 44100 Hz; desempate final por relative_path",128000,44100,true,GOOD
000 Top Sertanejo ⭐ Hits Sertanejos!/081 - Yasmin Santos - Principalmente Pessoas.mp3,a16dd67222d3a1f498fcecb3f9c869eafb35e46baf92cce767cc6cdd30d4e494,IMPORT,preserved,,000 Top Sertanejo ⭐ Hits Sertanejos!/081 - Yasmin Santos - Principalmente Pessoas.mp3,"sem erro de leitura; metadata GOOD; título HIGH; artista HIGH; cover presente; bitrate 128 kbps; sample rate 44100 Hz; desempate final por relative_path",128000,44100,true,GOOD
000 Top Sertanejo ⭐ Hits Sertanejos!/082 - Lauana Prado - Me Leva Pra Casa _ Escrito Nas Estrelas _ Saudade (Ao Vivo).mp3,2e63677b58230920ad8b8b6bbf9840f154434cc6b7fd875a5ae50b1fe9dd8339,IMPORT,preserved,,000 Top Sertanejo ⭐ Hits Sertanejos!/082 - Lauana Prado - Me Leva Pra Casa _ Escrito Nas Estrelas _ Saudade (Ao Vivo).mp3,"sem erro de leitura; metadata GOOD; título HIGH; artista HIGH; cover presente; bitrate 128 kbps; sample rate 44100 Hz; desempate final por relative_path",128000,44100,true,GOOD
000 Top Sertanejo ⭐ Hits Sertanejos!/083 - Luan Santana - ERRO PLANEJADO (Ao Vivo).mp3,b94f1f89c1d515d87fba56383cda99d663f03bf067aa853fae4c91730b4b749e,IMPORT,preserved,,000 Top Sertanejo ⭐ Hits Sertanejos!/083 - Luan Santana - ERRO PLANEJADO (Ao Vivo).mp3,"sem erro de leitura; metadata GOOD; título HIGH; artista HIGH; cover presente; bitrate 128 kbps; sample rate 44100 Hz; desempate final por relative_path",128000,44100,true,GOOD
000 Top Sertanejo ⭐ Hits Sertanejos!/084 - Gusttavo Lima - Oficializar (Ao Vivo).mp3,ad57d828e8109aedfc800b3f0c2c2ecab804e12cf080e6a6aabec5da1b5c1e8a,IMPORT,preserved,,000 Top Sertanejo ⭐ Hits Sertanejos!/084 - Gusttavo Lima - Oficializar (Ao Vivo).mp3,"sem erro de leitura; metadata GOOD; título HIGH; artista HIGH; cover presente; bitrate 128 kbps; sample rate 44100 Hz; desempate final por relative_path",128000,44100,true,GOOD
000 Top Sertanejo ⭐ Hits Sertanejos!/085 - Guilherme & Benuto - Milionário (Ao Vivo).mp3,0522d931da17dfb1bb4f3ae7f8bc677b3bd5d4a6cfe96ced04772197b10d3775,IMPORT,preserved,,000 Top Sertanejo ⭐ Hits Sertanejos!/085 - Guilherme & Benuto - Milionário (Ao Vivo).mp3,"sem erro de leitura; metadata GOOD; título HIGH; artista HIGH; cover presente; bitrate 128 kbps; sample rate 44100 Hz; desempate final por relative_path",128000,44100,true,GOOD
000 Top Sertanejo ⭐ Hits Sertanejos!/086 - Diego & Victor Hugo - Sorte (Ao Vivo).mp3,d2df3258e535eeea3c2737f77f90ceff8d252f4e486f017d3be56d234d2669cf,IMPORT,likely_duplicate_representative,37,000 Top Sertanejo ⭐ Hits Sertanejos!/086 - Diego & Victor Hugo - Sorte (Ao Vivo).mp3,"sem erro de leitura; metadata GOOD; título HIGH; artista HIGH; cover presente; bitrate 128 kbps; sample rate 44100 Hz; desempate final por relative_path",128000,44100,true,GOOD
000 Top Sertanejo ⭐ Hits Sertanejos!/087 - Murilo Huff - Anestesiado (Ao Vivo) (Ao Vivo).mp3,c50bff7750c89829b944cbb4cd89f816f6812e19275d122b555385e79399c106,IMPORT,preserved,,000 Top Sertanejo ⭐ Hits Sertanejos!/087 - Murilo Huff - Anestesiado (Ao Vivo) (Ao Vivo).mp3,"sem erro de leitura; metadata GOOD; título HIGH; artista HIGH; cover presente; bitrate 128 kbps; sample rate 44100 Hz; desempate final por relative_path",128000,44100,true,GOOD
000 Top Sertanejo ⭐ Hits Sertanejos!/088 - Gusttavo Lima - Cara da Derrota (Ao Vivo).mp3,fed0c0b9b92110c921f7ef5346b6188091a799c29d0d4ce96ed7f911c62e237c,IMPORT,preserved,,000 Top Sertanejo ⭐ Hits Sertanejos!/088 - Gusttavo Lima - Cara da Derrota (Ao Vivo).mp3,"sem erro de leitura; metadata GOOD; título HIGH; artista HIGH; cover presente; bitrate 128 kbps; sample rate 44100 Hz; desempate final por relative_path",128000,44100,true,GOOD
000 Top Sertanejo ⭐ Hits Sertanejos!/089 - Luan Santana - NOSSA DISTÂNCIA.mp3,a70dc0e22715da0b74c935bee6843a8b4416e71efa1412a6a2bd07a36aad0a90,IMPORT,preserved,,000 Top Sertanejo ⭐ Hits Sertanejos!/089 - Luan Santana - NOSSA DISTÂNCIA.mp3,"sem erro de leitura; metadata GOOD; título HIGH; artista HIGH; cover presente; bitrate 128 kbps; sample rate 44100 Hz; desempate final por relative_path",128000,44100,true,GOOD
000 Top Sertanejo ⭐ Hits Sertanejos!/09 - Hugo & Guilherme - Coração Na Cama.mp3,3d996e613faa164eee298d3f973080a25d59cfc973348355140301b60ccc2638,IMPORT,preserved,,000 Top Sertanejo ⭐ Hits Sertanejos!/09 - Hugo & Guilherme - Coração Na Cama.mp3,"sem erro de leitura; metadata GOOD; título HIGH; artista HIGH; cover presente; bitrate 128 kbps; sample rate 44100 Hz; desempate final por relative_path",128000,44100,true,GOOD
000 Top Sertanejo ⭐ Hits Sertanejos!/090 - Paulo e Nathan - Resolve seus B.O (Ao Vivo).mp3,4855c59d74ece25bc811f2f28a270358ba1f0a011263d8e132ad1259ef844e71,IMPORT,preserved,,000 Top Sertanejo ⭐ Hits Sertanejos!/090 - Paulo e Nathan - Resolve seus B.O (Ao Vivo).mp3,"sem erro de leitura; metadata GOOD; título HIGH; artista HIGH; cover presente; bitrate 128 kbps; sample rate 44100 Hz; desempate final por relative_path",128000,44100,true,GOOD
000 Top Sertanejo ⭐ Hits Sertanejos!/091 - Gusttavo Lima - Pendência (Ao Vivo).mp3,e694957602c7dd962417cc201a5e318dadeb0b9d1a9dbe025d601a44d8ee4690,IMPORT,preserved,,000 Top Sertanejo ⭐ Hits Sertanejos!/091 - Gusttavo Lima - Pendência (Ao Vivo).mp3,"sem erro de leitura; metadata GOOD; título HIGH; artista HIGH; cover presente; bitrate 128 kbps; sample rate 44100 Hz; desempate final por relative_path",128000,44100,true,GOOD
000 Top Sertanejo ⭐ Hits Sertanejos!/092 - Ana Castela - Fronteira (Ao Vivo).mp3,cfa800cb084c36cfa1ad6db4ae0b789db2daf327ea1ccdba63b1ac29b3bb798f,IMPORT,preserved,,000 Top Sertanejo ⭐ Hits Sertanejos!/092 - Ana Castela - Fronteira (Ao Vivo).mp3,"sem erro de leitura; metadata GOOD; título HIGH; artista HIGH; cover presente; bitrate 128 kbps; sample rate 44100 Hz; desempate final por relative_path",128000,44100,true,GOOD
000 Top Sertanejo ⭐ Hits Sertanejos!/093 - Guilherme & Benuto - 3 Batidas (Ao Vivo).mp3,344e986c0b47afce95b65023f98c426d14f71863b7ef637141e46e07e7cf991b,IMPORT,likely_duplicate_representative,38,000 Top Sertanejo ⭐ Hits Sertanejos!/093 - Guilherme & Benuto - 3 Batidas (Ao Vivo).mp3,"sem erro de leitura; metadata GOOD; título HIGH; artista HIGH; cover presente; bitrate 128 kbps; sample rate 44100 Hz; desempate final por relative_path",128000,44100,true,GOOD
000 Top Sertanejo ⭐ Hits Sertanejos!/094 - Gusttavo Lima - Beijo Culposo (Ao Vivo).mp3,680541f9a4940e837dc206c3e12b07a6097310f125883a8a6e6d712a88806a66,IMPORT,preserved,,000 Top Sertanejo ⭐ Hits Sertanejos!/094 - Gusttavo Lima - Beijo Culposo (Ao Vivo).mp3,"sem erro de leitura; metadata GOOD; título HIGH; artista HIGH; cover presente; bitrate 128 kbps; sample rate 44100 Hz; desempate final por relative_path",128000,44100,true,GOOD
000 Top Sertanejo ⭐ Hits Sertanejos!/095 - Diego & Victor Hugo - O Alvo (feat. Henrique & Juliano) (Ao Vivo).mp3,3f28fa11f160356cd6053de589b21d3de229eaf382d54dd496665478900096da,IMPORT,preserved,,000 Top Sertanejo ⭐ Hits Sertanejos!/095 - Diego & Victor Hugo - O Alvo (feat. Henrique & Juliano) (Ao Vivo).mp3,"sem erro de leitura; metadata GOOD; título HIGH; artista HIGH; cover presente; bitrate 128 kbps; sample rate 44100 Hz; desempate final por relative_path",128000,44100,true,GOOD
000 Top Sertanejo ⭐ Hits Sertanejos!/096 - Luan Santana - SEM SENTIMENTO (Ao Vivo).mp3,f6a4f5c5241b54fb6aa83516fddcd6625a266c57a7f0cdb601cd0d5ffaf80f83,IMPORT,preserved,,000 Top Sertanejo ⭐ Hits Sertanejos!/096 - Luan Santana - SEM SENTIMENTO (Ao Vivo).mp3,"sem erro de leitura; metadata GOOD; título HIGH; artista HIGH; cover presente; bitrate 128 kbps; sample rate 44100 Hz; desempate final por relative_path",128000,44100,true,GOOD
000 Top Sertanejo ⭐ Hits Sertanejos!/097 - Gusttavo Lima - Nota de Repúdio (Ao Vivo).mp3,9755ad546c3ff8deac072906cc7d11d2ccddd780c32b87d3f6deec9fd8c11d25,IMPORT,preserved,,000 Top Sertanejo ⭐ Hits Sertanejos!/097 - Gusttavo Lima - Nota de Repúdio (Ao Vivo).mp3,"sem erro de leitura; metadata GOOD; título HIGH; artista HIGH; cover presente; bitrate 128 kbps; sample rate 44100 Hz; desempate final por relative_path",128000,44100,true,GOOD
000 Top Sertanejo ⭐ Hits Sertanejos!/098 - Israel & Rodolffo - Greve De Beijo (Ao Vivo).mp3,ea22046505d0849452c0ec7d25dbd5348b5e0f4553ee9233388d712b3ed6da8e,IMPORT,preserved,,000 Top Sertanejo ⭐ Hits Sertanejos!/098 - Israel & Rodolffo - Greve De Beijo (Ao Vivo).mp3,"sem erro de leitura; metadata GOOD; título HIGH; artista HIGH; cover presente; bitrate 128 kbps; sample rate 44100 Hz; desempate final por relative_path",128000,44100,true,GOOD
000 Top Sertanejo ⭐ Hits Sertanejos!/099 - Guilherme & Benuto - Sigilo (Ao Vivo).mp3,8b72ae4807e73f21dcb1c597899e11d107578afdc90c729ae5d74edab0500229,IMPORT,preserved,,000 Top Sertanejo ⭐ Hits Sertanejos!/099 - Guilherme & Benuto - Sigilo (Ao Vivo).mp3,"sem erro de leitura; metadata GOOD; título HIGH; artista HIGH; cover presente; bitrate 128 kbps; sample rate 44100 Hz; desempate final por relative_path",128000,44100,true,GOOD
000 Top Sertanejo ⭐ Hits Sertanejos!/10 - Simone & Simaria - Foi Pá Pum.mp3,c45c36594db544a9c473b9779be845bd152e3173355c43657ccb2237319d5045,IMPORT,preserved,,000 Top Sertanejo ⭐ Hits Sertanejos!/10 - Simone & Simaria - Foi Pá Pum.mp3,"sem erro de leitura; metadata GOOD; título HIGH; artista HIGH; cover presente; bitrate 128 kbps; sample rate 44100 Hz; desempate final por relative_path",128000,44100,true,GOOD
000 Top Sertanejo ⭐ Hits Sertanejos!/100 - Gusttavo Lima - Não Pega Ninguém Ainda (Ao Vivo).mp3,d3c8b5866c619240218f1e7f29911e2a3ad2726238ca4f03450953f8d8852c25,IMPORT,preserved,,000 Top Sertanejo ⭐ Hits Sertanejos!/100 - Gusttavo Lima - Não Pega Ninguém Ainda (Ao Vivo).mp3,"sem erro de leitura; metadata GOOD; título HIGH; artista HIGH; cover presente; bitrate 128 kbps; sample rate 44100 Hz; desempate final por relative_path",128000,44100,true,GOOD
000 Top Sertanejo ⭐ Hits Sertanejos!/11 - Jorge & Mateus - Paradigmas.mp3,9e13ace77071844bb30c4d6650c5b5387453f35396df4a11e1cd3ca932dc1e65,IMPORT,preserved,,000 Top Sertanejo ⭐ Hits Sertanejos!/11 - Jorge & Mateus - Paradigmas.mp3,"sem erro de leitura; metadata GOOD; título HIGH; artista HIGH; cover presente; bitrate 128 kbps; sample rate 44100 Hz; desempate final por relative_path",128000,44100,true,GOOD
000 Top Sertanejo ⭐ Hits Sertanejos!/12 - Douglas & Vinicius - Figurinha (Ao Vivo).mp3,a3b6bc3f1d15f565deddeec3fa6eb5a90d47b7fdb55ba34b4ecf950c62f0b708,IMPORT,preserved,,000 Top Sertanejo ⭐ Hits Sertanejos!/12 - Douglas & Vinicius - Figurinha (Ao Vivo).mp3,"sem erro de leitura; metadata GOOD; título HIGH; artista HIGH; cover presente; bitrate 128 kbps; sample rate 44100 Hz; desempate final por relative_path",128000,44100,true,GOOD
000 Top Sertanejo ⭐ Hits Sertanejos!/13 - Murilo Huff - Uma Ex (Ao Vivo).mp3,0b1035289986e00fcd49bc6f09f5e72bc737e057e14cfc2e5769d4d05faa4b22,IMPORT,preserved,,000 Top Sertanejo ⭐ Hits Sertanejos!/13 - Murilo Huff - Uma Ex (Ao Vivo).mp3,"sem erro de leitura; metadata GOOD; título HIGH; artista HIGH; cover presente; bitrate 128 kbps; sample rate 44100 Hz; desempate final por relative_path",128000,44100,true,GOOD
000 Top Sertanejo ⭐ Hits Sertanejos!/14 - Tierry - Hackearam-Me.mp3,cfe656674fffa477141557806a1337bd3e6b8102a6b38cd85aee2d2f1a091f24,IMPORT,preserved,,000 Top Sertanejo ⭐ Hits Sertanejos!/14 - Tierry - Hackearam-Me.mp3,"sem erro de leitura; metadata GOOD; título HIGH; artista HIGH; cover presente; bitrate 128 kbps; sample rate 44100 Hz; desempate final por relative_path",128000,44100,true,GOOD
000 Top Sertanejo ⭐ Hits Sertanejos!/15 - Marcos & Belutti - Tudo Indica (Ao Vivo).mp3,ab8ec8c3fdcaba15fd2d0d475b71b2eddb417253e036bd1b694ec0799db704af,IMPORT,preserved,,000 Top Sertanejo ⭐ Hits Sertanejos!/15 - Marcos & Belutti - Tudo Indica (Ao Vivo).mp3,"sem erro de leitura; metadata GOOD; título HIGH; artista HIGH; cover presente; bitrate 128 kbps; sample rate 44100 Hz; desempate final por relative_path",128000,44100,true,GOOD
000 Top Sertanejo ⭐ Hits Sertanejos!/16 - Lauana Prado - Sua Mãe Tá Nessa (Ao Vivo).mp3,7663668e4adcc2ff2106ce4c8fc6c6149c3238cd24071dd154c84a91ab46c1f2,IMPORT,preserved,,000 Top Sertanejo ⭐ Hits Sertanejos!/16 - Lauana Prado - Sua Mãe Tá Nessa (Ao Vivo).mp3,"sem erro de leitura; metadata GOOD; título HIGH; artista HIGH; cover presente; bitrate 128 kbps; sample rate 44100 Hz; desempate final por relative_path",128000,44100,true,GOOD
000 Top Sertanejo ⭐ Hits Sertanejos!/17 - Matheus & Kauan - É Problema.mp3,bed228dff81e499c0c97850f114161f351fbc9f7253776386f35e33622dfe7ec,IMPORT,likely_duplicate_representative,39,000 Top Sertanejo ⭐ Hits Sertanejos!/17 - Matheus & Kauan - É Problema.mp3,"sem erro de leitura; metadata GOOD; título HIGH; artista HIGH; cover presente; bitrate 128 kbps; sample rate 44100 Hz; desempate final por relative_path",128000,44100,true,GOOD
000 Top Sertanejo ⭐ Hits Sertanejos!/18 - Yasmin Santos - Abstinência.mp3,f5d8dcbbb7129734d531656a58603907085dfb13bbcdfec0b26e4fd9a669781a,IMPORT,preserved,,000 Top Sertanejo ⭐ Hits Sertanejos!/18 - Yasmin Santos - Abstinência.mp3,"sem erro de leitura; metadata GOOD; título HIGH; artista HIGH; cover presente; bitrate 128 kbps; sample rate 44100 Hz; desempate final por relative_path",128000,44100,true,GOOD
000 Top Sertanejo ⭐ Hits Sertanejos!/19 - Zé Felipe - Esquece de Me Esquecer.mp3,28a610754e63177133d22f656710b795ebb06b5aac542a2d7bdd5ef3c682ff46,IMPORT,preserved,,000 Top Sertanejo ⭐ Hits Sertanejos!/19 - Zé Felipe - Esquece de Me Esquecer.mp3,"sem erro de leitura; metadata GOOD; título HIGH; artista HIGH; cover presente; bitrate 128 kbps; sample rate 44100 Hz; desempate final por relative_path",128000,44100,true,GOOD
000 Top Sertanejo ⭐ Hits Sertanejos!/20 - Marília Mendonça - Troca de Calçada.mp3,12b08e3d7d1fe5d2c8453db7e09324a4bb76c124bbc8569e27fb46bca7c78e1d,IMPORT,preserved,,000 Top Sertanejo ⭐ Hits Sertanejos!/20 - Marília Mendonça - Troca de Calçada.mp3,"sem erro de leitura; metadata GOOD; título HIGH; artista HIGH; cover presente; bitrate 128 kbps; sample rate 44100 Hz; desempate final por relative_path",128000,44100,true,GOOD
000 Top Sertanejo ⭐ Hits Sertanejos!/21 - Felipe Araújo - Mais Um.mp3,489f62dd9d16141a947089a94ca35d5ad600423d3fa71e92fd990afc45d06501,IMPORT,preserved,,000 Top Sertanejo ⭐ Hits Sertanejos!/21 - Felipe Araújo - Mais Um.mp3,"sem erro de leitura; metadata GOOD; título HIGH; artista HIGH; cover presente; bitrate 128 kbps; sample rate 44100 Hz; desempate final por relative_path",128000,44100,true,GOOD
000 Top Sertanejo ⭐ Hits Sertanejos!/22 - Maiara & Maraisa - Vou Fácil.mp3,e5f99b8591dd156e02bb27e0b3eac3f09a6662715c61e9dda5981d89762f6d6e,IMPORT,preserved,,000 Top Sertanejo ⭐ Hits Sertanejos!/22 - Maiara & Maraisa - Vou Fácil.mp3,"sem erro de leitura; metadata GOOD; título HIGH; artista HIGH; cover presente; bitrate 128 kbps; sample rate 44100 Hz; desempate final por relative_path",128000,44100,true,GOOD
000 Top Sertanejo ⭐ Hits Sertanejos!/23 - Jorge & Mateus - Lance Individual.mp3,5100d2bfcc7222321e97bd027b364d213f12af00f7f6d99fb71ef281bb087564,IMPORT,preserved,,000 Top Sertanejo ⭐ Hits Sertanejos!/23 - Jorge & Mateus - Lance Individual.mp3,"sem erro de leitura; metadata GOOD; título HIGH; artista HIGH; cover presente; bitrate 128 kbps; sample rate 44100 Hz; desempate final por relative_path",128000,44100,true,GOOD
000 Top Sertanejo ⭐ Hits Sertanejos!/24 - Matheus & Kauan - Nem Doeu (Ao Vivo).mp3,6dfa79ebbd2026f8ece9819913a23ad2b05338285d24c597c921c414469d82a5,IMPORT,preserved,,000 Top Sertanejo ⭐ Hits Sertanejos!/24 - Matheus & Kauan - Nem Doeu (Ao Vivo).mp3,"sem erro de leitura; metadata GOOD; título HIGH; artista HIGH; cover presente; bitrate 128 kbps; sample rate 44100 Hz; desempate final por relative_path",128000,44100,true,GOOD
000 Top Sertanejo ⭐ Hits Sertanejos!/25 - Diego & Victor Hugo - Áudio (Ao Vivo em Brasília).mp3,7df178b3f3407ab0034defd662afb51e154b7da1cad19cb0518410ef83ca7fb8,IMPORT,preserved,,000 Top Sertanejo ⭐ Hits Sertanejos!/25 - Diego & Victor Hugo - Áudio (Ao Vivo em Brasília).mp3,"sem erro de leitura; metadata GOOD; título HIGH; artista HIGH; cover presente; bitrate 128 kbps; sample rate 44100 Hz; desempate final por relative_path",128000,44100,true,GOOD
000 Top Sertanejo ⭐ Hits Sertanejos!/26 - Murilo Huff - Desejando Eu.mp3,1476b453272e38e13fa6204597f4c7a304f36e990988b806df459e7059464266,IMPORT,preserved,,000 Top Sertanejo ⭐ Hits Sertanejos!/26 - Murilo Huff - Desejando Eu.mp3,"sem erro de leitura; metadata GOOD; título HIGH; artista HIGH; cover presente; bitrate 128 kbps; sample rate 44100 Hz; desempate final por relative_path",128000,44100,true,GOOD
000 Top Sertanejo ⭐ Hits Sertanejos!/27 - Felipe Araújo - Mentira (Ao Vivo).mp3,6192505f56f2d0f70c3649c96ad8e66b2b7ea4f384a02a84841ed6a078006c92,IMPORT,preserved,,000 Top Sertanejo ⭐ Hits Sertanejos!/27 - Felipe Araújo - Mentira (Ao Vivo).mp3,"sem erro de leitura; metadata GOOD; título HIGH; artista HIGH; cover presente; bitrate 128 kbps; sample rate 44100 Hz; desempate final por relative_path",128000,44100,true,GOOD
000 Top Sertanejo ⭐ Hits Sertanejos!/28 - Henrique & Juliano - Liberdade Provisória.mp3,c028a938d9e13a5a11dd74a1a2a4fda6ae5e266d82d140bf9faada8ce4732758,IMPORT,preserved,,000 Top Sertanejo ⭐ Hits Sertanejos!/28 - Henrique & Juliano - Liberdade Provisória.mp3,"sem erro de leitura; metadata GOOD; título HIGH; artista HIGH; cover presente; bitrate 128 kbps; sample rate 44100 Hz; desempate final por relative_path",128000,44100,true,GOOD
000 Top Sertanejo ⭐ Hits Sertanejos!/29 - Gusttavo Lima - Tudo que Eu Queria (Ao Vivo).mp3,9e4b6e55f4e93bb892ae795273f1cbb81a99ea15afec0d7b147829d8308bdbba,IMPORT,likely_duplicate_representative,40,000 Top Sertanejo ⭐ Hits Sertanejos!/29 - Gusttavo Lima - Tudo que Eu Queria (Ao Vivo).mp3,"sem erro de leitura; metadata GOOD; título HIGH; artista HIGH; cover presente; bitrate 128 kbps; sample rate 44100 Hz; desempate final por relative_path",128000,44100,true,GOOD
000 Top Sertanejo ⭐ Hits Sertanejos!/30 - Jonas Esticado - Investe Em Mim.mp3,5a6cc61626037466e2c9ad72ebe8602e3a74d1d2d34713c2499bf746771c77e8,IMPORT,preserved,,000 Top Sertanejo ⭐ Hits Sertanejos!/30 - Jonas Esticado - Investe Em Mim.mp3,"sem erro de leitura; metadata GOOD; título HIGH; artista HIGH; cover presente; bitrate 128 kbps; sample rate 44100 Hz; desempate final por relative_path",128000,44100,true,GOOD
000 Top Sertanejo ⭐ Hits Sertanejos!/31 - Guilherme & Benuto - 3 Batidas (Ao Vivo).mp3,dbec3d8eb4748df94a1a31c6363d1d5b061e8d6df58a4dce384f4123c56f536e,SKIP_LIKELY,likely_duplicate,38,000 Top Sertanejo ⭐ Hits Sertanejos!/093 - Guilherme & Benuto - 3 Batidas (Ao Vivo).mp3,"sem erro de leitura; metadata GOOD; título HIGH; artista HIGH; cover presente; bitrate 128 kbps; sample rate 44100 Hz; desempate final por relative_path",128000,44100,true,GOOD
000 Top Sertanejo ⭐ Hits Sertanejos!/32 - Marília Mendonça - Deprê.mp3,7f17705778bd717e5d27e22231589bd39086a77579f14880a17340f3b5dce031,IMPORT,preserved,,000 Top Sertanejo ⭐ Hits Sertanejos!/32 - Marília Mendonça - Deprê.mp3,"sem erro de leitura; metadata GOOD; título HIGH; artista HIGH; cover presente; bitrate 128 kbps; sample rate 44100 Hz; desempate final por relative_path",128000,44100,true,GOOD
000 Top Sertanejo ⭐ Hits Sertanejos!/33 - Zé Neto & Cristiano - Esses Vícios.mp3,7e64f920ccb24293d3867c022d619b896dfdde8101c014d5e6bb21999b1d5361,IMPORT,preserved,,000 Top Sertanejo ⭐ Hits Sertanejos!/33 - Zé Neto & Cristiano - Esses Vícios.mp3,"sem erro de leitura; metadata GOOD; título HIGH; artista HIGH; cover presente; bitrate 128 kbps; sample rate 44100 Hz; desempate final por relative_path",128000,44100,true,GOOD
000 Top Sertanejo ⭐ Hits Sertanejos!/34 - Lauana Prado - Viva Voz (Ao Vivo).mp3,f8a2ba6a6bbffd9ca96e5892163a459b85c4f58b9c4f3a1264cd7ede47f1c3a9,IMPORT,preserved,,000 Top Sertanejo ⭐ Hits Sertanejos!/34 - Lauana Prado - Viva Voz (Ao Vivo).mp3,"sem erro de leitura; metadata GOOD; título HIGH; artista HIGH; cover presente; bitrate 128 kbps; sample rate 44100 Hz; desempate final por relative_path",128000,44100,true,GOOD
000 Top Sertanejo ⭐ Hits Sertanejos!/35 - Luíza & Maurílio - Razão das Minhas Biritas.mp3,d4ee5666e280edb0b3df9464d0008f337cc80a6d6a18b93f655ec9069b2bdbea,IMPORT,likely_duplicate_representative,41,000 Top Sertanejo ⭐ Hits Sertanejos!/35 - Luíza & Maurílio - Razão das Minhas Biritas.mp3,"sem erro de leitura; metadata GOOD; título HIGH; artista HIGH; cover presente; bitrate 128 kbps; sample rate 44100 Hz; desempate final por relative_path",128000,44100,true,GOOD
000 Top Sertanejo ⭐ Hits Sertanejos!/36 - Avine Vinny - Seu Beijo Joga Sujo (feat. Jorge).mp3,4868ba142283dd7d1592f924267d6b482bea7655350e61f95d012337becb9612,IMPORT,preserved,,000 Top Sertanejo ⭐ Hits Sertanejos!/36 - Avine Vinny - Seu Beijo Joga Sujo (feat. Jorge).mp3,"sem erro de leitura; metadata GOOD; título HIGH; artista HIGH; cover presente; bitrate 128 kbps; sample rate 44100 Hz; desempate final por relative_path",128000,44100,true,GOOD
000 Top Sertanejo ⭐ Hits Sertanejos!/37 - Luan Santana - Foi Covardia.mp3,12db56297718398e93e91dfadd35749d1b735208df4d8628a725cedf052a804c,IMPORT,preserved,,000 Top Sertanejo ⭐ Hits Sertanejos!/37 - Luan Santana - Foi Covardia.mp3,"sem erro de leitura; metadata GOOD; título HIGH; artista HIGH; cover presente; bitrate 128 kbps; sample rate 44100 Hz; desempate final por relative_path",128000,44100,true,GOOD
000 Top Sertanejo ⭐ Hits Sertanejos!/38 - Gusttavo Lima - Espetinho (Ao Vivo).mp3,f91dc28baaabcc0955e561f596833864afc84ad51c9a34a7776a44d103041565,IMPORT,likely_duplicate_representative,42,000 Top Sertanejo ⭐ Hits Sertanejos!/38 - Gusttavo Lima - Espetinho (Ao Vivo).mp3,"sem erro de leitura; metadata GOOD; título HIGH; artista HIGH; cover presente; bitrate 128 kbps; sample rate 44100 Hz; desempate final por relative_path",128000,44100,true,GOOD
000 Top Sertanejo ⭐ Hits Sertanejos!/39 - Israel & Rodolffo - Só de Sacanagem (Ao Vivo).mp3,44fa50faf3e33d92b1923697d5e31a8fe7133816980bd908034f52e46bf8f46e,IMPORT,preserved,,000 Top Sertanejo ⭐ Hits Sertanejos!/39 - Israel & Rodolffo - Só de Sacanagem (Ao Vivo).mp3,"sem erro de leitura; metadata GOOD; título HIGH; artista HIGH; cover presente; bitrate 128 kbps; sample rate 44100 Hz; desempate final por relative_path",128000,44100,true,GOOD
000 Top Sertanejo ⭐ Hits Sertanejos!/40 - Felipe Araújo - Você Não Vale.mp3,ffad0bf13a857346b52d204d669b3cd4cd5080120015ebfee00a259dbd444f17,IMPORT,preserved,,000 Top Sertanejo ⭐ Hits Sertanejos!/40 - Felipe Araújo - Você Não Vale.mp3,"sem erro de leitura; metadata GOOD; título HIGH; artista HIGH; cover presente; bitrate 128 kbps; sample rate 44100 Hz; desempate final por relative_path",128000,44100,true,GOOD
000 Top Sertanejo ⭐ Hits Sertanejos!/41 - Fernando & Sorocaba - Você Não é de Bar (Ao Vivo).mp3,8b7408a05b5fb19a235a611b6fc016057a846b96b42b1b81192a884024828853,IMPORT,preserved,,000 Top Sertanejo ⭐ Hits Sertanejos!/41 - Fernando & Sorocaba - Você Não é de Bar (Ao Vivo).mp3,"sem erro de leitura; metadata GOOD; título HIGH; artista HIGH; cover presente; bitrate 128 kbps; sample rate 44100 Hz; desempate final por relative_path",128000,44100,true,GOOD
000 Top Sertanejo ⭐ Hits Sertanejos!/42 - Zé Felipe - Só Tem Eu.mp3,6a6a209e10175c58528c49dc338c9e2e54072b744be911981d185c7072595f99,IMPORT,preserved,,000 Top Sertanejo ⭐ Hits Sertanejos!/42 - Zé Felipe - Só Tem Eu.mp3,"sem erro de leitura; metadata GOOD; título HIGH; artista HIGH; cover presente; bitrate 128 kbps; sample rate 44100 Hz; desempate final por relative_path",128000,44100,true,GOOD
000 Top Sertanejo ⭐ Hits Sertanejos!/43 - Murilo Huff - Frieza (Ao Vivo).mp3,9089ff75701d8647e10f9d432fa538490e0ee999223db5384a4f74daa732d654,IMPORT,preserved,,000 Top Sertanejo ⭐ Hits Sertanejos!/43 - Murilo Huff - Frieza (Ao Vivo).mp3,"sem erro de leitura; metadata GOOD; título HIGH; artista HIGH; cover presente; bitrate 128 kbps; sample rate 44100 Hz; desempate final por relative_path",128000,44100,true,GOOD
000 Top Sertanejo ⭐ Hits Sertanejos!/44 - Jorge & Mateus - Tijolão (Ao Vivo).mp3,c59424ad2fada801cc02cdd766eabdcc06e8a704c6803bbed698c83081d6df12,IMPORT,preserved,,000 Top Sertanejo ⭐ Hits Sertanejos!/44 - Jorge & Mateus - Tijolão (Ao Vivo).mp3,"sem erro de leitura; metadata GOOD; título HIGH; artista HIGH; cover presente; bitrate 128 kbps; sample rate 44100 Hz; desempate final por relative_path",128000,44100,true,GOOD
000 Top Sertanejo ⭐ Hits Sertanejos!/45 - Hugo & Guilherme - Namorada Reserva (Ao Vivo).mp3,b6abfa778f938f3aef81abc5a267ce5003c55fa2b5889e8a2ae5ee3921377ae0,IMPORT,preserved,,000 Top Sertanejo ⭐ Hits Sertanejos!/45 - Hugo & Guilherme - Namorada Reserva (Ao Vivo).mp3,"sem erro de leitura; metadata GOOD; título HIGH; artista HIGH; cover presente; bitrate 128 kbps; sample rate 44100 Hz; desempate final por relative_path",128000,44100,true,GOOD
000 Top Sertanejo ⭐ Hits Sertanejos!/46 - Matheus & Kauan - Quarta Cadeira (Ao Vivo).mp3,dcfb4e92c95010c6c55465d7f6fc5ca2a5f6f098bb0689de700f3dc9bb40ad2b,IMPORT,preserved,,000 Top Sertanejo ⭐ Hits Sertanejos!/46 - Matheus & Kauan - Quarta Cadeira (Ao Vivo).mp3,"sem erro de leitura; metadata GOOD; título HIGH; artista HIGH; cover presente; bitrate 128 kbps; sample rate 44100 Hz; desempate final por relative_path",128000,44100,true,GOOD
000 Top Sertanejo ⭐ Hits Sertanejos!/47 - Henrique & Juliano - Volta por Baixo (Ao Vivo).mp3,65e0c16bf581f54ee63b5be814c81225ada76f9d4a922e1a7a97f5f49d952e2b,IMPORT,preserved,,000 Top Sertanejo ⭐ Hits Sertanejos!/47 - Henrique & Juliano - Volta por Baixo (Ao Vivo).mp3,"sem erro de leitura; metadata GOOD; título HIGH; artista HIGH; cover presente; bitrate 128 kbps; sample rate 44100 Hz; desempate final por relative_path",128000,44100,true,GOOD
000 Top Sertanejo ⭐ Hits Sertanejos!/48 - Guilherme & Benuto - Declaração pro Bar (Ao Vivo).mp3,5113f7037d18ecc41d26fa9b87d4548629e377bd7b940242def4cfcf3aaaf1c5,IMPORT,preserved,,000 Top Sertanejo ⭐ Hits Sertanejos!/48 - Guilherme & Benuto - Declaração pro Bar (Ao Vivo).mp3,"sem erro de leitura; metadata GOOD; título HIGH; artista HIGH; cover presente; bitrate 128 kbps; sample rate 44100 Hz; desempate final por relative_path",128000,44100,true,GOOD
000 Top Sertanejo ⭐ Hits Sertanejos!/49 - Diego & Victor Hugo - Erro Antigo (Ao Vivo).mp3,ef17249eb251c224813d30297cd61d9d29b39e36830eadad9b38b96a5d5f1042,IMPORT,preserved,,000 Top Sertanejo ⭐ Hits Sertanejos!/49 - Diego & Victor Hugo - Erro Antigo (Ao Vivo).mp3,"sem erro de leitura; metadata GOOD; título HIGH; artista HIGH; cover presente; bitrate 128 kbps; sample rate 44100 Hz; desempate final por relative_path",128000,44100,true,GOOD
000 Top Sertanejo ⭐ Hits Sertanejos!/50 - Marcos & Belutti - Rotina Programada (Ao Vivo).mp3,5e8a1dea82ae1b2c97e324b53c7b819aedfb44b3a979164906f38d0b2a2fd6c0,IMPORT,preserved,,000 Top Sertanejo ⭐ Hits Sertanejos!/50 - Marcos & Belutti - Rotina Programada (Ao Vivo).mp3,"sem erro de leitura; metadata GOOD; título HIGH; artista HIGH; cover presente; bitrate 128 kbps; sample rate 44100 Hz; desempate final por relative_path",128000,44100,true,GOOD
01 Zé Neto & Cristiano - 2021Chaaama/00 - Chaaama.mp3,03adc43cb1b9f3f7d087b11482921ded312013d49169b4e3297402d59b38881b,IMPORT,preserved,,01 Zé Neto & Cristiano - 2021Chaaama/00 - Chaaama.mp3,"sem erro de leitura; metadata INFERRED; título MEDIUM; artista MEDIUM; sem cover; bitrate 40 kbps; sample rate 16000 Hz; desempate final por relative_path",40000,16000,false,INFERRED
01 Zé Neto & Cristiano - 2021Chaaama/01 - Você Beberia Ou Não Beberia_.mp3,d55204bf273ec605bacff936c45f87751424b4b75bff402b191ee5d062f55bc1,IMPORT,preserved,,01 Zé Neto & Cristiano - 2021Chaaama/01 - Você Beberia Ou Não Beberia_.mp3,"sem erro de leitura; metadata INFERRED; título MEDIUM; artista MEDIUM; sem cover; bitrate 40 kbps; sample rate 16000 Hz; desempate final por relative_path",40000,16000,false,INFERRED
01 Zé Neto & Cristiano - 2021Chaaama/02 - Ela e Ela.mp3,5142db3021b87f1f0827c3bbac29205ec28a593cc1041d47a7d0e8643c86ea92,IMPORT,preserved,,01 Zé Neto & Cristiano - 2021Chaaama/02 - Ela e Ela.mp3,"sem erro de leitura; metadata INFERRED; título MEDIUM; artista MEDIUM; sem cover; bitrate 40 kbps; sample rate 16000 Hz; desempate final por relative_path",40000,16000,false,INFERRED
01 Zé Neto & Cristiano - 2021Chaaama/03 - Vamo Tomar Uma.mp3,bcf9a9fda3bfac904f7013ad4d6566971dae994a95b8c6db42e5a7e94f8802e8,IMPORT,preserved,,01 Zé Neto & Cristiano - 2021Chaaama/03 - Vamo Tomar Uma.mp3,"sem erro de leitura; metadata INFERRED; título MEDIUM; artista MEDIUM; sem cover; bitrate 40 kbps; sample rate 16000 Hz; desempate final por relative_path",40000,16000,false,INFERRED
01 Zé Neto & Cristiano - 2021Chaaama/04 - Fica Pra Dormir.mp3,fc9ade2f96448a603c30befa256cab8f90c0c19213b4f80ad76a3411220584ca,IMPORT,preserved,,01 Zé Neto & Cristiano - 2021Chaaama/04 - Fica Pra Dormir.mp3,"sem erro de leitura; metadata INFERRED; título MEDIUM; artista MEDIUM; sem cover; bitrate 40 kbps; sample rate 16000 Hz; desempate final por relative_path",40000,16000,false,INFERRED
01 Zé Neto & Cristiano - 2021Chaaama/04 - Imagina Pra Ela.mp3,7e15fcd90b80c170a1083d9911d2b74577bef623928dee538599fe578cfb61b7,IMPORT,preserved,,01 Zé Neto & Cristiano - 2021Chaaama/04 - Imagina Pra Ela.mp3,"sem erro de leitura; metadata INFERRED; título MEDIUM; artista MEDIUM; sem cover; bitrate 40 kbps; sample rate 16000 Hz; desempate final por relative_path",40000,16000,false,INFERRED
01 Zé Neto & Cristiano - 2021Chaaama/05 - Botequinho.mp3,11f572110c926b7176fd60f584b72e16958788e2e5e6fba2825f22d00d315b37,IMPORT,preserved,,01 Zé Neto & Cristiano - 2021Chaaama/05 - Botequinho.mp3,"sem erro de leitura; metadata INFERRED; título MEDIUM; artista MEDIUM; sem cover; bitrate 40 kbps; sample rate 16000 Hz; desempate final por relative_path",40000,16000,false,INFERRED
01 Zé Neto & Cristiano - 2021Chaaama/06 - Beijou Meia Cidade.mp3,20d93144118e44c55ac71e77caf650c34eb3938a2a3e2be99d1e9e801cf73ddf,IMPORT,preserved,,01 Zé Neto & Cristiano - 2021Chaaama/06 - Beijou Meia Cidade.mp3,"sem erro de leitura; metadata INFERRED; título MEDIUM; artista MEDIUM; sem cover; bitrate 40 kbps; sample rate 16000 Hz; desempate final por relative_path",40000,16000,false,INFERRED
01 Zé Neto & Cristiano - 2021Chaaama/07 - Minha Vontade de Te Amar.mp3,0e1793f27a2c412fcac0ed0c86afce5f59e7ec79c165bff74d06ce63ab33991a,IMPORT,preserved,,01 Zé Neto & Cristiano - 2021Chaaama/07 - Minha Vontade de Te Amar.mp3,"sem erro de leitura; metadata INFERRED; título MEDIUM; artista MEDIUM; sem cover; bitrate 40 kbps; sample rate 16000 Hz; desempate final por relative_path",40000,16000,false,INFERRED
01 Zé Neto & Cristiano - 2021Chaaama/09 - Marcha de Núpcias.mp3,76e6cea6510027504723caeb01cc9cbfb5520f7bd6a86592ed20529fe6aa2e53,IMPORT,preserved,,01 Zé Neto & Cristiano - 2021Chaaama/09 - Marcha de Núpcias.mp3,"sem erro de leitura; metadata INFERRED; título MEDIUM; artista MEDIUM; sem cover; bitrate 40 kbps; sample rate 16000 Hz; desempate final por relative_path",40000,16000,false,INFERRED
01 Zé Neto & Cristiano - 2021Chaaama/10 - Vida Noturna.mp3,fb5c45f67823ff4bc6ef63cd3f0442de6ba5094270665886b5c053c3758589f7,IMPORT,preserved,,01 Zé Neto & Cristiano - 2021Chaaama/10 - Vida Noturna.mp3,"sem erro de leitura; metadata INFERRED; título MEDIUM; artista MEDIUM; sem cover; bitrate 40 kbps; sample rate 16000 Hz; desempate final por relative_path",40000,16000,false,INFERRED
"04 Marília Mendonça -2022 CD Todos Os Cantos, Vol. 1/01 - Marília Mendonça - Ciumeira (Ao Vivo).mp3",a3253ded5208f67473b98b054ed0546109f9af7bd394785cbfe2d1ce7173f753,IMPORT,preserved,,"04 Marília Mendonça -2022 CD Todos Os Cantos, Vol. 1/01 - Marília Mendonça - Ciumeira (Ao Vivo).mp3","sem erro de leitura; metadata INFERRED; título HIGH; artista HIGH; sem cover; bitrate 40 kbps; sample rate 16000 Hz; desempate final por relative_path",40000,16000,false,INFERRED
"04 Marília Mendonça -2022 CD Todos Os Cantos, Vol. 1/02 - Marília Mendonça - Sem Sal (Ao Vivo).mp3",91af18df9c1f3e2f5a5e98f0a414fbfebe23ac0bb6784b7d4e7e1e7937e6b1d2,IMPORT,preserved,,"04 Marília Mendonça -2022 CD Todos Os Cantos, Vol. 1/02 - Marília Mendonça - Sem Sal (Ao Vivo).mp3","sem erro de leitura; metadata INFERRED; título HIGH; artista HIGH; sem cover; bitrate 40 kbps; sample rate 16000 Hz; desempate final por relative_path",40000,16000,false,INFERRED
"04 Marília Mendonça -2022 CD Todos Os Cantos, Vol. 1/03 - Marília Mendonça - Bem Pior Que Eu (Ao Vivo).mp3",d2ae734fd481699330520c8ee9146bbd009e23fba2b674b14339488d2a251ea6,SKIP_LIKELY,likely_duplicate,43,Top 50 Sertanejo 2024/20 - Marília Mendonça - Bem Pior Que Eu (Ao Vivo).mp3,"sem erro de leitura; metadata GOOD; título HIGH; artista HIGH; cover presente; bitrate 128 kbps; sample rate 44100 Hz; desempate final por relative_path",40000,16000,false,INFERRED
"04 Marília Mendonça -2022 CD Todos Os Cantos, Vol. 1/04 - Marília Mendonça - Casa da Mãe Joana (Ao Vivo).mp3",c82c488298bdd20dd8a99f24b5afdb43fc44496b2fc1767fb1bf2b449de68e04,IMPORT,preserved,,"04 Marília Mendonça -2022 CD Todos Os Cantos, Vol. 1/04 - Marília Mendonça - Casa da Mãe Joana (Ao Vivo).mp3","sem erro de leitura; metadata INFERRED; título HIGH; artista HIGH; sem cover; bitrate 40 kbps; sample rate 16000 Hz; desempate final por relative_path",40000,16000,false,INFERRED
"04 Marília Mendonça -2022 CD Todos Os Cantos, Vol. 1/05 - Marília Mendonça - Bye Bye (Ao Vivo).mp3",eb53403e5c0cecb4121398791855ff59373348042416251dad0f503032bcc5d1,IMPORT,preserved,,"04 Marília Mendonça -2022 CD Todos Os Cantos, Vol. 1/05 - Marília Mendonça - Bye Bye (Ao Vivo).mp3","sem erro de leitura; metadata INFERRED; título HIGH; artista HIGH; sem cover; bitrate 40 kbps; sample rate 16000 Hz; desempate final por relative_path",40000,16000,false,INFERRED
"04 Marília Mendonça -2022 CD Todos Os Cantos, Vol. 1/06 - Marília Mendonça - Bebi Liguei (Ao Vivo).mp3",e8a8ddcc9b12007a978a7e2901605be0a7e00e5a063578d712888049e6d7ba54,IMPORT,preserved,,"04 Marília Mendonça -2022 CD Todos Os Cantos, Vol. 1/06 - Marília Mendonça - Bebi Liguei (Ao Vivo).mp3","sem erro de leitura; metadata INFERRED; título HIGH; artista HIGH; sem cover; bitrate 40 kbps; sample rate 16000 Hz; desempate final por relative_path",40000,16000,false,INFERRED
"04 Marília Mendonça -2022 CD Todos Os Cantos, Vol. 1/07 - Marília Mendonça - Passa Mal (Ao Vivo).mp3",46c2ba4dfd61da525a80f376e0b78b25a76016108d4bebce4a770baa31a10eb6,IMPORT,preserved,,"04 Marília Mendonça -2022 CD Todos Os Cantos, Vol. 1/07 - Marília Mendonça - Passa Mal (Ao Vivo).mp3","sem erro de leitura; metadata INFERRED; título HIGH; artista HIGH; sem cover; bitrate 40 kbps; sample rate 16000 Hz; desempate final por relative_path",40000,16000,false,INFERRED
"04 Marília Mendonça -2022 CD Todos Os Cantos, Vol. 1/08 - Marília Mendonça - Amigo Emprestado (Ao Vivo).mp3",9ed4012b37a8459fe81f3e120e0479055df363d506897d16d3d164eee23ccf19,IMPORT,preserved,,"04 Marília Mendonça -2022 CD Todos Os Cantos, Vol. 1/08 - Marília Mendonça - Amigo Emprestado (Ao Vivo).mp3","sem erro de leitura; metadata INFERRED; título HIGH; artista HIGH; sem cover; bitrate 40 kbps; sample rate 16000 Hz; desempate final por relative_path",40000,16000,false,INFERRED
"04 Marília Mendonça -2022 CD Todos Os Cantos, Vol. 1/09 - Marília Mendonça - Sabiá Cantou (Ao Vivo).mp3",16f6cc4f80c52a65bfc507bcf0e9858a68db7e3bb3664b70421a65b24e70780b,IMPORT,preserved,,"04 Marília Mendonça -2022 CD Todos Os Cantos, Vol. 1/09 - Marília Mendonça - Sabiá Cantou (Ao Vivo).mp3","sem erro de leitura; metadata INFERRED; título HIGH; artista HIGH; sem cover; bitrate 40 kbps; sample rate 16000 Hz; desempate final por relative_path",40000,16000,false,INFERRED
"04 Marília Mendonça -2022 CD Todos Os Cantos, Vol. 1/10 - Marília Mendonça - Bebaça (Ao Vivo).mp3",9072b80b0662e741e0acc6ff9cddc4066186323ee230d1d4552f8f3a58ab086e,IMPORT,preserved,,"04 Marília Mendonça -2022 CD Todos Os Cantos, Vol. 1/10 - Marília Mendonça - Bebaça (Ao Vivo).mp3","sem erro de leitura; metadata INFERRED; título HIGH; artista HIGH; sem cover; bitrate 40 kbps; sample rate 16000 Hz; desempate final por relative_path",40000,16000,false,INFERRED
"04 Marília Mendonça -2022 CD Todos Os Cantos, Vol. 1/11 - Marília Mendonça - Obrigado por Estragar Tudo (Ao Vivo).mp3",c1f3b32614f9fadd64ba01432dac2f286713a2d6f37ae030c2a7ddb616b5c53a,IMPORT,preserved,,"04 Marília Mendonça -2022 CD Todos Os Cantos, Vol. 1/11 - Marília Mendonça - Obrigado por Estragar Tudo (Ao Vivo).mp3","sem erro de leitura; metadata INFERRED; título HIGH; artista HIGH; sem cover; bitrate 40 kbps; sample rate 16000 Hz; desempate final por relative_path",40000,16000,false,INFERRED
"04 Marília Mendonça -2022 CD Todos Os Cantos, Vol. 1/12 - Marília Mendonça - Love a Queima Roupa (Ao Vivo).mp3",b89a8505ddb5b308aeadb6e56e62d893822b9af4f883a53521b343cf990955ee,IMPORT,preserved,,"04 Marília Mendonça -2022 CD Todos Os Cantos, Vol. 1/12 - Marília Mendonça - Love a Queima Roupa (Ao Vivo).mp3","sem erro de leitura; metadata INFERRED; título HIGH; artista HIGH; sem cover; bitrate 40 kbps; sample rate 16000 Hz; desempate final por relative_path",40000,16000,false,INFERRED
05 MAGNO OLIVEIRA 2022/00 CHEGA E SENTA   MAGNO OLIVEIRA AO VIVOO.mp3,d3411b95249446418d5a8ed898248b14d28bec593571d66fec16309f9f6e4ee9,IMPORT,preserved,,05 MAGNO OLIVEIRA 2022/00 CHEGA E SENTA   MAGNO OLIVEIRA AO VIVOO.mp3,"sem erro de leitura; metadata INFERRED; título MEDIUM; artista MEDIUM; sem cover; bitrate 40 kbps; sample rate 16000 Hz; desempate final por relative_path",40000,16000,false,INFERRED
05 MAGNO OLIVEIRA 2022/00 RAQUEL PISEIRO  MAGNO OLIVEIRA.mp3,1b93261437e5dcedb4d7477f9c19f75f4203530c4931405fbe762e9e2abde7d6,IMPORT,preserved,,05 MAGNO OLIVEIRA 2022/00 RAQUEL PISEIRO  MAGNO OLIVEIRA.mp3,"sem erro de leitura; metadata INFERRED; título MEDIUM; artista MEDIUM; sem cover; bitrate 40 kbps; sample rate 16000 Hz; desempate final por relative_path",40000,16000,false,INFERRED
05 MAGNO OLIVEIRA 2022/00-MAGNO OLIVEIRA   DORMIR NO PUTER0.mp3,46a1c2edae9adb3b18165387473e44aabf5f94e36de80c0932f27c5841aa38a5,IMPORT,preserved,,05 MAGNO OLIVEIRA 2022/00-MAGNO OLIVEIRA   DORMIR NO PUTER0.mp3,"sem erro de leitura; metadata INFERRED; título MEDIUM; artista MEDIUM; sem cover; bitrate 40 kbps; sample rate 16000 Hz; desempate final por relative_path",40000,16000,false,INFERRED
05 MAGNO OLIVEIRA 2022/01  MAGNO OLIVEIRA   ESPERANDO NA JANELA AO VIVO ARACAJU.mp3,cd3fa2e36374a71593e637234471af8b0d62c8d38ef653b504080864dd9ddf10,IMPORT,preserved,,05 MAGNO OLIVEIRA 2022/01  MAGNO OLIVEIRA   ESPERANDO NA JANELA AO VIVO ARACAJU.mp3,"sem erro de leitura; metadata INFERRED; título MEDIUM; artista MEDIUM; sem cover; bitrate 40 kbps; sample rate 16000 Hz; desempate final por relative_path",40000,16000,false,INFERRED
05 MAGNO OLIVEIRA 2022/01 AQUELAS COISAS   MAGNO OLIVEIRA AO VIVO.mp3,c5b07705a0f0feb31d1479d42db0b45a15ff446df200ea889840a5979d35726d,IMPORT,preserved,,05 MAGNO OLIVEIRA 2022/01 AQUELAS COISAS   MAGNO OLIVEIRA AO VIVO.mp3,"sem erro de leitura; metadata INFERRED; título MEDIUM; artista MEDIUM; sem cover; bitrate 40 kbps; sample rate 16000 Hz; desempate final por relative_path",40000,16000,false,INFERRED
05 MAGNO OLIVEIRA 2022/01-MAGNO OLIVEIRA   É TARDE DE MAIS.mp3,a056024c02cd77ef816bf74a887256f28b4cfdeaf0624324ccc30062747b8cf2,IMPORT,preserved,,05 MAGNO OLIVEIRA 2022/01-MAGNO OLIVEIRA   É TARDE DE MAIS.mp3,"sem erro de leitura; metadata INFERRED; título MEDIUM; artista MEDIUM; sem cover; bitrate 40 kbps; sample rate 16000 Hz; desempate final por relative_path",40000,16000,false,INFERRED
05 MAGNO OLIVEIRA 2022/01-MAGNO OLIVEIRA   NÃO NÃO VOU.mp3,6fea058903ae5b1939cb99eb51dd24c8fc6a11dbf1772f5388fc0ac549056058,IMPORT,preserved,,05 MAGNO OLIVEIRA 2022/01-MAGNO OLIVEIRA   NÃO NÃO VOU.mp3,"sem erro de leitura; metadata INFERRED; título MEDIUM; artista MEDIUM; sem cover; bitrate 40 kbps; sample rate 16000 Hz; desempate final por relative_path",40000,16000,false,INFERRED
05 MAGNO OLIVEIRA 2022/02-MAGNO OLIVEIRA   É HOJE.mp3,b2347b71ba258fb0dce8b19a252bd7ba47339e372b09d4cb725a54c84d650bf7,IMPORT,preserved,,05 MAGNO OLIVEIRA 2022/02-MAGNO OLIVEIRA   É HOJE.mp3,"sem erro de leitura; metadata INFERRED; título MEDIUM; artista MEDIUM; sem cover; bitrate 40 kbps; sample rate 16000 Hz; desempate final por relative_path",40000,16000,false,INFERRED
05 MAGNO OLIVEIRA 2022/03 SE FOR AMOR  MAGNO OLIVEIRA  AO VIVO.mp3,4700652e1d69962d48fd5a4e4ec99a6937046f284e13ecb91ffbb9b665ec8e44,IMPORT,preserved,,05 MAGNO OLIVEIRA 2022/03 SE FOR AMOR  MAGNO OLIVEIRA  AO VIVO.mp3,"sem erro de leitura; metadata INFERRED; título MEDIUM; artista MEDIUM; sem cover; bitrate 40 kbps; sample rate 16000 Hz; desempate final por relative_path",40000,16000,false,INFERRED
05 MAGNO OLIVEIRA 2022/04 MAGNO OLIVEIRA   CHEIA DE MANIAS AO VIVO ARACAJU.mp3,cf00cbfc20460bf8bcfd55fe1c84ae72107f7f2198e2b208af094154375c9056,IMPORT,preserved,,05 MAGNO OLIVEIRA 2022/04 MAGNO OLIVEIRA   CHEIA DE MANIAS AO VIVO ARACAJU.mp3,"sem erro de leitura; metadata INFERRED; título MEDIUM; artista MEDIUM; sem cover; bitrate 40 kbps; sample rate 16000 Hz; desempate final por relative_path",40000,16000,false,INFERRED
05 MAGNO OLIVEIRA 2022/05-MAGNO OLIVEIRA  CORAÇÃO SAFADÃO.mp3,f180bb27422e600ca3394d98295536b873f2eed19633039775068802a7f944a3,IMPORT,preserved,,05 MAGNO OLIVEIRA 2022/05-MAGNO OLIVEIRA  CORAÇÃO SAFADÃO.mp3,"sem erro de leitura; metadata INFERRED; título MEDIUM; artista MEDIUM; sem cover; bitrate 40 kbps; sample rate 16000 Hz; desempate final por relative_path",40000,16000,false,INFERRED
05 MAGNO OLIVEIRA 2022/06-MAGNO OLIVEIRA   OLHA OQUE O AMOR ME FAZ.mp3,9157f0946efb20c5916d275d637b1ebc24c66bdcb2de80877f1b8bf13ae3a8d0,IMPORT,preserved,,05 MAGNO OLIVEIRA 2022/06-MAGNO OLIVEIRA   OLHA OQUE O AMOR ME FAZ.mp3,"sem erro de leitura; metadata INFERRED; título MEDIUM; artista MEDIUM; sem cover; bitrate 40 kbps; sample rate 16000 Hz; desempate final por relative_path",40000,16000,false,INFERRED
05 MAGNO OLIVEIRA 2022/07-MAGNO OLIVEIRA  DUNGUNDUN.mp3,c94a2697a9f0884388342118098a21669a4afc580fa4df104593244b164b2ac3,IMPORT,preserved,,05 MAGNO OLIVEIRA 2022/07-MAGNO OLIVEIRA  DUNGUNDUN.mp3,"sem erro de leitura; metadata INFERRED; título MEDIUM; artista MEDIUM; sem cover; bitrate 40 kbps; sample rate 16000 Hz; desempate final por relative_path",40000,16000,false,INFERRED
05 MAGNO OLIVEIRA 2022/08-MAGNO OLIVEIRA   FICADINHA.mp3,20a8310eebb2015c56321ef433ac06503f6187a36277898d37d1e556964a3679,IMPORT,preserved,,05 MAGNO OLIVEIRA 2022/08-MAGNO OLIVEIRA   FICADINHA.mp3,"sem erro de leitura; metadata INFERRED; título MEDIUM; artista MEDIUM; sem cover; bitrate 40 kbps; sample rate 16000 Hz; desempate final por relative_path",40000,16000,false,INFERRED
05 MAGNO OLIVEIRA 2022/09 MAGNO OLIVEIRA - TE AMO MISERA.mp3,8085e3dbd8ddb50d333db703e77178f1b49fd373cc5d657685e4cc403fb685c3,IMPORT,preserved,,05 MAGNO OLIVEIRA 2022/09 MAGNO OLIVEIRA - TE AMO MISERA.mp3,"sem erro de leitura; metadata INFERRED; título HIGH; artista HIGH; sem cover; bitrate 40 kbps; sample rate 16000 Hz; desempate final por relative_path",40000,16000,false,INFERRED
05 MAGNO OLIVEIRA 2022/10 MAGNO OLIVERA UM PAR DE CHIFRES.mp3,a343c3fa0b5ee36aaabd4ca21945b231a5240fa05a479f79c5333f2ec0b9b8bf,IMPORT,preserved,,05 MAGNO OLIVEIRA 2022/10 MAGNO OLIVERA UM PAR DE CHIFRES.mp3,"sem erro de leitura; metadata INFERRED; título MEDIUM; artista MEDIUM; sem cover; bitrate 40 kbps; sample rate 16000 Hz; desempate final por relative_path",40000,16000,false,INFERRED
05 MAGNO OLIVEIRA 2022/12  MAGNO OLIVERA   QUE SE CHAMA AMOR AO VIVO ARACAJU.mp3,848fcc6d88bf8fba2dfc04be2832f3a2f5820951d081f247e68c28a1dab582a4,IMPORT,preserved,,05 MAGNO OLIVEIRA 2022/12  MAGNO OLIVERA   QUE SE CHAMA AMOR AO VIVO ARACAJU.mp3,"sem erro de leitura; metadata INFERRED; título MEDIUM; artista MEDIUM; sem cover; bitrate 40 kbps; sample rate 16000 Hz; desempate final por relative_path",40000,16000,false,INFERRED
05 MAGNO OLIVEIRA 2022/14 TO PEGANDO MINHA EX   MAGNO OLIVERA AO VIVO.mp3,f67d41031e83c792593d321e606398bbe1e972b8a7ca5013e0b3d097cb012797,IMPORT,preserved,,05 MAGNO OLIVEIRA 2022/14 TO PEGANDO MINHA EX   MAGNO OLIVERA AO VIVO.mp3,"sem erro de leitura; metadata INFERRED; título MEDIUM; artista MEDIUM; sem cover; bitrate 40 kbps; sample rate 16000 Hz; desempate final por relative_path",40000,16000,false,INFERRED
07 Gusttavo Lima - 2021 Buteco in Boston/01 - Espetinho (Ao Vivo).mp3,331cf99784c53398f2a4b685697a52ddc4843dc99ad8764dae14ee39ed8f8ddc,SKIP_LIKELY,likely_duplicate,42,000 Top Sertanejo ⭐ Hits Sertanejos!/38 - Gusttavo Lima - Espetinho (Ao Vivo).mp3,"sem erro de leitura; metadata GOOD; título HIGH; artista HIGH; cover presente; bitrate 128 kbps; sample rate 44100 Hz; desempate final por relative_path",32000,16000,false,INFERRED
07 Gusttavo Lima - 2021 Buteco in Boston/01 - Não Me Arranha (Ao Vivo).mp3,59c70fd64a4276522a7493d4c5de7dd5461fcc5c3ce532732d432abd315f1ea2,IMPORT,preserved,,07 Gusttavo Lima - 2021 Buteco in Boston/01 - Não Me Arranha (Ao Vivo).mp3,"sem erro de leitura; metadata INFERRED; título MEDIUM; artista MEDIUM; sem cover; bitrate 40 kbps; sample rate 16000 Hz; desempate final por relative_path",40000,16000,false,INFERRED
07 Gusttavo Lima - 2021 Buteco in Boston/01. De Menina pra Mulher.mp3,74d5dc8b861f6207b791a2f360d99b42fbd5fa23a93bf5690f43af8837e3d55d,IMPORT,preserved,,07 Gusttavo Lima - 2021 Buteco in Boston/01. De Menina pra Mulher.mp3,"sem erro de leitura; metadata INFERRED; título MEDIUM; artista MEDIUM; sem cover; bitrate 32 kbps; sample rate 16000 Hz; desempate final por relative_path",32000,16000,false,INFERRED
07 Gusttavo Lima - 2021 Buteco in Boston/02 - Prefiro Nem Saber (Ao Vivo).mp3,7544feea373bffb46f74efc1c53600fb9a8ad12ceeed0221be7a367fe3378db9,IMPORT,preserved,,07 Gusttavo Lima - 2021 Buteco in Boston/02 - Prefiro Nem Saber (Ao Vivo).mp3,"sem erro de leitura; metadata INFERRED; título MEDIUM; artista MEDIUM; sem cover; bitrate 40 kbps; sample rate 16000 Hz; desempate final por relative_path",40000,16000,false,INFERRED
07 Gusttavo Lima - 2021 Buteco in Boston/02. Saudade Sua.mp3,c846a3e79a892f9928d7fc33e08756e6549d1298a829afc7ca0f101512f108e5,IMPORT,preserved,,07 Gusttavo Lima - 2021 Buteco in Boston/02. Saudade Sua.mp3,"sem erro de leitura; metadata INFERRED; título MEDIUM; artista MEDIUM; sem cover; bitrate 32 kbps; sample rate 16000 Hz; desempate final por relative_path",32000,16000,false,INFERRED
07 Gusttavo Lima - 2021 Buteco in Boston/03 - Tempo de Beber (Ao Vivo).mp3,8fb5c47fec5472d63cf1e1eeb7095a85ed7b7ff3f4cf6feb2495f0169a2303b9,IMPORT,preserved,,07 Gusttavo Lima - 2021 Buteco in Boston/03 - Tempo de Beber (Ao Vivo).mp3,"sem erro de leitura; metadata INFERRED; título MEDIUM; artista MEDIUM; sem cover; bitrate 40 kbps; sample rate 16000 Hz; desempate final por relative_path",40000,16000,false,INFERRED
07 Gusttavo Lima - 2021 Buteco in Boston/04 - Te Amo Cada Vez Mais (To Love You More) (Ao Vivo).mp3,54780a749544c2f78d6286a2f5a25f9f41e39ecfccc1d4cd2b7e036074daef12,IMPORT,preserved,,07 Gusttavo Lima - 2021 Buteco in Boston/04 - Te Amo Cada Vez Mais (To Love You More) (Ao Vivo).mp3,"sem erro de leitura; metadata INFERRED; título MEDIUM; artista MEDIUM; sem cover; bitrate 40 kbps; sample rate 16000 Hz; desempate final por relative_path",40000,16000,false,INFERRED
07 Gusttavo Lima - 2021 Buteco in Boston/05 - Por um Minuto.mp3,07c2def7d8aeba92300a0f77cf7642bd09ceacfb79f7413f7faadac492f7d48a,IMPORT,preserved,,07 Gusttavo Lima - 2021 Buteco in Boston/05 - Por um Minuto.mp3,"sem erro de leitura; metadata INFERRED; título MEDIUM; artista MEDIUM; sem cover; bitrate 40 kbps; sample rate 16000 Hz; desempate final por relative_path",40000,16000,false,INFERRED
07 Gusttavo Lima - 2021 Buteco in Boston/05 - Se (Ao Vivo).mp3,98430351c4679059d6552822505e22e8bebddbc19ed46cb384fff3578b6bf7b7,IMPORT,preserved,,07 Gusttavo Lima - 2021 Buteco in Boston/05 - Se (Ao Vivo).mp3,"sem erro de leitura; metadata INFERRED; título MEDIUM; artista MEDIUM; sem cover; bitrate 40 kbps; sample rate 16000 Hz; desempate final por relative_path",40000,16000,false,INFERRED
07 Gusttavo Lima - 2021 Buteco in Boston/06 - Cada Volta é um Recomeço.mp3,dfb2335aa7d0733994d9e674c451a3ec9b00e4c41e661b754f84e8c1166a0757,IMPORT,preserved,,07 Gusttavo Lima - 2021 Buteco in Boston/06 - Cada Volta é um Recomeço.mp3,"sem erro de leitura; metadata INFERRED; título MEDIUM; artista MEDIUM; sem cover; bitrate 40 kbps; sample rate 16000 Hz; desempate final por relative_path",40000,16000,false,INFERRED
07 Gusttavo Lima - 2021 Buteco in Boston/07 - BEBÊ feat. Camilo.mp3,dfb4cd9a89f41f302f2e2c431be4b1af2e2432d9faae863e34b7c249b371d9df,IMPORT,preserved,,07 Gusttavo Lima - 2021 Buteco in Boston/07 - BEBÊ feat. Camilo.mp3,"sem erro de leitura; metadata INFERRED; título MEDIUM; artista MEDIUM; sem cover; bitrate 40 kbps; sample rate 16000 Hz; desempate final por relative_path",40000,16000,false,INFERRED
07 Gusttavo Lima - 2021 Buteco in Boston/08 - Duas da Manhã (Ao Vivo).mp3,1eb77669c7187bff454312252e7a546d65da71f08e086de5705d0e90c03055f0,IMPORT,preserved,,07 Gusttavo Lima - 2021 Buteco in Boston/08 - Duas da Manhã (Ao Vivo).mp3,"sem erro de leitura; metadata INFERRED; título MEDIUM; artista MEDIUM; sem cover; bitrate 40 kbps; sample rate 16000 Hz; desempate final por relative_path",40000,16000,false,INFERRED
07 Gusttavo Lima - 2021 Buteco in Boston/09 - De Menina pra Mulher (Ao Vivo).mp3,27759973b032bdafd8943a7a65257b46b1b8200d2287278bbd4e820529625caa,IMPORT,preserved,,07 Gusttavo Lima - 2021 Buteco in Boston/09 - De Menina pra Mulher (Ao Vivo).mp3,"sem erro de leitura; metadata INFERRED; título MEDIUM; artista MEDIUM; sem cover; bitrate 40 kbps; sample rate 16000 Hz; desempate final por relative_path",40000,16000,false,INFERRED
07 Gusttavo Lima - 2021 Buteco in Boston/10 - Café e Amor (Ao Vivo).mp3,24bb88c118994b2ebe271534b83101388e14652f68b34480dfce3f57f2eb278f,IMPORT,preserved,,07 Gusttavo Lima - 2021 Buteco in Boston/10 - Café e Amor (Ao Vivo).mp3,"sem erro de leitura; metadata INFERRED; título MEDIUM; artista MEDIUM; sem cover; bitrate 40 kbps; sample rate 16000 Hz; desempate final por relative_path",40000,16000,false,INFERRED
07 Gusttavo Lima - 2021 Buteco in Boston/11 - Espetinho (Ao Vivo).mp3,a048951afd04a8222433f80952be8136d61e556001fd2dcd524cd5f708351d44,SKIP_LIKELY,likely_duplicate,42,000 Top Sertanejo ⭐ Hits Sertanejos!/38 - Gusttavo Lima - Espetinho (Ao Vivo).mp3,"sem erro de leitura; metadata GOOD; título HIGH; artista HIGH; cover presente; bitrate 128 kbps; sample rate 44100 Hz; desempate final por relative_path",40000,16000,false,INFERRED
07 Gusttavo Lima - 2021 Buteco in Boston/12 - Tá Faltando Eu feat. Jorge & Mateus.mp3,644f4e727862293b9d351903c92aead879303bfabaf45fef10415f4964194f58,IMPORT,preserved,,07 Gusttavo Lima - 2021 Buteco in Boston/12 - Tá Faltando Eu feat. Jorge & Mateus.mp3,"sem erro de leitura; metadata INFERRED; título MEDIUM; artista MEDIUM; sem cover; bitrate 40 kbps; sample rate 16000 Hz; desempate final por relative_path",40000,16000,false,INFERRED
07 Gusttavo Lima - 2021 Buteco in Boston/13 - Tudo que Eu Queria (Ao Vivo).mp3,2bf1e47d485209cdaf1b84eeec6ac6ade9a35f999ead3ac6c05f10a281a0e4ea,SKIP_LIKELY,likely_duplicate,40,000 Top Sertanejo ⭐ Hits Sertanejos!/29 - Gusttavo Lima - Tudo que Eu Queria (Ao Vivo).mp3,"sem erro de leitura; metadata GOOD; título HIGH; artista HIGH; cover presente; bitrate 128 kbps; sample rate 44100 Hz; desempate final por relative_path",40000,16000,false,INFERRED
07 Gusttavo Lima - 2021 Buteco in Boston/14 - Esse Copo Aqui.mp3,258c3183bf102d20446970f6ee8155e5a33b915fdd738163167750531460e439,IMPORT,preserved,,07 Gusttavo Lima - 2021 Buteco in Boston/14 - Esse Copo Aqui.mp3,"sem erro de leitura; metadata INFERRED; título MEDIUM; artista MEDIUM; sem cover; bitrate 40 kbps; sample rate 16000 Hz; desempate final por relative_path",40000,16000,false,INFERRED
07 Gusttavo Lima - 2021 Buteco in Boston/15 - Tô Torcendo (Ao Vivo).mp3,7beda347bee2dca8cf1c53f3191b57d20e64a2c0786fb0b743269bb0fdf34460,IMPORT,preserved,,07 Gusttavo Lima - 2021 Buteco in Boston/15 - Tô Torcendo (Ao Vivo).mp3,"sem erro de leitura; metadata INFERRED; título MEDIUM; artista MEDIUM; sem cover; bitrate 40 kbps; sample rate 16000 Hz; desempate final por relative_path",40000,16000,false,INFERRED
07 Gusttavo Lima - 2021 Buteco in Boston/16 - Seu Veneno.mp3,d28e3ab1f0d40cb22c78fa6936350acf804411c54fc3c2a18774d0d05530659f,IMPORT,preserved,,07 Gusttavo Lima - 2021 Buteco in Boston/16 - Seu Veneno.mp3,"sem erro de leitura; metadata INFERRED; título MEDIUM; artista MEDIUM; sem cover; bitrate 40 kbps; sample rate 16000 Hz; desempate final por relative_path",40000,16000,false,INFERRED
07 Gusttavo Lima - 2021 Buteco in Boston/18 - Você Não Sabe Amar.mp3,e3b0dd982828915ef77653f69dddac9a5e0f0e6c74cfa2127452bd139cb9525e,IMPORT,preserved,,07 Gusttavo Lima - 2021 Buteco in Boston/18 - Você Não Sabe Amar.mp3,"sem erro de leitura; metadata INFERRED; título MEDIUM; artista MEDIUM; sem cover; bitrate 40 kbps; sample rate 16000 Hz; desempate final por relative_path",40000,16000,false,INFERRED
07 Gusttavo Lima - 2021 Buteco in Boston/19 - Pot-Pourri_ Leva Minha Timidez _ É Amor Demais.mp3,352f3a1a5aa44df09ae0e56059d0459d6d8a1294b7d84d25d4eab7c2d35f86e2,IMPORT,preserved,,07 Gusttavo Lima - 2021 Buteco in Boston/19 - Pot-Pourri_ Leva Minha Timidez _ É Amor Demais.mp3,"sem erro de leitura; metadata INFERRED; título MEDIUM; artista MEDIUM; sem cover; bitrate 40 kbps; sample rate 16000 Hz; desempate final por relative_path",40000,16000,false,INFERRED
07 Gusttavo Lima - 2021 Buteco in Boston/20 - Minha Estrela Perdida.mp3,a7024d7a3c0cfd38e3ac3f1dd2fd81663bab865d366096f47efaae25f9e8ff99,IMPORT,preserved,,07 Gusttavo Lima - 2021 Buteco in Boston/20 - Minha Estrela Perdida.mp3,"sem erro de leitura; metadata INFERRED; título MEDIUM; artista MEDIUM; sem cover; bitrate 40 kbps; sample rate 16000 Hz; desempate final por relative_path",40000,16000,false,INFERRED
07 Gusttavo Lima - 2021 Buteco in Boston/21 - Tentação Cruel.mp3,23292363986dcc0e8df0b1903d2cd75063aaa94ffd643be641e358f2ccbd5ee3,IMPORT,preserved,,07 Gusttavo Lima - 2021 Buteco in Boston/21 - Tentação Cruel.mp3,"sem erro de leitura; metadata INFERRED; título MEDIUM; artista MEDIUM; sem cover; bitrate 40 kbps; sample rate 16000 Hz; desempate final por relative_path",40000,16000,false,INFERRED
08 Maiara & Maraisa - Reflexo/01. Traí Sim (Ao Vivo) (feat. Zé Neto & Cristiano).mp3,6a0ffa9460e5a678f90ff7dc42b7ed785487088966afd33a2bd3dfca2925d9b6,IMPORT,preserved,,08 Maiara & Maraisa - Reflexo/01. Traí Sim (Ao Vivo) (feat. Zé Neto & Cristiano).mp3,"sem erro de leitura; metadata INFERRED; título MEDIUM; artista MEDIUM; sem cover; bitrate 40 kbps; sample rate 16000 Hz; desempate final por relative_path",40000,16000,false,INFERRED
08 Maiara & Maraisa - Reflexo/02. Bebo um Litro e Choro Três (Ao Vivo) (feat. Jorge & Mateus).mp3,bb07419bcfc73e35e5a80a8a7c4cfeefcb071ba6d201f3eabf253fc81d3b6e63,IMPORT,preserved,,08 Maiara & Maraisa - Reflexo/02. Bebo um Litro e Choro Três (Ao Vivo) (feat. Jorge & Mateus).mp3,"sem erro de leitura; metadata INFERRED; título MEDIUM; artista MEDIUM; sem cover; bitrate 40 kbps; sample rate 16000 Hz; desempate final por relative_path",40000,16000,false,INFERRED
08 Maiara & Maraisa - Reflexo/03. A Pergunta (Ao Vivo) (feat. Henrique & Juliano).mp3,d2121a0c9042947b84a3a937c4913809d9d7b1587f6013ac7d70692ea7fdf537,IMPORT,preserved,,08 Maiara & Maraisa - Reflexo/03. A Pergunta (Ao Vivo) (feat. Henrique & Juliano).mp3,"sem erro de leitura; metadata INFERRED; título MEDIUM; artista MEDIUM; sem cover; bitrate 40 kbps; sample rate 16000 Hz; desempate final por relative_path",40000,16000,false,INFERRED
"08 Maiara & Maraisa - Reflexo/04. Meu, Dele, Nosso (Ao Vivo) (feat. Gustavo Mioto).mp3",31c485081881d84289c6c203ab3cdd8de6501276d73b45d5efc841c395b148fa,IMPORT,preserved,,"08 Maiara & Maraisa - Reflexo/04. Meu, Dele, Nosso (Ao Vivo) (feat. Gustavo Mioto).mp3","sem erro de leitura; metadata INFERRED; título MEDIUM; artista MEDIUM; sem cover; bitrate 40 kbps; sample rate 16000 Hz; desempate final por relative_path",40000,16000,false,INFERRED
08 Maiara & Maraisa - Reflexo/05. Tchau (Ao Vivo).mp3,b7ff6848bd8c83d99dfdb77e97799323dfa2e6e64f256565e53b70d244615289,IMPORT,preserved,,08 Maiara & Maraisa - Reflexo/05. Tchau (Ao Vivo).mp3,"sem erro de leitura; metadata INFERRED; título MEDIUM; artista MEDIUM; sem cover; bitrate 40 kbps; sample rate 16000 Hz; desempate final por relative_path",40000,16000,false,INFERRED
08 Maiara & Maraisa - Reflexo/06. Nem Tchum (Ao Vivo).mp3,3c358894609fb9753d1bf16044fa22e860d8a9624005d32e7e92014c390e909f,IMPORT,preserved,,08 Maiara & Maraisa - Reflexo/06. Nem Tchum (Ao Vivo).mp3,"sem erro de leitura; metadata INFERRED; título MEDIUM; artista MEDIUM; sem cover; bitrate 40 kbps; sample rate 16000 Hz; desempate final por relative_path",40000,16000,false,INFERRED
08 Maiara & Maraisa - Reflexo/07. Jogo É Jogo (Ao Vivo).mp3,af8240e2b55d5d664c2710e08499f1c13ed79a3726bde6e9d112b8120863aaee,IMPORT,preserved,,08 Maiara & Maraisa - Reflexo/07. Jogo É Jogo (Ao Vivo).mp3,"sem erro de leitura; metadata INFERRED; título MEDIUM; artista MEDIUM; sem cover; bitrate 40 kbps; sample rate 16000 Hz; desempate final por relative_path",40000,16000,false,INFERRED
08 Maiara & Maraisa - Reflexo/08. Coração Infectado (Ao Vivo).mp3,d20f161dd286a606e2e70170064c0f6046f338614c505684f03d2e7c7ac9be85,IMPORT,preserved,,08 Maiara & Maraisa - Reflexo/08. Coração Infectado (Ao Vivo).mp3,"sem erro de leitura; metadata INFERRED; título MEDIUM; artista MEDIUM; sem cover; bitrate 40 kbps; sample rate 16000 Hz; desempate final por relative_path",40000,16000,false,INFERRED
08 Maiara & Maraisa - Reflexo/09. Vai Ter Que Confiar Em Mim (Ao Vivo).mp3,4e8b08bbcfc9296877220ce92dd6d612bcde6800bfb8faa21a9b221aced1face,IMPORT,preserved,,08 Maiara & Maraisa - Reflexo/09. Vai Ter Que Confiar Em Mim (Ao Vivo).mp3,"sem erro de leitura; metadata INFERRED; título MEDIUM; artista MEDIUM; sem cover; bitrate 40 kbps; sample rate 16000 Hz; desempate final por relative_path",40000,16000,false,INFERRED
08 Maiara & Maraisa - Reflexo/10. Repertório de Outro (Ao Vivo).mp3,7c4d4ab34cb934a22f740f4b81cc54cc5d17da43127045625627da9c02ebc81f,IMPORT,preserved,,08 Maiara & Maraisa - Reflexo/10. Repertório de Outro (Ao Vivo).mp3,"sem erro de leitura; metadata INFERRED; título MEDIUM; artista MEDIUM; sem cover; bitrate 40 kbps; sample rate 16000 Hz; desempate final por relative_path",40000,16000,false,INFERRED
08 Maiara & Maraisa - Reflexo/11. Ai Que Vontade (Ao Vivo).mp3,31d9162713417bd847f5cd59cf78630d32b57ba535e1469700b1af59d17403b1,IMPORT,preserved,,08 Maiara & Maraisa - Reflexo/11. Ai Que Vontade (Ao Vivo).mp3,"sem erro de leitura; metadata INFERRED; título MEDIUM; artista MEDIUM; sem cover; bitrate 40 kbps; sample rate 16000 Hz; desempate final por relative_path",40000,16000,false,INFERRED
08 Maiara & Maraisa - Reflexo/12. Separada (Ao Vivo).mp3,99abeecc80535bb4843fe3a80db29d1055d0b7d5d3d2d7c02bf04daf5b6ff2aa,IMPORT,preserved,,08 Maiara & Maraisa - Reflexo/12. Separada (Ao Vivo).mp3,"sem erro de leitura; metadata INFERRED; título MEDIUM; artista MEDIUM; sem cover; bitrate 40 kbps; sample rate 16000 Hz; desempate final por relative_path",40000,16000,false,INFERRED
08 Maiara & Maraisa - Reflexo/13. Ligação de Emergência (Ao Vivo).mp3,d5cb2d0451c0f5a7fd4e9a7f97f9771db8425c8d9055609ba69f898395421a6b,IMPORT,preserved,,08 Maiara & Maraisa - Reflexo/13. Ligação de Emergência (Ao Vivo).mp3,"sem erro de leitura; metadata INFERRED; título MEDIUM; artista MEDIUM; sem cover; bitrate 40 kbps; sample rate 16000 Hz; desempate final por relative_path",40000,16000,false,INFERRED
08 Maiara & Maraisa - Reflexo/14. Falsa Tentação (Ao Vivo).mp3,386a2679d9885636cc7fb0adeb157ed411353a8ad1b6cae8fb61801cf491ff7e,IMPORT,preserved,,08 Maiara & Maraisa - Reflexo/14. Falsa Tentação (Ao Vivo).mp3,"sem erro de leitura; metadata INFERRED; título MEDIUM; artista MEDIUM; sem cover; bitrate 40 kbps; sample rate 16000 Hz; desempate final por relative_path",40000,16000,false,INFERRED
09 Jorge & Mateus - 2021Tudo Em Paz - Vol.1/01. Lance Individual.mp3,b31df141594bd90408f7895d2f5d03d095b677bcf3e1a4dfd77cd12d2461d12f,IMPORT,preserved,,09 Jorge & Mateus - 2021Tudo Em Paz - Vol.1/01. Lance Individual.mp3,"sem erro de leitura; metadata INFERRED; título MEDIUM; artista MEDIUM; sem cover; bitrate 40 kbps; sample rate 16000 Hz; desempate final por relative_path",40000,16000,false,INFERRED
09 Jorge & Mateus - 2021Tudo Em Paz - Vol.1/02. Vogais e Consoantes.mp3,45e3c03b98c83fe72e1567f556286a47703a0a396d52719343e7f8000ce52c46,IMPORT,preserved,,09 Jorge & Mateus - 2021Tudo Em Paz - Vol.1/02. Vogais e Consoantes.mp3,"sem erro de leitura; metadata INFERRED; título MEDIUM; artista MEDIUM; sem cover; bitrate 40 kbps; sample rate 16000 Hz; desempate final por relative_path",40000,16000,false,INFERRED
09 Jorge & Mateus - 2021Tudo Em Paz - Vol.1/03. Hit do Ano.mp3,0797df5d96ec06633bbb7ad9b145ee08a4bf60d4d2a0f537a6b4740ba780fce2,IMPORT,preserved,,09 Jorge & Mateus - 2021Tudo Em Paz - Vol.1/03. Hit do Ano.mp3,"sem erro de leitura; metadata INFERRED; título MEDIUM; artista MEDIUM; sem cover; bitrate 40 kbps; sample rate 16000 Hz; desempate final por relative_path",40000,16000,false,INFERRED
09 Jorge & Mateus - 2021Tudo Em Paz - Vol.1/04. Paradigmas.mp3,70e69333334a26825f53d913c89dd5fbfbcfc1a0c3603101a1e6c037526430a4,IMPORT,preserved,,09 Jorge & Mateus - 2021Tudo Em Paz - Vol.1/04. Paradigmas.mp3,"sem erro de leitura; metadata INFERRED; título MEDIUM; artista MEDIUM; sem cover; bitrate 40 kbps; sample rate 16000 Hz; desempate final por relative_path",40000,16000,false,INFERRED
09 Jorge & Mateus - 2021Tudo Em Paz - Vol.1/05. Tem Que Sorrir.mp3,c320d1943ce8274b35dc20a1d5d313a8561daba937c461ab6f7913bc709d5aab,IMPORT,preserved,,09 Jorge & Mateus - 2021Tudo Em Paz - Vol.1/05. Tem Que Sorrir.mp3,"sem erro de leitura; metadata INFERRED; título MEDIUM; artista MEDIUM; sem cover; bitrate 40 kbps; sample rate 16000 Hz; desempate final por relative_path",40000,16000,false,INFERRED
09 Jorge & Mateus - 2021Tudo Em Paz - Vol.1/06. Ranking.mp3,3da1c9735c012278e5484df085a6423b68393546f390c189980a48bccca8e6f0,IMPORT,preserved,,09 Jorge & Mateus - 2021Tudo Em Paz - Vol.1/06. Ranking.mp3,"sem erro de leitura; metadata INFERRED; título MEDIUM; artista MEDIUM; sem cover; bitrate 40 kbps; sample rate 16000 Hz; desempate final por relative_path",40000,16000,false,INFERRED
09 Jorge & Mateus - 2021Tudo Em Paz - Vol.1/07. Cheirosa (Ao Vivo).mp3,5c27ade401f3314623566745972bc47a62456762c4a98ebba925e93d5e9a35eb,IMPORT,preserved,,09 Jorge & Mateus - 2021Tudo Em Paz - Vol.1/07. Cheirosa (Ao Vivo).mp3,"sem erro de leitura; metadata INFERRED; título MEDIUM; artista MEDIUM; sem cover; bitrate 40 kbps; sample rate 16000 Hz; desempate final por relative_path",40000,16000,false,INFERRED
09 Jorge & Mateus - 2021Tudo Em Paz - Vol.1/08. Tijolão (Ao Vivo).mp3,d0da63c3ab9ad3e56250023bed96c2701b5673d5d13d3b9923e1c440c0490415,IMPORT,preserved,,09 Jorge & Mateus - 2021Tudo Em Paz - Vol.1/08. Tijolão (Ao Vivo).mp3,"sem erro de leitura; metadata INFERRED; título MEDIUM; artista MEDIUM; sem cover; bitrate 40 kbps; sample rate 16000 Hz; desempate final por relative_path",40000,16000,false,INFERRED
09 Jorge & Mateus - 2021Tudo Em Paz - Vol.1/09. Trincadinho.mp3,afcfdb59464ead77e56015e994361bb0fbc8f2000e4e131247e111a83cf27313,IMPORT,preserved,,09 Jorge & Mateus - 2021Tudo Em Paz - Vol.1/09. Trincadinho.mp3,"sem erro de leitura; metadata INFERRED; título MEDIUM; artista MEDIUM; sem cover; bitrate 40 kbps; sample rate 16000 Hz; desempate final por relative_path",40000,16000,false,INFERRED
09 Jorge & Mateus - 2021Tudo Em Paz - Vol.1/10. Propaganda (Ao Vivo).mp3,05a399a8c77f907ed834c116daa680ec59fd7a0f03c9222eeccf85d16030c597,IMPORT,preserved,,09 Jorge & Mateus - 2021Tudo Em Paz - Vol.1/10. Propaganda (Ao Vivo).mp3,"sem erro de leitura; metadata INFERRED; título MEDIUM; artista MEDIUM; sem cover; bitrate 40 kbps; sample rate 16000 Hz; desempate final por relative_path",40000,16000,false,INFERRED
09 Jorge & Mateus - 2021Tudo Em Paz - Vol.1/11. Sosseguei (Ao Vivo).mp3,4d3c40a27d41dcd3a3fb20a48ee0f6000a2c53d7c2872b444d67f41069cf5ad3,IMPORT,preserved,,09 Jorge & Mateus - 2021Tudo Em Paz - Vol.1/11. Sosseguei (Ao Vivo).mp3,"sem erro de leitura; metadata INFERRED; título MEDIUM; artista MEDIUM; sem cover; bitrate 40 kbps; sample rate 16000 Hz; desempate final por relative_path",40000,16000,false,INFERRED
09 Jorge & Mateus - 2021Tudo Em Paz - Vol.1/12. Louca de Saudade (Ao Vivo).mp3,dbf1c17fe0936656a60aa9b141d5846781455503349247e95422364c31d5a59b,IMPORT,preserved,,09 Jorge & Mateus - 2021Tudo Em Paz - Vol.1/12. Louca de Saudade (Ao Vivo).mp3,"sem erro de leitura; metadata INFERRED; título MEDIUM; artista MEDIUM; sem cover; bitrate 40 kbps; sample rate 16000 Hz; desempate final por relative_path",40000,16000,false,INFERRED
09 Jorge & Mateus - 2021Tudo Em Paz - Vol.1/13. Antônimos (Ao Vivo).mp3,8782fa145c658fb01e973cca66a3eebc7d7290fcab9b83b01e07b18b10977cac,IMPORT,preserved,,09 Jorge & Mateus - 2021Tudo Em Paz - Vol.1/13. Antônimos (Ao Vivo).mp3,"sem erro de leitura; metadata INFERRED; título MEDIUM; artista MEDIUM; sem cover; bitrate 40 kbps; sample rate 16000 Hz; desempate final por relative_path",40000,16000,false,INFERRED
09 Jorge & Mateus - 2021Tudo Em Paz - Vol.1/14. Paredes (Ao Vivo).mp3,7f15f3af70d788c0bc0f82b84383212b6164d535823d4a31881bc9d8b177d359,IMPORT,preserved,,09 Jorge & Mateus - 2021Tudo Em Paz - Vol.1/14. Paredes (Ao Vivo).mp3,"sem erro de leitura; metadata INFERRED; título MEDIUM; artista MEDIUM; sem cover; bitrate 40 kbps; sample rate 16000 Hz; desempate final por relative_path",40000,16000,false,INFERRED
09 Jorge & Mateus - 2021Tudo Em Paz - Vol.1/15. Ou Some Ou Soma (Ao Vivo).mp3,bcd184a2cae97f925320f2aa15e9a9019f07aa7c138b453ffb5271ca5386d4f9,IMPORT,preserved,,09 Jorge & Mateus - 2021Tudo Em Paz - Vol.1/15. Ou Some Ou Soma (Ao Vivo).mp3,"sem erro de leitura; metadata INFERRED; título MEDIUM; artista MEDIUM; sem cover; bitrate 40 kbps; sample rate 16000 Hz; desempate final por relative_path",40000,16000,false,INFERRED
09 Jorge & Mateus - 2021Tudo Em Paz - Vol.1/16. Terra Sem CEP (Ao Vivo).mp3,3d4ca24ba6fb81c111980cac8bc98016ad761895f6e5039e6433b8ac013851c5,IMPORT,preserved,,09 Jorge & Mateus - 2021Tudo Em Paz - Vol.1/16. Terra Sem CEP (Ao Vivo).mp3,"sem erro de leitura; metadata INFERRED; título MEDIUM; artista MEDIUM; sem cover; bitrate 40 kbps; sample rate 16000 Hz; desempate final por relative_path",40000,16000,false,INFERRED
09 Jorge & Mateus - 2021Tudo Em Paz - Vol.1/17. Dias de Sol (Ao Vivo).mp3,5bb6ea6b5c31557eedf85b6e4973356418edb57f43b990ebaed9e8a1837d953b,IMPORT,preserved,,09 Jorge & Mateus - 2021Tudo Em Paz - Vol.1/17. Dias de Sol (Ao Vivo).mp3,"sem erro de leitura; metadata INFERRED; título MEDIUM; artista MEDIUM; sem cover; bitrate 40 kbps; sample rate 16000 Hz; desempate final por relative_path",40000,16000,false,INFERRED
09 Jorge & Mateus - 2021Tudo Em Paz - Vol.1/18. Bobinha (Ao Vivo).mp3,03f6fdaaafe49bdd80e26cc7bdefe0b36e3f0d3aadfe314c2ca20b25b104e836,IMPORT,preserved,,09 Jorge & Mateus - 2021Tudo Em Paz - Vol.1/18. Bobinha (Ao Vivo).mp3,"sem erro de leitura; metadata INFERRED; título MEDIUM; artista MEDIUM; sem cover; bitrate 40 kbps; sample rate 16000 Hz; desempate final por relative_path",40000,16000,false,INFERRED
09 Jorge & Mateus - 2021Tudo Em Paz - Vol.1/19. Coração Calejado (Ao Vivo).mp3,791029ab7a0ec510fb8d4ddef14c64f219bf3e87cf80c4fd6457ee6416bee949,IMPORT,preserved,,09 Jorge & Mateus - 2021Tudo Em Paz - Vol.1/19. Coração Calejado (Ao Vivo).mp3,"sem erro de leitura; metadata INFERRED; título MEDIUM; artista MEDIUM; sem cover; bitrate 40 kbps; sample rate 16000 Hz; desempate final por relative_path",40000,16000,false,INFERRED
09 Jorge & Mateus - 2021Tudo Em Paz - Vol.1/20. Preocupa Não (Ao Vivo).mp3,50430f844f934e94474f11923d86dd199d4c90487d215d46e6560dcb5ab466e3,IMPORT,preserved,,09 Jorge & Mateus - 2021Tudo Em Paz - Vol.1/20. Preocupa Não (Ao Vivo).mp3,"sem erro de leitura; metadata INFERRED; título MEDIUM; artista MEDIUM; sem cover; bitrate 40 kbps; sample rate 16000 Hz; desempate final por relative_path",40000,16000,false,INFERRED
09 Jorge & Mateus - 2021Tudo Em Paz - Vol.1/21. Novo Amigo (Ao Vivo).mp3,103932ba86d691dffb0df5357c66ae2ffe53632a075818072031d37aa0d9c8ed,IMPORT,preserved,,09 Jorge & Mateus - 2021Tudo Em Paz - Vol.1/21. Novo Amigo (Ao Vivo).mp3,"sem erro de leitura; metadata INFERRED; título MEDIUM; artista MEDIUM; sem cover; bitrate 40 kbps; sample rate 16000 Hz; desempate final por relative_path",40000,16000,false,INFERRED
09 Jorge & Mateus - 2021Tudo Em Paz - Vol.1/22. Amor Turista (Ao Vivo).mp3,4b846a6726bf864407fd94f3c198fa09b3898ad67ad010f5546421b01dfc7f15,IMPORT,preserved,,09 Jorge & Mateus - 2021Tudo Em Paz - Vol.1/22. Amor Turista (Ao Vivo).mp3,"sem erro de leitura; metadata INFERRED; título MEDIUM; artista MEDIUM; sem cover; bitrate 40 kbps; sample rate 16000 Hz; desempate final por relative_path",40000,16000,false,INFERRED
09 Jorge & Mateus - 2021Tudo Em Paz - Vol.1/23. Tela Preta.mp3,b21cb6cedf0b1bccc1b9fc745bac55efb9b949fa4affd09d757b0cd716985975,IMPORT,preserved,,09 Jorge & Mateus - 2021Tudo Em Paz - Vol.1/23. Tela Preta.mp3,"sem erro de leitura; metadata INFERRED; título MEDIUM; artista MEDIUM; sem cover; bitrate 40 kbps; sample rate 16000 Hz; desempate final por relative_path",40000,16000,false,INFERRED
09 Jorge & Mateus - 2021Tudo Em Paz - Vol.1/24. Instantes.mp3,74e31f184fc2a64806c7ff38242cc6e4d9cebde487baf7d595625d99609856a2,IMPORT,preserved,,09 Jorge & Mateus - 2021Tudo Em Paz - Vol.1/24. Instantes.mp3,"sem erro de leitura; metadata INFERRED; título MEDIUM; artista MEDIUM; sem cover; bitrate 40 kbps; sample rate 16000 Hz; desempate final por relative_path",40000,16000,false,INFERRED
09 Jorge & Mateus - 2021Tudo Em Paz - Vol.1/25. Vale por Dez (Ao Vivo).mp3,afacce5ab2126b78e45583c81b1aef324a793081aa2dd53d67342bbca531189b,IMPORT,preserved,,09 Jorge & Mateus - 2021Tudo Em Paz - Vol.1/25. Vale por Dez (Ao Vivo).mp3,"sem erro de leitura; metadata INFERRED; título MEDIUM; artista MEDIUM; sem cover; bitrate 40 kbps; sample rate 16000 Hz; desempate final por relative_path",40000,16000,false,INFERRED
10 GOIANO&PARANAENSE/01 - GOIANO E PARANAENSE AS 20 MAIS VOL.1 - 01-MEU RECANTO MEU PARAÍSO - title.mp3,b19fb7c56d98223c0d2022005aaa4741b171ebef08657e90dc9b8dec285a7a23,IMPORT,preserved,,10 GOIANO&PARANAENSE/01 - GOIANO E PARANAENSE AS 20 MAIS VOL.1 - 01-MEU RECANTO MEU PARAÍSO - title.mp3,"sem erro de leitura; metadata GOOD; título HIGH; artista HIGH; sem cover; bitrate 128 kbps; sample rate 44100 Hz; desempate final por relative_path",128000,44100,false,GOOD
10 GOIANO&PARANAENSE/02 - GOIANO E PARANAENSE AS 20 MAIS VOL.1 - 02-O DOUTOR E O CAIPIRA - title.mp3,423d972bbee2286e536c930f1331c74d595c40e5fbedf037c5d5b8266e098655,IMPORT,preserved,,10 GOIANO&PARANAENSE/02 - GOIANO E PARANAENSE AS 20 MAIS VOL.1 - 02-O DOUTOR E O CAIPIRA - title.mp3,"sem erro de leitura; metadata GOOD; título HIGH; artista HIGH; sem cover; bitrate 128 kbps; sample rate 44100 Hz; desempate final por relative_path",128000,44100,false,GOOD
10 GOIANO&PARANAENSE/03 - GOIANO E PARANAENSE AS 20 MAIS VOL.1 - 03-NO FIM DOS TEMPOS - title.mp3,743e084f874caf7c195dae785099930d7fdbf8a429235322170e5da88638d53f,IMPORT,preserved,,10 GOIANO&PARANAENSE/03 - GOIANO E PARANAENSE AS 20 MAIS VOL.1 - 03-NO FIM DOS TEMPOS - title.mp3,"sem erro de leitura; metadata GOOD; título HIGH; artista HIGH; sem cover; bitrate 128 kbps; sample rate 44100 Hz; desempate final por relative_path",128000,44100,false,GOOD
10 GOIANO&PARANAENSE/04 - GOIANO E PARANAENSE AS 20 MAIS VOL.1 - 04-A VIOLA E A SAUDADE - title.mp3,63cb7cb9abb6fa30c5478e5168bc7fb94d1263028f08d591ef7f8fbb2c683c8a,IMPORT,preserved,,10 GOIANO&PARANAENSE/04 - GOIANO E PARANAENSE AS 20 MAIS VOL.1 - 04-A VIOLA E A SAUDADE - title.mp3,"sem erro de leitura; metadata GOOD; título HIGH; artista HIGH; sem cover; bitrate 128 kbps; sample rate 44100 Hz; desempate final por relative_path",128000,44100,false,GOOD
10 GOIANO&PARANAENSE/05 - GOIANO E PARANAENSE AS 20 MAIS VOL.1 - 05-MINHA VIDA MINHA LUZ - title.mp3,744cafbfa6db13130cd4e3dbee46559b74442cb75b537260c86338f43aa632bf,IMPORT,preserved,,10 GOIANO&PARANAENSE/05 - GOIANO E PARANAENSE AS 20 MAIS VOL.1 - 05-MINHA VIDA MINHA LUZ - title.mp3,"sem erro de leitura; metadata GOOD; título HIGH; artista HIGH; sem cover; bitrate 128 kbps; sample rate 44100 Hz; desempate final por relative_path",128000,44100,false,GOOD
10 GOIANO&PARANAENSE/06 - GOIANO E PARANAENSE AS 20 MAIS VOL.1 - 06-AMOR AMIGO - title.mp3,5125f28cac35c4ae2287ce99bd06056a7ac95edeaf2d43d8ee51579756967a75,IMPORT,preserved,,10 GOIANO&PARANAENSE/06 - GOIANO E PARANAENSE AS 20 MAIS VOL.1 - 06-AMOR AMIGO - title.mp3,"sem erro de leitura; metadata GOOD; título HIGH; artista HIGH; sem cover; bitrate 128 kbps; sample rate 44100 Hz; desempate final por relative_path",128000,44100,false,GOOD
10 GOIANO&PARANAENSE/07 - GOIANO E PARANAENSE AS 20 MAIS VOL.1 - 07-PALAVRA DE HONRA - title.mp3,6488cebb6d0f0c35f1f44e9b759fe638be5f7c4df9cf5fa4e7abf4eff34b00d8,IMPORT,preserved,,10 GOIANO&PARANAENSE/07 - GOIANO E PARANAENSE AS 20 MAIS VOL.1 - 07-PALAVRA DE HONRA - title.mp3,"sem erro de leitura; metadata GOOD; título HIGH; artista HIGH; sem cover; bitrate 128 kbps; sample rate 44100 Hz; desempate final por relative_path",128000,44100,false,GOOD
10 GOIANO&PARANAENSE/08 - GOIANO E PARANAENSE AS 20 MAIS VOL.1 - 08-O CAIPIRA E O LAVRADOR - title.mp3,45457996615c613a1ff3b840d42bb27c2461b80bd76bc1abf1fba9535e2e27f8,IMPORT,preserved,,10 GOIANO&PARANAENSE/08 - GOIANO E PARANAENSE AS 20 MAIS VOL.1 - 08-O CAIPIRA E O LAVRADOR - title.mp3,"sem erro de leitura; metadata GOOD; título HIGH; artista HIGH; sem cover; bitrate 128 kbps; sample rate 44100 Hz; desempate final por relative_path",128000,44100,false,GOOD
10 GOIANO&PARANAENSE/09 - GOIANO E PARANAENSE AS 20 MAIS VOL.1 - 09-FUGINDO DA SOLIDÃO - title.mp3,4ae1a9214f96208557c1dfb6f8f3e77b7d404e0c97cfff00ac1a4900ffec1c54,IMPORT,preserved,,10 GOIANO&PARANAENSE/09 - GOIANO E PARANAENSE AS 20 MAIS VOL.1 - 09-FUGINDO DA SOLIDÃO - title.mp3,"sem erro de leitura; metadata GOOD; título HIGH; artista HIGH; sem cover; bitrate 128 kbps; sample rate 44100 Hz; desempate final por relative_path",128000,44100,false,GOOD
10 GOIANO&PARANAENSE/10 - GOIANO E PARANAENSE AS 20 MAIS VOL.1 - 10-COLAR DE PAIXÃO - title.mp3,1c9c54eae69c25734553c681885df59fb90791f6464574ce57a0ca6ba2849ce8,IMPORT,preserved,,10 GOIANO&PARANAENSE/10 - GOIANO E PARANAENSE AS 20 MAIS VOL.1 - 10-COLAR DE PAIXÃO - title.mp3,"sem erro de leitura; metadata GOOD; título HIGH; artista HIGH; sem cover; bitrate 128 kbps; sample rate 44100 Hz; desempate final por relative_path",128000,44100,false,GOOD
10 GOIANO&PARANAENSE/11 - GOIANO E PARANAENSE AS 20 MAIS VOL.1 - 11-HOMEM DO MILÊNIO - title.mp3,b1830fdd7fd5b7f4a5d470c252a072d0a41796569c72c031684ca7567d0d4d07,IMPORT,preserved,,10 GOIANO&PARANAENSE/11 - GOIANO E PARANAENSE AS 20 MAIS VOL.1 - 11-HOMEM DO MILÊNIO - title.mp3,"sem erro de leitura; metadata GOOD; título HIGH; artista HIGH; sem cover; bitrate 128 kbps; sample rate 44100 Hz; desempate final por relative_path",128000,44100,false,GOOD
10 GOIANO&PARANAENSE/12 - GOIANO E PARANAENSE AS 20 MAIS VOL.1 - 12-RENASCER - title.mp3,c3b0f5b1a77d4185dc6c6c3116b7c203e392d19a2f64d0f82d8024b47c6f512a,IMPORT,preserved,,10 GOIANO&PARANAENSE/12 - GOIANO E PARANAENSE AS 20 MAIS VOL.1 - 12-RENASCER - title.mp3,"sem erro de leitura; metadata GOOD; título HIGH; artista HIGH; sem cover; bitrate 128 kbps; sample rate 44100 Hz; desempate final por relative_path",128000,44100,false,GOOD
10 GOIANO&PARANAENSE/13 - GOIANO E PARANAENSE AS 20 MAIS VOL.1 - 13-CASA DE CAPIM - title.mp3,3851058195db3451326a2711643101eedb0f853bb78e986f35b8dee20a2859a2,IMPORT,preserved,,10 GOIANO&PARANAENSE/13 - GOIANO E PARANAENSE AS 20 MAIS VOL.1 - 13-CASA DE CAPIM - title.mp3,"sem erro de leitura; metadata GOOD; título HIGH; artista HIGH; sem cover; bitrate 128 kbps; sample rate 44100 Hz; desempate final por relative_path",128000,44100,false,GOOD
10 GOIANO&PARANAENSE/14 - GOIANO E PARANAENSE AS 20 MAIS VOL.1 - 14-A VIDA DE UM BOIADEIRO - title.mp3,6accaacae15c4460083fd4651db3ceacd16a5d3858e2d316a5b60ed552e5501f,IMPORT,preserved,,10 GOIANO&PARANAENSE/14 - GOIANO E PARANAENSE AS 20 MAIS VOL.1 - 14-A VIDA DE UM BOIADEIRO - title.mp3,"sem erro de leitura; metadata GOOD; título HIGH; artista HIGH; sem cover; bitrate 128 kbps; sample rate 44100 Hz; desempate final por relative_path",128000,44100,false,GOOD
10 GOIANO&PARANAENSE/15 - GOIANO E PARANAENSE AS 20 MAIS VOL.1 - 15-MINHA VIZINHA - title.mp3,cc99842a207a8121589226c60d8a1bc81eec29f85769c4108306e2d9510f288a,IMPORT,preserved,,10 GOIANO&PARANAENSE/15 - GOIANO E PARANAENSE AS 20 MAIS VOL.1 - 15-MINHA VIZINHA - title.mp3,"sem erro de leitura; metadata GOOD; título HIGH; artista HIGH; sem cover; bitrate 128 kbps; sample rate 44100 Hz; desempate final por relative_path",128000,44100,false,GOOD
10 GOIANO&PARANAENSE/16 - GOIANO E PARANAENSE AS 20 MAIS VOL.1 - 16-A SEREIA E O NEGO D'ÀGUA - title.mp3,097b2ad4936ea5e5f9270c377f418ee894d77c67a403fff2cab3782519fb83b9,IMPORT,preserved,,10 GOIANO&PARANAENSE/16 - GOIANO E PARANAENSE AS 20 MAIS VOL.1 - 16-A SEREIA E O NEGO D'ÀGUA - title.mp3,"sem erro de leitura; metadata GOOD; título HIGH; artista HIGH; sem cover; bitrate 128 kbps; sample rate 44100 Hz; desempate final por relative_path",128000,44100,false,GOOD
10 GOIANO&PARANAENSE/17 - GOIANO E PARANAENSE AS 20 MAIS VOL.1 - 17-O VOÔ DA ANDORINHA - title.mp3,2b7a1783d769db3deaad35ea9d85e049160b110c018ccece9ad2e54b65c18ee4,IMPORT,preserved,,10 GOIANO&PARANAENSE/17 - GOIANO E PARANAENSE AS 20 MAIS VOL.1 - 17-O VOÔ DA ANDORINHA - title.mp3,"sem erro de leitura; metadata GOOD; título HIGH; artista HIGH; sem cover; bitrate 128 kbps; sample rate 44100 Hz; desempate final por relative_path",128000,44100,false,GOOD
10 GOIANO&PARANAENSE/18 - GOIANO E PARANAENSE AS 20 MAIS VOL.1 - 18-PEÃO CAMINHONEIRO - title.mp3,6a095ee0c2a8ae7c7b15ec64f0f62078dbb9493a8306b302dd0fc741b6febd78,IMPORT,preserved,,10 GOIANO&PARANAENSE/18 - GOIANO E PARANAENSE AS 20 MAIS VOL.1 - 18-PEÃO CAMINHONEIRO - title.mp3,"sem erro de leitura; metadata GOOD; título HIGH; artista HIGH; sem cover; bitrate 128 kbps; sample rate 44100 Hz; desempate final por relative_path",128000,44100,false,GOOD
10 GOIANO&PARANAENSE/19 - GOIANO E PARANAENSE AS 20 MAIS VOL.1 - 19-EXPLOSÃO DE AMOR - title.mp3,b6dfc2a4391291a6636cd836e512c1e9fbc1fa9f3a9d0a82d33436d12360f7d8,IMPORT,preserved,,10 GOIANO&PARANAENSE/19 - GOIANO E PARANAENSE AS 20 MAIS VOL.1 - 19-EXPLOSÃO DE AMOR - title.mp3,"sem erro de leitura; metadata GOOD; título HIGH; artista HIGH; sem cover; bitrate 128 kbps; sample rate 44100 Hz; desempate final por relative_path",128000,44100,false,GOOD
10 GOIANO&PARANAENSE/20 - GOIANO E PARANAENSE AS 20 MAIS VOL.1 - 20-SEDE DE MUDANÇA - title.mp3,1c3afd369ec8adda093fc4c9b604d68b700944561514279d59856810d57aca84,IMPORT,preserved,,10 GOIANO&PARANAENSE/20 - GOIANO E PARANAENSE AS 20 MAIS VOL.1 - 20-SEDE DE MUDANÇA - title.mp3,"sem erro de leitura; metadata GOOD; título HIGH; artista HIGH; sem cover; bitrate 128 kbps; sample rate 44100 Hz; desempate final por relative_path",128000,44100,false,GOOD
10 GOIANO&PARANAENSE/21 - GOIANO E PARANAENSE AS 20 MAIS VOL.1 - 21-INGRATA MARIA - title.mp3,e5c8eb7b0afe6315abff4cdb05702c0d6c7f27b8206aea25f04628c23ba68c4b,IMPORT,preserved,,10 GOIANO&PARANAENSE/21 - GOIANO E PARANAENSE AS 20 MAIS VOL.1 - 21-INGRATA MARIA - title.mp3,"sem erro de leitura; metadata GOOD; título HIGH; artista HIGH; sem cover; bitrate 128 kbps; sample rate 44100 Hz; desempate final por relative_path",128000,44100,false,GOOD
10 GOIANO&PARANAENSE/22 - GOIANO E PARANAENSE AS 20 MAIS VOL.1 - 22-LAMENTO DE UM PEÃO - title.mp3,87195e9549553d31b39ba11383dfefb9f37e32e3c05327509530de849dad707a,IMPORT,preserved,,10 GOIANO&PARANAENSE/22 - GOIANO E PARANAENSE AS 20 MAIS VOL.1 - 22-LAMENTO DE UM PEÃO - title.mp3,"sem erro de leitura; metadata GOOD; título HIGH; artista HIGH; sem cover; bitrate 128 kbps; sample rate 44100 Hz; desempate final por relative_path",128000,44100,false,GOOD
10 GOIANO&PARANAENSE/23 - GOIANO E PARANAENSE AS 20 MAIS VOL.1 - 23-O VAQUEIRO - title.mp3,8bc1ef27bf576d2889e81314201ed530835654020b882ecbed2e8a56d3881245,IMPORT,preserved,,10 GOIANO&PARANAENSE/23 - GOIANO E PARANAENSE AS 20 MAIS VOL.1 - 23-O VAQUEIRO - title.mp3,"sem erro de leitura; metadata GOOD; título HIGH; artista HIGH; sem cover; bitrate 128 kbps; sample rate 44100 Hz; desempate final por relative_path",128000,44100,false,GOOD
10 GOIANO&PARANAENSE/24 - GOIANO E PARANAENSE AS 20 MAIS VOL.1 - 24-FRANGUINHO NA PANELA - title.mp3,b8d9d4f95a5cae0659c88047ebd581d2eca9130f14947412fdffbaf3df9f905c,IMPORT,preserved,,10 GOIANO&PARANAENSE/24 - GOIANO E PARANAENSE AS 20 MAIS VOL.1 - 24-FRANGUINHO NA PANELA - title.mp3,"sem erro de leitura; metadata GOOD; título HIGH; artista HIGH; sem cover; bitrate 128 kbps; sample rate 44100 Hz; desempate final por relative_path",128000,44100,false,GOOD
10 Guilherme e Benuto -2021 PISCINA/03 PULEI NA PISCINA.mp3,8ae55cf3e4b3c5e5de0d53376965a2571acb6c3a6ef90211f1175726d6c0a295,IMPORT,preserved,,10 Guilherme e Benuto -2021 PISCINA/03 PULEI NA PISCINA.mp3,"sem erro de leitura; metadata INFERRED; título MEDIUM; artista MEDIUM; sem cover; bitrate 40 kbps; sample rate 16000 Hz; desempate final por relative_path",40000,16000,false,INFERRED
10 Guilherme e Benuto -2021 PISCINA/04 - 3 Batidas.mp3,e039948f548a4f7b2c8d621c8452d94a12e202662595c40bc24fe416b0b543ff,IMPORT,preserved,,10 Guilherme e Benuto -2021 PISCINA/04 - 3 Batidas.mp3,"sem erro de leitura; metadata INFERRED; título MEDIUM; artista MEDIUM; sem cover; bitrate 40 kbps; sample rate 16000 Hz; desempate final por relative_path",40000,16000,false,INFERRED
10 Guilherme e Benuto -2021 PISCINA/04 MEUS VICIOS.mp3,9493bc3aea6d8ec043d921e47aa0e55ce6701ffe7d258808f4f3e9dc0d32de25,IMPORT,preserved,,10 Guilherme e Benuto -2021 PISCINA/04 MEUS VICIOS.mp3,"sem erro de leitura; metadata INFERRED; título MEDIUM; artista MEDIUM; sem cover; bitrate 40 kbps; sample rate 16000 Hz; desempate final por relative_path",40000,16000,false,INFERRED
10 Guilherme e Benuto -2021 PISCINA/05 - Vulnerável.mp3,68a120149c5c27381966ccdfdc65cf85bf8f29138b287095d83e47aa0eb80e72,IMPORT,preserved,,10 Guilherme e Benuto -2021 PISCINA/05 - Vulnerável.mp3,"sem erro de leitura; metadata INFERRED; título MEDIUM; artista MEDIUM; sem cover; bitrate 40 kbps; sample rate 16000 Hz; desempate final por relative_path",40000,16000,false,INFERRED
10 Guilherme e Benuto -2021 PISCINA/06 - Drive In (Ao Vivo).mp3,b46240bb416713c4dc06c9b2b8267105ba8446990605f0f4ac2aa7c203e3bd41,IMPORT,preserved,,10 Guilherme e Benuto -2021 PISCINA/06 - Drive In (Ao Vivo).mp3,"sem erro de leitura; metadata INFERRED; título MEDIUM; artista MEDIUM; sem cover; bitrate 40 kbps; sample rate 16000 Hz; desempate final por relative_path",40000,16000,false,INFERRED
10 Guilherme e Benuto -2021 PISCINA/07 - Cá Entre Nós.mp3,73db68cdfcd9a30a9b7eddef9e260e34007fd2f78338b4520d2cc54fc77e9865,IMPORT,preserved,,10 Guilherme e Benuto -2021 PISCINA/07 - Cá Entre Nós.mp3,"sem erro de leitura; metadata INFERRED; título MEDIUM; artista MEDIUM; sem cover; bitrate 40 kbps; sample rate 16000 Hz; desempate final por relative_path",40000,16000,false,INFERRED
10 Guilherme e Benuto -2021 PISCINA/08 - Cheiro de Saudade.mp3,0203afdd839753abb951a3a486a4c27a25896034ebf0f6dd03c32725ce604416,IMPORT,preserved,,10 Guilherme e Benuto -2021 PISCINA/08 - Cheiro de Saudade.mp3,"sem erro de leitura; metadata INFERRED; título MEDIUM; artista MEDIUM; sem cover; bitrate 40 kbps; sample rate 16000 Hz; desempate final por relative_path",40000,16000,false,INFERRED
10 Guilherme e Benuto -2021 PISCINA/09 - Camisa Preta.mp3,0d5bdfebf873a08f13eb1396035eeeaeb151207f5f21ed41ace69170d678ef52,IMPORT,preserved,,10 Guilherme e Benuto -2021 PISCINA/09 - Camisa Preta.mp3,"sem erro de leitura; metadata INFERRED; título MEDIUM; artista MEDIUM; sem cover; bitrate 40 kbps; sample rate 16000 Hz; desempate final por relative_path",40000,16000,false,INFERRED
10 Guilherme e Benuto -2021 PISCINA/10 - Flor Que Se Cheira.mp3,c561dd4b1d169ed33fa4f9a596ea3204215f5dd24c6497b4319f636c882b092f,IMPORT,preserved,,10 Guilherme e Benuto -2021 PISCINA/10 - Flor Que Se Cheira.mp3,"sem erro de leitura; metadata INFERRED; título MEDIUM; artista MEDIUM; sem cover; bitrate 40 kbps; sample rate 16000 Hz; desempate final por relative_path",40000,16000,false,INFERRED
10 Guilherme e Benuto -2021 PISCINA/11 - Tiro de Festim.mp3,236e4bf289a1901929d443eb383d99193b52f5211870a3312c765484eb0eb812,IMPORT,preserved,,10 Guilherme e Benuto -2021 PISCINA/11 - Tiro de Festim.mp3,"sem erro de leitura; metadata INFERRED; título MEDIUM; artista MEDIUM; sem cover; bitrate 40 kbps; sample rate 16000 Hz; desempate final por relative_path",40000,16000,false,INFERRED
10 Guilherme e Benuto -2021 PISCINA/12 - Beijando de Olho Aberto.mp3,dc8c470efb67d147f527ee9410dcd85bd7ac1a63e39a0888f7de115a0c0ddfee,IMPORT,preserved,,10 Guilherme e Benuto -2021 PISCINA/12 - Beijando de Olho Aberto.mp3,"sem erro de leitura; metadata INFERRED; título MEDIUM; artista MEDIUM; sem cover; bitrate 40 kbps; sample rate 16000 Hz; desempate final por relative_path",40000,16000,false,INFERRED
10 Guilherme e Benuto -2021 PISCINA/13 - Você Não é de Bar feat. Fernando & Sorocaba.mp3,3d5737ce44929264316b49818de2ce543f305b8bcd2d6838b752f8164e6bc2c0,IMPORT,preserved,,10 Guilherme e Benuto -2021 PISCINA/13 - Você Não é de Bar feat. Fernando & Sorocaba.mp3,"sem erro de leitura; metadata INFERRED; título MEDIUM; artista MEDIUM; sem cover; bitrate 40 kbps; sample rate 16000 Hz; desempate final por relative_path",40000,16000,false,INFERRED
10 Guilherme e Benuto -2021 PISCINA/14 - Da Cama Pro Coração feat. Ciro Netto & Manuel.mp3,fbd91ee4238cc7fefe17354eb83a99a869da2d18b4b3301383a714b92b0ffc34,IMPORT,preserved,,10 Guilherme e Benuto -2021 PISCINA/14 - Da Cama Pro Coração feat. Ciro Netto & Manuel.mp3,"sem erro de leitura; metadata INFERRED; título MEDIUM; artista MEDIUM; sem cover; bitrate 40 kbps; sample rate 16000 Hz; desempate final por relative_path",40000,16000,false,INFERRED
10 Guilherme e Benuto -2021 PISCINA/15 - Melhor Rolê da City feat. DJ Guuga.mp3,6f7c13f31c7c321ece911fc8fc733d701053f3009df079ac5674dd7e500ce54d,IMPORT,preserved,,10 Guilherme e Benuto -2021 PISCINA/15 - Melhor Rolê da City feat. DJ Guuga.mp3,"sem erro de leitura; metadata INFERRED; título MEDIUM; artista MEDIUM; sem cover; bitrate 40 kbps; sample rate 16000 Hz; desempate final por relative_path",40000,16000,false,INFERRED
10 Guilherme e Benuto -2021 PISCINA/16 - Declaração pro Bar feat. Israel & Rodolffo.mp3,490ceeea73e951e1da3486b2fbee72789d736192668f937152e0468dd9e52a11,IMPORT,preserved,,10 Guilherme e Benuto -2021 PISCINA/16 - Declaração pro Bar feat. Israel & Rodolffo.mp3,"sem erro de leitura; metadata INFERRED; título MEDIUM; artista MEDIUM; sem cover; bitrate 40 kbps; sample rate 16000 Hz; desempate final por relative_path",40000,16000,false,INFERRED
10 Guilherme e Benuto -2021 PISCINA/17 - 51 Dias feat. Edson & Hudson.mp3,16e083f39afb5b9eb16ffbb1bca3c1a588fe1d47cd98b4a294661310ff3b1be0,IMPORT,preserved,,10 Guilherme e Benuto -2021 PISCINA/17 - 51 Dias feat. Edson & Hudson.mp3,"sem erro de leitura; metadata INFERRED; título MEDIUM; artista MEDIUM; sem cover; bitrate 40 kbps; sample rate 16000 Hz; desempate final por relative_path",40000,16000,false,INFERRED
10 Guilherme e Benuto -2021 PISCINA/18 - Amor Tarja Preta.mp3,bcaa0b555df7576bc67f9c1360c61ce1251b623087a0bd6a5c931f8b005127ad,IMPORT,preserved,,10 Guilherme e Benuto -2021 PISCINA/18 - Amor Tarja Preta.mp3,"sem erro de leitura; metadata INFERRED; título MEDIUM; artista MEDIUM; sem cover; bitrate 40 kbps; sample rate 16000 Hz; desempate final por relative_path",40000,16000,false,INFERRED
10 Guilherme e Benuto -2021 PISCINA/19 - Com Quem Será.mp3,cac49d8c710f7bec8fecff4d80175748f1d66f5ac195b2705aa35153b063165f,IMPORT,preserved,,10 Guilherme e Benuto -2021 PISCINA/19 - Com Quem Será.mp3,"sem erro de leitura; metadata INFERRED; título MEDIUM; artista MEDIUM; sem cover; bitrate 40 kbps; sample rate 16000 Hz; desempate final por relative_path",40000,16000,false,INFERRED
10 Guilherme e Benuto -2021 PISCINA/20 - Frio da Madrugada _ Desatino.mp3,13abb5c87770f561d8e5b53359490512f5fe44a707e2f0270965034b27a85bab,IMPORT,preserved,,10 Guilherme e Benuto -2021 PISCINA/20 - Frio da Madrugada _ Desatino.mp3,"sem erro de leitura; metadata INFERRED; título MEDIUM; artista MEDIUM; sem cover; bitrate 40 kbps; sample rate 16000 Hz; desempate final por relative_path",40000,16000,false,INFERRED
10 Guilherme e Benuto -2021 PISCINA/21 - Oitava Maravilha.mp3,4774b17e73e50a928b2088d6695d433ff6fb69989f4facd11fbad6f3e70c1ebe,IMPORT,preserved,,10 Guilherme e Benuto -2021 PISCINA/21 - Oitava Maravilha.mp3,"sem erro de leitura; metadata INFERRED; título MEDIUM; artista MEDIUM; sem cover; bitrate 40 kbps; sample rate 16000 Hz; desempate final por relative_path",40000,16000,false,INFERRED
10 Guilherme e Benuto -2021 PISCINA/22 - Amor Tem Que Ser de Graça.mp3,3e4834b996bedbda03b021c0897260a9f49c36589edebf4d960dd94e2ce2aa4d,IMPORT,preserved,,10 Guilherme e Benuto -2021 PISCINA/22 - Amor Tem Que Ser de Graça.mp3,"sem erro de leitura; metadata INFERRED; título MEDIUM; artista MEDIUM; sem cover; bitrate 40 kbps; sample rate 16000 Hz; desempate final por relative_path",40000,16000,false,INFERRED
10 Guilherme e Benuto -2021 PISCINA/23 - Futuro Incerto.mp3,b79dd6912e3732258dac9f4e8620849671f9bc528dc96c712c396a03a63cf470,IMPORT,preserved,,10 Guilherme e Benuto -2021 PISCINA/23 - Futuro Incerto.mp3,"sem erro de leitura; metadata INFERRED; título MEDIUM; artista MEDIUM; sem cover; bitrate 40 kbps; sample rate 16000 Hz; desempate final por relative_path",40000,16000,false,INFERRED
10 Guilherme e Benuto -2021 PISCINA/24 - Opala 78.mp3,67cd8858ad1f2fc5e4e21ba4039ac1242bf0c1e997f4a21658dadd4414881d45,IMPORT,preserved,,10 Guilherme e Benuto -2021 PISCINA/24 - Opala 78.mp3,"sem erro de leitura; metadata INFERRED; título MEDIUM; artista MEDIUM; sem cover; bitrate 40 kbps; sample rate 16000 Hz; desempate final por relative_path",40000,16000,false,INFERRED
10 Guilherme e Benuto -2021 PISCINA/25 - Coração Rodado.mp3,da77aa70934e65b39ef850020aeb36cb5cfb50422481dd0e11aec28ba264f7e6,IMPORT,preserved,,10 Guilherme e Benuto -2021 PISCINA/25 - Coração Rodado.mp3,"sem erro de leitura; metadata INFERRED; título MEDIUM; artista MEDIUM; sem cover; bitrate 40 kbps; sample rate 16000 Hz; desempate final por relative_path",40000,16000,false,INFERRED
10 Guilherme e Benuto -2021 PISCINA/BARZINHO A PROVA DE SAUDADE.mp3,ca0170bedbfd37274f8dd47947517250d1f947d01e7635421510f770eba7c609,IMPORT,preserved,,10 Guilherme e Benuto -2021 PISCINA/BARZINHO A PROVA DE SAUDADE.mp3,"sem erro de leitura; metadata INFERRED; título MEDIUM; artista MEDIUM; sem cover; bitrate 40 kbps; sample rate 16000 Hz; desempate final por relative_path",40000,16000,false,INFERRED
10 Guilherme e Benuto -2021 PISCINA/CASO DE PINGA OU MORTE.mp3,f40126daeaa3abc55de1f13e7065cfbbbcb06ffffb1a952520f838e622484e16,IMPORT,preserved,,10 Guilherme e Benuto -2021 PISCINA/CASO DE PINGA OU MORTE.mp3,"sem erro de leitura; metadata INFERRED; título MEDIUM; artista MEDIUM; sem cover; bitrate 40 kbps; sample rate 16000 Hz; desempate final por relative_path",40000,16000,false,INFERRED
10 Guilherme e Benuto -2021 PISCINA/MESA FALSA - FEAT DILSINHO.mp3,c66ea212f65c42310c89ddb04804868989d7d47a3014afcbec643ab6f56f3f55,IMPORT,preserved,,10 Guilherme e Benuto -2021 PISCINA/MESA FALSA - FEAT DILSINHO.mp3,"sem erro de leitura; metadata INFERRED; título HIGH; artista HIGH; sem cover; bitrate 40 kbps; sample rate 16000 Hz; desempate final por relative_path",40000,16000,false,INFERRED
10 Guilherme e Benuto -2021 PISCINA/SIGILO.mp3,f473ea9384cdd011215904e3e96e6b78301afb1f40371221e3011dc1b8f58cce,IMPORT,preserved,,10 Guilherme e Benuto -2021 PISCINA/SIGILO.mp3,"sem erro de leitura; metadata INFERRED; título MEDIUM; artista MEDIUM; sem cover; bitrate 40 kbps; sample rate 16000 Hz; desempate final por relative_path",40000,16000,false,INFERRED
11 Matheus & Kauan - 2021 Expectativa x Realidade/01 - Expectativa x Realidade.mp3,8fe8c559bd00cdd9fa35f71f5a850e937deeeb2c3870028a8d0c87306df64a2e,IMPORT,preserved,,11 Matheus & Kauan - 2021 Expectativa x Realidade/01 - Expectativa x Realidade.mp3,"sem erro de leitura; metadata INFERRED; título MEDIUM; artista MEDIUM; sem cover; bitrate 40 kbps; sample rate 16000 Hz; desempate final por relative_path",40000,16000,false,INFERRED
11 Matheus & Kauan - 2021 Expectativa x Realidade/02 - Não Me Desprendi.mp3,bb5340fbe13187b9b9ef3d2cb185429a595efb144d878d4fd225fd2c5bb8db26,IMPORT,preserved,,11 Matheus & Kauan - 2021 Expectativa x Realidade/02 - Não Me Desprendi.mp3,"sem erro de leitura; metadata INFERRED; título MEDIUM; artista MEDIUM; sem cover; bitrate 40 kbps; sample rate 16000 Hz; desempate final por relative_path",40000,16000,false,INFERRED
11 Matheus & Kauan - 2021 Expectativa x Realidade/03 - Perigo.mp3,ea73358fff548b89ff2464c613d2869449c80f8ca5be1716fc107b552f7c21c5,IMPORT,preserved,,11 Matheus & Kauan - 2021 Expectativa x Realidade/03 - Perigo.mp3,"sem erro de leitura; metadata INFERRED; título MEDIUM; artista MEDIUM; sem cover; bitrate 40 kbps; sample rate 16000 Hz; desempate final por relative_path",40000,16000,false,INFERRED
11 Matheus & Kauan - 2021 Expectativa x Realidade/04 - Seu Beijo Fez Isso.mp3,e62676186af71054d2e2a8e91c3a3a904e9823beaa9bd34f753152df7e675a5c,IMPORT,preserved,,11 Matheus & Kauan - 2021 Expectativa x Realidade/04 - Seu Beijo Fez Isso.mp3,"sem erro de leitura; metadata INFERRED; título MEDIUM; artista MEDIUM; sem cover; bitrate 40 kbps; sample rate 16000 Hz; desempate final por relative_path",40000,16000,false,INFERRED
11 Matheus & Kauan - 2021 Expectativa x Realidade/05 - Viciado.mp3,618545bad6236dd335db47953d1bb51fc9a222d952940e5c961c25555073b508,IMPORT,preserved,,11 Matheus & Kauan - 2021 Expectativa x Realidade/05 - Viciado.mp3,"sem erro de leitura; metadata INFERRED; título MEDIUM; artista MEDIUM; sem cover; bitrate 40 kbps; sample rate 16000 Hz; desempate final por relative_path",40000,16000,false,INFERRED
11 Matheus & Kauan - 2021 Expectativa x Realidade/06 - Vagabundo.mp3,76c3be1ace2d4852a045a7ef1142982319671d16a03f175d7abc84df18a2d7e5,IMPORT,preserved,,11 Matheus & Kauan - 2021 Expectativa x Realidade/06 - Vagabundo.mp3,"sem erro de leitura; metadata INFERRED; título MEDIUM; artista MEDIUM; sem cover; bitrate 40 kbps; sample rate 16000 Hz; desempate final por relative_path",40000,16000,false,INFERRED
11 Matheus & Kauan - 2021 Expectativa x Realidade/07 - Tô Além feat. Eric Land.mp3,36f176fb02d74c18950cac51ca8e450be69cfa74e4cd1143efd46d7249e4ce00,IMPORT,preserved,,11 Matheus & Kauan - 2021 Expectativa x Realidade/07 - Tô Além feat. Eric Land.mp3,"sem erro de leitura; metadata INFERRED; título MEDIUM; artista MEDIUM; sem cover; bitrate 40 kbps; sample rate 16000 Hz; desempate final por relative_path",40000,16000,false,INFERRED
11 Matheus & Kauan - 2021 Expectativa x Realidade/08 - Com Você ou Sem feat. Nattan.mp3,229eae590739f9b630f485e6c1269501dfe234c501adf3199b27955638c1913d,IMPORT,preserved,,11 Matheus & Kauan - 2021 Expectativa x Realidade/08 - Com Você ou Sem feat. Nattan.mp3,"sem erro de leitura; metadata INFERRED; título MEDIUM; artista MEDIUM; sem cover; bitrate 40 kbps; sample rate 16000 Hz; desempate final por relative_path",40000,16000,false,INFERRED
11 Matheus & Kauan - 2021 Expectativa x Realidade/09 - Som No Talo feat. Raí Saia Rodada.mp3,e531d573d4ed878386a33a750c2d41a134255bbf748ea201a3f32097f0b6ade4,IMPORT,preserved,,11 Matheus & Kauan - 2021 Expectativa x Realidade/09 - Som No Talo feat. Raí Saia Rodada.mp3,"sem erro de leitura; metadata INFERRED; título MEDIUM; artista MEDIUM; sem cover; bitrate 40 kbps; sample rate 16000 Hz; desempate final por relative_path",40000,16000,false,INFERRED
11 Matheus & Kauan - 2021 Expectativa x Realidade/10 - Coração De Isca (Ao Vivo).mp3,5d92610814c843360c3d8b388582905aa150e08b0a8818331a718f82c2ca7922,IMPORT,preserved,,11 Matheus & Kauan - 2021 Expectativa x Realidade/10 - Coração De Isca (Ao Vivo).mp3,"sem erro de leitura; metadata INFERRED; título MEDIUM; artista MEDIUM; sem cover; bitrate 40 kbps; sample rate 16000 Hz; desempate final por relative_path",40000,16000,false,INFERRED
11 Matheus & Kauan - 2021 Expectativa x Realidade/11 - Então Toma (Ao Vivo).mp3,08dcccd41b2d7d5748d6c56fa3b110f71dd14170c8e93d01fba3bfd8c49d4610,IMPORT,preserved,,11 Matheus & Kauan - 2021 Expectativa x Realidade/11 - Então Toma (Ao Vivo).mp3,"sem erro de leitura; metadata INFERRED; título MEDIUM; artista MEDIUM; sem cover; bitrate 40 kbps; sample rate 16000 Hz; desempate final por relative_path",40000,16000,false,INFERRED
11 Matheus & Kauan - 2021 Expectativa x Realidade/12 - Ser Humano Ou Anjo (Live).mp3,8305f6d437493e6335a003972e80bb3f5a7be112b6c8bdbe1bf41433c391aa8e,IMPORT,preserved,,11 Matheus & Kauan - 2021 Expectativa x Realidade/12 - Ser Humano Ou Anjo (Live).mp3,"sem erro de leitura; metadata INFERRED; título MEDIUM; artista MEDIUM; sem cover; bitrate 40 kbps; sample rate 16000 Hz; desempate final por relative_path",40000,16000,false,INFERRED
11 Matheus & Kauan - 2021 Expectativa x Realidade/13 - Litrão (Ao Vivo).mp3,5973f51fe76ba9213e8935451076a9f42f3cf6cf79ab5c60c0fca620beb9fad2,IMPORT,preserved,,11 Matheus & Kauan - 2021 Expectativa x Realidade/13 - Litrão (Ao Vivo).mp3,"sem erro de leitura; metadata INFERRED; título MEDIUM; artista MEDIUM; sem cover; bitrate 40 kbps; sample rate 16000 Hz; desempate final por relative_path",40000,16000,false,INFERRED
11 Matheus & Kauan - 2021 Expectativa x Realidade/14 - Abajur.mp3,9ab314d502049fdf5a1a0182990adbf8de3da3e567a13a25970d5405bc039c81,IMPORT,preserved,,11 Matheus & Kauan - 2021 Expectativa x Realidade/14 - Abajur.mp3,"sem erro de leitura; metadata INFERRED; título MEDIUM; artista MEDIUM; sem cover; bitrate 40 kbps; sample rate 16000 Hz; desempate final por relative_path",40000,16000,false,INFERRED
11 Matheus & Kauan - 2021 Expectativa x Realidade/15 - Nessas Horas (Ao Vivo).mp3,6f44546a0e768fb5e166fc43904d19a20c8df11f81cf040c6e6731258b0183b9,IMPORT,preserved,,11 Matheus & Kauan - 2021 Expectativa x Realidade/15 - Nessas Horas (Ao Vivo).mp3,"sem erro de leitura; metadata INFERRED; título MEDIUM; artista MEDIUM; sem cover; bitrate 40 kbps; sample rate 16000 Hz; desempate final por relative_path",40000,16000,false,INFERRED
11 Matheus & Kauan - 2021 Expectativa x Realidade/16 - Que Sorte A Nossa (Live).mp3,58c09612a6e77620f4f7db6d83aa0549ba71ddea8f93fe32c9433853f9b6842a,IMPORT,preserved,,11 Matheus & Kauan - 2021 Expectativa x Realidade/16 - Que Sorte A Nossa (Live).mp3,"sem erro de leitura; metadata INFERRED; título MEDIUM; artista MEDIUM; sem cover; bitrate 40 kbps; sample rate 16000 Hz; desempate final por relative_path",40000,16000,false,INFERRED
11 Matheus & Kauan - 2021 Expectativa x Realidade/17 - O Nosso Santo Bateu (Ao Vivo).mp3,d74ec9db642f7ed1d85b39964daf582e4054d3e2d8edcc32285cc1017fee8220,IMPORT,preserved,,11 Matheus & Kauan - 2021 Expectativa x Realidade/17 - O Nosso Santo Bateu (Ao Vivo).mp3,"sem erro de leitura; metadata INFERRED; título MEDIUM; artista MEDIUM; sem cover; bitrate 40 kbps; sample rate 16000 Hz; desempate final por relative_path",40000,16000,false,INFERRED
11 Matheus & Kauan - 2021 Expectativa x Realidade/18 - TU feat. Alok.mp3,079de83038b812d2d64ac9ecd7dc802403c7260526fb505a269a5fb67ed95b40,IMPORT,preserved,,11 Matheus & Kauan - 2021 Expectativa x Realidade/18 - TU feat. Alok.mp3,"sem erro de leitura; metadata INFERRED; título MEDIUM; artista MEDIUM; sem cover; bitrate 40 kbps; sample rate 16000 Hz; desempate final por relative_path",40000,16000,false,INFERRED
"11 Matheus & Kauan - 2021 Expectativa x Realidade/19 - Cerveja, Sal E Limão.mp3",5241297c0dba131d88f55235a6fa4a75ada8d415e03eefe93d63d006a6e498de,IMPORT,preserved,,"11 Matheus & Kauan - 2021 Expectativa x Realidade/19 - Cerveja, Sal E Limão.mp3","sem erro de leitura; metadata INFERRED; título MEDIUM; artista MEDIUM; sem cover; bitrate 40 kbps; sample rate 16000 Hz; desempate final por relative_path",40000,16000,false,INFERRED
11 Matheus & Kauan - 2021 Expectativa x Realidade/20 - É Problema.mp3,2284c59ae6075e3d09b26ee78fa3e576338683038aedd4284c72b77289d6b7d0,SKIP_LIKELY,likely_duplicate,39,000 Top Sertanejo ⭐ Hits Sertanejos!/17 - Matheus & Kauan - É Problema.mp3,"sem erro de leitura; metadata GOOD; título HIGH; artista HIGH; cover presente; bitrate 128 kbps; sample rate 44100 Hz; desempate final por relative_path",40000,16000,false,INFERRED
11 Matheus & Kauan - 2021 Expectativa x Realidade/21 - Oitava Dose (Ao Vivo).mp3,ab357c068d573b0d05ccf6b3ca886ad2aa8067853a9ae1e763635dcd9280cbc6,IMPORT,preserved,,11 Matheus & Kauan - 2021 Expectativa x Realidade/21 - Oitava Dose (Ao Vivo).mp3,"sem erro de leitura; metadata INFERRED; título MEDIUM; artista MEDIUM; sem cover; bitrate 40 kbps; sample rate 16000 Hz; desempate final por relative_path",40000,16000,false,INFERRED
11 Matheus & Kauan - 2021 Expectativa x Realidade/22 - A Rosa E O Beija Flor (Ao Vivo).mp3,f0fa28b7c7be329e974b2cff8927b50ee36677e26aa8b157250c880829f34dc6,IMPORT,preserved,,11 Matheus & Kauan - 2021 Expectativa x Realidade/22 - A Rosa E O Beija Flor (Ao Vivo).mp3,"sem erro de leitura; metadata INFERRED; título MEDIUM; artista MEDIUM; sem cover; bitrate 40 kbps; sample rate 16000 Hz; desempate final por relative_path",40000,16000,false,INFERRED
12 Henrique & Juliano -2021 Manifesto Musical (Ao Vivo _ Vol. 1)/01 - Arranhão (Ao Vivo).mp3,68e922b69d82721d7a7a04d35f6ae6d62abca624471211d6a96912ebec702195,IMPORT,preserved,,12 Henrique & Juliano -2021 Manifesto Musical (Ao Vivo _ Vol. 1)/01 - Arranhão (Ao Vivo).mp3,"sem erro de leitura; metadata INFERRED; título MEDIUM; artista MEDIUM; sem cover; bitrate 40 kbps; sample rate 16000 Hz; desempate final por relative_path",40000,16000,false,INFERRED
12 Henrique & Juliano -2021 Manifesto Musical (Ao Vivo _ Vol. 1)/02 - A Maior Saudade (Ao Vivo).mp3,c12f5657d0950754bb2073f1dd068d3adc5d5ccaec59d2264ba24393fb2621f0,IMPORT,preserved,,12 Henrique & Juliano -2021 Manifesto Musical (Ao Vivo _ Vol. 1)/02 - A Maior Saudade (Ao Vivo).mp3,"sem erro de leitura; metadata INFERRED; título MEDIUM; artista MEDIUM; sem cover; bitrate 40 kbps; sample rate 16000 Hz; desempate final por relative_path",40000,16000,false,INFERRED
12 Henrique & Juliano -2021 Manifesto Musical (Ao Vivo _ Vol. 1)/03 - Rasteira (Ao Vivo).mp3,448bf92b6b5c61003216a73fe4f7124e506743d7d1ceae5c395f69b9a68db26b,IMPORT,preserved,,12 Henrique & Juliano -2021 Manifesto Musical (Ao Vivo _ Vol. 1)/03 - Rasteira (Ao Vivo).mp3,"sem erro de leitura; metadata INFERRED; título MEDIUM; artista MEDIUM; sem cover; bitrate 40 kbps; sample rate 16000 Hz; desempate final por relative_path",40000,16000,false,INFERRED
12 Henrique & Juliano -2021 Manifesto Musical (Ao Vivo _ Vol. 1)/04 - Até A Próxima Vida (Ao Vivo).mp3,d1296c86bd79a3b4edafeb2ad7082a754133590c4d836bca15320ea28251da62,IMPORT,preserved,,12 Henrique & Juliano -2021 Manifesto Musical (Ao Vivo _ Vol. 1)/04 - Até A Próxima Vida (Ao Vivo).mp3,"sem erro de leitura; metadata INFERRED; título MEDIUM; artista MEDIUM; sem cover; bitrate 40 kbps; sample rate 16000 Hz; desempate final por relative_path",40000,16000,false,INFERRED
12 Henrique & Juliano -2021 Manifesto Musical (Ao Vivo _ Vol. 1)/05 - Gaiola (Ao Vivo).mp3,ed3fcb3f81b9795a18a9d00e02d13dd982174d337275471f7f5b12ecfbfccfcf,IMPORT,preserved,,12 Henrique & Juliano -2021 Manifesto Musical (Ao Vivo _ Vol. 1)/05 - Gaiola (Ao Vivo).mp3,"sem erro de leitura; metadata INFERRED; título MEDIUM; artista MEDIUM; sem cover; bitrate 40 kbps; sample rate 16000 Hz; desempate final por relative_path",40000,16000,false,INFERRED
12 Henrique & Juliano -2021 Manifesto Musical (Ao Vivo _ Vol. 1)/06 - Não Gosto Eu Amo (Ao Vivo).mp3,6f62fa000fdad104d13ea1f0780da9a825086eba58b1d6670fae26b4c0f04e94,IMPORT,preserved,,12 Henrique & Juliano -2021 Manifesto Musical (Ao Vivo _ Vol. 1)/06 - Não Gosto Eu Amo (Ao Vivo).mp3,"sem erro de leitura; metadata INFERRED; título MEDIUM; artista MEDIUM; sem cover; bitrate 40 kbps; sample rate 16000 Hz; desempate final por relative_path",40000,16000,false,INFERRED
12 Henrique & Juliano -2021 Manifesto Musical (Ao Vivo _ Vol. 1)/07 - Alô Bebê (Ao Vivo).mp3,9f9f1e71ab1221a745f9b1f2e25cb93fcd5042d5324ac839c3f600edc41702a3,IMPORT,preserved,,12 Henrique & Juliano -2021 Manifesto Musical (Ao Vivo _ Vol. 1)/07 - Alô Bebê (Ao Vivo).mp3,"sem erro de leitura; metadata INFERRED; título MEDIUM; artista MEDIUM; sem cover; bitrate 40 kbps; sample rate 16000 Hz; desempate final por relative_path",40000,16000,false,INFERRED
12 Henrique & Juliano -2021 Manifesto Musical (Ao Vivo _ Vol. 1)/08 - Online (Ao Vivo).mp3,b685d6168afa0eacc83b4ad7c94d8730281c825388cd8cda2066f27f21219878,IMPORT,preserved,,12 Henrique & Juliano -2021 Manifesto Musical (Ao Vivo _ Vol. 1)/08 - Online (Ao Vivo).mp3,"sem erro de leitura; metadata INFERRED; título MEDIUM; artista MEDIUM; sem cover; bitrate 40 kbps; sample rate 16000 Hz; desempate final por relative_path",40000,16000,false,INFERRED
12 Henrique & Juliano -2021 Manifesto Musical (Ao Vivo _ Vol. 1)/09 - Ligação Covarde (Ao Vivo).mp3,e2f40b80d4a7c03e488274f615828d7568dd2328e8eeb75dafdb97813841d448,IMPORT,preserved,,12 Henrique & Juliano -2021 Manifesto Musical (Ao Vivo _ Vol. 1)/09 - Ligação Covarde (Ao Vivo).mp3,"sem erro de leitura; metadata INFERRED; título MEDIUM; artista MEDIUM; sem cover; bitrate 40 kbps; sample rate 16000 Hz; desempate final por relative_path",40000,16000,false,INFERRED
12 Henrique & Juliano -2021 Manifesto Musical (Ao Vivo _ Vol. 1)/10 - Olé (Ao Vivo).mp3,b5aecd1ebc70642704f28631e5c59161022f53c04d9a901b548134627f941b7f,IMPORT,preserved,,12 Henrique & Juliano -2021 Manifesto Musical (Ao Vivo _ Vol. 1)/10 - Olé (Ao Vivo).mp3,"sem erro de leitura; metadata INFERRED; título MEDIUM; artista MEDIUM; sem cover; bitrate 40 kbps; sample rate 16000 Hz; desempate final por relative_path",40000,16000,false,INFERRED
12 Henrique & Juliano -2021 Manifesto Musical (Ao Vivo _ Vol. 1)/11 - Sem Rede (Ao Vivo).mp3,fbccfac5defcf0b67443384120647485385322a9946b2dc15745ea9a12dd994d,IMPORT,preserved,,12 Henrique & Juliano -2021 Manifesto Musical (Ao Vivo _ Vol. 1)/11 - Sem Rede (Ao Vivo).mp3,"sem erro de leitura; metadata INFERRED; título MEDIUM; artista MEDIUM; sem cover; bitrate 40 kbps; sample rate 16000 Hz; desempate final por relative_path",40000,16000,false,INFERRED
12 Henrique & Juliano -2021 Manifesto Musical (Ao Vivo _ Vol. 1)/12 - Conheço Meu Gado (Ao Vivo).mp3,c690bc697550cd123c29df87a75fb0ab533ae6a8c07c98cb246c6f42ab4e28d6,IMPORT,preserved,,12 Henrique & Juliano -2021 Manifesto Musical (Ao Vivo _ Vol. 1)/12 - Conheço Meu Gado (Ao Vivo).mp3,"sem erro de leitura; metadata INFERRED; título MEDIUM; artista MEDIUM; sem cover; bitrate 40 kbps; sample rate 16000 Hz; desempate final por relative_path",40000,16000,false,INFERRED
12 Henrique & Juliano -2021 Manifesto Musical (Ao Vivo _ Vol. 1)/13 - Mentiroso Eu (Ao Vivo).mp3,dc08f04bf91958e7131b553e01ce01f59afe475e14a393561e6634c3430a753a,IMPORT,preserved,,12 Henrique & Juliano -2021 Manifesto Musical (Ao Vivo _ Vol. 1)/13 - Mentiroso Eu (Ao Vivo).mp3,"sem erro de leitura; metadata INFERRED; título MEDIUM; artista MEDIUM; sem cover; bitrate 40 kbps; sample rate 16000 Hz; desempate final por relative_path",40000,16000,false,INFERRED
12 Henrique & Juliano -2021 Manifesto Musical (Ao Vivo _ Vol. 1)/14 - Desfarreou (Ao Vivo).mp3,07628e57604f2e5b636c4cfd87788340fc16177a33ca1794a7c9370b2f09a342,IMPORT,preserved,,12 Henrique & Juliano -2021 Manifesto Musical (Ao Vivo _ Vol. 1)/14 - Desfarreou (Ao Vivo).mp3,"sem erro de leitura; metadata INFERRED; título MEDIUM; artista MEDIUM; sem cover; bitrate 40 kbps; sample rate 16000 Hz; desempate final por relative_path",40000,16000,false,INFERRED
12 Henrique & Juliano -2021 Manifesto Musical (Ao Vivo _ Vol. 1)/15 - Eterno Replay (Ao Vivo).mp3,8635b75d90412c8df5fca44438914cbdf807b3ef53ad2250460f809967131ca3,IMPORT,preserved,,12 Henrique & Juliano -2021 Manifesto Musical (Ao Vivo _ Vol. 1)/15 - Eterno Replay (Ao Vivo).mp3,"sem erro de leitura; metadata INFERRED; título MEDIUM; artista MEDIUM; sem cover; bitrate 40 kbps; sample rate 16000 Hz; desempate final por relative_path",40000,16000,false,INFERRED
12 Henrique & Juliano -2021 Manifesto Musical (Ao Vivo _ Vol. 1)/16 - Não Tenho Coragem (Ao Vivo).mp3,4ef16b7923d66571c51bfe145dfc252683f3c5f195dae660964ddd00469aa4b2,IMPORT,preserved,,12 Henrique & Juliano -2021 Manifesto Musical (Ao Vivo _ Vol. 1)/16 - Não Tenho Coragem (Ao Vivo).mp3,"sem erro de leitura; metadata INFERRED; título MEDIUM; artista MEDIUM; sem cover; bitrate 40 kbps; sample rate 16000 Hz; desempate final por relative_path",40000,16000,false,INFERRED
12 Henrique & Juliano -2021 Manifesto Musical (Ao Vivo _ Vol. 1)/17 - Relaxa o Coração (Ao Vivo).mp3,73e8709840fd8f3ef31062f9534e55a07f5754d6aab41af1d3a46bcf8fda5da8,IMPORT,preserved,,12 Henrique & Juliano -2021 Manifesto Musical (Ao Vivo _ Vol. 1)/17 - Relaxa o Coração (Ao Vivo).mp3,"sem erro de leitura; metadata INFERRED; título MEDIUM; artista MEDIUM; sem cover; bitrate 40 kbps; sample rate 16000 Hz; desempate final por relative_path",40000,16000,false,INFERRED
12 Henrique & Juliano -2021 Manifesto Musical (Ao Vivo _ Vol. 1)/18 - Colega de Caso (Ao Vivo).mp3,7174515f7b98dceab507e34de95ab204ea56644d2d00eacac7645105d1e98cde,IMPORT,preserved,,12 Henrique & Juliano -2021 Manifesto Musical (Ao Vivo _ Vol. 1)/18 - Colega de Caso (Ao Vivo).mp3,"sem erro de leitura; metadata INFERRED; título MEDIUM; artista MEDIUM; sem cover; bitrate 40 kbps; sample rate 16000 Hz; desempate final por relative_path",40000,16000,false,INFERRED
12 Henrique & Juliano -2021 Manifesto Musical (Ao Vivo _ Vol. 1)/19 - Bateria Externa (Ao Vivo).mp3,01bfcdff29f32826be6478f8ce1e4649ded9a008dc249b78a9c7c51f0ba2ac5b,IMPORT,preserved,,12 Henrique & Juliano -2021 Manifesto Musical (Ao Vivo _ Vol. 1)/19 - Bateria Externa (Ao Vivo).mp3,"sem erro de leitura; metadata INFERRED; título MEDIUM; artista MEDIUM; sem cover; bitrate 40 kbps; sample rate 16000 Hz; desempate final por relative_path",40000,16000,false,INFERRED
12 Henrique & Juliano -2021 Manifesto Musical (Ao Vivo _ Vol. 1)/20 - Ame o Tanto Que Puder (Ao Vivo).mp3,26ff41ad85e676078728d68703bf1fa2789c09a65e54bbe7719d7675ee2915e9,IMPORT,preserved,,12 Henrique & Juliano -2021 Manifesto Musical (Ao Vivo _ Vol. 1)/20 - Ame o Tanto Que Puder (Ao Vivo).mp3,"sem erro de leitura; metadata INFERRED; título MEDIUM; artista MEDIUM; sem cover; bitrate 40 kbps; sample rate 16000 Hz; desempate final por relative_path",40000,16000,false,INFERRED
12 Henrique & Juliano -2021 Manifesto Musical (Ao Vivo _ Vol. 1)/21 - Sem Amor (Ao Vivo).mp3,24c9f87c49f22c2e8a00b3f49ba871c38457c87081502753bcbec7f6e6697202,IMPORT,preserved,,12 Henrique & Juliano -2021 Manifesto Musical (Ao Vivo _ Vol. 1)/21 - Sem Amor (Ao Vivo).mp3,"sem erro de leitura; metadata INFERRED; título MEDIUM; artista MEDIUM; sem cover; bitrate 40 kbps; sample rate 16000 Hz; desempate final por relative_path",40000,16000,false,INFERRED
12 TIÃO CARREIRO VIOLA/01 Golpe de Mestre.mp3,f35da37f05938bbffd4af0369a131e816664f5933f84f96d3cb8fbfe9a7c2dd4,IMPORT,likely_duplicate_representative,44,12 TIÃO CARREIRO VIOLA/01 Golpe de Mestre.mp3,"sem erro de leitura; metadata GOOD; título HIGH; artista HIGH; sem cover; bitrate 64 kbps; sample rate 22050 Hz; desempate final por relative_path",64000,22050,false,GOOD
12 TIÃO CARREIRO VIOLA/01 O Mineiro e o Italiano.mp3,eef3433b44b89a0d637777faba51c501f4a6e151faae8c7bdacdbcbff99f3459,SKIP_LIKELY,likely_duplicate,45,12 TIÃO CARREIRO VIOLA/05 Tião Carreiro e Pardinho - O mineiro e o italiano.mp3,"sem erro de leitura; metadata GOOD; título HIGH; artista HIGH; sem cover; bitrate 64 kbps; sample rate 22050 Hz; desempate final por relative_path",64000,22050,false,GOOD
12 TIÃO CARREIRO VIOLA/01 Pousada de Boiadeiro.mp3,afe8ebab30035618d3f934e38676f8689818606c35efcedc56e74aa1620619fb,IMPORT,preserved,,12 TIÃO CARREIRO VIOLA/01 Pousada de Boiadeiro.mp3,"sem erro de leitura; metadata GOOD; título HIGH; artista HIGH; sem cover; bitrate 64 kbps; sample rate 22050 Hz; desempate final por relative_path",64000,22050,false,GOOD
12 TIÃO CARREIRO VIOLA/01 Rei do Gado.mp3,f8b16979814364849a6e2e25cb8749e8ea7e7c59f7948f3a429faadd86524621,SKIP_LIKELY,likely_duplicate,46,Sertanejao/Tião Carreiro e Pardinho/01 Rei do Gado.mp3,"sem erro de leitura; metadata GOOD; título HIGH; artista HIGH; sem cover; bitrate 128 kbps; sample rate 44100 Hz; desempate final por relative_path",64000,22050,false,GOOD
12 TIÃO CARREIRO VIOLA/01 Tião Carreiro e Paraíso - Boiadeiro é boi também.mp3,db7d68e7ba8e4e6a327d7d49bdbda03075b00cd1effb77a43e947d29510fc67b,SKIP_LIKELY,likely_duplicate,47,12 TIÃO CARREIRO VIOLA/05 Tião Carreiro e Paraíso - Boiadeiro é boi também.mp3,"sem erro de leitura; metadata GOOD; título HIGH; artista HIGH; sem cover; bitrate 64 kbps; sample rate 22050 Hz; desempate final por relative_path",64000,22050,false,GOOD
12 TIÃO CARREIRO VIOLA/01 Tião Carreiro e Paraíso - Marreta do desprezo.mp3,b6c18360f43ec7b6bf589a078163e579eaf7f1beaedb9f67eb78cacce314c5b7,IMPORT,preserved,,12 TIÃO CARREIRO VIOLA/01 Tião Carreiro e Paraíso - Marreta do desprezo.mp3,"sem erro de leitura; metadata GOOD; título HIGH; artista HIGH; sem cover; bitrate 64 kbps; sample rate 22050 Hz; desempate final por relative_path",64000,22050,false,GOOD
12 TIÃO CARREIRO VIOLA/01 Tião Carreiro e Paraíso - Uma flor e uma Santa.mp3,bacfb8310279736767c5b505a35736a4316bf80c5a1621de18cfed4108764365,SKIP_LIKELY,likely_duplicate,48,12 TIÃO CARREIRO VIOLA/10 Tião Carreiro e Paraíso - Uma flor e uma Santa.mp3,"sem erro de leitura; metadata GOOD; título HIGH; artista HIGH; sem cover; bitrate 64 kbps; sample rate 22050 Hz; desempate final por relative_path",64000,22050,false,GOOD
12 TIÃO CARREIRO VIOLA/01 Tião Carreiro e Pardinho - A grande montanha.mp3,aa01c31d6c6194577fb3b953815efe0edd0ca86c08c370bdb42ec453c80cde87,IMPORT,preserved,,12 TIÃO CARREIRO VIOLA/01 Tião Carreiro e Pardinho - A grande montanha.mp3,"sem erro de leitura; metadata GOOD; título HIGH; artista HIGH; sem cover; bitrate 64 kbps; sample rate 22050 Hz; desempate final por relative_path",64000,22050,false,GOOD
12 TIÃO CARREIRO VIOLA/01 Tião Carreiro e Pardinho - Estrela de ouro.mp3,9fde95d29e2fbe475bc78512c0672f2bf3a4511e4a624047a17f0765ab7f4c37,IMPORT,preserved,,12 TIÃO CARREIRO VIOLA/01 Tião Carreiro e Pardinho - Estrela de ouro.mp3,"sem erro de leitura; metadata GOOD; título HIGH; artista HIGH; sem cover; bitrate 64 kbps; sample rate 22050 Hz; desempate final por relative_path",64000,22050,false,GOOD
12 TIÃO CARREIRO VIOLA/01 Tião Carreiro e Pardinho - Oi paixão.mp3,0708ef0e382b27c92d5d819d521f3d4cd2046b80d6bf1b8ab45f14388259c088,IMPORT,likely_duplicate_representative,49,12 TIÃO CARREIRO VIOLA/01 Tião Carreiro e Pardinho - Oi paixão.mp3,"sem erro de leitura; metadata GOOD; título HIGH; artista HIGH; sem cover; bitrate 64 kbps; sample rate 22050 Hz; desempate final por relative_path",64000,22050,false,GOOD
12 TIÃO CARREIRO VIOLA/01 Tião Carreiro e Pardinho - Última viagem.mp3,7193609da9d37807acf22e566aaf1c5f8d970619b3089b2b15adceb886538c89,IMPORT,preserved,,12 TIÃO CARREIRO VIOLA/01 Tião Carreiro e Pardinho - Última viagem.mp3,"sem erro de leitura; metadata GOOD; título HIGH; artista HIGH; sem cover; bitrate 64 kbps; sample rate 22050 Hz; desempate final por relative_path",64000,22050,false,GOOD
12 TIÃO CARREIRO VIOLA/01 Tião Carreiro e Pardinho - Veneno lento (Veneno lento).mp3,b7401067bd012edd72d0db0837b0bd385472bef956f2f0146c841f979aff1849,IMPORT,preserved,,12 TIÃO CARREIRO VIOLA/01 Tião Carreiro e Pardinho - Veneno lento (Veneno lento).mp3,"sem erro de leitura; metadata GOOD; título HIGH; artista HIGH; sem cover; bitrate 64 kbps; sample rate 22050 Hz; desempate final por relative_path",64000,22050,false,GOOD
12 TIÃO CARREIRO VIOLA/01 Tião Carreiro e Praiano - Baianinho.mp3,700ec88120e2f98633fb8378bbf3e8a61bd12d3b9988da281ce6a03e28664dfb,IMPORT,preserved,,12 TIÃO CARREIRO VIOLA/01 Tião Carreiro e Praiano - Baianinho.mp3,"sem erro de leitura; metadata GOOD; título HIGH; artista HIGH; sem cover; bitrate 64 kbps; sample rate 22050 Hz; desempate final por relative_path",64000,22050,false,GOOD
12 TIÃO CARREIRO VIOLA/02 Boi Soberano.mp3,fca356b7b0dfa1a74288bd1fd1e63cae30a2791f91a52b3ce5c2df508e638258,SKIP_LIKELY,likely_duplicate,50,Sertanejao/Tião Carreiro e Pardinho/02 Boi Soberano.mp3,"sem erro de leitura; metadata GOOD; título HIGH; artista HIGH; sem cover; bitrate 128 kbps; sample rate 44100 Hz; desempate final por relative_path",64000,22050,false,GOOD
12 TIÃO CARREIRO VIOLA/02 O Pulo do Gato.mp3,1494c67c606fdf254d8ad29a1a6f303efc6d2638ff1a0b71e259a2554bf98b57,IMPORT,preserved,,12 TIÃO CARREIRO VIOLA/02 O Pulo do Gato.mp3,"sem erro de leitura; metadata GOOD; título HIGH; artista HIGH; sem cover; bitrate 64 kbps; sample rate 22050 Hz; desempate final por relative_path",64000,22050,false,GOOD
12 TIÃO CARREIRO VIOLA/02 Porta Fechada.mp3,296e96d9b4788ba7750eb52d591a6033eb9a9cb6fd55099a151da92fd17d3f76,IMPORT,preserved,,12 TIÃO CARREIRO VIOLA/02 Porta Fechada.mp3,"sem erro de leitura; metadata GOOD; título HIGH; artista HIGH; sem cover; bitrate 64 kbps; sample rate 22050 Hz; desempate final por relative_path",64000,22050,false,GOOD
12 TIÃO CARREIRO VIOLA/02 Tião Carreiro e Paraíso - Homem até debaixo d`água.mp3,a142f4bb708aba69953bb60e36eb2de3a99f98c804902fa323a181b08ddba382,SKIP_LIKELY,likely_duplicate,51,12 TIÃO CARREIRO VIOLA/09 Tião Carreiro e Paraíso - Homem até debaixo d`água.mp3,"sem erro de leitura; metadata GOOD; título HIGH; artista HIGH; sem cover; bitrate 64 kbps; sample rate 22050 Hz; desempate final por relative_path",64000,22050,false,GOOD
12 TIÃO CARREIRO VIOLA/02 Tião Carreiro e Paraíso - Noites de angústia.mp3,dc3a25775567dc4249cb6290e53623c34324f17eb94a04f65909363c413fb24c,IMPORT,preserved,,12 TIÃO CARREIRO VIOLA/02 Tião Carreiro e Paraíso - Noites de angústia.mp3,"sem erro de leitura; metadata GOOD; título HIGH; artista HIGH; sem cover; bitrate 64 kbps; sample rate 22050 Hz; desempate final por relative_path",64000,22050,false,GOOD
12 TIÃO CARREIRO VIOLA/02 Tião Carreiro e Paraíso - Pagode do Pai Tomé.mp3,8074b80e83f1c423245fa747703e26068eb48137f753781b48591b9e563dcc80,IMPORT,preserved,,12 TIÃO CARREIRO VIOLA/02 Tião Carreiro e Paraíso - Pagode do Pai Tomé.mp3,"sem erro de leitura; metadata GOOD; título HIGH; artista HIGH; sem cover; bitrate 64 kbps; sample rate 22050 Hz; desempate final por relative_path",64000,22050,false,GOOD
12 TIÃO CARREIRO VIOLA/02 Tião Carreiro e Pardinho - Fonte dos prazeres.mp3,6e7810b0830e6074cc3372921f892807bcce81ed7412083954ef3b32ce56d3db,IMPORT,preserved,,12 TIÃO CARREIRO VIOLA/02 Tião Carreiro e Pardinho - Fonte dos prazeres.mp3,"sem erro de leitura; metadata GOOD; título HIGH; artista HIGH; sem cover; bitrate 64 kbps; sample rate 22050 Hz; desempate final por relative_path",64000,22050,false,GOOD
12 TIÃO CARREIRO VIOLA/02 Tião Carreiro e Pardinho - Nossos devaneios.mp3,f3ac7ef0c5040cbf7a1c487eb0e7ed07092e1f3c94e06dc29bbbb353595fd1ad,IMPORT,preserved,,12 TIÃO CARREIRO VIOLA/02 Tião Carreiro e Pardinho - Nossos devaneios.mp3,"sem erro de leitura; metadata GOOD; título HIGH; artista HIGH; sem cover; bitrate 64 kbps; sample rate 22050 Hz; desempate final por relative_path",64000,22050,false,GOOD
12 TIÃO CARREIRO VIOLA/02 Tião Carreiro e Pardinho - Rainha do vale.mp3,228aabb6b884edcb0b20221685e81c1c86792049fbe472f41b53ebecf6c8043f,IMPORT,preserved,,12 TIÃO CARREIRO VIOLA/02 Tião Carreiro e Pardinho - Rainha do vale.mp3,"sem erro de leitura; metadata GOOD; título HIGH; artista HIGH; sem cover; bitrate 64 kbps; sample rate 22050 Hz; desempate final por relative_path",64000,22050,false,GOOD
12 TIÃO CARREIRO VIOLA/02 Tião Carreiro e Pardinho - Rio de lágrimas.mp3,eddd9768085be14f8cbe79e6a6aeec0171cab95573533929e0292961bf1063e1,IMPORT,likely_duplicate_representative,52,12 TIÃO CARREIRO VIOLA/02 Tião Carreiro e Pardinho - Rio de lágrimas.mp3,"sem erro de leitura; metadata GOOD; título HIGH; artista HIGH; sem cover; bitrate 64 kbps; sample rate 22050 Hz; desempate final por relative_path",64000,22050,false,GOOD
12 TIÃO CARREIRO VIOLA/02 Tião Carreiro e Pardinho - Rio Preto de luto.mp3,67ce23c5266f09ace104ebc82fb882a8df057f7800390918f07dbdfb12250c22,IMPORT,preserved,,12 TIÃO CARREIRO VIOLA/02 Tião Carreiro e Pardinho - Rio Preto de luto.mp3,"sem erro de leitura; metadata GOOD; título HIGH; artista HIGH; sem cover; bitrate 64 kbps; sample rate 22050 Hz; desempate final por relative_path",64000,22050,false,GOOD
12 TIÃO CARREIRO VIOLA/02 Tião Carreiro e Praiano - Princesa.mp3,4051ad1d982302a3aac9d4bd85de87f9ee6f99971a0586080dc7d0b7b46d6c63,IMPORT,preserved,,12 TIÃO CARREIRO VIOLA/02 Tião Carreiro e Praiano - Princesa.mp3,"sem erro de leitura; metadata GOOD; título HIGH; artista HIGH; sem cover; bitrate 64 kbps; sample rate 22050 Hz; desempate final por relative_path",64000,22050,false,GOOD
12 TIÃO CARREIRO VIOLA/02 Viola Vermelha.mp3,793fd817108e805a88d1208d321296cda372aee18a9d47d9c9a3279044dffc72,IMPORT,preserved,,12 TIÃO CARREIRO VIOLA/02 Viola Vermelha.mp3,"sem erro de leitura; metadata GOOD; título HIGH; artista HIGH; sem cover; bitrate 64 kbps; sample rate 22050 Hz; desempate final por relative_path",64000,22050,false,GOOD
12 TIÃO CARREIRO VIOLA/03 Herói Sem Medalha.mp3,fff2fda9fb3dbb17127348519a7812d5d5a48a33a85ec08b4607591510dfbf54,IMPORT,preserved,,12 TIÃO CARREIRO VIOLA/03 Herói Sem Medalha.mp3,"sem erro de leitura; metadata GOOD; título HIGH; artista HIGH; sem cover; bitrate 64 kbps; sample rate 22050 Hz; desempate final por relative_path",64000,22050,false,GOOD
12 TIÃO CARREIRO VIOLA/03 Pagode em Brasília.mp3,576f1d159fcec5c0e79c28ba0c7f0b2b0d7a047952d6bf07049d591e2cbd93cd,SKIP_LIKELY,likely_duplicate,53,Sertanejao/Tião Carreiro e Pardinho/03 Pagode em Brasília.mp3,"sem erro de leitura; metadata GOOD; título HIGH; artista HIGH; sem cover; bitrate 128 kbps; sample rate 44100 Hz; desempate final por relative_path",64000,22050,false,GOOD
12 TIÃO CARREIRO VIOLA/03 Quem Ama Não Esquece.mp3,ca096e8485e97fc6d7fa22e3ac5f11e363c605ec7a608c3f5ce8cde1b1a4ec2d,IMPORT,preserved,,12 TIÃO CARREIRO VIOLA/03 Quem Ama Não Esquece.mp3,"sem erro de leitura; metadata GOOD; título HIGH; artista HIGH; sem cover; bitrate 64 kbps; sample rate 22050 Hz; desempate final por relative_path",64000,22050,false,GOOD
12 TIÃO CARREIRO VIOLA/03 Rio de Lágrimas.mp3,563841f7e0e4ab7cf529245c7c0ef176ac67e166e6e4ec385a5bb26892f63a06,SKIP_LIKELY,likely_duplicate,52,12 TIÃO CARREIRO VIOLA/02 Tião Carreiro e Pardinho - Rio de lágrimas.mp3,"sem erro de leitura; metadata GOOD; título HIGH; artista HIGH; sem cover; bitrate 64 kbps; sample rate 22050 Hz; desempate final por relative_path",64000,22050,false,GOOD
12 TIÃO CARREIRO VIOLA/03 Tião Carreiro e Paraíso - Mulher modelo.mp3,b4847e898b8f182fd9db90f71ac1027e0f5d2ead48cf08b4b623e8e75914a928,IMPORT,preserved,,12 TIÃO CARREIRO VIOLA/03 Tião Carreiro e Paraíso - Mulher modelo.mp3,"sem erro de leitura; metadata GOOD; título HIGH; artista HIGH; sem cover; bitrate 64 kbps; sample rate 22050 Hz; desempate final por relative_path",64000,22050,false,GOOD
12 TIÃO CARREIRO VIOLA/03 Tião Carreiro e Paraíso - Pagode em Brasília.mp3,83662cf89184dc06cb6670eed79b4d7311ac6867efe5afec6de0cb5f1ec6756a,IMPORT,preserved,,12 TIÃO CARREIRO VIOLA/03 Tião Carreiro e Paraíso - Pagode em Brasília.mp3,"sem erro de leitura; metadata GOOD; título HIGH; artista HIGH; sem cover; bitrate 64 kbps; sample rate 22050 Hz; desempate final por relative_path",64000,22050,false,GOOD
12 TIÃO CARREIRO VIOLA/03 Tião Carreiro e Paraíso - Prato do dia.mp3,ccdf586143999b1d8b564e8a621ba186c598b9e7ac7756efc76adbda80a542c0,IMPORT,preserved,,12 TIÃO CARREIRO VIOLA/03 Tião Carreiro e Paraíso - Prato do dia.mp3,"sem erro de leitura; metadata GOOD; título HIGH; artista HIGH; sem cover; bitrate 64 kbps; sample rate 22050 Hz; desempate final por relative_path",64000,22050,false,GOOD
12 TIÃO CARREIRO VIOLA/03 Tião Carreiro e Pardinho - Boi Sete Ouro.mp3,3f585f86602a2959945b45226581bc2af7b1c1d7478d7f527326e5d96077664b,IMPORT,preserved,,12 TIÃO CARREIRO VIOLA/03 Tião Carreiro e Pardinho - Boi Sete Ouro.mp3,"sem erro de leitura; metadata GOOD; título HIGH; artista HIGH; sem cover; bitrate 64 kbps; sample rate 22050 Hz; desempate final por relative_path",64000,22050,false,GOOD
12 TIÃO CARREIRO VIOLA/03 Tião Carreiro e Pardinho - Nossas vidas.mp3,932252d1ff1bc95cd5118bdaa24d3b30aa9fdfcf867ac7b13321aaa7befcea2c,IMPORT,preserved,,12 TIÃO CARREIRO VIOLA/03 Tião Carreiro e Pardinho - Nossas vidas.mp3,"sem erro de leitura; metadata GOOD; título HIGH; artista HIGH; sem cover; bitrate 64 kbps; sample rate 22050 Hz; desempate final por relative_path",64000,22050,false,GOOD
12 TIÃO CARREIRO VIOLA/03 Tião Carreiro e Pardinho - Osso duro de roer.mp3,9401dcaf8c723a17f7e12673754b22376571ea3d74bc1892aaaded5f3817f400,IMPORT,likely_duplicate_representative,54,12 TIÃO CARREIRO VIOLA/03 Tião Carreiro e Pardinho - Osso duro de roer.mp3,"sem erro de leitura; metadata GOOD; título HIGH; artista HIGH; sem cover; bitrate 64 kbps; sample rate 22050 Hz; desempate final por relative_path",64000,22050,false,GOOD
12 TIÃO CARREIRO VIOLA/03 Tião Carreiro e Pardinho - Última chance.mp3,046661b1fbcd30279564442b15b9014d38665aebde14effb0d05a9a2f80935c8,IMPORT,preserved,,12 TIÃO CARREIRO VIOLA/03 Tião Carreiro e Pardinho - Última chance.mp3,"sem erro de leitura; metadata GOOD; título HIGH; artista HIGH; sem cover; bitrate 64 kbps; sample rate 22050 Hz; desempate final por relative_path",64000,22050,false,GOOD
12 TIÃO CARREIRO VIOLA/03 Tião Carreiro e Pardinho - Vim dizer adeus.mp3,b591c0878144bfc8b4f2a0d89a3cea27b6c6477b2ff5f4f725b9dec796508028,IMPORT,preserved,,12 TIÃO CARREIRO VIOLA/03 Tião Carreiro e Pardinho - Vim dizer adeus.mp3,"sem erro de leitura; metadata GOOD; título HIGH; artista HIGH; sem cover; bitrate 64 kbps; sample rate 22050 Hz; desempate final por relative_path",64000,22050,false,GOOD
12 TIÃO CARREIRO VIOLA/03 Tião Carreiro e Praiano - Balanço da cama.mp3,4d360c2fdd92dbe9b422497b9860d9413c43680e11d99803927a04331ab17826,IMPORT,preserved,,12 TIÃO CARREIRO VIOLA/03 Tião Carreiro e Praiano - Balanço da cama.mp3,"sem erro de leitura; metadata GOOD; título HIGH; artista HIGH; sem cover; bitrate 64 kbps; sample rate 22050 Hz; desempate final por relative_path",64000,22050,false,GOOD
12 TIÃO CARREIRO VIOLA/04 A morte do Carreiro.mp3,54abf829c5c78402d20ddf4bfa72e9674f7dab235a1429709f1fd8ad360fec27,SKIP_LIKELY,likely_duplicate,55,Sertanejao/Tião Carreiro e Pardinho/04 A morte do Carreiro.mp3,"sem erro de leitura; metadata GOOD; título HIGH; artista HIGH; sem cover; bitrate 128 kbps; sample rate 44100 Hz; desempate final por relative_path",64000,22050,false,GOOD
12 TIÃO CARREIRO VIOLA/04 Amargurado.mp3,8e96aa52ea3e15f837ae9a2b5efa7937366a8ddf1da345026e43fd6034e9c6b5,SKIP_LIKELY,likely_duplicate,56,12 TIÃO CARREIRO VIOLA/10 Tião Carreiro e Pardinho - Amargurado.mp3,"sem erro de leitura; metadata GOOD; título HIGH; artista HIGH; sem cover; bitrate 64 kbps; sample rate 22050 Hz; desempate final por relative_path",64000,22050,false,GOOD
12 TIÃO CARREIRO VIOLA/04 Linha de Frente.mp3,a1ba60a5d371699d48995078716ec8f4fa7c66a44f608d7fee2743a1ef15e59a,IMPORT,preserved,,12 TIÃO CARREIRO VIOLA/04 Linha de Frente.mp3,"sem erro de leitura; metadata GOOD; título HIGH; artista HIGH; sem cover; bitrate 64 kbps; sample rate 22050 Hz; desempate final por relative_path",64000,22050,false,GOOD
12 TIÃO CARREIRO VIOLA/04 O Milagre da Vela.mp3,84850c35a042002e62b284e7bb54b437e4c5f2e49cbc5f2922b48a8966cef922,IMPORT,preserved,,12 TIÃO CARREIRO VIOLA/04 O Milagre da Vela.mp3,"sem erro de leitura; metadata GOOD; título HIGH; artista HIGH; sem cover; bitrate 64 kbps; sample rate 22050 Hz; desempate final por relative_path",64000,22050,false,GOOD
12 TIÃO CARREIRO VIOLA/04 Tião Carreiro e Paraíso - A vaca já foi pro brejo.mp3,02fab410748a06e084f8587f3eb4c3c7a6c5d089cade1f86d3ce3765537f0368,IMPORT,preserved,,12 TIÃO CARREIRO VIOLA/04 Tião Carreiro e Paraíso - A vaca já foi pro brejo.mp3,"sem erro de leitura; metadata GOOD; título HIGH; artista HIGH; sem cover; bitrate 64 kbps; sample rate 22050 Hz; desempate final por relative_path",64000,22050,false,GOOD
12 TIÃO CARREIRO VIOLA/04 Tião Carreiro e Paraíso - Berrante de ouro.mp3,87c9153bfb20963fa93175d4854bd3563986cd758367df359ccd95f461a551a8,IMPORT,preserved,,12 TIÃO CARREIRO VIOLA/04 Tião Carreiro e Paraíso - Berrante de ouro.mp3,"sem erro de leitura; metadata GOOD; título HIGH; artista HIGH; sem cover; bitrate 64 kbps; sample rate 22050 Hz; desempate final por relative_path",64000,22050,false,GOOD
12 TIÃO CARREIRO VIOLA/04 Tião Carreiro e Paraíso - Palavra de honra.mp3,71b885cd58e95fafb94ccc60ed55d13f3becdaf1b67e35033b0c297dc92bd72c,IMPORT,preserved,,12 TIÃO CARREIRO VIOLA/04 Tião Carreiro e Paraíso - Palavra de honra.mp3,"sem erro de leitura; metadata GOOD; título HIGH; artista HIGH; sem cover; bitrate 64 kbps; sample rate 22050 Hz; desempate final por relative_path",64000,22050,false,GOOD
12 TIÃO CARREIRO VIOLA/04 Tião Carreiro e Pardinho - Canção da madrugada.mp3,656157def6533b5b5b4069fdb4fe40a723edb34665f1586852e2d391bb226242,IMPORT,preserved,,12 TIÃO CARREIRO VIOLA/04 Tião Carreiro e Pardinho - Canção da madrugada.mp3,"sem erro de leitura; metadata GOOD; título HIGH; artista HIGH; sem cover; bitrate 64 kbps; sample rate 22050 Hz; desempate final por relative_path",64000,22050,false,GOOD
12 TIÃO CARREIRO VIOLA/04 Tião Carreiro e Pardinho - Chamada à cobrar.mp3,dd8260458c7cf9966bbce2e27a14d3210ad8250a9b6aa9cf331f7584b69c56b5,IMPORT,preserved,,12 TIÃO CARREIRO VIOLA/04 Tião Carreiro e Pardinho - Chamada à cobrar.mp3,"sem erro de leitura; metadata GOOD; título HIGH; artista HIGH; sem cover; bitrate 64 kbps; sample rate 22050 Hz; desempate final por relative_path",64000,22050,false,GOOD
12 TIÃO CARREIRO VIOLA/04 Tião Carreiro e Pardinho - Golpe de mestre.mp3,251500436bae9305ec4abf8e0e25e2f210409edb48ebf78aee4315b9224f0740,SKIP_LIKELY,likely_duplicate,44,12 TIÃO CARREIRO VIOLA/01 Golpe de Mestre.mp3,"sem erro de leitura; metadata GOOD; título HIGH; artista HIGH; sem cover; bitrate 64 kbps; sample rate 22050 Hz; desempate final por relative_path",64000,22050,false,GOOD
12 TIÃO CARREIRO VIOLA/04 Tião Carreiro e Pardinho - Rei do gado.mp3,59d7926b45d571e79c33e709d0632164b2939a275f089279f2e672586357cb55,SKIP_LIKELY,likely_duplicate,46,Sertanejao/Tião Carreiro e Pardinho/01 Rei do Gado.mp3,"sem erro de leitura; metadata GOOD; título HIGH; artista HIGH; sem cover; bitrate 128 kbps; sample rate 44100 Hz; desempate final por relative_path",64000,22050,false,GOOD
12 TIÃO CARREIRO VIOLA/04 Tião Carreiro e Pardinho - Romance proibido.mp3,fe465565e7f26fabb5e9adf8eda9c5c6be987389ade581ed5db6483e759590e3,IMPORT,preserved,,12 TIÃO CARREIRO VIOLA/04 Tião Carreiro e Pardinho - Romance proibido.mp3,"sem erro de leitura; metadata GOOD; título HIGH; artista HIGH; sem cover; bitrate 64 kbps; sample rate 22050 Hz; desempate final por relative_path",64000,22050,false,GOOD
12 TIÃO CARREIRO VIOLA/04 Tião Carreiro e Praiano - Minha grande amiga.mp3,e037af1740efe0814f805bbec7318d31ae377115392105c7b7347882be662326,IMPORT,preserved,,12 TIÃO CARREIRO VIOLA/04 Tião Carreiro e Praiano - Minha grande amiga.mp3,"sem erro de leitura; metadata GOOD; título HIGH; artista HIGH; sem cover; bitrate 64 kbps; sample rate 22050 Hz; desempate final por relative_path",64000,22050,false,GOOD
12 TIÃO CARREIRO VIOLA/05 Boi Cigano.mp3,0bb36402492bc1f00fc2974156a64df5f0d5a0753ab0354fc2a0952ecbf23518,IMPORT,preserved,,12 TIÃO CARREIRO VIOLA/05 Boi Cigano.mp3,"sem erro de leitura; metadata GOOD; título HIGH; artista HIGH; sem cover; bitrate 64 kbps; sample rate 22050 Hz; desempate final por relative_path",64000,22050,false,GOOD
12 TIÃO CARREIRO VIOLA/05 Cantar da Ciriema.mp3,b7e54094397478bdecd69630caadaa0f8436817de5dbe998e1af2d89a143fb31,IMPORT,preserved,,12 TIÃO CARREIRO VIOLA/05 Cantar da Ciriema.mp3,"sem erro de leitura; metadata GOOD; título HIGH; artista HIGH; sem cover; bitrate 64 kbps; sample rate 22050 Hz; desempate final por relative_path",64000,22050,false,GOOD
12 TIÃO CARREIRO VIOLA/05 Saudade do Araraquara.mp3,89788bbe8c53a6053bb45a755540099f1470527288b3c6cd2955e32f7200b220,SKIP_LIKELY,likely_duplicate,57,Sertanejao/Tião Carreiro e Pardinho/05 Saudade do Araraquara.mp3,"sem erro de leitura; metadata GOOD; título HIGH; artista HIGH; sem cover; bitrate 128 kbps; sample rate 44100 Hz; desempate final por relative_path",64000,22050,false,GOOD
12 TIÃO CARREIRO VIOLA/05 Saudade.mp3,5f3b89c884b9355882328d859b6e2fc84754ef7a305abf94073fca187c1468c5,IMPORT,preserved,,12 TIÃO CARREIRO VIOLA/05 Saudade.mp3,"sem erro de leitura; metadata GOOD; título HIGH; artista HIGH; sem cover; bitrate 64 kbps; sample rate 22050 Hz; desempate final por relative_path",64000,22050,false,GOOD
12 TIÃO CARREIRO VIOLA/05 Tião Carreiro e Paraíso - Aos pés do altar.mp3,2d322da30e7edccc4f2180c3320a986b55b04f3a48d6a5bcd20316dd853436e3,IMPORT,preserved,,12 TIÃO CARREIRO VIOLA/05 Tião Carreiro e Paraíso - Aos pés do altar.mp3,"sem erro de leitura; metadata GOOD; título HIGH; artista HIGH; sem cover; bitrate 64 kbps; sample rate 22050 Hz; desempate final por relative_path",64000,22050,false,GOOD
12 TIÃO CARREIRO VIOLA/05 Tião Carreiro e Paraíso - Boiadeiro é boi também.mp3,6262bacd7cef819edee21532ce143c2504b6acab6b55f6d83fd8d17f462c0542,IMPORT,likely_duplicate_representative,47,12 TIÃO CARREIRO VIOLA/05 Tião Carreiro e Paraíso - Boiadeiro é boi também.mp3,"sem erro de leitura; metadata GOOD; título HIGH; artista HIGH; sem cover; bitrate 64 kbps; sample rate 22050 Hz; desempate final por relative_path",64000,22050,false,GOOD
12 TIÃO CARREIRO VIOLA/05 Tião Carreiro e Paraíso - Meus inimigos também são filhos de Deus.mp3,397fbb3538955d6fbb906323ee80ecaa66c742f24cb87d0badf1ffa2a6807035,IMPORT,preserved,,12 TIÃO CARREIRO VIOLA/05 Tião Carreiro e Paraíso - Meus inimigos também são filhos de Deus.mp3,"sem erro de leitura; metadata GOOD; título HIGH; artista HIGH; sem cover; bitrate 64 kbps; sample rate 22050 Hz; desempate final por relative_path",64000,22050,false,GOOD
12 TIÃO CARREIRO VIOLA/05 Tião Carreiro e Pardinho - Ambiciosa.mp3,00378b9bfa798648ad732e9c58d1594e81c827f26c0eb506e7e803c53b516782,IMPORT,preserved,,12 TIÃO CARREIRO VIOLA/05 Tião Carreiro e Pardinho - Ambiciosa.mp3,"sem erro de leitura; metadata GOOD; título HIGH; artista HIGH; sem cover; bitrate 64 kbps; sample rate 22050 Hz; desempate final por relative_path",64000,22050,false,GOOD
12 TIÃO CARREIRO VIOLA/05 Tião Carreiro e Pardinho - Hoje eu não posso ir.mp3,b933ef9a9d19f399472bc6abc40766c54867d7a7f306eb99500f8173ffec2ea6,IMPORT,preserved,,12 TIÃO CARREIRO VIOLA/05 Tião Carreiro e Pardinho - Hoje eu não posso ir.mp3,"sem erro de leitura; metadata GOOD; título HIGH; artista HIGH; sem cover; bitrate 64 kbps; sample rate 22050 Hz; desempate final por relative_path",64000,22050,false,GOOD
12 TIÃO CARREIRO VIOLA/05 Tião Carreiro e Pardinho - Leito de hospital.mp3,4e19a9c950eb41f6032aeca06b1e809fbdcfd203bbf56d514504593faf48d62b,IMPORT,preserved,,12 TIÃO CARREIRO VIOLA/05 Tião Carreiro e Pardinho - Leito de hospital.mp3,"sem erro de leitura; metadata GOOD; título HIGH; artista HIGH; sem cover; bitrate 64 kbps; sample rate 22050 Hz; desempate final por relative_path",64000,22050,false,GOOD
12 TIÃO CARREIRO VIOLA/05 Tião Carreiro e Pardinho - O carpideiro.mp3,08ea866863c40c252758ce8355ceb8b25a7c00930d5a79b162b9d7638bb7f913,IMPORT,preserved,,12 TIÃO CARREIRO VIOLA/05 Tião Carreiro e Pardinho - O carpideiro.mp3,"sem erro de leitura; metadata GOOD; título HIGH; artista HIGH; sem cover; bitrate 64 kbps; sample rate 22050 Hz; desempate final por relative_path",64000,22050,false,GOOD
12 TIÃO CARREIRO VIOLA/05 Tião Carreiro e Pardinho - O mineiro e o italiano.mp3,61b6cc6175ef574d4d09d99dfe99aeaa74e053002ec9bbdd7c28d753467bdcca,IMPORT,likely_duplicate_representative,45,12 TIÃO CARREIRO VIOLA/05 Tião Carreiro e Pardinho - O mineiro e o italiano.mp3,"sem erro de leitura; metadata GOOD; título HIGH; artista HIGH; sem cover; bitrate 64 kbps; sample rate 22050 Hz; desempate final por relative_path",64000,22050,false,GOOD
"12 TIÃO CARREIRO VIOLA/05 Tião Carreiro e Praiano - Eu, a viola e ela.mp3",e9d0d19f7d04660714a7b7255aefb4a43fbe141f725b0b7c8229c5ba9bde2496,IMPORT,preserved,,"12 TIÃO CARREIRO VIOLA/05 Tião Carreiro e Praiano - Eu, a viola e ela.mp3","sem erro de leitura; metadata GOOD; título HIGH; artista HIGH; sem cover; bitrate 64 kbps; sample rate 22050 Hz; desempate final por relative_path",64000,22050,false,GOOD
12 TIÃO CARREIRO VIOLA/06 Ana Rosa.mp3,673d682e4b777cd9ffebd038342716b73f428ef4ba5fd894bf62316e876195f8,IMPORT,preserved,,12 TIÃO CARREIRO VIOLA/06 Ana Rosa.mp3,"sem erro de leitura; metadata GOOD; título HIGH; artista HIGH; sem cover; bitrate 64 kbps; sample rate 22050 Hz; desempate final por relative_path",64000,22050,false,GOOD
12 TIÃO CARREIRO VIOLA/06 Cabelo Loiro.mp3,78eef3d9c32398372cd45efb90814d60dea4e6d505dd2f99cd3b405f2d375c9a,IMPORT,preserved,,12 TIÃO CARREIRO VIOLA/06 Cabelo Loiro.mp3,"sem erro de leitura; metadata GOOD; título HIGH; artista HIGH; sem cover; bitrate 64 kbps; sample rate 22050 Hz; desempate final por relative_path",64000,22050,false,GOOD
12 TIÃO CARREIRO VIOLA/06 Irmão de Ferreirinha.mp3,bdf369ceea4a60589354cda442700828aec664e8bafb483870b572d45ac664bb,SKIP_LIKELY,likely_duplicate,58,Sertanejao/Tião Carreiro e Pardinho/06 Irmão de Ferreirinha.mp3,"sem erro de leitura; metadata GOOD; título HIGH; artista HIGH; sem cover; bitrate 128 kbps; sample rate 44100 Hz; desempate final por relative_path",64000,22050,false,GOOD
12 TIÃO CARREIRO VIOLA/06 Tião Carreiro e Paraíso - Carga pesada.mp3,b171c27477149be90979f96d09da688bd26313a4374132dcc3ae99b918127acf,IMPORT,preserved,,12 TIÃO CARREIRO VIOLA/06 Tião Carreiro e Paraíso - Carga pesada.mp3,"sem erro de leitura; metadata GOOD; título HIGH; artista HIGH; sem cover; bitrate 64 kbps; sample rate 22050 Hz; desempate final por relative_path",64000,22050,false,GOOD
12 TIÃO CARREIRO VIOLA/06 Tião Carreiro e Paraíso - Sombra do desengano.mp3,948f7fbd0deb042215995d7fc0137f5b7f4b157e859570fd53c7bd8d8fca9944,IMPORT,preserved,,12 TIÃO CARREIRO VIOLA/06 Tião Carreiro e Paraíso - Sombra do desengano.mp3,"sem erro de leitura; metadata GOOD; título HIGH; artista HIGH; sem cover; bitrate 64 kbps; sample rate 22050 Hz; desempate final por relative_path",64000,22050,false,GOOD
12 TIÃO CARREIRO VIOLA/06 Tião Carreiro e Paraíso - Tarde demais.mp3,52302b83725797c2e226982b82182a2513df567f4ff2265817c6eeda9759099c,IMPORT,preserved,,12 TIÃO CARREIRO VIOLA/06 Tião Carreiro e Paraíso - Tarde demais.mp3,"sem erro de leitura; metadata GOOD; título HIGH; artista HIGH; sem cover; bitrate 64 kbps; sample rate 22050 Hz; desempate final por relative_path",64000,22050,false,GOOD
12 TIÃO CARREIRO VIOLA/06 Tião Carreiro e Pardinho - A vaca já foi pro brejo.mp3,efb6b30c7b1a33fd2ad0a678dbb721e5dace2acd7a9b2f36a6015373a75aa10b,IMPORT,likely_duplicate_representative,59,12 TIÃO CARREIRO VIOLA/06 Tião Carreiro e Pardinho - A vaca já foi pro brejo.mp3,"sem erro de leitura; metadata GOOD; título HIGH; artista HIGH; sem cover; bitrate 64 kbps; sample rate 22050 Hz; desempate final por relative_path",64000,22050,false,GOOD
12 TIÃO CARREIRO VIOLA/06 Tião Carreiro e Pardinho - Canção do século.mp3,68002a8cdc0ed11547a0de55cf2f2a5c9a6aa84729b213d0db637a07eaa78583,IMPORT,preserved,,12 TIÃO CARREIRO VIOLA/06 Tião Carreiro e Pardinho - Canção do século.mp3,"sem erro de leitura; metadata GOOD; título HIGH; artista HIGH; sem cover; bitrate 64 kbps; sample rate 22050 Hz; desempate final por relative_path",64000,22050,false,GOOD
12 TIÃO CARREIRO VIOLA/06 Tião Carreiro e Pardinho - Padecimento.mp3,f9becb5b933dfc01863ded21fa4f52c99b4e29d75d12d41649eed068b94c6db3,IMPORT,preserved,,12 TIÃO CARREIRO VIOLA/06 Tião Carreiro e Pardinho - Padecimento.mp3,"sem erro de leitura; metadata GOOD; título HIGH; artista HIGH; sem cover; bitrate 64 kbps; sample rate 22050 Hz; desempate final por relative_path",64000,22050,false,GOOD
12 TIÃO CARREIRO VIOLA/06 Tião Carreiro e Pardinho - Preto velho.mp3,2e09202d568f13269fceb675f4a2ea8b44f9b75134b85c3905b0e438ba6e0ed5,IMPORT,preserved,,12 TIÃO CARREIRO VIOLA/06 Tião Carreiro e Pardinho - Preto velho.mp3,"sem erro de leitura; metadata GOOD; título HIGH; artista HIGH; sem cover; bitrate 64 kbps; sample rate 22050 Hz; desempate final por relative_path",64000,22050,false,GOOD
12 TIÃO CARREIRO VIOLA/06 Tião Carreiro e Pardinho - Saudade de Ituiutaba.mp3,ec34e3dc2c5f93dc9f57d1e8b87f49b998b1baa836e1dc51e98a84b70913fa98,IMPORT,preserved,,12 TIÃO CARREIRO VIOLA/06 Tião Carreiro e Pardinho - Saudade de Ituiutaba.mp3,"sem erro de leitura; metadata GOOD; título HIGH; artista HIGH; sem cover; bitrate 64 kbps; sample rate 22050 Hz; desempate final por relative_path",64000,22050,false,GOOD
12 TIÃO CARREIRO VIOLA/06 Tião Carreiro e Praiano - Circuito do amor.mp3,5aa5e3481ef7395985e4944ae383e003422e2fe9db0f15bb5da523eb428c32fa,IMPORT,preserved,,12 TIÃO CARREIRO VIOLA/06 Tião Carreiro e Praiano - Circuito do amor.mp3,"sem erro de leitura; metadata GOOD; título HIGH; artista HIGH; sem cover; bitrate 64 kbps; sample rate 22050 Hz; desempate final por relative_path",64000,22050,false,GOOD
12 TIÃO CARREIRO VIOLA/06 Violeiro Do Passado.mp3,1be442c3169c2d1b776cbeebecadfba09a16a0b62b1a2c366ef4c62711ff23bb,IMPORT,preserved,,12 TIÃO CARREIRO VIOLA/06 Violeiro Do Passado.mp3,"sem erro de leitura; metadata GOOD; título HIGH; artista HIGH; sem cover; bitrate 64 kbps; sample rate 22050 Hz; desempate final por relative_path",64000,22050,false,GOOD
12 TIÃO CARREIRO VIOLA/07 Arreio de Prata.mp3,c3638d480c4f8803d3c0343e9f8cb46d1214f39b3c6b22f6c610a80e611724bb,IMPORT,preserved,,12 TIÃO CARREIRO VIOLA/07 Arreio de Prata.mp3,"sem erro de leitura; metadata GOOD; título HIGH; artista HIGH; sem cover; bitrate 64 kbps; sample rate 22050 Hz; desempate final por relative_path",64000,22050,false,GOOD
12 TIÃO CARREIRO VIOLA/07 Jerimu.mp3,0c4066174f86e3b77e8f26aca4bc10be5f9a12b159a7c7375d7ee1bd8a7b1f03,IMPORT,preserved,,12 TIÃO CARREIRO VIOLA/07 Jerimu.mp3,"sem erro de leitura; metadata GOOD; título HIGH; artista HIGH; sem cover; bitrate 64 kbps; sample rate 22050 Hz; desempate final por relative_path",64000,22050,false,GOOD
12 TIÃO CARREIRO VIOLA/07 Pai João.mp3,3587688ed5e1ea9b248e244bb5fe1d9ac024f532f5b6275a73fd407194c60853,IMPORT,preserved,,12 TIÃO CARREIRO VIOLA/07 Pai João.mp3,"sem erro de leitura; metadata GOOD; título HIGH; artista HIGH; sem cover; bitrate 64 kbps; sample rate 22050 Hz; desempate final por relative_path",64000,22050,false,GOOD
12 TIÃO CARREIRO VIOLA/07 Pardinho e Pardal - Rei dos delegados.mp3,e571d9437629419e256c3711ba397ce7373d896a2a65355600c21038d5bf57e0,IMPORT,preserved,,12 TIÃO CARREIRO VIOLA/07 Pardinho e Pardal - Rei dos delegados.mp3,"sem erro de leitura; metadata GOOD; título HIGH; artista HIGH; sem cover; bitrate 64 kbps; sample rate 22050 Hz; desempate final por relative_path",64000,22050,false,GOOD
12 TIÃO CARREIRO VIOLA/07 Tião Carreiro e Paraíso - Amor de praia.mp3,231e8106c5098c2cd21d5b0204e222d80e5cf6fb63df7f72012d5f44d95aa4aa,IMPORT,preserved,,12 TIÃO CARREIRO VIOLA/07 Tião Carreiro e Paraíso - Amor de praia.mp3,"sem erro de leitura; metadata GOOD; título HIGH; artista HIGH; sem cover; bitrate 64 kbps; sample rate 22050 Hz; desempate final por relative_path",64000,22050,false,GOOD
"12 TIÃO CARREIRO VIOLA/07 Tião Carreiro e Paraíso - Minha vida, minha cruz.mp3",deeb54075797e2e0b8fb2f770400e34377fb390aaa3c8c110a041bc4775b3683,IMPORT,preserved,,"12 TIÃO CARREIRO VIOLA/07 Tião Carreiro e Paraíso - Minha vida, minha cruz.mp3","sem erro de leitura; metadata GOOD; título HIGH; artista HIGH; sem cover; bitrate 64 kbps; sample rate 22050 Hz; desempate final por relative_path",64000,22050,false,GOOD
12 TIÃO CARREIRO VIOLA/07 Tião Carreiro e Pardinho - Aquarela sertaneja.mp3,2491a82fb378d7ca7ea80ea68e5585ccc51d80ec7321dd61d94047bb74a84cc4,IMPORT,preserved,,12 TIÃO CARREIRO VIOLA/07 Tião Carreiro e Pardinho - Aquarela sertaneja.mp3,"sem erro de leitura; metadata GOOD; título HIGH; artista HIGH; sem cover; bitrate 64 kbps; sample rate 22050 Hz; desempate final por relative_path",64000,22050,false,GOOD
12 TIÃO CARREIRO VIOLA/07 Tião Carreiro e Pardinho - Mundo velho.mp3,d365349232541b7b3dcffe2f00b35316a7c97bf9529bc57d1f7fd5e073a63bd0,IMPORT,preserved,,12 TIÃO CARREIRO VIOLA/07 Tião Carreiro e Pardinho - Mundo velho.mp3,"sem erro de leitura; metadata GOOD; título HIGH; artista HIGH; sem cover; bitrate 64 kbps; sample rate 22050 Hz; desempate final por relative_path",64000,22050,false,GOOD
12 TIÃO CARREIRO VIOLA/07 Tião Carreiro e Pardinho - Pagode em Brasília.mp3,5a4e8b604744d7b358b608327920703042cb52507ded5f030c1ce065b26e975a,SKIP_LIKELY,likely_duplicate,53,Sertanejao/Tião Carreiro e Pardinho/03 Pagode em Brasília.mp3,"sem erro de leitura; metadata GOOD; título HIGH; artista HIGH; sem cover; bitrate 128 kbps; sample rate 44100 Hz; desempate final por relative_path",64000,22050,false,GOOD
12 TIÃO CARREIRO VIOLA/07 Tião Carreiro e Pardinho - Preto inocente.mp3,e1cb86ddf90b4c624468b1d6ca4cab4efdab674010e96abef33a16ef128e51e2,IMPORT,preserved,,12 TIÃO CARREIRO VIOLA/07 Tião Carreiro e Pardinho - Preto inocente.mp3,"sem erro de leitura; metadata GOOD; título HIGH; artista HIGH; sem cover; bitrate 64 kbps; sample rate 22050 Hz; desempate final por relative_path",64000,22050,false,GOOD
12 TIÃO CARREIRO VIOLA/07 Tião Carreiro e Pardinho - Rio Paranapanema.mp3,09bf43bba5265869f207214ade8c1f9ecad70d1874bf305a7cb2b8f2b7fe8071,IMPORT,preserved,,12 TIÃO CARREIRO VIOLA/07 Tião Carreiro e Pardinho - Rio Paranapanema.mp3,"sem erro de leitura; metadata GOOD; título HIGH; artista HIGH; sem cover; bitrate 64 kbps; sample rate 22050 Hz; desempate final por relative_path",64000,22050,false,GOOD
12 TIÃO CARREIRO VIOLA/07 Tião Carreiro e Praiano - Paixão mineira.mp3,6a02b72596bbc430d3c64ede30d2aad5178a7aba3a6da079b387940dbd1fb8cd,IMPORT,preserved,,12 TIÃO CARREIRO VIOLA/07 Tião Carreiro e Praiano - Paixão mineira.mp3,"sem erro de leitura; metadata GOOD; título HIGH; artista HIGH; sem cover; bitrate 64 kbps; sample rate 22050 Hz; desempate final por relative_path",64000,22050,false,GOOD
12 TIÃO CARREIRO VIOLA/07 Três Cuiabanas.mp3,2c82935f16696efa7e729b13665a8ad1372f4f8a5842af9d60bc21b53aa331a5,SKIP_LIKELY,likely_duplicate,60,Sertanejao/Tião Carreiro e Pardinho/07 Três Cuiabanas.mp3,"sem erro de leitura; metadata GOOD; título HIGH; artista HIGH; sem cover; bitrate 128 kbps; sample rate 44100 Hz; desempate final por relative_path",64000,22050,false,GOOD
12 TIÃO CARREIRO VIOLA/08 A Vaca já foi pro brejo.mp3,da2ffe43da89c17d4401cd9a66f9f6fc5e28e2db32160ebafad134038c13e32c,SKIP_LIKELY,likely_duplicate,59,12 TIÃO CARREIRO VIOLA/06 Tião Carreiro e Pardinho - A vaca já foi pro brejo.mp3,"sem erro de leitura; metadata GOOD; título HIGH; artista HIGH; sem cover; bitrate 64 kbps; sample rate 22050 Hz; desempate final por relative_path",64000,22050,false,GOOD
12 TIÃO CARREIRO VIOLA/08 Fazenda Caioçara.mp3,a5c1f0700fa2fdea39cbad862439b504a6d025709492717c9625ecff6f99410c,IMPORT,preserved,,12 TIÃO CARREIRO VIOLA/08 Fazenda Caioçara.mp3,"sem erro de leitura; metadata GOOD; título HIGH; artista HIGH; sem cover; bitrate 64 kbps; sample rate 22050 Hz; desempate final por relative_path",64000,22050,false,GOOD
12 TIÃO CARREIRO VIOLA/08 Minha Prece.mp3,e723fd67b6ae3fc8b529931d7fd2fb2bb3a64239e0e0f71cc325a9286ae98897,IMPORT,preserved,,12 TIÃO CARREIRO VIOLA/08 Minha Prece.mp3,"sem erro de leitura; metadata GOOD; título HIGH; artista HIGH; sem cover; bitrate 64 kbps; sample rate 22050 Hz; desempate final por relative_path",64000,22050,false,GOOD
12 TIÃO CARREIRO VIOLA/08 Pardinho e Pardal - Horas perdidas.mp3,9cc9c95c1c892c854a1e5d29030a438e8d9a47f886730273475fedcf871f44be,IMPORT,preserved,,12 TIÃO CARREIRO VIOLA/08 Pardinho e Pardal - Horas perdidas.mp3,"sem erro de leitura; metadata GOOD; título HIGH; artista HIGH; sem cover; bitrate 64 kbps; sample rate 22050 Hz; desempate final por relative_path",64000,22050,false,GOOD
12 TIÃO CARREIRO VIOLA/08 Sucuri.mp3,80ce442b126807c4f12597ccd00b131291329d378240a197963890201968cfa4,SKIP_LIKELY,likely_duplicate,61,Sertanejao/Tião Carreiro e Pardinho/08 Sucuri.mp3,"sem erro de leitura; metadata GOOD; título HIGH; artista HIGH; sem cover; bitrate 128 kbps; sample rate 44100 Hz; desempate final por relative_path",64000,22050,false,GOOD
12 TIÃO CARREIRO VIOLA/08 Tião Carreiro e Paraíso - Chega de sujeira.mp3,8ba6dc5321280701c2617c7b4d8a57db1a55ca0838404a5943d278ba5bd285e2,IMPORT,preserved,,12 TIÃO CARREIRO VIOLA/08 Tião Carreiro e Paraíso - Chega de sujeira.mp3,"sem erro de leitura; metadata GOOD; título HIGH; artista HIGH; sem cover; bitrate 64 kbps; sample rate 22050 Hz; desempate final por relative_path",64000,22050,false,GOOD
12 TIÃO CARREIRO VIOLA/08 Tião Carreiro e Paraíso - Parede e meia.mp3,900ca16b04722b78739a450b200ca8731c95815292e8b7f21a5dad750912721e,IMPORT,preserved,,12 TIÃO CARREIRO VIOLA/08 Tião Carreiro e Paraíso - Parede e meia.mp3,"sem erro de leitura; metadata GOOD; título HIGH; artista HIGH; sem cover; bitrate 64 kbps; sample rate 22050 Hz; desempate final por relative_path",64000,22050,false,GOOD
12 TIÃO CARREIRO VIOLA/08 Tião Carreiro e Pardinho - A coisa ficou bonita.mp3,dab4f44bc73417d4fe8895576d66dad7bad54d9a6ecdf9bf6a2aaad9a3df1c05,IMPORT,preserved,,12 TIÃO CARREIRO VIOLA/08 Tião Carreiro e Pardinho - A coisa ficou bonita.mp3,"sem erro de leitura; metadata GOOD; título HIGH; artista HIGH; sem cover; bitrate 64 kbps; sample rate 22050 Hz; desempate final por relative_path",64000,22050,false,GOOD
12 TIÃO CARREIRO VIOLA/08 Tião Carreiro e Pardinho - A majestade O Pagode.mp3,7e76c0227de0005a9822d81f3566909664556af298c72ca6c17c64cbc6fe7819,IMPORT,preserved,,12 TIÃO CARREIRO VIOLA/08 Tião Carreiro e Pardinho - A majestade O Pagode.mp3,"sem erro de leitura; metadata GOOD; título HIGH; artista HIGH; sem cover; bitrate 64 kbps; sample rate 22050 Hz; desempate final por relative_path",64000,22050,false,GOOD
12 TIÃO CARREIRO VIOLA/08 Tião Carreiro e Pardinho - Catimbau.mp3,1fd24af918f4516f2a30658435efa873e58f1f3aae4b51d2f502a2bceea498e4,SKIP_LIKELY,likely_duplicate,62,12 TIÃO CARREIRO VIOLA/10 Catimbau.mp3,"sem erro de leitura; metadata GOOD; título HIGH; artista HIGH; sem cover; bitrate 64 kbps; sample rate 22050 Hz; desempate final por relative_path",64000,22050,false,GOOD
12 TIÃO CARREIRO VIOLA/08 Tião Carreiro e Pardinho - Homem sem rumo.mp3,463cfbabed5b3ab08a9766577ae72bd4daa72d7c11e04e827e82db4fbcdd1fec,IMPORT,preserved,,12 TIÃO CARREIRO VIOLA/08 Tião Carreiro e Pardinho - Homem sem rumo.mp3,"sem erro de leitura; metadata GOOD; título HIGH; artista HIGH; sem cover; bitrate 64 kbps; sample rate 22050 Hz; desempate final por relative_path",64000,22050,false,GOOD
12 TIÃO CARREIRO VIOLA/08 Tião Carreiro e Pardinho - Navalha na carne.mp3,ed76d1c48c249420404ebd117d0290c99e952d7c547607a3c3307111a851377a,IMPORT,preserved,,12 TIÃO CARREIRO VIOLA/08 Tião Carreiro e Pardinho - Navalha na carne.mp3,"sem erro de leitura; metadata GOOD; título HIGH; artista HIGH; sem cover; bitrate 64 kbps; sample rate 22050 Hz; desempate final por relative_path",64000,22050,false,GOOD
12 TIÃO CARREIRO VIOLA/08 Tião Carreiro e Praiano - Final dos tempos.mp3,4af3e51828e778e61db212ad419f104e8cc2c82265295139c82f00b047ee6746,IMPORT,preserved,,12 TIÃO CARREIRO VIOLA/08 Tião Carreiro e Praiano - Final dos tempos.mp3,"sem erro de leitura; metadata GOOD; título HIGH; artista HIGH; sem cover; bitrate 64 kbps; sample rate 22050 Hz; desempate final por relative_path",64000,22050,false,GOOD
12 TIÃO CARREIRO VIOLA/09 Dever Do Policial.mp3,51d7ac78305fb8a8874144e60e3ad0e73238ce6ee130f0f68068cf8a45661116,IMPORT,preserved,,12 TIÃO CARREIRO VIOLA/09 Dever Do Policial.mp3,"sem erro de leitura; metadata GOOD; título HIGH; artista HIGH; sem cover; bitrate 64 kbps; sample rate 22050 Hz; desempate final por relative_path",64000,22050,false,GOOD
12 TIÃO CARREIRO VIOLA/09 Geada do Paraná.mp3,29d7c391ae5b4a61857f4af5002d82fb1a59fca2321fa0a747aa040a0e353450,IMPORT,preserved,,12 TIÃO CARREIRO VIOLA/09 Geada do Paraná.mp3,"sem erro de leitura; metadata GOOD; título HIGH; artista HIGH; sem cover; bitrate 64 kbps; sample rate 22050 Hz; desempate final por relative_path",64000,22050,false,GOOD
12 TIÃO CARREIRO VIOLA/09 Pagode em Brasília.mp3,17759609083d53e51aa98bb1a8525d5de61d903ef7ad55a867723920d0951727,SKIP_LIKELY,likely_duplicate,53,Sertanejao/Tião Carreiro e Pardinho/03 Pagode em Brasília.mp3,"sem erro de leitura; metadata GOOD; título HIGH; artista HIGH; sem cover; bitrate 128 kbps; sample rate 44100 Hz; desempate final por relative_path",64000,22050,false,GOOD
12 TIÃO CARREIRO VIOLA/09 Pardinho e Pardal - O Menino da Tábua.mp3,aa92f301304a8c7f73af800d385c7b6420b2531dd0fbb223e58b131067b42bc4,IMPORT,preserved,,12 TIÃO CARREIRO VIOLA/09 Pardinho e Pardal - O Menino da Tábua.mp3,"sem erro de leitura; metadata GOOD; título HIGH; artista HIGH; sem cover; bitrate 64 kbps; sample rate 22050 Hz; desempate final por relative_path",64000,22050,false,GOOD
12 TIÃO CARREIRO VIOLA/09 Tião Carreiro e Paraíso - Homem até debaixo d`água.mp3,c26fc8f8339451f8ba73431942b309e49fc792b5879516f1d26947d949252a35,IMPORT,likely_duplicate_representative,51,12 TIÃO CARREIRO VIOLA/09 Tião Carreiro e Paraíso - Homem até debaixo d`água.mp3,"sem erro de leitura; metadata GOOD; título HIGH; artista HIGH; sem cover; bitrate 64 kbps; sample rate 22050 Hz; desempate final por relative_path",64000,22050,false,GOOD
12 TIÃO CARREIRO VIOLA/09 Tião Carreiro e Paraíso - Nos braços da solidão.mp3,3cf147b133f6c9f56f0e93957513a5c966631746b7f3210a858195294607e0e3,IMPORT,preserved,,12 TIÃO CARREIRO VIOLA/09 Tião Carreiro e Paraíso - Nos braços da solidão.mp3,"sem erro de leitura; metadata GOOD; título HIGH; artista HIGH; sem cover; bitrate 64 kbps; sample rate 22050 Hz; desempate final por relative_path",64000,22050,false,GOOD
12 TIÃO CARREIRO VIOLA/09 Tião Carreiro e Pardinho - Boi Cigano.mp3,90f3a6881472b61f3edea05ce8e8ea59a93689f03fd6450f6f9f0524e1887154,IMPORT,preserved,,12 TIÃO CARREIRO VIOLA/09 Tião Carreiro e Pardinho - Boi Cigano.mp3,"sem erro de leitura; metadata GOOD; título HIGH; artista HIGH; sem cover; bitrate 64 kbps; sample rate 22050 Hz; desempate final por relative_path",64000,22050,false,GOOD
12 TIÃO CARREIRO VIOLA/09 Tião Carreiro e Pardinho - Felicidade.mp3,3688b3e425c5dfb86f1e60092b8ea1d3e0bb04f3879d7a89ebe41b0630fc23e2,IMPORT,preserved,,12 TIÃO CARREIRO VIOLA/09 Tião Carreiro e Pardinho - Felicidade.mp3,"sem erro de leitura; metadata GOOD; título HIGH; artista HIGH; sem cover; bitrate 64 kbps; sample rate 22050 Hz; desempate final por relative_path",64000,22050,false,GOOD
12 TIÃO CARREIRO VIOLA/09 Tião Carreiro e Pardinho - Oi Paixão.mp3,41bddc7fbf68ac0763d7c4d94bdb940f05db9e339d82a1d5a8d2bd8604abc956,SKIP_LIKELY,likely_duplicate,49,12 TIÃO CARREIRO VIOLA/01 Tião Carreiro e Pardinho - Oi paixão.mp3,"sem erro de leitura; metadata GOOD; título HIGH; artista HIGH; sem cover; bitrate 64 kbps; sample rate 22050 Hz; desempate final por relative_path",64000,22050,false,GOOD
12 TIÃO CARREIRO VIOLA/09 Tião Carreiro e Pardinho - Saudade me fez voltar.mp3,fcdfc844f0d4ac36034d1110cf1b10fc14fd26b3801936dfe02efbfd156bcba4,IMPORT,preserved,,12 TIÃO CARREIRO VIOLA/09 Tião Carreiro e Pardinho - Saudade me fez voltar.mp3,"sem erro de leitura; metadata GOOD; título HIGH; artista HIGH; sem cover; bitrate 64 kbps; sample rate 22050 Hz; desempate final por relative_path",64000,22050,false,GOOD
12 TIÃO CARREIRO VIOLA/09 Tião Carreiro e Pardinho - Veneno da mentira.mp3,752ec6d6050d4941957fe8d28dfd3ba957e152a94d729bf551ae70a8ccf12960,IMPORT,preserved,,12 TIÃO CARREIRO VIOLA/09 Tião Carreiro e Pardinho - Veneno da mentira.mp3,"sem erro de leitura; metadata GOOD; título HIGH; artista HIGH; sem cover; bitrate 64 kbps; sample rate 22050 Hz; desempate final por relative_path",64000,22050,false,GOOD
12 TIÃO CARREIRO VIOLA/09 Tião Carreiro e Praiano - Carreador.mp3,3aa7ac7320d0955b20c94721432c59c61f23f3a8d5a32bba90bd5a4bdb2556b2,IMPORT,preserved,,12 TIÃO CARREIRO VIOLA/09 Tião Carreiro e Praiano - Carreador.mp3,"sem erro de leitura; metadata GOOD; título HIGH; artista HIGH; sem cover; bitrate 64 kbps; sample rate 22050 Hz; desempate final por relative_path",64000,22050,false,GOOD
12 TIÃO CARREIRO VIOLA/09 Triste Desengano.mp3,c937f2dbe6fdbbde9a4f13031deadbae7fad69c8d69273520fbb1b9317618af5,SKIP_LIKELY,likely_duplicate,63,Sertanejao/Tião Carreiro e Pardinho/09 Triste Desengano.mp3,"sem erro de leitura; metadata GOOD; título HIGH; artista HIGH; sem cover; bitrate 128 kbps; sample rate 44100 Hz; desempate final por relative_path",64000,22050,false,GOOD
12 TIÃO CARREIRO VIOLA/10 Catimbau.mp3,936aa40af604168ef0757988652e56d6e6d2831d26159fe010bcc58cdaf65fbd,IMPORT,likely_duplicate_representative,62,12 TIÃO CARREIRO VIOLA/10 Catimbau.mp3,"sem erro de leitura; metadata GOOD; título HIGH; artista HIGH; sem cover; bitrate 64 kbps; sample rate 22050 Hz; desempate final por relative_path",64000,22050,false,GOOD
12 TIÃO CARREIRO VIOLA/10 Pardinho e Pardal - Carreteiro do Brasil.mp3,d4f8e179758e1da05bb5b6879bd49102da6ff439673128a1e1eaff25fbd4b400,IMPORT,preserved,,12 TIÃO CARREIRO VIOLA/10 Pardinho e Pardal - Carreteiro do Brasil.mp3,"sem erro de leitura; metadata GOOD; título HIGH; artista HIGH; sem cover; bitrate 64 kbps; sample rate 22050 Hz; desempate final por relative_path",64000,22050,false,GOOD
12 TIÃO CARREIRO VIOLA/10 Saudosa Vida De Peão.mp3,c59b9cbbc121f9600f6f030082ce01137e6b6f3ad3d8a0e642462631c7479356,IMPORT,preserved,,12 TIÃO CARREIRO VIOLA/10 Saudosa Vida De Peão.mp3,"sem erro de leitura; metadata GOOD; título HIGH; artista HIGH; sem cover; bitrate 64 kbps; sample rate 22050 Hz; desempate final por relative_path",64000,22050,false,GOOD
12 TIÃO CARREIRO VIOLA/10 Teu nome tem sete letras.mp3,77c4d97e80b10dc39a9be16b16a95081c6ee5c5c01425bf89955bac7c23c6d8f,SKIP_LIKELY,likely_duplicate,64,Sertanejao/Tião Carreiro e Pardinho/10 Teu nome tem sete letras.mp3,"sem erro de leitura; metadata GOOD; título HIGH; artista HIGH; sem cover; bitrate 128 kbps; sample rate 44100 Hz; desempate final por relative_path",64000,22050,false,GOOD
12 TIÃO CARREIRO VIOLA/10 Tião Carreiro e Paraíso - Adeus Rio Piracicaba.mp3,6c652ef062251c4af222ad7044fd5d9b79f30d55bbf271efd3f3682ec91b94bb,IMPORT,preserved,,12 TIÃO CARREIRO VIOLA/10 Tião Carreiro e Paraíso - Adeus Rio Piracicaba.mp3,"sem erro de leitura; metadata GOOD; título HIGH; artista HIGH; sem cover; bitrate 64 kbps; sample rate 22050 Hz; desempate final por relative_path",64000,22050,false,GOOD
12 TIÃO CARREIRO VIOLA/10 Tião Carreiro e Paraíso - Uma flor e uma Santa.mp3,7685279001da8af34a444e0742215ee5cc7668d167cdaa71cf78c81cdf9d5a46,IMPORT,likely_duplicate_representative,48,12 TIÃO CARREIRO VIOLA/10 Tião Carreiro e Paraíso - Uma flor e uma Santa.mp3,"sem erro de leitura; metadata GOOD; título HIGH; artista HIGH; sem cover; bitrate 64 kbps; sample rate 22050 Hz; desempate final por relative_path",64000,22050,false,GOOD
12 TIÃO CARREIRO VIOLA/10 Tião Carreiro e Pardinho - A viola e o violeiro.mp3,829e292c2f208c2603965ec70b1ebeb728a31453f5c213d9dd43288659c1d558,IMPORT,preserved,,12 TIÃO CARREIRO VIOLA/10 Tião Carreiro e Pardinho - A viola e o violeiro.mp3,"sem erro de leitura; metadata GOOD; título HIGH; artista HIGH; sem cover; bitrate 64 kbps; sample rate 22050 Hz; desempate final por relative_path",64000,22050,false,GOOD
12 TIÃO CARREIRO VIOLA/10 Tião Carreiro e Pardinho - Amargurado.mp3,a9cafc95318becb4f146a8b5e81aa89036d7a7fa3dbb6a72af2dc7f2e1267bb2,IMPORT,likely_duplicate_representative,56,12 TIÃO CARREIRO VIOLA/10 Tião Carreiro e Pardinho - Amargurado.mp3,"sem erro de leitura; metadata GOOD; título HIGH; artista HIGH; sem cover; bitrate 64 kbps; sample rate 22050 Hz; desempate final por relative_path",64000,22050,false,GOOD
12 TIÃO CARREIRO VIOLA/10 Tião Carreiro e Pardinho - Nó cego.mp3,5fdd550d274838195c02060e03cb07b591ae2a77910bcd789bbc1de3911ee425,IMPORT,preserved,,12 TIÃO CARREIRO VIOLA/10 Tião Carreiro e Pardinho - Nó cego.mp3,"sem erro de leitura; metadata GOOD; título HIGH; artista HIGH; sem cover; bitrate 64 kbps; sample rate 22050 Hz; desempate final por relative_path",64000,22050,false,GOOD
12 TIÃO CARREIRO VIOLA/10 Tião Carreiro e Pardinho - Osso duro de roer.mp3,0812b82b7e6143a190dfa2d5ce9636ce5cc252e7e27baa4c12d315992be4ae51,SKIP_LIKELY,likely_duplicate,54,12 TIÃO CARREIRO VIOLA/03 Tião Carreiro e Pardinho - Osso duro de roer.mp3,"sem erro de leitura; metadata GOOD; título HIGH; artista HIGH; sem cover; bitrate 64 kbps; sample rate 22050 Hz; desempate final por relative_path",64000,22050,false,GOOD
13 DI PAULO&PAULINO/01. Amor de Primavera - Part. Especial Gino & Geno.mp3,2216f986e86405f0bf18ec788819dcbebd68ae77864cb6ffef0e78a55ce65a2e,IMPORT,preserved,,13 DI PAULO&PAULINO/01. Amor de Primavera - Part. Especial Gino & Geno.mp3,"sem erro de leitura; metadata INFERRED; título HIGH; artista HIGH; cover presente; bitrate 192 kbps; sample rate 44100 Hz; desempate final por relative_path",192000,44100,true,INFERRED
13 DI PAULO&PAULINO/01. O Ladr¦o Part. Leonardo.mp3,7a31ea2dcc5e1b8a7bc90733c2d3f149ef6396a8cd05a2ea9cadd36374a4cd79,IMPORT,preserved,,13 DI PAULO&PAULINO/01. O Ladr¦o Part. Leonardo.mp3,"sem erro de leitura; metadata INFERRED; título MEDIUM; artista MEDIUM; cover presente; bitrate 192 kbps; sample rate 44100 Hz; desempate final por relative_path",192000,44100,true,INFERRED
13 DI PAULO&PAULINO/01. Ponto Final.mp3,221b3553db8ea0db4773be359196ac1d8545f04149989cc8d09e8bba9242e520,IMPORT,preserved,,13 DI PAULO&PAULINO/01. Ponto Final.mp3,"sem erro de leitura; metadata INFERRED; título MEDIUM; artista MEDIUM; cover presente; bitrate 192 kbps; sample rate 44100 Hz; desempate final por relative_path",192000,44100,true,INFERRED
13 DI PAULO&PAULINO/02. Malu.mp3,eb4c2ea91609c8c35298782c3f0d54f71bc4f3f8c448392f3df0c1161e8e4e4f,IMPORT,preserved,,13 DI PAULO&PAULINO/02. Malu.mp3,"sem erro de leitura; metadata INFERRED; título MEDIUM; artista MEDIUM; cover presente; bitrate 192 kbps; sample rate 44100 Hz; desempate final por relative_path",192000,44100,true,INFERRED
13 DI PAULO&PAULINO/02. Nada Mudou.mp3,ffce27c56dedd249885f0fed2fe38549540886913357e821fb812d4141cb5de1,IMPORT,preserved,,13 DI PAULO&PAULINO/02. Nada Mudou.mp3,"sem erro de leitura; metadata INFERRED; título MEDIUM; artista MEDIUM; cover presente; bitrate 192 kbps; sample rate 44100 Hz; desempate final por relative_path",192000,44100,true,INFERRED
13 DI PAULO&PAULINO/02. Sou Eu Quem Liga.mp3,a6801ccd27cb912f5c42d156a7797331fc815d799abdddcbb06c22b8e7feeb88,IMPORT,preserved,,13 DI PAULO&PAULINO/02. Sou Eu Quem Liga.mp3,"sem erro de leitura; metadata INFERRED; título MEDIUM; artista MEDIUM; cover presente; bitrate 192 kbps; sample rate 44100 Hz; desempate final por relative_path",192000,44100,true,INFERRED
13 DI PAULO&PAULINO/03. Só O Tempo Vai Dizer.mp3,2cc6778d140b74c3d5d7f7bcfbe3970379129cd5cd43694b8250a81919f79bf0,IMPORT,preserved,,13 DI PAULO&PAULINO/03. Só O Tempo Vai Dizer.mp3,"sem erro de leitura; metadata INFERRED; título MEDIUM; artista MEDIUM; cover presente; bitrate 192 kbps; sample rate 44100 Hz; desempate final por relative_path",192000,44100,true,INFERRED
13 DI PAULO&PAULINO/03. Tem Alguém No Seu Lugar.mp3,34d3d180ad1d09eb5eeb73396152b4aa2807be14ee143e7e7e524830b2911f53,IMPORT,preserved,,13 DI PAULO&PAULINO/03. Tem Alguém No Seu Lugar.mp3,"sem erro de leitura; metadata INFERRED; título MEDIUM; artista MEDIUM; cover presente; bitrate 192 kbps; sample rate 44100 Hz; desempate final por relative_path",192000,44100,true,INFERRED
13 DI PAULO&PAULINO/04. Eu Só Queria Dizer.mp3,6759c4810d67cb8a26249f0c177c77a2dc9f8a3e0e4faee9680c21285b8983f7,IMPORT,preserved,,13 DI PAULO&PAULINO/04. Eu Só Queria Dizer.mp3,"sem erro de leitura; metadata INFERRED; título MEDIUM; artista MEDIUM; cover presente; bitrate 192 kbps; sample rate 44100 Hz; desempate final por relative_path",192000,44100,true,INFERRED
13 DI PAULO&PAULINO/04. Namorando Teu Sorriso.mp3,c89b465eb301b5a1c8e92fe2ac85e5f3c72bf0a49b1841825250f28ba3a7919e,IMPORT,preserved,,13 DI PAULO&PAULINO/04. Namorando Teu Sorriso.mp3,"sem erro de leitura; metadata INFERRED; título MEDIUM; artista MEDIUM; cover presente; bitrate 192 kbps; sample rate 44100 Hz; desempate final por relative_path",192000,44100,true,INFERRED
13 DI PAULO&PAULINO/04. Tudo Passa.mp3,e4d717c6bc449e06b1793fd35602ed5b294436cdc434fdf9fc115fb2ed5b0b34,SKIP_LIKELY,likely_duplicate,65,Sertanejao/Di Paulo e Paulino - Ao vivo em Goiânia/07-Tudo Passa.mp3,"sem erro de leitura; metadata INFERRED; título HIGH; artista HIGH; sem cover; bitrate 128 kbps; sample rate 44100 Hz; desempate final por relative_path",192000,44100,true,INFERRED
13 DI PAULO&PAULINO/05. Bate Nesse Peito Meu.mp3,ac1050df2b9d7fcf1667e0a1e602bb1790d57c47136ee7ed30ad9bccf8357b50,IMPORT,preserved,,13 DI PAULO&PAULINO/05. Bate Nesse Peito Meu.mp3,"sem erro de leitura; metadata INFERRED; título MEDIUM; artista MEDIUM; cover presente; bitrate 192 kbps; sample rate 44100 Hz; desempate final por relative_path",192000,44100,true,INFERRED
13 DI PAULO&PAULINO/05. Cheiro De Flor.mp3,dd0248978e1e02fd0b63f39f05a78726998eafbba95be5630656b8cc97465da2,IMPORT,preserved,,13 DI PAULO&PAULINO/05. Cheiro De Flor.mp3,"sem erro de leitura; metadata INFERRED; título MEDIUM; artista MEDIUM; cover presente; bitrate 192 kbps; sample rate 44100 Hz; desempate final por relative_path",192000,44100,true,INFERRED
13 DI PAULO&PAULINO/05. Pot-Pourri Asa Branca  Moreninha Linda.mp3,bfc7fa9ab6b4175fa6a172fef2ae31936ead8898228d859a84bbf9fb9c90fff3,IMPORT,preserved,,13 DI PAULO&PAULINO/05. Pot-Pourri Asa Branca  Moreninha Linda.mp3,"sem erro de leitura; metadata INFERRED; título MEDIUM; artista MEDIUM; cover presente; bitrate 192 kbps; sample rate 44100 Hz; desempate final por relative_path",192000,44100,true,INFERRED
13 DI PAULO&PAULINO/06. Hora Certa.mp3,e012fee8775ec748cb5cf6312d1c69f460602cf2247f52c5ff2f4edc2f0d4d83,SKIP_LIKELY,likely_duplicate,66,Sertanejao/Di Paulo e Paulino - Ao vivo em Goiânia/15-Hora Certa.mp3,"sem erro de leitura; metadata INFERRED; título HIGH; artista HIGH; sem cover; bitrate 128 kbps; sample rate 44100 Hz; desempate final por relative_path",192000,44100,true,INFERRED
13 DI PAULO&PAULINO/06. Pot-Pourri Tempo Ao Tempo  A Noite Do Nosso Amor.mp3,6a39cb88e40e61d370e3d00bc89c6e2246f794bb05a374b898da128256b4b767,IMPORT,preserved,,13 DI PAULO&PAULINO/06. Pot-Pourri Tempo Ao Tempo  A Noite Do Nosso Amor.mp3,"sem erro de leitura; metadata INFERRED; título MEDIUM; artista MEDIUM; cover presente; bitrate 192 kbps; sample rate 44100 Hz; desempate final por relative_path",192000,44100,true,INFERRED
13 DI PAULO&PAULINO/06. Roupa De Lua-De-Mel.mp3,4569f71a996daf1252a7b7835e3c5094e2d9459bb478b1bbff8fad4d8f83d5a9,IMPORT,preserved,,13 DI PAULO&PAULINO/06. Roupa De Lua-De-Mel.mp3,"sem erro de leitura; metadata INFERRED; título MEDIUM; artista MEDIUM; cover presente; bitrate 192 kbps; sample rate 44100 Hz; desempate final por relative_path",192000,44100,true,INFERRED
13 DI PAULO&PAULINO/07. É Segredo.mp3,4f71c37b54a3644b454ffcdff2aa72b0f69b3f8044b17241998c4dfddca2ab93,IMPORT,preserved,,13 DI PAULO&PAULINO/07. É Segredo.mp3,"sem erro de leitura; metadata INFERRED; título MEDIUM; artista MEDIUM; cover presente; bitrate 192 kbps; sample rate 44100 Hz; desempate final por relative_path",192000,44100,true,INFERRED
13 DI PAULO&PAULINO/07. El Condor Pasa Instrumental.mp3,96adabdda729b8ec5c36e4ef024e4a62661d59b32327d202655e28d6e3a2e067,SKIP_LIKELY,likely_duplicate,67,Sertanejao/Di Paulo e Paulino - Ao vivo em Goiânia/16-El Condor Pasa - Instrumental.mp3,"sem erro de leitura; metadata INFERRED; título HIGH; artista HIGH; sem cover; bitrate 128 kbps; sample rate 44100 Hz; desempate final por relative_path",192000,44100,true,INFERRED
13 DI PAULO&PAULINO/07. Eu E A Lua.mp3,1e5944b8f160558ada57dd0b6cefc62e703b32dfbfedfc37a725698ff78fcfa3,IMPORT,preserved,,13 DI PAULO&PAULINO/07. Eu E A Lua.mp3,"sem erro de leitura; metadata INFERRED; título MEDIUM; artista MEDIUM; cover presente; bitrate 192 kbps; sample rate 44100 Hz; desempate final por relative_path",192000,44100,true,INFERRED
13 DI PAULO&PAULINO/08. Máquina Turbinada.mp3,0515173a0d2d2b67a59e25cab98f1139c91f45014003b8d2b269fcf0d9df4d91,IMPORT,preserved,,13 DI PAULO&PAULINO/08. Máquina Turbinada.mp3,"sem erro de leitura; metadata INFERRED; título MEDIUM; artista MEDIUM; cover presente; bitrate 192 kbps; sample rate 44100 Hz; desempate final por relative_path",192000,44100,true,INFERRED
13 DI PAULO&PAULINO/08. N¦o Brinca Com A Paix¦o.mp3,857668642a6a2b807a40e215ff117ca9cb7e6f76b793d01c52fa058858a2718b,IMPORT,preserved,,13 DI PAULO&PAULINO/08. N¦o Brinca Com A Paix¦o.mp3,"sem erro de leitura; metadata INFERRED; título MEDIUM; artista MEDIUM; cover presente; bitrate 192 kbps; sample rate 44100 Hz; desempate final por relative_path",192000,44100,true,INFERRED
13 DI PAULO&PAULINO/09. Caminheiro.mp3,a67b46fbc7ae883828f2282604b3325e9b16ea813235629e34404d1ceebb0848,IMPORT,preserved,,13 DI PAULO&PAULINO/09. Caminheiro.mp3,"sem erro de leitura; metadata INFERRED; título MEDIUM; artista MEDIUM; cover presente; bitrate 192 kbps; sample rate 44100 Hz; desempate final por relative_path",192000,44100,true,INFERRED
13 DI PAULO&PAULINO/09. Coraç¦o Chora.mp3,3806b39d31acbd1e9fc0aac27c613de7457564e5f476cfa713bad5cda077b887,IMPORT,preserved,,13 DI PAULO&PAULINO/09. Coraç¦o Chora.mp3,"sem erro de leitura; metadata INFERRED; título MEDIUM; artista MEDIUM; cover presente; bitrate 192 kbps; sample rate 44100 Hz; desempate final por relative_path",192000,44100,true,INFERRED
13 DI PAULO&PAULINO/09. No Céu Dos Braços Teus (El Condor Pasa).mp3,6cf8f5f236b09282fe97eb387ebfbeebd1c6ce9ce5b60c1bbd260250c928ecb9,IMPORT,preserved,,13 DI PAULO&PAULINO/09. No Céu Dos Braços Teus (El Condor Pasa).mp3,"sem erro de leitura; metadata INFERRED; título MEDIUM; artista MEDIUM; cover presente; bitrate 192 kbps; sample rate 44100 Hz; desempate final por relative_path",192000,44100,true,INFERRED
13 DI PAULO&PAULINO/10. Barco De Papel.mp3,90140c9839a604bde8df339bc6b8a4168401273f917643348d3f09cb19432ffb,SKIP_LIKELY,likely_duplicate,68,Sertanejao/Di Paulo e Paulino - Ao vivo em Goiânia/12-Barco de Papel.mp3,"sem erro de leitura; metadata INFERRED; título HIGH; artista HIGH; sem cover; bitrate 128 kbps; sample rate 44100 Hz; desempate final por relative_path",192000,44100,true,INFERRED
13 DI PAULO&PAULINO/10. S¦o Tantas Coisas.mp3,f95efbe094bfa633d1d243e564ebc5aaa2d48ea81d6c22d57277d10e650f2578,IMPORT,preserved,,13 DI PAULO&PAULINO/10. S¦o Tantas Coisas.mp3,"sem erro de leitura; metadata INFERRED; título MEDIUM; artista MEDIUM; cover presente; bitrate 192 kbps; sample rate 44100 Hz; desempate final por relative_path",192000,44100,true,INFERRED
13 DI PAULO&PAULINO/10. Só Você É O Remédio.mp3,f52635e60951c065ce1c7d921e5f8d9e8b2e48aa61d839091d5164b4e16ee40d,IMPORT,preserved,,13 DI PAULO&PAULINO/10. Só Você É O Remédio.mp3,"sem erro de leitura; metadata INFERRED; título MEDIUM; artista MEDIUM; cover presente; bitrate 192 kbps; sample rate 44100 Hz; desempate final por relative_path",192000,44100,true,INFERRED
13 DI PAULO&PAULINO/11. ¦guas De Minha Saudade.mp3,7084886da77657afe2cddd3557879bf4eede693e117153dee327f990bd62920c,IMPORT,preserved,,13 DI PAULO&PAULINO/11. ¦guas De Minha Saudade.mp3,"sem erro de leitura; metadata INFERRED; título MEDIUM; artista MEDIUM; cover presente; bitrate 192 kbps; sample rate 44100 Hz; desempate final por relative_path",192000,44100,true,INFERRED
13 DI PAULO&PAULINO/11. Hoje Eu N¦o Posso Ir.mp3,85db1c02eed441918fb817e937c5b57a811311eec933f66153b05e066284cabd,IMPORT,preserved,,13 DI PAULO&PAULINO/11. Hoje Eu N¦o Posso Ir.mp3,"sem erro de leitura; metadata INFERRED; título MEDIUM; artista MEDIUM; cover presente; bitrate 192 kbps; sample rate 44100 Hz; desempate final por relative_path",192000,44100,true,INFERRED
13 DI PAULO&PAULINO/11. Passarinho Do Sert¦o.mp3,9622b7768993cfdb50bc61cff29f5dcb41e0b7a296f4c6089ca869ee919a6555,IMPORT,preserved,,13 DI PAULO&PAULINO/11. Passarinho Do Sert¦o.mp3,"sem erro de leitura; metadata INFERRED; título MEDIUM; artista MEDIUM; cover presente; bitrate 192 kbps; sample rate 44100 Hz; desempate final por relative_path",192000,44100,true,INFERRED
13 DI PAULO&PAULINO/12. Tô Indo Embora.mp3,d0fadd73da7c6ba4108dfa2a4e3375848714a050debaed44c185173a261087a4,SKIP_LIKELY,likely_duplicate,69,Sertanejao/Di Paulo e Paulino - Ao vivo em Goiânia/14-Tô Indo Embora.mp3,"sem erro de leitura; metadata INFERRED; título HIGH; artista HIGH; sem cover; bitrate 128 kbps; sample rate 44100 Hz; desempate final por relative_path",192000,44100,true,INFERRED
13 DI PAULO&PAULINO/12. Um Outro Alguém (To Love Again).mp3,7cc0daea60770cf3034a8aaec8c521c836e70c8839bcf04bc184b28d9605bc31,IMPORT,preserved,,13 DI PAULO&PAULINO/12. Um Outro Alguém (To Love Again).mp3,"sem erro de leitura; metadata INFERRED; título MEDIUM; artista MEDIUM; cover presente; bitrate 192 kbps; sample rate 44100 Hz; desempate final por relative_path",192000,44100,true,INFERRED
13 DI PAULO&PAULINO/13. Em Duas Palavras.mp3,7a377550364fca7b31b3c4a75feeb968d80f175f522dff4f7bd2fea2562edfea,IMPORT,preserved,,13 DI PAULO&PAULINO/13. Em Duas Palavras.mp3,"sem erro de leitura; metadata INFERRED; título MEDIUM; artista MEDIUM; cover presente; bitrate 192 kbps; sample rate 44100 Hz; desempate final por relative_path",192000,44100,true,INFERRED
13 DI PAULO&PAULINO/13. Linguaruda.mp3,6e72db4d390351008d909c3cb31f49e803575c2dab9226d99fc2922d080ab13e,SKIP_LIKELY,likely_duplicate,70,Sertanejao/Di Paulo e Paulino - Ao vivo em Goiânia/13-Linguaruda.mp3,"sem erro de leitura; metadata INFERRED; título HIGH; artista HIGH; sem cover; bitrate 128 kbps; sample rate 44100 Hz; desempate final por relative_path",192000,44100,true,INFERRED
13 DI PAULO&PAULINO/13. Tô Por Aí.mp3,439dff4237c5b5a79317521e28fd6f10d49a407f97acf006bc2667d086cd909a,IMPORT,preserved,,13 DI PAULO&PAULINO/13. Tô Por Aí.mp3,"sem erro de leitura; metadata INFERRED; título MEDIUM; artista MEDIUM; cover presente; bitrate 192 kbps; sample rate 44100 Hz; desempate final por relative_path",192000,44100,true,INFERRED
13 DI PAULO&PAULINO/14. Pot-Pourri Música Da Saudade - Barra Pesada.mp3,8a92d8eec2d4cfd5b46ec37240d0804752bec620e66b832abb08bcf6429e9e10,IMPORT,preserved,,13 DI PAULO&PAULINO/14. Pot-Pourri Música Da Saudade - Barra Pesada.mp3,"sem erro de leitura; metadata INFERRED; título HIGH; artista HIGH; cover presente; bitrate 192 kbps; sample rate 44100 Hz; desempate final por relative_path",192000,44100,true,INFERRED
13 DI PAULO&PAULINO/14. Quem Vai Trazer De Volta O Amor.mp3,d370c66ca5ed3c98e52fdaf6254f224a535aa68530a1595baa6c33c6d28e7eee,IMPORT,preserved,,13 DI PAULO&PAULINO/14. Quem Vai Trazer De Volta O Amor.mp3,"sem erro de leitura; metadata INFERRED; título MEDIUM; artista MEDIUM; cover presente; bitrate 192 kbps; sample rate 44100 Hz; desempate final por relative_path",192000,44100,true,INFERRED
13 DI PAULO&PAULINO/15. A Resposta Está No Ar (Blowin' In The Wind).mp3,3773b451ea6a4d521affc11b0143a7132bd39270d459763ad14ef84f6cc99e1c,IMPORT,preserved,,13 DI PAULO&PAULINO/15. A Resposta Está No Ar (Blowin' In The Wind).mp3,"sem erro de leitura; metadata INFERRED; título MEDIUM; artista MEDIUM; cover presente; bitrate 192 kbps; sample rate 44100 Hz; desempate final por relative_path",192000,44100,true,INFERRED
13 DI PAULO&PAULINO/15. Vaca Estrela E Boi Fubá.mp3,5ea464f48b97d798c44da90ffd8b16f971551f482687b0feb4e550e58058e050,IMPORT,preserved,,13 DI PAULO&PAULINO/15. Vaca Estrela E Boi Fubá.mp3,"sem erro de leitura; metadata INFERRED; título MEDIUM; artista MEDIUM; cover presente; bitrate 192 kbps; sample rate 44100 Hz; desempate final por relative_path",192000,44100,true,INFERRED
13 Diego & Victor Hugo - Equilíbrio/06 - Dois Tipos de Eu (Ao Vivo).mp3,c5bf458e71d366ac9567172c3d373f84f578a71a47ec39145895a375b63c1eac,IMPORT,preserved,,13 Diego & Victor Hugo - Equilíbrio/06 - Dois Tipos de Eu (Ao Vivo).mp3,"sem erro de leitura; metadata INFERRED; título MEDIUM; artista MEDIUM; sem cover; bitrate 40 kbps; sample rate 16000 Hz; desempate final por relative_path",40000,16000,false,INFERRED
13 Diego & Victor Hugo - Equilíbrio/07 - Equilíbrio (Ao Vivo).mp3,a147c078b282766628a9ad4b739ce3f32e16725fafabb81095b22003754324b9,IMPORT,preserved,,13 Diego & Victor Hugo - Equilíbrio/07 - Equilíbrio (Ao Vivo).mp3,"sem erro de leitura; metadata INFERRED; título MEDIUM; artista MEDIUM; sem cover; bitrate 40 kbps; sample rate 16000 Hz; desempate final por relative_path",40000,16000,false,INFERRED
13 Diego & Victor Hugo - Equilíbrio/08 - Errado Lindo (Ao Vivo).mp3,8825e58c08f782d765036edce0b5c7d444c67080ba4140f60464292fb79b17cf,IMPORT,preserved,,13 Diego & Victor Hugo - Equilíbrio/08 - Errado Lindo (Ao Vivo).mp3,"sem erro de leitura; metadata INFERRED; título MEDIUM; artista MEDIUM; sem cover; bitrate 40 kbps; sample rate 16000 Hz; desempate final por relative_path",40000,16000,false,INFERRED
13 Diego & Victor Hugo - Equilíbrio/09 - Eu Nunca (Ao Vivo).mp3,83b8ccff5743b399b87e5cfe3f64505e2552a29663cc2b89eabec9b6e548bf08,IMPORT,preserved,,13 Diego & Victor Hugo - Equilíbrio/09 - Eu Nunca (Ao Vivo).mp3,"sem erro de leitura; metadata INFERRED; título MEDIUM; artista MEDIUM; sem cover; bitrate 40 kbps; sample rate 16000 Hz; desempate final por relative_path",40000,16000,false,INFERRED
13 Diego & Victor Hugo - Equilíbrio/10 - Facas (Ao Vivo).mp3,37948599321086ee53a5864d3f7e6e026856e2a171b4c065a68e78875830f8a5,SKIP_LIKELY,likely_duplicate,35,000 Top Sertanejo ⭐ Hits Sertanejos!/038 - Diego & Victor Hugo - Facas (Ao Vivo).mp3,"sem erro de leitura; metadata GOOD; título HIGH; artista HIGH; cover presente; bitrate 128 kbps; sample rate 44100 Hz; desempate final por relative_path",40000,16000,false,INFERRED
13 Diego & Victor Hugo - Equilíbrio/11 - Fardinho (Ao Vivo).mp3,594181e6b5d9f9e8aef1cf5a1b878bb0e23d42d70eb5e2a2753566ffdd586ec0,IMPORT,preserved,,13 Diego & Victor Hugo - Equilíbrio/11 - Fardinho (Ao Vivo).mp3,"sem erro de leitura; metadata INFERRED; título MEDIUM; artista MEDIUM; sem cover; bitrate 40 kbps; sample rate 16000 Hz; desempate final por relative_path",40000,16000,false,INFERRED
13 Diego & Victor Hugo - Equilíbrio/12 - Foto Não é Fato (Ao Vivo).mp3,4090c0d4a3cbc9eec0ad0c07ffbb5be22b48c3c589ecc98d13ba58322d17a5ba,IMPORT,preserved,,13 Diego & Victor Hugo - Equilíbrio/12 - Foto Não é Fato (Ao Vivo).mp3,"sem erro de leitura; metadata INFERRED; título MEDIUM; artista MEDIUM; sem cover; bitrate 40 kbps; sample rate 16000 Hz; desempate final por relative_path",40000,16000,false,INFERRED
13 Diego & Victor Hugo - Equilíbrio/13 - Opção Sua (Ao Vivo).mp3,022a037682250c7b51bc426f8c94f5a265027da745d41bb333a9db38f18be2f0,IMPORT,preserved,,13 Diego & Victor Hugo - Equilíbrio/13 - Opção Sua (Ao Vivo).mp3,"sem erro de leitura; metadata INFERRED; título MEDIUM; artista MEDIUM; sem cover; bitrate 40 kbps; sample rate 16000 Hz; desempate final por relative_path",40000,16000,false,INFERRED
13 Diego & Victor Hugo - Equilíbrio/14 - Remédio (Ao Vivo).mp3,dfd7d93dfdab4c8a316503b837bd21b6e65c36af5e7fd81bc90bd72bf38bbdba,IMPORT,preserved,,13 Diego & Victor Hugo - Equilíbrio/14 - Remédio (Ao Vivo).mp3,"sem erro de leitura; metadata INFERRED; título MEDIUM; artista MEDIUM; sem cover; bitrate 40 kbps; sample rate 16000 Hz; desempate final por relative_path",40000,16000,false,INFERRED
13 Diego & Victor Hugo - Equilíbrio/15 - Sobretudo Sobre Nada (Ao Vivo).mp3,27150871663dd808371744c4901bc0f56ef6ba1d046b279244bf093110f562a7,IMPORT,preserved,,13 Diego & Victor Hugo - Equilíbrio/15 - Sobretudo Sobre Nada (Ao Vivo).mp3,"sem erro de leitura; metadata INFERRED; título MEDIUM; artista MEDIUM; sem cover; bitrate 40 kbps; sample rate 16000 Hz; desempate final por relative_path",40000,16000,false,INFERRED
13 Diego & Victor Hugo - Equilíbrio/16 - Sofrerei (Ao Vivo).mp3,5e349546c7f7e5f146247909a156049ec6797f2df7da7b59647afb9f539378f0,IMPORT,preserved,,13 Diego & Victor Hugo - Equilíbrio/16 - Sofrerei (Ao Vivo).mp3,"sem erro de leitura; metadata INFERRED; título MEDIUM; artista MEDIUM; sem cover; bitrate 40 kbps; sample rate 16000 Hz; desempate final por relative_path",40000,16000,false,INFERRED
13 Diego & Victor Hugo - Equilíbrio/17 - Sorte (Ao Vivo).mp3,d0bd38efa0285fb6318dab8fdbda9e8867b6af675133b284c83e32c476dac875,SKIP_LIKELY,likely_duplicate,37,000 Top Sertanejo ⭐ Hits Sertanejos!/086 - Diego & Victor Hugo - Sorte (Ao Vivo).mp3,"sem erro de leitura; metadata GOOD; título HIGH; artista HIGH; cover presente; bitrate 128 kbps; sample rate 44100 Hz; desempate final por relative_path",40000,16000,false,INFERRED
13 Diego & Victor Hugo - Equilíbrio/18 - Vale a Espera (Ao Vivo).mp3,7efa08ea1e9b58c6a9fdb681c1f95378a86ce0a9614e8d51215a1ebf89cf5571,IMPORT,preserved,,13 Diego & Victor Hugo - Equilíbrio/18 - Vale a Espera (Ao Vivo).mp3,"sem erro de leitura; metadata INFERRED; título MEDIUM; artista MEDIUM; sem cover; bitrate 40 kbps; sample rate 16000 Hz; desempate final por relative_path",40000,16000,false,INFERRED
14 Felipe Araújo - Outros 500 (2021)/01 - Você Não Vale.mp3,5bedf64841e4e09fd34c20132622c8f8a838056f7510cec06436d2af53bd46cd,IMPORT,preserved,,14 Felipe Araújo - Outros 500 (2021)/01 - Você Não Vale.mp3,"sem erro de leitura; metadata INFERRED; título MEDIUM; artista MEDIUM; sem cover; bitrate 40 kbps; sample rate 16000 Hz; desempate final por relative_path",40000,16000,false,INFERRED
14 Felipe Araújo - Outros 500 (2021)/02 - Sofrendo No Mercado.mp3,bc3c93139cec057f002777df349e99f36eb8aecfdd4c69b1ca59a8f190ecf45d,IMPORT,preserved,,14 Felipe Araújo - Outros 500 (2021)/02 - Sofrendo No Mercado.mp3,"sem erro de leitura; metadata INFERRED; título MEDIUM; artista MEDIUM; sem cover; bitrate 40 kbps; sample rate 16000 Hz; desempate final por relative_path",40000,16000,false,INFERRED
14 Felipe Araújo - Outros 500 (2021)/03 - Mais Um.mp3,7e38303fbee71d068653970b63979affe1cf2cb3ca36de275942e68acb104958,IMPORT,preserved,,14 Felipe Araújo - Outros 500 (2021)/03 - Mais Um.mp3,"sem erro de leitura; metadata INFERRED; título MEDIUM; artista MEDIUM; sem cover; bitrate 40 kbps; sample rate 16000 Hz; desempate final por relative_path",40000,16000,false,INFERRED
14 Felipe Araújo - Outros 500 (2021)/04 - Outros 500.mp3,2d81b103b14bb2a91c0eb3262bfe6e4aed370c14a9f7635d3da298b46b7660f0,IMPORT,preserved,,14 Felipe Araújo - Outros 500 (2021)/04 - Outros 500.mp3,"sem erro de leitura; metadata INFERRED; título MEDIUM; artista MEDIUM; sem cover; bitrate 40 kbps; sample rate 16000 Hz; desempate final por relative_path",40000,16000,false,INFERRED
14 Felipe Araújo - Outros 500 (2021)/05 - Lixeira.mp3,2e2530744d1f2def62077cbb5b028e26352ee39c3955cf1d1a55d3c229ac1c70,IMPORT,preserved,,14 Felipe Araújo - Outros 500 (2021)/05 - Lixeira.mp3,"sem erro de leitura; metadata INFERRED; título MEDIUM; artista MEDIUM; sem cover; bitrate 40 kbps; sample rate 16000 Hz; desempate final por relative_path",40000,16000,false,INFERRED
14 Felipe Araújo - Outros 500 (2021)/06 - Bobo Em Dobro feat. Tayrone.mp3,c5110ea4d8cf429426a074d7459a05fe02dc7eecaac2a469353284d6bb23fab4,IMPORT,preserved,,14 Felipe Araújo - Outros 500 (2021)/06 - Bobo Em Dobro feat. Tayrone.mp3,"sem erro de leitura; metadata INFERRED; título MEDIUM; artista MEDIUM; sem cover; bitrate 40 kbps; sample rate 16000 Hz; desempate final por relative_path",40000,16000,false,INFERRED
14 Felipe Araújo - Outros 500 (2021)/07 - Mentira (Remix).mp3,2ca8cc2db1f90ed53274864795be770b59b4eafed761cbfa859f76871e0c4ce2,IMPORT,preserved,,14 Felipe Araújo - Outros 500 (2021)/07 - Mentira (Remix).mp3,"sem erro de leitura; metadata INFERRED; título MEDIUM; artista MEDIUM; sem cover; bitrate 40 kbps; sample rate 16000 Hz; desempate final por relative_path",40000,16000,false,INFERRED
14 Felipe Araújo - Outros 500 (2021)/08 - Quebra Essa (Ao Vivo).mp3,19562c795606aff0d84837a6b68be4a1d4c35f5368e0f5e67c787a9470c1a46e,IMPORT,preserved,,14 Felipe Araújo - Outros 500 (2021)/08 - Quebra Essa (Ao Vivo).mp3,"sem erro de leitura; metadata INFERRED; título MEDIUM; artista MEDIUM; sem cover; bitrate 40 kbps; sample rate 16000 Hz; desempate final por relative_path",40000,16000,false,INFERRED
14 Felipe Araújo - Outros 500 (2021)/09 - Hoje Eu Beberei (Ao Vivo).mp3,f07476d4c55a5ffeee6caf5303ab43679e2fad4c063be4c07a74517a104d0abb,IMPORT,preserved,,14 Felipe Araújo - Outros 500 (2021)/09 - Hoje Eu Beberei (Ao Vivo).mp3,"sem erro de leitura; metadata INFERRED; título MEDIUM; artista MEDIUM; sem cover; bitrate 40 kbps; sample rate 16000 Hz; desempate final por relative_path",40000,16000,false,INFERRED
14 Felipe Araújo - Outros 500 (2021)/10 - Paranauê (Ao Vivo).mp3,c0a7bbe8bcaa6e763f259ee247fab08fed9c882fd945e2383ce69c8a45695d3b,IMPORT,preserved,,14 Felipe Araújo - Outros 500 (2021)/10 - Paranauê (Ao Vivo).mp3,"sem erro de leitura; metadata INFERRED; título MEDIUM; artista MEDIUM; sem cover; bitrate 40 kbps; sample rate 16000 Hz; desempate final por relative_path",40000,16000,false,INFERRED
14 Felipe Araújo - Outros 500 (2021)/11 - Espaçosa Demais (Ao Vivo).mp3,305291f7ab8880444f693b7fdc9778ed0ca25f00816bed19776ab5298764f3e3,IMPORT,preserved,,14 Felipe Araújo - Outros 500 (2021)/11 - Espaçosa Demais (Ao Vivo).mp3,"sem erro de leitura; metadata INFERRED; título MEDIUM; artista MEDIUM; sem cover; bitrate 40 kbps; sample rate 16000 Hz; desempate final por relative_path",40000,16000,false,INFERRED
14 Felipe Araújo - Outros 500 (2021)/12 - Vai Trabalhar Virada (Ao Vivo).mp3,813bdcb1ca42ff59e7b64caeb4b4c492ea855939fb15fe9a57035ae74873052d,IMPORT,preserved,,14 Felipe Araújo - Outros 500 (2021)/12 - Vai Trabalhar Virada (Ao Vivo).mp3,"sem erro de leitura; metadata INFERRED; título MEDIUM; artista MEDIUM; sem cover; bitrate 40 kbps; sample rate 16000 Hz; desempate final por relative_path",40000,16000,false,INFERRED
14 Felipe Araújo - Outros 500 (2021)/13 - Inventa Algum Sentimento (Ao Vivo).mp3,de5816af6d4c24a3afd68240107af25a072f12fc65f448f278cd1ceaf199cb3c,IMPORT,preserved,,14 Felipe Araújo - Outros 500 (2021)/13 - Inventa Algum Sentimento (Ao Vivo).mp3,"sem erro de leitura; metadata INFERRED; título MEDIUM; artista MEDIUM; sem cover; bitrate 40 kbps; sample rate 16000 Hz; desempate final por relative_path",40000,16000,false,INFERRED
14 Felipe Araújo - Outros 500 (2021)/14 - Minha Vontade (Ao Vivo).mp3,57f962079072c6223f81a6ff6456dc11db2ff99551978c13d446581d30136f13,IMPORT,preserved,,14 Felipe Araújo - Outros 500 (2021)/14 - Minha Vontade (Ao Vivo).mp3,"sem erro de leitura; metadata INFERRED; título MEDIUM; artista MEDIUM; sem cover; bitrate 40 kbps; sample rate 16000 Hz; desempate final por relative_path",40000,16000,false,INFERRED
14 Felipe Araújo - Outros 500 (2021)/15 - Atrasadinha (Ao Vivo).mp3,08d3e03027f42b101e994af64bc00fb48338305b3b5e3bc6ea319aff924e11b0,IMPORT,preserved,,14 Felipe Araújo - Outros 500 (2021)/15 - Atrasadinha (Ao Vivo).mp3,"sem erro de leitura; metadata INFERRED; título MEDIUM; artista MEDIUM; sem cover; bitrate 40 kbps; sample rate 16000 Hz; desempate final por relative_path",40000,16000,false,INFERRED
14 Felipe Araújo - Outros 500 (2021)/16 - Estoque De Você (Ao Vivo).mp3,3bedbeea892c80ebf14110001ce4ce06439800d160d1dc408fbb7e50755abca9,IMPORT,preserved,,14 Felipe Araújo - Outros 500 (2021)/16 - Estoque De Você (Ao Vivo).mp3,"sem erro de leitura; metadata INFERRED; título MEDIUM; artista MEDIUM; sem cover; bitrate 40 kbps; sample rate 16000 Hz; desempate final por relative_path",40000,16000,false,INFERRED
14 Felipe Araújo - Outros 500 (2021)/17 - Big Bang (Ao Vivo).mp3,88bf41d2419363ed0a614415d63cb32bbb12992248dc5145ea394b82e4bf283e,IMPORT,preserved,,14 Felipe Araújo - Outros 500 (2021)/17 - Big Bang (Ao Vivo).mp3,"sem erro de leitura; metadata INFERRED; título MEDIUM; artista MEDIUM; sem cover; bitrate 40 kbps; sample rate 16000 Hz; desempate final por relative_path",40000,16000,false,INFERRED
14 Felipe Araújo - Outros 500 (2021)/18 - Fetiche (Ao Vivo).mp3,436b4c8ce13785817c5feb42051dd7466f844335c2de4f8c70f6b2d45f13751e,IMPORT,preserved,,14 Felipe Araújo - Outros 500 (2021)/18 - Fetiche (Ao Vivo).mp3,"sem erro de leitura; metadata INFERRED; título MEDIUM; artista MEDIUM; sem cover; bitrate 40 kbps; sample rate 16000 Hz; desempate final por relative_path",40000,16000,false,INFERRED
14 Felipe Araújo - Outros 500 (2021)/19 - Longevidade (Ao Vivo).mp3,74e134f85be2b63dc7a0e10f5ebc0cc4388241eaec95ae496c1f4cd5f6891eec,IMPORT,preserved,,14 Felipe Araújo - Outros 500 (2021)/19 - Longevidade (Ao Vivo).mp3,"sem erro de leitura; metadata INFERRED; título MEDIUM; artista MEDIUM; sem cover; bitrate 40 kbps; sample rate 16000 Hz; desempate final por relative_path",40000,16000,false,INFERRED
14 Felipe Araújo - Outros 500 (2021)/20 - Aerocorpo feat. Léo Santana.mp3,c1ce1727b2023d443a1d367274c8bf4c9f44e452a98ef3e64fb7f07fe8156647,IMPORT,preserved,,14 Felipe Araújo - Outros 500 (2021)/20 - Aerocorpo feat. Léo Santana.mp3,"sem erro de leitura; metadata INFERRED; título MEDIUM; artista MEDIUM; sem cover; bitrate 40 kbps; sample rate 16000 Hz; desempate final por relative_path",40000,16000,false,INFERRED
14 GINO&GENO/01 - GINO E GENO 2009 É SHOW - 01-AGITA AÍ - title.mp3,c06305576267fd87a36f6dffb3e7c7851077976b3a34e9b82ada0e2e67221c9f,IMPORT,preserved,,14 GINO&GENO/01 - GINO E GENO 2009 É SHOW - 01-AGITA AÍ - title.mp3,"sem erro de leitura; metadata GOOD; título HIGH; artista HIGH; sem cover; bitrate 64 kbps; sample rate 22050 Hz; desempate final por relative_path",64000,22050,false,GOOD
14 GINO&GENO/02 - GINO E GENO 2009 É SHOW - 02-BEBO PA CARAI - title.mp3,5ea830f7cc1fb171702ee5205a8f7617a3a8b8c26a54b0965be93ad6e7505e66,IMPORT,preserved,,14 GINO&GENO/02 - GINO E GENO 2009 É SHOW - 02-BEBO PA CARAI - title.mp3,"sem erro de leitura; metadata GOOD; título HIGH; artista HIGH; sem cover; bitrate 64 kbps; sample rate 22050 Hz; desempate final por relative_path",64000,22050,false,GOOD
14 GINO&GENO/03 - GINO E GENO 2009 É SHOW - 03-COM DINHEIRO É MOLE - title.mp3,241cf50a9fddae609649a76c067db07d2e319d908b95284d3ad6a2c1099d4e3a,IMPORT,preserved,,14 GINO&GENO/03 - GINO E GENO 2009 É SHOW - 03-COM DINHEIRO É MOLE - title.mp3,"sem erro de leitura; metadata GOOD; título HIGH; artista HIGH; sem cover; bitrate 64 kbps; sample rate 22050 Hz; desempate final por relative_path",64000,22050,false,GOOD
14 GINO&GENO/04 - GINO E GENO 2009 É SHOW - 04-MULHER QUE NÃO DA VOA - title.mp3,c84470fc4aa47e0408f76f7340f71ee79b2f3361b872bb5c4a3ed8f2d8f807b7,IMPORT,preserved,,14 GINO&GENO/04 - GINO E GENO 2009 É SHOW - 04-MULHER QUE NÃO DA VOA - title.mp3,"sem erro de leitura; metadata GOOD; título HIGH; artista HIGH; sem cover; bitrate 64 kbps; sample rate 22050 Hz; desempate final por relative_path",64000,22050,false,GOOD
14 GINO&GENO/05 - GINO E GENO 2009 É SHOW - 05-O GAVIÃO - title.mp3,026adeb127f68d4e6a808208401e36be556e3dd506c77e9dae895aedec3a7a46,IMPORT,preserved,,14 GINO&GENO/05 - GINO E GENO 2009 É SHOW - 05-O GAVIÃO - title.mp3,"sem erro de leitura; metadata GOOD; título HIGH; artista HIGH; sem cover; bitrate 64 kbps; sample rate 22050 Hz; desempate final por relative_path",64000,22050,false,GOOD
14 GINO&GENO/06 - GINO E GENO 2009 É SHOW - 06-NOIS INVERGA MAIS NÃO QUEBRA - title.mp3,3d5cc0c6360272ade88b407855634617f346b62a02b0688f7e04ac4e7c111b42,IMPORT,preserved,,14 GINO&GENO/06 - GINO E GENO 2009 É SHOW - 06-NOIS INVERGA MAIS NÃO QUEBRA - title.mp3,"sem erro de leitura; metadata GOOD; título HIGH; artista HIGH; sem cover; bitrate 64 kbps; sample rate 22050 Hz; desempate final por relative_path",64000,22050,false,GOOD
"14 GINO&GENO/07 - GINO E GENO 2009 É SHOW - 07-CORAÇÃO CIGANO, part. rick e renner - title.mp3",a84380c7b3ecee552fe80355603aa62c09083918fa5f0d7e2b82911a66390eda,IMPORT,preserved,,"14 GINO&GENO/07 - GINO E GENO 2009 É SHOW - 07-CORAÇÃO CIGANO, part. rick e renner - title.mp3","sem erro de leitura; metadata GOOD; título HIGH; artista HIGH; sem cover; bitrate 64 kbps; sample rate 22050 Hz; desempate final por relative_path",64000,22050,false,GOOD
14 GINO&GENO/08 - GINO E GENO 2009 É SHOW - 08-FREIO DE MÃO - title.mp3,adc9e5a5bcb2244d98cf2bdcaa0ffef7e3f0df6360ee64fb4b4840c8401a5bb2,IMPORT,preserved,,14 GINO&GENO/08 - GINO E GENO 2009 É SHOW - 08-FREIO DE MÃO - title.mp3,"sem erro de leitura; metadata GOOD; título HIGH; artista HIGH; sem cover; bitrate 64 kbps; sample rate 22050 Hz; desempate final por relative_path",64000,22050,false,GOOD
14 GINO&GENO/09 - GINO E GENO 2009 É SHOW - 09-A GALERA DO CHAPÉU - title.mp3,3cc2f4fa319fc2e8a4eaaed69d180edac6f82bf8f69ddd321138fa9312c911a5,IMPORT,preserved,,14 GINO&GENO/09 - GINO E GENO 2009 É SHOW - 09-A GALERA DO CHAPÉU - title.mp3,"sem erro de leitura; metadata GOOD; título HIGH; artista HIGH; sem cover; bitrate 64 kbps; sample rate 22050 Hz; desempate final por relative_path",64000,22050,false,GOOD
14 GINO&GENO/10 - GINO E GENO 2009 É SHOW - 10-TÔ FICANDO COM ELA - title.mp3,4b27141df17e7ec6d633b98cff8534e5cfd97e19dded4f076fef78f4b4aa029a,IMPORT,preserved,,14 GINO&GENO/10 - GINO E GENO 2009 É SHOW - 10-TÔ FICANDO COM ELA - title.mp3,"sem erro de leitura; metadata GOOD; título HIGH; artista HIGH; sem cover; bitrate 64 kbps; sample rate 22050 Hz; desempate final por relative_path",64000,22050,false,GOOD
14 GINO&GENO/11 - GINO E GENO 2009 É SHOW - 11-FICA NERVOSO NÃO - title.mp3,e9b70f2f1a058b871eb076da3e87785dcd97d6cbf57201be2dbbb37d5bfd404f,IMPORT,preserved,,14 GINO&GENO/11 - GINO E GENO 2009 É SHOW - 11-FICA NERVOSO NÃO - title.mp3,"sem erro de leitura; metadata GOOD; título HIGH; artista HIGH; sem cover; bitrate 64 kbps; sample rate 22050 Hz; desempate final por relative_path",64000,22050,false,GOOD
14 GINO&GENO/12 - GINO E GENO 2009 É SHOW - 12-ELA CHOROU DE AMOR - title.mp3,079ac093bf097ad561d7e8ecd4fee04787dce514b1f5760bb759c54656662946,IMPORT,preserved,,14 GINO&GENO/12 - GINO E GENO 2009 É SHOW - 12-ELA CHOROU DE AMOR - title.mp3,"sem erro de leitura; metadata GOOD; título HIGH; artista HIGH; sem cover; bitrate 64 kbps; sample rate 22050 Hz; desempate final por relative_path",64000,22050,false,GOOD
"14 GINO&GENO/13 - GINO E GENO 2009 É SHOW - 13-CARA DE BOI, ao vivo - title.mp3",25bcf233e091ad7ee8a7c3d1ad6d3246ecb11209201a37a0094cabca449fca7e,IMPORT,preserved,,"14 GINO&GENO/13 - GINO E GENO 2009 É SHOW - 13-CARA DE BOI, ao vivo - title.mp3","sem erro de leitura; metadata GOOD; título HIGH; artista HIGH; sem cover; bitrate 64 kbps; sample rate 22050 Hz; desempate final por relative_path",64000,22050,false,GOOD
14 GINO&GENO/14 - GINO E GENO 2009 É SHOW - 14-O QUE TÔ FAZENDO AQUI - title.mp3,78984a2f1f140da3b057fe88e2b7d56a6884628cf8cc2ed40563abfbe67cb9b8,IMPORT,preserved,,14 GINO&GENO/14 - GINO E GENO 2009 É SHOW - 14-O QUE TÔ FAZENDO AQUI - title.mp3,"sem erro de leitura; metadata GOOD; título HIGH; artista HIGH; sem cover; bitrate 64 kbps; sample rate 22050 Hz; desempate final por relative_path",64000,22050,false,GOOD
14 GINO&GENO/15 - GINO E GENO 2009 É SHOW - 15-TÔ VOLTANDO - title.mp3,992aa6ddab497e5614dc1302dc9390b2a401c53c0b7a7b7a85244071947c7a04,IMPORT,preserved,,14 GINO&GENO/15 - GINO E GENO 2009 É SHOW - 15-TÔ VOLTANDO - title.mp3,"sem erro de leitura; metadata GOOD; título HIGH; artista HIGH; sem cover; bitrate 64 kbps; sample rate 22050 Hz; desempate final por relative_path",64000,22050,false,GOOD
14 GINO&GENO/16 - GINO E GENO 2009 É SHOW - 16-LOROTA - title.mp3,f78f661535588147a642ff1eaf80df73eaba245f5d2b4a361f715650615ebc2f,IMPORT,preserved,,14 GINO&GENO/16 - GINO E GENO 2009 É SHOW - 16-LOROTA - title.mp3,"sem erro de leitura; metadata GOOD; título HIGH; artista HIGH; sem cover; bitrate 64 kbps; sample rate 22050 Hz; desempate final por relative_path",64000,22050,false,GOOD
14 GINO&GENO/17 - GINO E GENO 2009 É SHOW - 17-APAIXONADO POR VOCÊ - title.mp3,e85dccdc8e0ffc399444406f9f5f0c6ca2ce108ccff7007b3ae40764882c3e25,IMPORT,preserved,,14 GINO&GENO/17 - GINO E GENO 2009 É SHOW - 17-APAIXONADO POR VOCÊ - title.mp3,"sem erro de leitura; metadata GOOD; título HIGH; artista HIGH; sem cover; bitrate 64 kbps; sample rate 22050 Hz; desempate final por relative_path",64000,22050,false,GOOD
14 GINO&GENO/18 - GINO E GENO 2009 É SHOW - 18-É CARRO - title.mp3,627bc0b1fb576828074e0c00425fb5b1e9c5bffd59588d9db92d67c7102d35bf,IMPORT,preserved,,14 GINO&GENO/18 - GINO E GENO 2009 É SHOW - 18-É CARRO - title.mp3,"sem erro de leitura; metadata GOOD; título HIGH; artista HIGH; sem cover; bitrate 64 kbps; sample rate 22050 Hz; desempate final por relative_path",64000,22050,false,GOOD
14 GINO&GENO/19 - GINO E GENO 2009 É SHOW - 19-ENCHE A CARA E CHORA - title.mp3,bef184e6ab66557aa870af4865660805fbcbc1163882bef6bd58a02bb09ed8c8,IMPORT,preserved,,14 GINO&GENO/19 - GINO E GENO 2009 É SHOW - 19-ENCHE A CARA E CHORA - title.mp3,"sem erro de leitura; metadata GOOD; título HIGH; artista HIGH; sem cover; bitrate 64 kbps; sample rate 22050 Hz; desempate final por relative_path",64000,22050,false,GOOD
14 GINO&GENO/20 - GINO E GENO 2009 É SHOW - 20-QUE BICHO QUE É - title.mp3,8a68f42768c3318bb583a6b0558dd4e04b8a7459696c1530c1e082c03fbe7646,IMPORT,preserved,,14 GINO&GENO/20 - GINO E GENO 2009 É SHOW - 20-QUE BICHO QUE É - title.mp3,"sem erro de leitura; metadata GOOD; título HIGH; artista HIGH; sem cover; bitrate 64 kbps; sample rate 22050 Hz; desempate final por relative_path",64000,22050,false,GOOD
14 GINO&GENO/21 - GINO E GENO 2009 É SHOW - 21-EU JÁ FUI DE VOCÊ - title.mp3,7a55d7d281cc945d306ab446c0b68dd22b7a1c7df5ad74973267e1d3d6b81ca3,IMPORT,preserved,,14 GINO&GENO/21 - GINO E GENO 2009 É SHOW - 21-EU JÁ FUI DE VOCÊ - title.mp3,"sem erro de leitura; metadata GOOD; título HIGH; artista HIGH; sem cover; bitrate 64 kbps; sample rate 22050 Hz; desempate final por relative_path",64000,22050,false,GOOD
14 GINO&GENO/22 - GINO E GENO 2009 É SHOW - 22-O QUE É QUE ELA TEM - title.mp3,bed56c5ca96da2128c944255649918c8cc84226d7f950098e0ab9ad4c4ca9a8d,IMPORT,preserved,,14 GINO&GENO/22 - GINO E GENO 2009 É SHOW - 22-O QUE É QUE ELA TEM - title.mp3,"sem erro de leitura; metadata GOOD; título HIGH; artista HIGH; sem cover; bitrate 64 kbps; sample rate 22050 Hz; desempate final por relative_path",64000,22050,false,GOOD
14 GINO&GENO/23 - GINO E GENO 2009 É SHOW - 23-OUTRO PORRE - title.mp3,6a181395bcc3fd0cdd974d08e7eef4ff7ca9d2b7ae307c76c3198d1967ad74e7,IMPORT,preserved,,14 GINO&GENO/23 - GINO E GENO 2009 É SHOW - 23-OUTRO PORRE - title.mp3,"sem erro de leitura; metadata GOOD; título HIGH; artista HIGH; sem cover; bitrate 64 kbps; sample rate 22050 Hz; desempate final por relative_path",64000,22050,false,GOOD
15 eduardo Costa - Pantanal (2021)/01 - Tocando em Frente.mp3,3179ea60b8629641ff5a35deba8b790347dae81a780364e768087c8a221114a4,IMPORT,preserved,,15 eduardo Costa - Pantanal (2021)/01 - Tocando em Frente.mp3,"sem erro de leitura; metadata INFERRED; título MEDIUM; artista MEDIUM; sem cover; bitrate 32 kbps; sample rate 16000 Hz; desempate final por relative_path",32000,16000,false,INFERRED
15 eduardo Costa - Pantanal (2021)/02 - Chega.mp3,98b3730fb752099a44dc6d4edb98d8faffd40af9cf4ca39e71e1f0ebdcbaabd8,IMPORT,preserved,,15 eduardo Costa - Pantanal (2021)/02 - Chega.mp3,"sem erro de leitura; metadata INFERRED; título MEDIUM; artista MEDIUM; sem cover; bitrate 32 kbps; sample rate 16000 Hz; desempate final por relative_path",32000,16000,false,INFERRED
15 eduardo Costa - Pantanal (2021)/03 - Boiadeiro Errante.mp3,14657592af5bbab01eda97487d8a7d165573527c4f65bb27869c9980453c1e30,IMPORT,preserved,,15 eduardo Costa - Pantanal (2021)/03 - Boiadeiro Errante.mp3,"sem erro de leitura; metadata INFERRED; título MEDIUM; artista MEDIUM; sem cover; bitrate 32 kbps; sample rate 16000 Hz; desempate final por relative_path",32000,16000,false,INFERRED
15 eduardo Costa - Pantanal (2021)/04 - A Vaca Foi pro Brejo.mp3,61d341088be092e1923b855b727fb521644b12734b547ca8df76d18d23dd85f2,IMPORT,preserved,,15 eduardo Costa - Pantanal (2021)/04 - A Vaca Foi pro Brejo.mp3,"sem erro de leitura; metadata INFERRED; título MEDIUM; artista MEDIUM; sem cover; bitrate 32 kbps; sample rate 16000 Hz; desempate final por relative_path",32000,16000,false,INFERRED
15 eduardo Costa - Pantanal (2021)/05 - A Dor do Adeus.mp3,f891ec86d0628cd0141819be56f413f32b365c41c7a7fbeed30e335cd7b9fd06,IMPORT,preserved,,15 eduardo Costa - Pantanal (2021)/05 - A Dor do Adeus.mp3,"sem erro de leitura; metadata INFERRED; título MEDIUM; artista MEDIUM; sem cover; bitrate 32 kbps; sample rate 16000 Hz; desempate final por relative_path",32000,16000,false,INFERRED
15 eduardo Costa - Pantanal (2021)/06 - Franguinho na Panela.mp3,1e35b64b0472f6173d145d20e1032886a5ab8646984c47bc05859d3a89064a51,IMPORT,preserved,,15 eduardo Costa - Pantanal (2021)/06 - Franguinho na Panela.mp3,"sem erro de leitura; metadata INFERRED; título MEDIUM; artista MEDIUM; sem cover; bitrate 32 kbps; sample rate 16000 Hz; desempate final por relative_path",32000,16000,false,INFERRED
15 eduardo Costa - Pantanal (2021)/07 - A Mão do Tempo.mp3,f1f2106d5d58e5b6aeea82b742f29099fda52dc29d48aa48546d45ce1eae4230,IMPORT,preserved,,15 eduardo Costa - Pantanal (2021)/07 - A Mão do Tempo.mp3,"sem erro de leitura; metadata INFERRED; título MEDIUM; artista MEDIUM; sem cover; bitrate 32 kbps; sample rate 16000 Hz; desempate final por relative_path",32000,16000,false,INFERRED
15 eduardo Costa - Pantanal (2021)/08 - Chega de Sujeira.mp3,43f8fbe40f7ca889434d2640ad8b97cca3130817d4cbfcee161de7802a01579f,IMPORT,preserved,,15 eduardo Costa - Pantanal (2021)/08 - Chega de Sujeira.mp3,"sem erro de leitura; metadata INFERRED; título MEDIUM; artista MEDIUM; sem cover; bitrate 32 kbps; sample rate 16000 Hz; desempate final por relative_path",32000,16000,false,INFERRED
15 eduardo Costa - Pantanal (2021)/09 - A Saudade É uma Estrada Longa.mp3,42da12ab3be4b50a0f0ae093ae17350cb43c3636ffe13ff48eda7386641789ce,IMPORT,preserved,,15 eduardo Costa - Pantanal (2021)/09 - A Saudade É uma Estrada Longa.mp3,"sem erro de leitura; metadata INFERRED; título MEDIUM; artista MEDIUM; sem cover; bitrate 32 kbps; sample rate 16000 Hz; desempate final por relative_path",32000,16000,false,INFERRED
15 eduardo Costa - Pantanal (2021)/10 - Chalana.mp3,f3bf9fdd1b146bedb2f682831fee459dc18d329f7deb493f04cd0f4b4b1088b1,IMPORT,preserved,,15 eduardo Costa - Pantanal (2021)/10 - Chalana.mp3,"sem erro de leitura; metadata INFERRED; título MEDIUM; artista MEDIUM; sem cover; bitrate 32 kbps; sample rate 16000 Hz; desempate final por relative_path",32000,16000,false,INFERRED
15 eduardo Costa - Pantanal (2021)/11 - Saudade Pesada.mp3,e1f746a951e1eae4def6707d836b081c9ca9ffbac34c4cd07577272e33c034af,IMPORT,preserved,,15 eduardo Costa - Pantanal (2021)/11 - Saudade Pesada.mp3,"sem erro de leitura; metadata INFERRED; título MEDIUM; artista MEDIUM; sem cover; bitrate 32 kbps; sample rate 16000 Hz; desempate final por relative_path",32000,16000,false,INFERRED
15 eduardo Costa - Pantanal (2021)/12 - Cabocla Tereza.mp3,821e26e618468d5a5fec38aee95f096720756ac88051186ee4a5cb3612742ff8,IMPORT,preserved,,15 eduardo Costa - Pantanal (2021)/12 - Cabocla Tereza.mp3,"sem erro de leitura; metadata INFERRED; título MEDIUM; artista MEDIUM; sem cover; bitrate 32 kbps; sample rate 16000 Hz; desempate final por relative_path",32000,16000,false,INFERRED
15 eduardo Costa - Pantanal (2021)/13 - Serafim e Seus Filhos.mp3,433910811405370eb0c17ff48f2ca2105b403bd50aeaead5c30ed9faa94d609f,IMPORT,preserved,,15 eduardo Costa - Pantanal (2021)/13 - Serafim e Seus Filhos.mp3,"sem erro de leitura; metadata INFERRED; título MEDIUM; artista MEDIUM; sem cover; bitrate 32 kbps; sample rate 16000 Hz; desempate final por relative_path",32000,16000,false,INFERRED
15 eduardo Costa - Pantanal (2021)/14 - Pagode de Casamento.mp3,4b7a572f27a094e662f3959fd124d374461847b2fab1b1b09701b2225b22de86,IMPORT,preserved,,15 eduardo Costa - Pantanal (2021)/14 - Pagode de Casamento.mp3,"sem erro de leitura; metadata INFERRED; título MEDIUM; artista MEDIUM; sem cover; bitrate 32 kbps; sample rate 16000 Hz; desempate final por relative_path",32000,16000,false,INFERRED
15 eduardo Costa - Pantanal (2021)/15 - Cuitelinho.mp3,06e49011b29c7ae5d503c1223e5a8f0fe389e60e287b73d205da663200833630,IMPORT,preserved,,15 eduardo Costa - Pantanal (2021)/15 - Cuitelinho.mp3,"sem erro de leitura; metadata INFERRED; título MEDIUM; artista MEDIUM; sem cover; bitrate 32 kbps; sample rate 16000 Hz; desempate final por relative_path",32000,16000,false,INFERRED
15 ZÉ RICO/10Ausência.mp3,6c8d47242ddb4f8fa297ba112c1469c151b06dd6cd04dd7ffe4cf397a06a3d14,IMPORT,preserved,,15 ZÉ RICO/10Ausência.mp3,"sem erro de leitura; metadata GOOD; título HIGH; artista HIGH; sem cover; bitrate 192 kbps; sample rate 44100 Hz; desempate final por relative_path",192000,44100,false,GOOD
15 ZÉ RICO/11Canarinho do Peito Amarelo.mp3,2f0e52f3247fc49d83cb79dd093a13d0d34a5ccbdd6e62c3d58d332d43f3cee8,IMPORT,preserved,,15 ZÉ RICO/11Canarinho do Peito Amarelo.mp3,"sem erro de leitura; metadata GOOD; título HIGH; artista HIGH; sem cover; bitrate 128 kbps; sample rate 44100 Hz; desempate final por relative_path",128000,44100,false,GOOD
15 ZÉ RICO/12Denguinho.mp3,d25f278563816ce8dd357b05a846f85e8e50633d6e4d25de374226546e0ae619,IMPORT,preserved,,15 ZÉ RICO/12Denguinho.mp3,"sem erro de leitura; metadata INFERRED; título MEDIUM; artista MEDIUM; sem cover; bitrate 128 kbps; sample rate 44100 Hz; desempate final por relative_path",128000,44100,false,INFERRED
15 ZÉ RICO/13Faz um ano.mp3,24678f7a3a9a19bf3ea03c41cc7da23351e0ec7f2e9d91eaa7c1a07ee320deee,IMPORT,preserved,,15 ZÉ RICO/13Faz um ano.mp3,"sem erro de leitura; metadata GOOD; título HIGH; artista HIGH; sem cover; bitrate 128 kbps; sample rate 44100 Hz; desempate final por relative_path",128000,44100,false,GOOD
15 ZÉ RICO/14Fim de noite.mp3,02db7ef6958e09aa214b8a1536e12f9e457cad7d64a05978fa216c7b65896956,IMPORT,preserved,,15 ZÉ RICO/14Fim de noite.mp3,"sem erro de leitura; metadata INFERRED; título MEDIUM; artista MEDIUM; sem cover; bitrate 128 kbps; sample rate 44100 Hz; desempate final por relative_path",128000,44100,false,INFERRED
15 ZÉ RICO/1Estrada da vida.mp3,fb241f36d46336a765c4d733a4c0a1fdc78b619816efd4310a0b9e2561b5100c,IMPORT,preserved,,15 ZÉ RICO/1Estrada da vida.mp3,"sem erro de leitura; metadata INFERRED; título MEDIUM; artista MEDIUM; sem cover; bitrate 128 kbps; sample rate 44100 Hz; desempate final por relative_path",128000,44100,false,INFERRED
15 ZÉ RICO/2Você Vai Ver.mp3,b5a042f308cb0b97c63c421a0c1fecd9438c58561d42607fe99a3a1089b6d484,IMPORT,preserved,,15 ZÉ RICO/2Você Vai Ver.mp3,"sem erro de leitura; metadata GOOD; título HIGH; artista HIGH; sem cover; bitrate 128 kbps; sample rate 44100 Hz; desempate final por relative_path",128000,44100,false,GOOD
15 ZÉ RICO/3vontade dividida.mp3,fa5d6783fed080673bb78d3d5c1c5d6b11fe5ad9b5e3b6f36aac52ce02952215,IMPORT,preserved,,15 ZÉ RICO/3vontade dividida.mp3,"sem erro de leitura; metadata INFERRED; título MEDIUM; artista MEDIUM; sem cover; bitrate 128 kbps; sample rate 44100 Hz; desempate final por relative_path",128000,44100,false,INFERRED
15 ZÉ RICO/4Paixão de um homem.mp3,1d96701520c3df0dd2f76da63afc096043ecdfbe781bfc617d2104f67296ac28,IMPORT,preserved,,15 ZÉ RICO/4Paixão de um homem.mp3,"sem erro de leitura; metadata INFERRED; título MEDIUM; artista MEDIUM; sem cover; bitrate 128 kbps; sample rate 44100 Hz; desempate final por relative_path",128000,44100,false,INFERRED
15 ZÉ RICO/5o dia da vitória.mp3,be73abf54b83d31271fd6380b1417424a3685d667162538a26d5e8377610fd98,IMPORT,preserved,,15 ZÉ RICO/5o dia da vitória.mp3,"sem erro de leitura; metadata INFERRED; título MEDIUM; artista MEDIUM; sem cover; bitrate 128 kbps; sample rate 44100 Hz; desempate final por relative_path",128000,44100,false,INFERRED
15 ZÉ RICO/60 dias apaixonado.mp3,face8862917e046d0b0b1771b45ab99189bf645d7550a995467334dd86f8a3aa,IMPORT,preserved,,15 ZÉ RICO/60 dias apaixonado.mp3,"sem erro de leitura; metadata INFERRED; título MEDIUM; artista MEDIUM; sem cover; bitrate 128 kbps; sample rate 44100 Hz; desempate final por relative_path",128000,44100,false,INFERRED
15 ZÉ RICO/6Meu Desespero (A Tabela).mp3,5a79f5346b0c6a60df1db3ea276beb98c5b2c73c24dcfdb61caf8c74df479980,IMPORT,preserved,,15 ZÉ RICO/6Meu Desespero (A Tabela).mp3,"sem erro de leitura; metadata GOOD; título HIGH; artista HIGH; cover presente; bitrate 160 kbps; sample rate 44100 Hz; desempate final por relative_path",160000,44100,true,GOOD
15 ZÉ RICO/7Levando a vida.mp3,8a86ef8a57187e01fd4aa8c0c8511eeea5d45182fb8099b1a85b32a31cb16811,IMPORT,preserved,,15 ZÉ RICO/7Levando a vida.mp3,"sem erro de leitura; metadata INFERRED; título MEDIUM; artista MEDIUM; sem cover; bitrate 128 kbps; sample rate 44100 Hz; desempate final por relative_path",128000,44100,false,INFERRED
15 ZÉ RICO/8Está Noite Como Lembrança.mp3,8a27c5fbaa108f11fada224541fc7d7cd476cd21b6f8e05fda1b176a02bc62bf,IMPORT,preserved,,15 ZÉ RICO/8Está Noite Como Lembrança.mp3,"sem erro de leitura; metadata GOOD; título HIGH; artista HIGH; cover presente; bitrate 160 kbps; sample rate 44100 Hz; desempate final por relative_path",160000,44100,true,GOOD
15 ZÉ RICO/9anjo loiro.mp3,eb8c37f066d73b73e8fb4c0d54cd0edc3c9fd1951c3a86996bb73d4ab6c2946f,IMPORT,preserved,,15 ZÉ RICO/9anjo loiro.mp3,"sem erro de leitura; metadata INFERRED; título MEDIUM; artista MEDIUM; sem cover; bitrate 128 kbps; sample rate 44100 Hz; desempate final por relative_path",128000,44100,false,INFERRED
15 ZÉ RICO/a carta.mp3,c87a76c56e8b03f3813d0c40b8f330f25b4e524cd6a926469f2729a5df67c6a4,IMPORT,preserved,,15 ZÉ RICO/a carta.mp3,"sem erro de leitura; metadata INFERRED; título MEDIUM; artista MEDIUM; sem cover; bitrate 128 kbps; sample rate 44100 Hz; desempate final por relative_path",128000,44100,false,INFERRED
15 ZÉ RICO/A fossa.mp3,02e2622af67115fd94b24906926f8db785972dea7b163c81ab23281a9c19cc27,IMPORT,preserved,,15 ZÉ RICO/A fossa.mp3,"sem erro de leitura; metadata INFERRED; título MEDIUM; artista MEDIUM; sem cover; bitrate 128 kbps; sample rate 44100 Hz; desempate final por relative_path",128000,44100,false,INFERRED
15 ZÉ RICO/a garça pantaneira.mp3,bee804885db0d9c2bf96956475a252c6009eab918c8e5f6727817a80ceab038e,IMPORT,preserved,,15 ZÉ RICO/a garça pantaneira.mp3,"sem erro de leitura; metadata INFERRED; título MEDIUM; artista MEDIUM; sem cover; bitrate 128 kbps; sample rate 44100 Hz; desempate final por relative_path",128000,44100,false,INFERRED
15 ZÉ RICO/Agenda Rabiscada.mp3,c57c29a655dbff271191a427710dd672e4cfef120ed5234e07cea24bed5b4560,IMPORT,preserved,,15 ZÉ RICO/Agenda Rabiscada.mp3,"sem erro de leitura; metadata GOOD; título HIGH; artista HIGH; sem cover; bitrate 128 kbps; sample rate 44100 Hz; desempate final por relative_path",128000,44100,false,GOOD
15 ZÉ RICO/Amor Traquino.mp3,04bd0ab22e4ad476da7e1228a1fb23583bdd525d77663f9e903ec9be2a9cc536,IMPORT,preserved,,15 ZÉ RICO/Amor Traquino.mp3,"sem erro de leitura; metadata GOOD; título HIGH; artista HIGH; cover presente; bitrate 160 kbps; sample rate 44100 Hz; desempate final por relative_path",160000,44100,true,GOOD
15 ZÉ RICO/Aprendi a Viver.mp3,16ecd432bc771608a26d9945b114e499d5f7b87328509c0867dcd6b90e8336b3,IMPORT,preserved,,15 ZÉ RICO/Aprendi a Viver.mp3,"sem erro de leitura; metadata GOOD; título HIGH; artista HIGH; sem cover; bitrate 192 kbps; sample rate 44100 Hz; desempate final por relative_path",192000,44100,false,GOOD
15 ZÉ RICO/Bailão Cuiabano.mp3,7653781a8420eae05335238877facc93224338d8cd8d8b64fd4f152273bfa8c7,IMPORT,preserved,,15 ZÉ RICO/Bailão Cuiabano.mp3,"sem erro de leitura; metadata GOOD; título HIGH; artista HIGH; cover presente; bitrate 160 kbps; sample rate 44100 Hz; desempate final por relative_path",160000,44100,true,GOOD
15 ZÉ RICO/Cabecinha no ombro.mp3,b1732953ad78d953fbe986f77d142e851dcb8927d8e735f2d8236d41cacc28b8,IMPORT,preserved,,15 ZÉ RICO/Cabecinha no ombro.mp3,"sem erro de leitura; metadata INFERRED; título MEDIUM; artista MEDIUM; sem cover; bitrate 128 kbps; sample rate 44100 Hz; desempate final por relative_path",128000,44100,false,INFERRED
15 ZÉ RICO/Corpo e alma.mp3,59c189db37ae9e37b5672e6cc90ad15d7015d09e90c9de6f164d576d8257ce0c,IMPORT,preserved,,15 ZÉ RICO/Corpo e alma.mp3,"sem erro de leitura; metadata INFERRED; título MEDIUM; artista MEDIUM; sem cover; bitrate 128 kbps; sample rate 44100 Hz; desempate final por relative_path",128000,44100,false,INFERRED
15 ZÉ RICO/de longe também se ama.mp3,8428e0bf1cc1ecc010e4b84d65737e40ef89c0fb35266d8b1d9c9402f19cbc67,IMPORT,preserved,,15 ZÉ RICO/de longe também se ama.mp3,"sem erro de leitura; metadata INFERRED; título MEDIUM; artista MEDIUM; sem cover; bitrate 128 kbps; sample rate 44100 Hz; desempate final por relative_path",128000,44100,false,INFERRED
15 ZÉ RICO/decida.mp3,4c26bc77c222973a9c360887dfdcee37f4da92e185c05dc9cfbfebb847955c26,IMPORT,preserved,,15 ZÉ RICO/decida.mp3,"sem erro de leitura; metadata INFERRED; título MEDIUM; artista MEDIUM; sem cover; bitrate 128 kbps; sample rate 44100 Hz; desempate final por relative_path",128000,44100,false,INFERRED
15 ZÉ RICO/Do mundo nada se leva.mp3,ce5bc3c377e5542b00063753e7cd7810bf85bfbf285dae8e8aa3c5990b0f9bc3,IMPORT,preserved,,15 ZÉ RICO/Do mundo nada se leva.mp3,"sem erro de leitura; metadata INFERRED; título MEDIUM; artista MEDIUM; sem cover; bitrate 128 kbps; sample rate 44100 Hz; desempate final por relative_path",128000,44100,false,INFERRED
15 ZÉ RICO/Duas camisas.mp3,90d70839a837ae7dbf027709a3a032aa4da3c64696f2b59f74bea8f8faf7a597,IMPORT,preserved,,15 ZÉ RICO/Duas camisas.mp3,"sem erro de leitura; metadata INFERRED; título MEDIUM; artista MEDIUM; sem cover; bitrate 128 kbps; sample rate 44100 Hz; desempate final por relative_path",128000,44100,false,INFERRED
15 ZÉ RICO/Eterno apaixonado.mp3,b29b3dd0070b6dfb2b7f7a60029ab3351401591f90c745cc6b6c2913daffb8d5,IMPORT,preserved,,15 ZÉ RICO/Eterno apaixonado.mp3,"sem erro de leitura; metadata INFERRED; título MEDIUM; artista MEDIUM; sem cover; bitrate 128 kbps; sample rate 44100 Hz; desempate final por relative_path",128000,44100,false,INFERRED
15 ZÉ RICO/Eu Levo a Vida Sonhando.mp3,dc77ac5b3f93b082e072ec942dbe3463b6e47fe07efbbc0bd0f421c265a182ae,IMPORT,preserved,,15 ZÉ RICO/Eu Levo a Vida Sonhando.mp3,"sem erro de leitura; metadata GOOD; título HIGH; artista HIGH; sem cover; bitrate 192 kbps; sample rate 44100 Hz; desempate final por relative_path",192000,44100,false,GOOD
15 ZÉ RICO/Gita.mp3,9958619b2c9dee301c20dd085ba2a4a4769798bcc4f11ef43da8abfeef165b78,IMPORT,preserved,,15 ZÉ RICO/Gita.mp3,"sem erro de leitura; metadata GOOD; título HIGH; artista HIGH; sem cover; bitrate 128 kbps; sample rate 44100 Hz; desempate final por relative_path",128000,44100,false,GOOD
15 ZÉ RICO/Intimidade.mp3,269a8f4e20164297b710572e0df17c911212413f019b2c07a3f07608669b49a9,IMPORT,preserved,,15 ZÉ RICO/Intimidade.mp3,"sem erro de leitura; metadata GOOD; título HIGH; artista HIGH; sem cover; bitrate 192 kbps; sample rate 44100 Hz; desempate final por relative_path",192000,44100,false,GOOD
15 ZÉ RICO/Lembrança.mp3,8a22fc26d551270c6a99c60ea6c6bca87af971154131cd6327826d764587d20a,IMPORT,preserved,,15 ZÉ RICO/Lembrança.mp3,"sem erro de leitura; metadata INFERRED; título MEDIUM; artista MEDIUM; sem cover; bitrate 128 kbps; sample rate 44100 Hz; desempate final por relative_path",128000,44100,false,INFERRED
15 ZÉ RICO/Linda Morena.mp3,3228b17759cd8a4431ad92fec29d0f1fec7579ff60bbff72cdb7d8cd1b6955b8,IMPORT,preserved,,15 ZÉ RICO/Linda Morena.mp3,"sem erro de leitura; metadata GOOD; título HIGH; artista HIGH; sem cover; bitrate 192 kbps; sample rate 44100 Hz; desempate final por relative_path",192000,44100,false,GOOD
15 ZÉ RICO/majestade a mulher.mp3,49912906e2d0d6d93da65d867360916d891808886b4897403204fefacbb144ee,IMPORT,preserved,,15 ZÉ RICO/majestade a mulher.mp3,"sem erro de leitura; metadata INFERRED; título MEDIUM; artista MEDIUM; sem cover; bitrate 128 kbps; sample rate 44100 Hz; desempate final por relative_path",128000,44100,false,INFERRED
15 ZÉ RICO/Memória Esquecida.mp3,58bcbbca2e1c5b639954d18017a734c9d5b1709c8ccb6d8cff4b9f1421b9c4de,IMPORT,preserved,,15 ZÉ RICO/Memória Esquecida.mp3,"sem erro de leitura; metadata GOOD; título HIGH; artista HIGH; cover presente; bitrate 160 kbps; sample rate 44100 Hz; desempate final por relative_path",160000,44100,true,GOOD
15 ZÉ RICO/Meu primeiro amor.mp3,0b03b74f4a996dd2a570c38872ba65585e739961222b7dfcd4959aeb3419955d,IMPORT,preserved,,15 ZÉ RICO/Meu primeiro amor.mp3,"sem erro de leitura; metadata INFERRED; título MEDIUM; artista MEDIUM; sem cover; bitrate 128 kbps; sample rate 44100 Hz; desempate final por relative_path",128000,44100,false,INFERRED
15 ZÉ RICO/Milagre da Flecha.mp3,3e0da3ba92e9ddd28348f08a3ee7b9b0fd6deb93b6174e9afd2cbb3deb4a7e59,IMPORT,preserved,,15 ZÉ RICO/Milagre da Flecha.mp3,"sem erro de leitura; metadata GOOD; título HIGH; artista HIGH; sem cover; bitrate 128 kbps; sample rate 44100 Hz; desempate final por relative_path",128000,44100,false,GOOD
15 ZÉ RICO/Minha Solidão.mp3,16c80f991d283d0fa1c4d2082fca2371b46515f6cbdae5b3abe219181ae53920,IMPORT,preserved,,15 ZÉ RICO/Minha Solidão.mp3,"sem erro de leitura; metadata GOOD; título HIGH; artista HIGH; cover presente; bitrate 160 kbps; sample rate 44100 Hz; desempate final por relative_path",160000,44100,true,GOOD
15 ZÉ RICO/Nenhuma Esperança.mp3,3dd47638ca7147c8eb712cf0755b43cbaf8976dd284b90a0b56f8bf5c5fca17f,IMPORT,preserved,,15 ZÉ RICO/Nenhuma Esperança.mp3,"sem erro de leitura; metadata GOOD; título HIGH; artista HIGH; cover presente; bitrate 160 kbps; sample rate 44100 Hz; desempate final por relative_path",160000,44100,true,GOOD
15 ZÉ RICO/O Seu Retrato.mp3,e33880fdc9057641ddf7ff84ce998141439b2065815d0f618650fcddcf1fe74d,IMPORT,preserved,,15 ZÉ RICO/O Seu Retrato.mp3,"sem erro de leitura; metadata GOOD; título HIGH; artista HIGH; cover presente; bitrate 160 kbps; sample rate 44100 Hz; desempate final por relative_path",160000,44100,true,GOOD
15 ZÉ RICO/o tropeiro (el bandolero).mp3,53dc27a3e560086568e74b497131197b740afea6f8f3bf0eb2780f07e07cc860,IMPORT,preserved,,15 ZÉ RICO/o tropeiro (el bandolero).mp3,"sem erro de leitura; metadata INFERRED; título MEDIUM; artista MEDIUM; sem cover; bitrate 128 kbps; sample rate 44100 Hz; desempate final por relative_path",128000,44100,false,INFERRED
15 ZÉ RICO/o último julgamento.mp3,83e50cf85f949b6db10f01900f5412026df7f8c198489b81e60bd63a22748be3,IMPORT,preserved,,15 ZÉ RICO/o último julgamento.mp3,"sem erro de leitura; metadata INFERRED; título MEDIUM; artista MEDIUM; sem cover; bitrate 128 kbps; sample rate 44100 Hz; desempate final por relative_path",128000,44100,false,INFERRED
15 ZÉ RICO/Outra noite sem meu bem.mp3,de4c7464ed61c0085d6b44baab1eb3d853a91baec4c49595deec56c9eb30acec,IMPORT,preserved,,15 ZÉ RICO/Outra noite sem meu bem.mp3,"sem erro de leitura; metadata INFERRED; título MEDIUM; artista MEDIUM; sem cover; bitrate 128 kbps; sample rate 44100 Hz; desempate final por relative_path",128000,44100,false,INFERRED
15 ZÉ RICO/Quanta Saudades.mp3,701450cb95c2deac175a5fdf2d0f842862acb65fc630b9c14dd8fb0508a28240,IMPORT,preserved,,15 ZÉ RICO/Quanta Saudades.mp3,"sem erro de leitura; metadata GOOD; título HIGH; artista HIGH; cover presente; bitrate 160 kbps; sample rate 44100 Hz; desempate final por relative_path",160000,44100,true,GOOD
15 ZÉ RICO/Quem Disse que Esqueci.mp3,021813e881bcf76af951f9a7499ca12563ebe04267ca03d13d793f22505b095f,IMPORT,preserved,,15 ZÉ RICO/Quem Disse que Esqueci.mp3,"sem erro de leitura; metadata GOOD; título HIGH; artista HIGH; sem cover; bitrate 192 kbps; sample rate 44100 Hz; desempate final por relative_path",192000,44100,false,GOOD
15 ZÉ RICO/solidão.mp3,d652808d438c6a32fe9e94f4af4ca37bccda15dc8f6ca2bfbf5fbefa8a6b0f28,IMPORT,preserved,,15 ZÉ RICO/solidão.mp3,"sem erro de leitura; metadata INFERRED; título MEDIUM; artista MEDIUM; sem cover; bitrate 128 kbps; sample rate 44100 Hz; desempate final por relative_path",128000,44100,false,INFERRED
15 ZÉ RICO/Sonhei com você.mp3,63ab4e0fcbf52cc824c449006a89229188a209574a2e8770293084d59a0d5e8f,IMPORT,preserved,,15 ZÉ RICO/Sonhei com você.mp3,"sem erro de leitura; metadata INFERRED; título MEDIUM; artista MEDIUM; sem cover; bitrate 128 kbps; sample rate 44100 Hz; desempate final por relative_path",128000,44100,false,INFERRED
15 ZÉ RICO/Sonho de um caminhoneiro.mp3,2d3dd7c01fef06feeb40350c83530c9a7aee3a57c999c40d741874872bd4bbcc,IMPORT,preserved,,15 ZÉ RICO/Sonho de um caminhoneiro.mp3,"sem erro de leitura; metadata INFERRED; título MEDIUM; artista MEDIUM; sem cover; bitrate 128 kbps; sample rate 44100 Hz; desempate final por relative_path",128000,44100,false,INFERRED
15 ZÉ RICO/Tá Rindo De Que.mp3,0f3fd6f253835f5c53197f9b0dc5e96720ba09f9304c1f24b850c8eb19c290df,IMPORT,preserved,,15 ZÉ RICO/Tá Rindo De Que.mp3,"sem erro de leitura; metadata GOOD; título HIGH; artista HIGH; sem cover; bitrate 128 kbps; sample rate 44100 Hz; desempate final por relative_path",128000,44100,false,GOOD
15 ZÉ RICO/Te Amar Faz Sentido.mp3,cfff5f786b3bbfaac64b0228ab8d3017be2f8552a702f524da6b706e8d62258a,IMPORT,preserved,,15 ZÉ RICO/Te Amar Faz Sentido.mp3,"sem erro de leitura; metadata GOOD; título HIGH; artista HIGH; sem cover; bitrate 192 kbps; sample rate 44100 Hz; desempate final por relative_path",192000,44100,false,GOOD
15 ZÉ RICO/Tô com Ela.mp3,4c68f2120e837317d597b975bd5f5da01067f385980c612d82a25d7ae582a1b4,IMPORT,preserved,,15 ZÉ RICO/Tô com Ela.mp3,"sem erro de leitura; metadata GOOD; título HIGH; artista HIGH; sem cover; bitrate 192 kbps; sample rate 44100 Hz; desempate final por relative_path",192000,44100,false,GOOD
15 ZÉ RICO/Tô de Olho.mp3,98f3a10f7d836ff78f125f8ff2ac600132d56b9c532f0227e527c46df04da61f,IMPORT,preserved,,15 ZÉ RICO/Tô de Olho.mp3,"sem erro de leitura; metadata GOOD; título HIGH; artista HIGH; sem cover; bitrate 192 kbps; sample rate 44100 Hz; desempate final por relative_path",192000,44100,false,GOOD
15 ZÉ RICO/Tributo aos Amigos.mp3,16e4f2fedc2009df31f59984dce3d746e86a86aa33351faf11fe583529b44cf6,IMPORT,preserved,,15 ZÉ RICO/Tributo aos Amigos.mp3,"sem erro de leitura; metadata GOOD; título HIGH; artista HIGH; sem cover; bitrate 192 kbps; sample rate 44100 Hz; desempate final por relative_path",192000,44100,false,GOOD
15 ZÉ RICO/tristeza.mp3,d6d1a0ffb65894a35f38c46d74ffc9d1a4edac05124b061a33f93c981f30289d,IMPORT,preserved,,15 ZÉ RICO/tristeza.mp3,"sem erro de leitura; metadata INFERRED; título MEDIUM; artista MEDIUM; sem cover; bitrate 128 kbps; sample rate 44100 Hz; desempate final por relative_path",128000,44100,false,INFERRED
15 ZÉ RICO/Um Beijo e Um Adeus.mp3,c7d786b2afdc3efc9304a2159e9b2e865ca79ecc5396b51305a0017c8861cbd3,IMPORT,preserved,,15 ZÉ RICO/Um Beijo e Um Adeus.mp3,"sem erro de leitura; metadata GOOD; título HIGH; artista HIGH; sem cover; bitrate 192 kbps; sample rate 44100 Hz; desempate final por relative_path",192000,44100,false,GOOD
15 ZÉ RICO/Vinte anos.mp3,e5d480429b58432ef9e3efca9e35bbc0295d9fae7dc4bcd642b9455dcf38f309,IMPORT,preserved,,15 ZÉ RICO/Vinte anos.mp3,"sem erro de leitura; metadata INFERRED; título MEDIUM; artista MEDIUM; sem cover; bitrate 128 kbps; sample rate 44100 Hz; desempate final por relative_path",128000,44100,false,INFERRED
15 ZÉ RICO/Volta Pra Casa.mp3,ab4b90dae939240d80219ddd34c88ba68780487d4380fc3d7e13b3a2f0ba89a8,IMPORT,preserved,,15 ZÉ RICO/Volta Pra Casa.mp3,"sem erro de leitura; metadata GOOD; título HIGH; artista HIGH; sem cover; bitrate 128 kbps; sample rate 44100 Hz; desempate final por relative_path",128000,44100,false,GOOD
16 Bruno e Marrone - Exatamente agora 2021/01 - Último beijo (Part. Wesley Safadão).mp3,0233d1639bffc45a820457eba8e94a707f2d60e2a664ad076636ec2a0cbb77da,IMPORT,preserved,,16 Bruno e Marrone - Exatamente agora 2021/01 - Último beijo (Part. Wesley Safadão).mp3,"sem erro de leitura; metadata INFERRED; título MEDIUM; artista MEDIUM; sem cover; bitrate 40 kbps; sample rate 16000 Hz; desempate final por relative_path",40000,16000,false,INFERRED
16 Bruno e Marrone - Exatamente agora 2021/01 Bruno e Marrone - Exatamente agora.mp3,330111d8d53c62917e772acfa2d8e74cfa0812e3cd086eac95e4bfabadb84f3e,IMPORT,preserved,,16 Bruno e Marrone - Exatamente agora 2021/01 Bruno e Marrone - Exatamente agora.mp3,"sem erro de leitura; metadata INFERRED; título HIGH; artista HIGH; sem cover; bitrate 40 kbps; sample rate 16000 Hz; desempate final por relative_path",40000,16000,false,INFERRED
16 Bruno e Marrone - Exatamente agora 2021/02 - Desbloqueia.mp3,36a2d5aa1fb45801e8b43cfbd1242179935d6b4fde0f7cbfcd2f10f5da2c9af9,IMPORT,preserved,,16 Bruno e Marrone - Exatamente agora 2021/02 - Desbloqueia.mp3,"sem erro de leitura; metadata INFERRED; título MEDIUM; artista MEDIUM; sem cover; bitrate 40 kbps; sample rate 16000 Hz; desempate final por relative_path",40000,16000,false,INFERRED
16 Bruno e Marrone - Exatamente agora 2021/02 Bruno e Marrone - Não recomendo.mp3,ee8b169dad78fcae3e797e18681e74fc7adbdd32d80edde8aa6bbb5c028480d7,IMPORT,preserved,,16 Bruno e Marrone - Exatamente agora 2021/02 Bruno e Marrone - Não recomendo.mp3,"sem erro de leitura; metadata INFERRED; título HIGH; artista HIGH; sem cover; bitrate 40 kbps; sample rate 16000 Hz; desempate final por relative_path",40000,16000,false,INFERRED
16 Bruno e Marrone - Exatamente agora 2021/03 - Coração de Isca.mp3,9dc7ce152eacbe62c5091dd3223e861d8a4ea71164403edad996977b4004b15c,IMPORT,preserved,,16 Bruno e Marrone - Exatamente agora 2021/03 - Coração de Isca.mp3,"sem erro de leitura; metadata INFERRED; título MEDIUM; artista MEDIUM; sem cover; bitrate 40 kbps; sample rate 16000 Hz; desempate final por relative_path",40000,16000,false,INFERRED
16 Bruno e Marrone - Exatamente agora 2021/04 - Propriedade.mp3,665475679faf3fb26533dbfe907ff205edc8d62214f69d47a3888dba23ef6857,IMPORT,preserved,,16 Bruno e Marrone - Exatamente agora 2021/04 - Propriedade.mp3,"sem erro de leitura; metadata INFERRED; título MEDIUM; artista MEDIUM; sem cover; bitrate 40 kbps; sample rate 16000 Hz; desempate final por relative_path",40000,16000,false,INFERRED
16 Bruno e Marrone - Exatamente agora 2021/05 - Deu Aula.mp3,c0fab29ebd5a9af89be510a48593f119edefb1bc8ef267178d626551d36d4f14,IMPORT,preserved,,16 Bruno e Marrone - Exatamente agora 2021/05 - Deu Aula.mp3,"sem erro de leitura; metadata INFERRED; título MEDIUM; artista MEDIUM; sem cover; bitrate 40 kbps; sample rate 16000 Hz; desempate final por relative_path",40000,16000,false,INFERRED
16 Bruno e Marrone - Exatamente agora 2021/05 Bruno e Marrone - Essa sem coração.mp3,8052f3834bfb2a15c48863c68607e5ce0387d22e93783dc27d8b35c1281c54e0,IMPORT,preserved,,16 Bruno e Marrone - Exatamente agora 2021/05 Bruno e Marrone - Essa sem coração.mp3,"sem erro de leitura; metadata INFERRED; título HIGH; artista HIGH; sem cover; bitrate 40 kbps; sample rate 16000 Hz; desempate final por relative_path",40000,16000,false,INFERRED
16 Bruno e Marrone - Exatamente agora 2021/06 - Professor.mp3,f82723d7438d8fef9d0fc00ed84ecfa041348b6fbc9b6d41dd1f44e6499d3256,IMPORT,preserved,,16 Bruno e Marrone - Exatamente agora 2021/06 - Professor.mp3,"sem erro de leitura; metadata INFERRED; título MEDIUM; artista MEDIUM; sem cover; bitrate 40 kbps; sample rate 16000 Hz; desempate final por relative_path",40000,16000,false,INFERRED
16 Bruno e Marrone - Exatamente agora 2021/07 - Facas feat. Diego & Victor Hugo.mp3,c564cc0d921e397efc9302817ab3e8dd9d48f56156a180a0f61865f39d1b5707,IMPORT,preserved,,16 Bruno e Marrone - Exatamente agora 2021/07 - Facas feat. Diego & Victor Hugo.mp3,"sem erro de leitura; metadata INFERRED; título MEDIUM; artista MEDIUM; sem cover; bitrate 40 kbps; sample rate 16000 Hz; desempate final por relative_path",40000,16000,false,INFERRED
16 Bruno e Marrone - Exatamente agora 2021/08 - Surto De Amor feat. Jorge & Mateus.mp3,81f098bbed84431875a50e66fdc84f0b9360ccfd734df5e439007f5d403de827,IMPORT,preserved,,16 Bruno e Marrone - Exatamente agora 2021/08 - Surto De Amor feat. Jorge & Mateus.mp3,"sem erro de leitura; metadata INFERRED; título MEDIUM; artista MEDIUM; sem cover; bitrate 40 kbps; sample rate 16000 Hz; desempate final por relative_path",40000,16000,false,INFERRED
16 Bruno e Marrone - Exatamente agora 2021/08 Bruno e Marrone - Mandarim.mp3,3204566684239c7f43b94568e6d746d16b069a691a3c36fe6a3068ae967f5080,IMPORT,preserved,,16 Bruno e Marrone - Exatamente agora 2021/08 Bruno e Marrone - Mandarim.mp3,"sem erro de leitura; metadata INFERRED; título HIGH; artista HIGH; sem cover; bitrate 40 kbps; sample rate 16000 Hz; desempate final por relative_path",40000,16000,false,INFERRED
16 Bruno e Marrone - Exatamente agora 2021/09 - Enganando A Despedida.mp3,1a45792e07e3f7f979c14eca26a3114204b95f866bae0ccc5c0d0624b9b2958e,IMPORT,preserved,,16 Bruno e Marrone - Exatamente agora 2021/09 - Enganando A Despedida.mp3,"sem erro de leitura; metadata INFERRED; título MEDIUM; artista MEDIUM; sem cover; bitrate 40 kbps; sample rate 16000 Hz; desempate final por relative_path",40000,16000,false,INFERRED
16 Bruno e Marrone - Exatamente agora 2021/10 - Sua Melhor Versão.mp3,9cb8d88551f91e148b4092ab6a813e97fd0f0d4ff4292e0151172157a4f3690c,SKIP_LIKELY,likely_duplicate,71,Sertanejao/Bruno e Marrone - Ensaio/06 Sua melhor versão.mp3,"sem erro de leitura; metadata INFERRED; título MEDIUM; artista MEDIUM; cover presente; bitrate 200 kbps; sample rate 48000 Hz; desempate final por relative_path",40000,16000,false,INFERRED
16 Bruno e Marrone - Exatamente agora 2021/10 Bruno e Marrone - Sem querer.mp3,22dd78c19369e03542efbfe274cf872c6fd9a75e15afebef41709369f62ee470,IMPORT,preserved,,16 Bruno e Marrone - Exatamente agora 2021/10 Bruno e Marrone - Sem querer.mp3,"sem erro de leitura; metadata INFERRED; título HIGH; artista HIGH; sem cover; bitrate 40 kbps; sample rate 16000 Hz; desempate final por relative_path",40000,16000,false,INFERRED
16 Bruno e Marrone - Exatamente agora 2021/11 Bruno e Marrone - Tortura.mp3,4845dcf903b137082c16969f73d54b3b489f9e4e693d5303ac62157de3eb0120,IMPORT,preserved,,16 Bruno e Marrone - Exatamente agora 2021/11 Bruno e Marrone - Tortura.mp3,"sem erro de leitura; metadata INFERRED; título HIGH; artista HIGH; sem cover; bitrate 40 kbps; sample rate 16000 Hz; desempate final por relative_path",40000,16000,false,INFERRED
16 Bruno e Marrone - Exatamente agora 2021/12 Bruno e Marrone - Socorro.mp3,3efb163f8ca66c71fa1c0a5e57b8b1b4ca27493d216ee0f63477ff9ba3b0a829,IMPORT,preserved,,16 Bruno e Marrone - Exatamente agora 2021/12 Bruno e Marrone - Socorro.mp3,"sem erro de leitura; metadata INFERRED; título HIGH; artista HIGH; sem cover; bitrate 40 kbps; sample rate 16000 Hz; desempate final por relative_path",40000,16000,false,INFERRED
16 Bruno e Marrone - Exatamente agora 2021/13 Bruno e Marrone - Fim de festa.mp3,0840d182d424590704458e15c69990d991ed44c3953892146de29763bae02036,IMPORT,preserved,,16 Bruno e Marrone - Exatamente agora 2021/13 Bruno e Marrone - Fim de festa.mp3,"sem erro de leitura; metadata INFERRED; título HIGH; artista HIGH; sem cover; bitrate 40 kbps; sample rate 16000 Hz; desempate final por relative_path",40000,16000,false,INFERRED
16 Bruno e Marrone - Exatamente agora 2021/14 Bruno e Marrone - Fala de mim pra ele.mp3,896e8d301640d1b10c7b4dbcbb67779a773c87ffceac8d2d12e2b9501efbf741,IMPORT,preserved,,16 Bruno e Marrone - Exatamente agora 2021/14 Bruno e Marrone - Fala de mim pra ele.mp3,"sem erro de leitura; metadata INFERRED; título HIGH; artista HIGH; sem cover; bitrate 40 kbps; sample rate 16000 Hz; desempate final por relative_path",40000,16000,false,INFERRED
16 Bruno e Marrone - Exatamente agora 2021/15 Bruno e Marrone - Dedin pra cima.mp3,35f5c89145a92f18c6db5e02ae735db8323780bac3e692a311e56350cff4da8c,IMPORT,preserved,,16 Bruno e Marrone - Exatamente agora 2021/15 Bruno e Marrone - Dedin pra cima.mp3,"sem erro de leitura; metadata INFERRED; título HIGH; artista HIGH; sem cover; bitrate 40 kbps; sample rate 16000 Hz; desempate final por relative_path",40000,16000,false,INFERRED
16 Bruno e Marrone - Exatamente agora 2021/16 Bruno e Marrone - Meia hora.mp3,6815adc04c7248dd6704963efb65e61e7fcf600908c83f4360be774d38f11ed7,IMPORT,preserved,,16 Bruno e Marrone - Exatamente agora 2021/16 Bruno e Marrone - Meia hora.mp3,"sem erro de leitura; metadata INFERRED; título HIGH; artista HIGH; sem cover; bitrate 40 kbps; sample rate 16000 Hz; desempate final por relative_path",40000,16000,false,INFERRED
16 TEODORO&SAMPAIO/01 - Mulher Chorona.mp3,e325450f299d98196cbabe68ee415e8baa3e1bd3cf4d20b3156556e7f33b4a2e,IMPORT,preserved,,16 TEODORO&SAMPAIO/01 - Mulher Chorona.mp3,"sem erro de leitura; metadata INFERRED; título MEDIUM; artista HIGH; sem cover; bitrate 192 kbps; sample rate 44100 Hz; desempate final por relative_path",192000,44100,false,INFERRED
16 TEODORO&SAMPAIO/02. Humilha.mp3,fab3bcf21ec6a48c481e41767d2900cdb3bdffae43e7ad1bde33b9a4aa6bf440,IMPORT,preserved,,16 TEODORO&SAMPAIO/02. Humilha.mp3,"sem erro de leitura; metadata GOOD; título HIGH; artista HIGH; cover presente; bitrate 128 kbps; sample rate 44100 Hz; desempate final por relative_path",128000,44100,true,GOOD
16 TEODORO&SAMPAIO/03 - Pinga na Véia.mp3,63d6f0278a29c856a572f0e43abd8017e0aff0c394c671fb14ce680607d8bf46,IMPORT,preserved,,16 TEODORO&SAMPAIO/03 - Pinga na Véia.mp3,"sem erro de leitura; metadata INFERRED; título MEDIUM; artista HIGH; sem cover; bitrate 192 kbps; sample rate 44100 Hz; desempate final por relative_path",192000,44100,false,INFERRED
16 TEODORO&SAMPAIO/03. do iapoque ao Chuí.mp3,1022c32fbbef8c451783c929127d7f65ac3a4312300f0b6c8cff00f505687054,IMPORT,preserved,,16 TEODORO&SAMPAIO/03. do iapoque ao Chuí.mp3,"sem erro de leitura; metadata GOOD; título HIGH; artista HIGH; sem cover; bitrate 128 kbps; sample rate 44100 Hz; desempate final por relative_path",128000,44100,false,GOOD
16 TEODORO&SAMPAIO/03. Teodoro e Sampaio.mp3,95e2fa285e961158072f414a75c882441a65701e27c13d0e4572d28454d7cf43,IMPORT,preserved,,16 TEODORO&SAMPAIO/03. Teodoro e Sampaio.mp3,"sem erro de leitura; metadata GOOD; título HIGH; artista HIGH; sem cover; bitrate 128 kbps; sample rate 44100 Hz; desempate final por relative_path",128000,44100,false,GOOD
16 TEODORO&SAMPAIO/04. Água no leite.mp3,27862f6833430e09b3ea3895d249f02fc7130768fff7829620f0babfbbcc38a3,IMPORT,preserved,,16 TEODORO&SAMPAIO/04. Água no leite.mp3,"sem erro de leitura; metadata GOOD; título HIGH; artista HIGH; sem cover; bitrate 128 kbps; sample rate 44100 Hz; desempate final por relative_path",128000,44100,false,GOOD
16 TEODORO&SAMPAIO/06. Viola em noite de lua.mp3,7d145cdb291eab5bb523ec617b5e7a4b0a4fe7ae130aa9d487008e36d36271f0,IMPORT,preserved,,16 TEODORO&SAMPAIO/06. Viola em noite de lua.mp3,"sem erro de leitura; metadata GOOD; título HIGH; artista HIGH; sem cover; bitrate 128 kbps; sample rate 44100 Hz; desempate final por relative_path",128000,44100,false,GOOD
16 TEODORO&SAMPAIO/10 - De Parede E Meia.mp3,dafeba8a40a69a4271e58d7b8fad25b6b4cb9b81a07f0f67aad4ae3aa48e6ed4,IMPORT,preserved,,16 TEODORO&SAMPAIO/10 - De Parede E Meia.mp3,"sem erro de leitura; metadata INFERRED; título MEDIUM; artista HIGH; sem cover; bitrate 128 kbps; sample rate 44100 Hz; desempate final por relative_path",128000,44100,false,INFERRED
16 TEODORO&SAMPAIO/10. Pensando em voce.mp3,8679a4cfedadd5a686773f12152657d7e5303333e7c87c73ac25c501a7daacf2,IMPORT,preserved,,16 TEODORO&SAMPAIO/10. Pensando em voce.mp3,"sem erro de leitura; metadata GOOD; título HIGH; artista HIGH; cover presente; bitrate 128 kbps; sample rate 44100 Hz; desempate final por relative_path",128000,44100,true,GOOD
16 TEODORO&SAMPAIO/13. Minha parte eu quero em pinga.mp3,ea5bc0525fe5f934deadac48dcce85442ec1d63fafa92aae4e5bc0c2f8c47ecf,IMPORT,preserved,,16 TEODORO&SAMPAIO/13. Minha parte eu quero em pinga.mp3,"sem erro de leitura; metadata GOOD; título HIGH; artista HIGH; cover presente; bitrate 128 kbps; sample rate 44100 Hz; desempate final por relative_path",128000,44100,true,GOOD
16 TEODORO&SAMPAIO/16. Teodoro e Sampaio.mp3,d37984d8eadf2580862103e7328ca31af6d2c0334f666e7499ed01be8f639568,IMPORT,preserved,,16 TEODORO&SAMPAIO/16. Teodoro e Sampaio.mp3,"sem erro de leitura; metadata GOOD; título HIGH; artista HIGH; sem cover; bitrate 128 kbps; sample rate 44100 Hz; desempate final por relative_path",128000,44100,false,GOOD
16 TEODORO&SAMPAIO/CONTA PRA ELA.mp3,d2a3fcea97bee0b74b2cf7f0dd12078c1ddf11667e255adf4dda2fe447fc9573,IMPORT,preserved,,16 TEODORO&SAMPAIO/CONTA PRA ELA.mp3,"sem erro de leitura; metadata GOOD; título HIGH; artista HIGH; sem cover; bitrate 192 kbps; sample rate 44100 Hz; desempate final por relative_path",192000,44100,false,GOOD
16 TEODORO&SAMPAIO/roela do eno.mp3,36d884767c4a07ce38795b5eae69e8a2e70042f4d14810cd956383d74a4f2077,IMPORT,preserved,,16 TEODORO&SAMPAIO/roela do eno.mp3,"sem erro de leitura; metadata GOOD; título HIGH; artista HIGH; sem cover; bitrate 128 kbps; sample rate 44100 Hz; desempate final por relative_path",128000,44100,false,GOOD
16 TEODORO&SAMPAIO/Teodoro & Sampaio - Escuta Coracao.mp3,ba21a51a56918f8b29ec74af8961972f1435ed339e96ec7bbea47aaafbabaa1c,IMPORT,preserved,,16 TEODORO&SAMPAIO/Teodoro & Sampaio - Escuta Coracao.mp3,"sem erro de leitura; metadata GOOD; título HIGH; artista HIGH; sem cover; bitrate 128 kbps; sample rate 44100 Hz; desempate final por relative_path",128000,44100,false,GOOD
17 Jads & Jadson - No Estúdio/01 - Vai Brincando.mp3,fb763321c25c108ad83de198cb3bd581fefda4a57207b8f8ca3322457c747e53,IMPORT,preserved,,17 Jads & Jadson - No Estúdio/01 - Vai Brincando.mp3,"sem erro de leitura; metadata INFERRED; título MEDIUM; artista MEDIUM; sem cover; bitrate 40 kbps; sample rate 16000 Hz; desempate final por relative_path",40000,16000,false,INFERRED
17 Jads & Jadson - No Estúdio/02 - Doutora.mp3,7effe9f7160eaa271e4083a8d22c5b6f23bd0631fa02b46230359f7d35961365,IMPORT,preserved,,17 Jads & Jadson - No Estúdio/02 - Doutora.mp3,"sem erro de leitura; metadata INFERRED; título MEDIUM; artista MEDIUM; sem cover; bitrate 40 kbps; sample rate 16000 Hz; desempate final por relative_path",40000,16000,false,INFERRED
17 Jads & Jadson - No Estúdio/03 - Grudei No Pescoço.mp3,59ef6a8ffe245e1e18fce195f032776d7c8c49a676fbb1af8ae0bfed1a81bd08,IMPORT,preserved,,17 Jads & Jadson - No Estúdio/03 - Grudei No Pescoço.mp3,"sem erro de leitura; metadata INFERRED; título MEDIUM; artista MEDIUM; sem cover; bitrate 40 kbps; sample rate 16000 Hz; desempate final por relative_path",40000,16000,false,INFERRED
17 Jads & Jadson - No Estúdio/04 - Antifrágil.mp3,c4799bc1245983c26fecf18e6fccc1facf52a239d18377ef7c84dd654bde7f3b,IMPORT,preserved,,17 Jads & Jadson - No Estúdio/04 - Antifrágil.mp3,"sem erro de leitura; metadata INFERRED; título MEDIUM; artista MEDIUM; sem cover; bitrate 40 kbps; sample rate 16000 Hz; desempate final por relative_path",40000,16000,false,INFERRED
17 Jads & Jadson - No Estúdio/05 - Linda Flor.mp3,6d203db9cbc41c0df804b6a6136733bffdf2356914617bab6ba81d6eed9cf4e9,IMPORT,preserved,,17 Jads & Jadson - No Estúdio/05 - Linda Flor.mp3,"sem erro de leitura; metadata INFERRED; título MEDIUM; artista MEDIUM; sem cover; bitrate 40 kbps; sample rate 16000 Hz; desempate final por relative_path",40000,16000,false,INFERRED
17 Jads & Jadson - No Estúdio/06 - Sentiu Saudade.mp3,6bf1bc3a2f420b32b2812fafd72aba1fb0438a50f6af80841abc642870d51d41,IMPORT,preserved,,17 Jads & Jadson - No Estúdio/06 - Sentiu Saudade.mp3,"sem erro de leitura; metadata INFERRED; título MEDIUM; artista MEDIUM; sem cover; bitrate 40 kbps; sample rate 16000 Hz; desempate final por relative_path",40000,16000,false,INFERRED
17 Jads & Jadson - No Estúdio/07 - Segredos.mp3,50f73e9ae79df77fb9e44c97a74c8b6d6f12d7e2cd7e39734b23b943bcb07815,IMPORT,preserved,,17 Jads & Jadson - No Estúdio/07 - Segredos.mp3,"sem erro de leitura; metadata INFERRED; título MEDIUM; artista MEDIUM; sem cover; bitrate 40 kbps; sample rate 16000 Hz; desempate final por relative_path",40000,16000,false,INFERRED
17 Jads & Jadson - No Estúdio/08 - Santinha.mp3,5e2827b85d161a2cf0762ef5a5156d335426248f22093263be9f5c66a4982971,IMPORT,preserved,,17 Jads & Jadson - No Estúdio/08 - Santinha.mp3,"sem erro de leitura; metadata INFERRED; título MEDIUM; artista MEDIUM; sem cover; bitrate 40 kbps; sample rate 16000 Hz; desempate final por relative_path",40000,16000,false,INFERRED
17 Jads & Jadson - No Estúdio/09 - Com Todos Menos Comigo (Komm Doch Noch Mal).mp3,ddf40ebd0a22d87221fb99fd166c70aa3fd710b099bfbce29e39693a6784203f,IMPORT,preserved,,17 Jads & Jadson - No Estúdio/09 - Com Todos Menos Comigo (Komm Doch Noch Mal).mp3,"sem erro de leitura; metadata INFERRED; título MEDIUM; artista MEDIUM; sem cover; bitrate 40 kbps; sample rate 16000 Hz; desempate final por relative_path",40000,16000,false,INFERRED
17 Jads & Jadson - No Estúdio/10 - Miséra.mp3,fd500332b6babd6ef6a2a8cf150996e46ca89bf4cf1b1ff2dd1ec12e9a3d35d6,IMPORT,preserved,,17 Jads & Jadson - No Estúdio/10 - Miséra.mp3,"sem erro de leitura; metadata INFERRED; título MEDIUM; artista MEDIUM; sem cover; bitrate 40 kbps; sample rate 16000 Hz; desempate final por relative_path",40000,16000,false,INFERRED
17 Jads & Jadson - No Estúdio/11 - Coração Ressacado.mp3,59b6e74495fe681ab26c34c76d176f1f231d524c26c7cb341956edeef9530474,IMPORT,preserved,,17 Jads & Jadson - No Estúdio/11 - Coração Ressacado.mp3,"sem erro de leitura; metadata INFERRED; título MEDIUM; artista MEDIUM; sem cover; bitrate 40 kbps; sample rate 16000 Hz; desempate final por relative_path",40000,16000,false,INFERRED
17 Jads & Jadson - No Estúdio/12 - Completou.mp3,b4caef48d662a85cff1917401d511edc7d1e39221c261f63e7b0975961014c53,IMPORT,preserved,,17 Jads & Jadson - No Estúdio/12 - Completou.mp3,"sem erro de leitura; metadata INFERRED; título MEDIUM; artista MEDIUM; sem cover; bitrate 40 kbps; sample rate 16000 Hz; desempate final por relative_path",40000,16000,false,INFERRED
17 Jads & Jadson - No Estúdio/13 - Quem Aguenta.mp3,2b0a6331b2e270778c8d04290faaf816faab9d32764cc929f50380436bc90b3f,IMPORT,preserved,,17 Jads & Jadson - No Estúdio/13 - Quem Aguenta.mp3,"sem erro de leitura; metadata INFERRED; título MEDIUM; artista MEDIUM; sem cover; bitrate 40 kbps; sample rate 16000 Hz; desempate final por relative_path",40000,16000,false,INFERRED
17 Jads & Jadson - No Estúdio/14 - Noite Fracassada.mp3,f099278db352d434dccfd21b20c123b9e1b994d4a91ffef5abbf55f4b01391c8,IMPORT,preserved,,17 Jads & Jadson - No Estúdio/14 - Noite Fracassada.mp3,"sem erro de leitura; metadata INFERRED; título MEDIUM; artista MEDIUM; sem cover; bitrate 40 kbps; sample rate 16000 Hz; desempate final por relative_path",40000,16000,false,INFERRED
17 Jads & Jadson - No Estúdio/15 - Ressentimento.mp3,1416628664de98f36c32af3d9bbe1f5d9504b71e884c300ec581edf8dcddca15,IMPORT,preserved,,17 Jads & Jadson - No Estúdio/15 - Ressentimento.mp3,"sem erro de leitura; metadata INFERRED; título MEDIUM; artista MEDIUM; sem cover; bitrate 40 kbps; sample rate 16000 Hz; desempate final por relative_path",40000,16000,false,INFERRED
17 Jads & Jadson - No Estúdio/16 - Diamante Bruto.mp3,07f19546e92334937703b618d607712079b34c980b8fb627fdec59481355aeee,IMPORT,preserved,,17 Jads & Jadson - No Estúdio/16 - Diamante Bruto.mp3,"sem erro de leitura; metadata INFERRED; título MEDIUM; artista MEDIUM; sem cover; bitrate 40 kbps; sample rate 16000 Hz; desempate final por relative_path",40000,16000,false,INFERRED
17 Jads & Jadson - No Estúdio/17 - Leviana.mp3,16bd573d10aa679e2d8dd0e75acbd048f430517a199bea1823ec86b3ba905a00,IMPORT,preserved,,17 Jads & Jadson - No Estúdio/17 - Leviana.mp3,"sem erro de leitura; metadata INFERRED; título MEDIUM; artista MEDIUM; sem cover; bitrate 40 kbps; sample rate 16000 Hz; desempate final por relative_path",40000,16000,false,INFERRED
17 Jads & Jadson - No Estúdio/18 - Zé Trovão.mp3,191854a9953b0ed6c45642ab5cae692b4e2f4fb7d579e5eb024f45cafbe9d6a0,IMPORT,preserved,,17 Jads & Jadson - No Estúdio/18 - Zé Trovão.mp3,"sem erro de leitura; metadata INFERRED; título MEDIUM; artista MEDIUM; sem cover; bitrate 40 kbps; sample rate 16000 Hz; desempate final por relative_path",40000,16000,false,INFERRED
17 Jads & Jadson - No Estúdio/19 - Olhos Rasos D'água.mp3,824fbc6c0ab689331f8ed2fc96373d2ddffc6e97cda6d35285e5cf9de7920cc8,IMPORT,preserved,,17 Jads & Jadson - No Estúdio/19 - Olhos Rasos D'água.mp3,"sem erro de leitura; metadata INFERRED; título MEDIUM; artista MEDIUM; sem cover; bitrate 40 kbps; sample rate 16000 Hz; desempate final por relative_path",40000,16000,false,INFERRED
17 Jads & Jadson - No Estúdio/20 - Na Riqueza e Na Pobreza.mp3,95190427fc841e0cd196f83c480ed4d166d5ad0c0cf93b5b6f4e8116f96b9d7a,IMPORT,preserved,,17 Jads & Jadson - No Estúdio/20 - Na Riqueza e Na Pobreza.mp3,"sem erro de leitura; metadata INFERRED; título MEDIUM; artista MEDIUM; sem cover; bitrate 40 kbps; sample rate 16000 Hz; desempate final por relative_path",40000,16000,false,INFERRED
"18 Israel e Rodolffo - 2021Aqui e agora, vol.1 (Ao vivo)/01 Israel e Rodolffo - Batom de cereja.mp3",7e7b769a8a71430eff799652f5641f26be20d804ca7cfee736c6f05ffabcfa65,IMPORT,preserved,,"18 Israel e Rodolffo - 2021Aqui e agora, vol.1 (Ao vivo)/01 Israel e Rodolffo - Batom de cereja.mp3","sem erro de leitura; metadata INFERRED; título HIGH; artista HIGH; sem cover; bitrate 40 kbps; sample rate 16000 Hz; desempate final por relative_path",40000,16000,false,INFERRED
"18 Israel e Rodolffo - 2021Aqui e agora, vol.1 (Ao vivo)/02 Israel e Rodolffo - Só de sacanagem (Part. Mc Matheuzinho).mp3",78be92216d8483973a12c0cd8803c4da19f5f1e5fb6370edf6b3c5df470cfc06,IMPORT,preserved,,"18 Israel e Rodolffo - 2021Aqui e agora, vol.1 (Ao vivo)/02 Israel e Rodolffo - Só de sacanagem (Part. Mc Matheuzinho).mp3","sem erro de leitura; metadata INFERRED; título HIGH; artista HIGH; sem cover; bitrate 40 kbps; sample rate 16000 Hz; desempate final por relative_path",40000,16000,false,INFERRED
"18 Israel e Rodolffo - 2021Aqui e agora, vol.1 (Ao vivo)/03 Israel e Rodolffo - Maior sofredor.mp3",34bfe5efa8acc4aed31439ddd189b91c9a63ed2bb627792e1b48ef16e8a27b31,IMPORT,preserved,,"18 Israel e Rodolffo - 2021Aqui e agora, vol.1 (Ao vivo)/03 Israel e Rodolffo - Maior sofredor.mp3","sem erro de leitura; metadata INFERRED; título HIGH; artista HIGH; sem cover; bitrate 40 kbps; sample rate 16000 Hz; desempate final por relative_path",40000,16000,false,INFERRED
"18 Israel e Rodolffo - 2021Aqui e agora, vol.1 (Ao vivo)/04 Israel e Rodolffo - Fulana.mp3",32656d8f1f1361c0d7ff6e3e3fa2075f60a91d5ac4a78b360cef41349576c457,IMPORT,preserved,,"18 Israel e Rodolffo - 2021Aqui e agora, vol.1 (Ao vivo)/04 Israel e Rodolffo - Fulana.mp3","sem erro de leitura; metadata INFERRED; título HIGH; artista HIGH; sem cover; bitrate 40 kbps; sample rate 16000 Hz; desempate final por relative_path",40000,16000,false,INFERRED
"18 Israel e Rodolffo - 2021Aqui e agora, vol.1 (Ao vivo)/05 Israel e Rodolffo - Se namorar estraga (Part. Marcos e Belutti).mp3",7bb9152a1ceb36ece16c94c09ae9d7dc4c1ae5edccfebeb4c80a2d006ece6956,IMPORT,preserved,,"18 Israel e Rodolffo - 2021Aqui e agora, vol.1 (Ao vivo)/05 Israel e Rodolffo - Se namorar estraga (Part. Marcos e Belutti).mp3","sem erro de leitura; metadata INFERRED; título HIGH; artista HIGH; sem cover; bitrate 40 kbps; sample rate 16000 Hz; desempate final por relative_path",40000,16000,false,INFERRED
"18 Israel e Rodolffo - 2021Aqui e agora, vol.1 (Ao vivo)/06 Israel e Rodolffo - Medo.mp3",989a7b4c685d9734dddd2964a15d47f79e8c40849619f08b090d1c3c23b70081,IMPORT,preserved,,"18 Israel e Rodolffo - 2021Aqui e agora, vol.1 (Ao vivo)/06 Israel e Rodolffo - Medo.mp3","sem erro de leitura; metadata INFERRED; título HIGH; artista HIGH; sem cover; bitrate 40 kbps; sample rate 16000 Hz; desempate final por relative_path",40000,16000,false,INFERRED
"18 Israel e Rodolffo - 2021Aqui e agora, vol.1 (Ao vivo)/07 Israel e Rodolffo - Cê tá devendo todo mundo.mp3",e0863c5a6ce69e4ae38def2e11bfe478c0cea659a4afcf80a449255f049b9784,IMPORT,preserved,,"18 Israel e Rodolffo - 2021Aqui e agora, vol.1 (Ao vivo)/07 Israel e Rodolffo - Cê tá devendo todo mundo.mp3","sem erro de leitura; metadata INFERRED; título HIGH; artista HIGH; sem cover; bitrate 40 kbps; sample rate 16000 Hz; desempate final por relative_path",40000,16000,false,INFERRED
"18 Israel e Rodolffo - 2021Aqui e agora, vol.1 (Ao vivo)/08 Israel e Rodolffo - Prego na havaiana.mp3",f9829a9655f055153cc8c2da7fde68349763b2b87713f39b5319aa1f7b66dbbf,IMPORT,preserved,,"18 Israel e Rodolffo - 2021Aqui e agora, vol.1 (Ao vivo)/08 Israel e Rodolffo - Prego na havaiana.mp3","sem erro de leitura; metadata INFERRED; título HIGH; artista HIGH; sem cover; bitrate 40 kbps; sample rate 16000 Hz; desempate final por relative_path",40000,16000,false,INFERRED
"18 Israel e Rodolffo - 2021Aqui e agora, vol.1 (Ao vivo)/09 Israel e Rodolffo - Comigo.mp3",506196df79e9aa2aa1e0698d24a8b50387c15ea9114ef58052a44c2d4cf5a80c,IMPORT,preserved,,"18 Israel e Rodolffo - 2021Aqui e agora, vol.1 (Ao vivo)/09 Israel e Rodolffo - Comigo.mp3","sem erro de leitura; metadata INFERRED; título HIGH; artista HIGH; sem cover; bitrate 40 kbps; sample rate 16000 Hz; desempate final por relative_path",40000,16000,false,INFERRED
19  RONALDO VIOLA&JOÃO CARVALHO/1Flor de Goias.mp3,06287815ba34525e740fc77ca55c69fc5a82d8e338c15e8f5385849012ec6b24,IMPORT,preserved,,19  RONALDO VIOLA&JOÃO CARVALHO/1Flor de Goias.mp3,"sem erro de leitura; metadata GOOD; título HIGH; artista HIGH; sem cover; bitrate 128 kbps; sample rate 44100 Hz; desempate final por relative_path",128000,44100,false,GOOD
19  RONALDO VIOLA&JOÃO CARVALHO/2Baila de Chamamé.mp3,c1e1fda0400523ea164ef2bb33b05f65ef9f67608bda035ce86f09240edac73d,IMPORT,preserved,,19  RONALDO VIOLA&JOÃO CARVALHO/2Baila de Chamamé.mp3,"sem erro de leitura; metadata GOOD; título HIGH; artista HIGH; sem cover; bitrate 128 kbps; sample rate 44100 Hz; desempate final por relative_path",128000,44100,false,GOOD
19  RONALDO VIOLA&JOÃO CARVALHO/2duelo de paixão.mp3,2b612339c66366e5de3f47b8852250d48567afa6fda0cba121b73383d5f20c42,IMPORT,preserved,,19  RONALDO VIOLA&JOÃO CARVALHO/2duelo de paixão.mp3,"sem erro de leitura; metadata INFERRED; título MEDIUM; artista HIGH; sem cover; bitrate 128 kbps; sample rate 44100 Hz; desempate final por relative_path",128000,44100,false,INFERRED
19  RONALDO VIOLA&JOÃO CARVALHO/4irresiltivel paixão.mp3,8362bf68eed3b4ff1a98640f39c71be9350ca1c27bca23c0f48f6e21c86e8df5,IMPORT,preserved,,19  RONALDO VIOLA&JOÃO CARVALHO/4irresiltivel paixão.mp3,"sem erro de leitura; metadata INFERRED; título MEDIUM; artista HIGH; sem cover; bitrate 128 kbps; sample rate 44100 Hz; desempate final por relative_path",128000,44100,false,INFERRED
19  RONALDO VIOLA&JOÃO CARVALHO/5Derramando Paixão.mp3,f6e1d195211108c9e14c22e30184b011d0e58d4852980c4dd4b4e5bdff1e6208,IMPORT,preserved,,19  RONALDO VIOLA&JOÃO CARVALHO/5Derramando Paixão.mp3,"sem erro de leitura; metadata GOOD; título HIGH; artista HIGH; sem cover; bitrate 128 kbps; sample rate 44100 Hz; desempate final por relative_path",128000,44100,false,GOOD
19  RONALDO VIOLA&JOÃO CARVALHO/6Carro de Boi.mp3,d8f3459ffc8b3187a86262132d766c9dfc6046981cb9e5dd4cdeaf8ef0ccfb0d,IMPORT,preserved,,19  RONALDO VIOLA&JOÃO CARVALHO/6Carro de Boi.mp3,"sem erro de leitura; metadata GOOD; título HIGH; artista HIGH; sem cover; bitrate 128 kbps; sample rate 44100 Hz; desempate final por relative_path",128000,44100,false,GOOD
19  RONALDO VIOLA&JOÃO CARVALHO/7Paixão Goiana-Ronaldo Viola & João Carvalho.mp3,b8377cd6d857e330a2ec852ce83d07851510c1cc71a6d3db959c3bdf0858ff48,IMPORT,preserved,,19  RONALDO VIOLA&JOÃO CARVALHO/7Paixão Goiana-Ronaldo Viola & João Carvalho.mp3,"sem erro de leitura; metadata INFERRED; título MEDIUM; artista HIGH; sem cover; bitrate 128 kbps; sample rate 44100 Hz; desempate final por relative_path",128000,44100,false,INFERRED
19  RONALDO VIOLA&JOÃO CARVALHO/A Saudade É Acalanto-Ronaldo Viola & João Carvalho.mp3,2335d8dbd6a2ff60b0f4023da974c6f5744313d3b014118d1e74a84086e58ab2,IMPORT,preserved,,19  RONALDO VIOLA&JOÃO CARVALHO/A Saudade É Acalanto-Ronaldo Viola & João Carvalho.mp3,"sem erro de leitura; metadata INFERRED; título MEDIUM; artista HIGH; sem cover; bitrate 128 kbps; sample rate 44100 Hz; desempate final por relative_path",128000,44100,false,INFERRED
19  RONALDO VIOLA&JOÃO CARVALHO/Amor Masoquista-Ronaldo Viola & João Carvalho.mp3,2d1d24de12137d6584c60af99d9ba1f9555966752315ca4aba34d6c6043aaa03,IMPORT,preserved,,19  RONALDO VIOLA&JOÃO CARVALHO/Amor Masoquista-Ronaldo Viola & João Carvalho.mp3,"sem erro de leitura; metadata INFERRED; título MEDIUM; artista HIGH; sem cover; bitrate 128 kbps; sample rate 44100 Hz; desempate final por relative_path",128000,44100,false,INFERRED
19  RONALDO VIOLA&JOÃO CARVALHO/Batidão Lascado-Ronaldo Viola & João Carvalho.mp3,f3a005c773d2b1b61e36c4918e91fc6756f9a48e1429cb080ffc7a9de56f6826,IMPORT,preserved,,19  RONALDO VIOLA&JOÃO CARVALHO/Batidão Lascado-Ronaldo Viola & João Carvalho.mp3,"sem erro de leitura; metadata INFERRED; título MEDIUM; artista HIGH; sem cover; bitrate 128 kbps; sample rate 44100 Hz; desempate final por relative_path",128000,44100,false,INFERRED
19  RONALDO VIOLA&JOÃO CARVALHO/Bsurdo de Bão-Ronaldo Viola & João Carvalho.mp3,016121a9cf0a95793374823a7fe37ee2e804589dd1e5ef17b318c49d7003c097,IMPORT,preserved,,19  RONALDO VIOLA&JOÃO CARVALHO/Bsurdo de Bão-Ronaldo Viola & João Carvalho.mp3,"sem erro de leitura; metadata INFERRED; título MEDIUM; artista HIGH; sem cover; bitrate 128 kbps; sample rate 44100 Hz; desempate final por relative_path",128000,44100,false,INFERRED
19  RONALDO VIOLA&JOÃO CARVALHO/Caboclinho Valente-Ronaldo Viola & João Carvalho.mp3,07640f762c9d405f307b9195e6db8dd9d399b4e1d0d2fcab85f0729a229fbfd2,IMPORT,preserved,,19  RONALDO VIOLA&JOÃO CARVALHO/Caboclinho Valente-Ronaldo Viola & João Carvalho.mp3,"sem erro de leitura; metadata INFERRED; título MEDIUM; artista HIGH; sem cover; bitrate 128 kbps; sample rate 44100 Hz; desempate final por relative_path",128000,44100,false,INFERRED
19  RONALDO VIOLA&JOÃO CARVALHO/Cópia da Chave-Ronaldo Viola & João Carvalho.mp3,a9df5edd0b09518a4f70291b92293aa26571d5d32cdc30ddfa6fbfb7f9026ed0,IMPORT,preserved,,19  RONALDO VIOLA&JOÃO CARVALHO/Cópia da Chave-Ronaldo Viola & João Carvalho.mp3,"sem erro de leitura; metadata INFERRED; título MEDIUM; artista HIGH; sem cover; bitrate 128 kbps; sample rate 44100 Hz; desempate final por relative_path",128000,44100,false,INFERRED
19  RONALDO VIOLA&JOÃO CARVALHO/Coração da Natureza.mp3,2cb5f77ded815b559719a4c474d2275d689e1eb2c7b27673eb80a13d285da021,IMPORT,preserved,,19  RONALDO VIOLA&JOÃO CARVALHO/Coração da Natureza.mp3,"sem erro de leitura; metadata GOOD; título HIGH; artista HIGH; sem cover; bitrate 128 kbps; sample rate 44100 Hz; desempate final por relative_path",128000,44100,false,GOOD
19  RONALDO VIOLA&JOÃO CARVALHO/Entre O Rodeio e Você-Ronaldo Viola & João Carvalho.mp3,ec6d36c64ee95e9400a80b96ec14995e0dea48139aa21bc8283b0949a0acbf0f,IMPORT,preserved,,19  RONALDO VIOLA&JOÃO CARVALHO/Entre O Rodeio e Você-Ronaldo Viola & João Carvalho.mp3,"sem erro de leitura; metadata INFERRED; título MEDIUM; artista HIGH; sem cover; bitrate 128 kbps; sample rate 44100 Hz; desempate final por relative_path",128000,44100,false,INFERRED
19  RONALDO VIOLA&JOÃO CARVALHO/Estou Ficando Por Aqui-Ronaldo Viola & João Carvalho.mp3,d8ab6328d694d185749a771ca7d53738c04de7eaac1d39f0c8b6aa0405788389,IMPORT,preserved,,19  RONALDO VIOLA&JOÃO CARVALHO/Estou Ficando Por Aqui-Ronaldo Viola & João Carvalho.mp3,"sem erro de leitura; metadata INFERRED; título MEDIUM; artista HIGH; sem cover; bitrate 128 kbps; sample rate 44100 Hz; desempate final por relative_path",128000,44100,false,INFERRED
19  RONALDO VIOLA&JOÃO CARVALHO/Faixa 3.mp3,4572758a9e6277b0003e205fd0a8d2cc6e1e88f63de8fac8c603401e73bb0e26,IMPORT,preserved,,19  RONALDO VIOLA&JOÃO CARVALHO/Faixa 3.mp3,"sem erro de leitura; metadata INFERRED; título MEDIUM; artista HIGH; sem cover; bitrate 128 kbps; sample rate 44100 Hz; desempate final por relative_path",128000,44100,false,INFERRED
19  RONALDO VIOLA&JOÃO CARVALHO/Faixa 6.mp3,7c0c8ba223bf6ae889b618f2f27d711fa6f7b4e13276d2cfde3339f4e56a39d8,IMPORT,preserved,,19  RONALDO VIOLA&JOÃO CARVALHO/Faixa 6.mp3,"sem erro de leitura; metadata INFERRED; título MEDIUM; artista HIGH; sem cover; bitrate 128 kbps; sample rate 44100 Hz; desempate final por relative_path",128000,44100,false,INFERRED
19  RONALDO VIOLA&JOÃO CARVALHO/Faixa 7.mp3,20380a0355e8b12295715016d7a07a42348d8ab8e0afa48719559cde08530c09,IMPORT,preserved,,19  RONALDO VIOLA&JOÃO CARVALHO/Faixa 7.mp3,"sem erro de leitura; metadata INFERRED; título MEDIUM; artista HIGH; sem cover; bitrate 128 kbps; sample rate 44100 Hz; desempate final por relative_path",128000,44100,false,INFERRED
19  RONALDO VIOLA&JOÃO CARVALHO/Faixa 8.mp3,138708f63a6f79c03935fddc37b1df724c65bc613141e7a59a86e2a8d76c539e,IMPORT,preserved,,19  RONALDO VIOLA&JOÃO CARVALHO/Faixa 8.mp3,"sem erro de leitura; metadata INFERRED; título MEDIUM; artista HIGH; sem cover; bitrate 128 kbps; sample rate 44100 Hz; desempate final por relative_path",128000,44100,false,INFERRED
19  RONALDO VIOLA&JOÃO CARVALHO/Faixa.mp3,8eb68812b17133849ea5acaba379c16676bf77e27af642747ae92526c7072dd5,IMPORT,preserved,,19  RONALDO VIOLA&JOÃO CARVALHO/Faixa.mp3,"sem erro de leitura; metadata INFERRED; título MEDIUM; artista HIGH; sem cover; bitrate 128 kbps; sample rate 44100 Hz; desempate final por relative_path",128000,44100,false,INFERRED
19  RONALDO VIOLA&JOÃO CARVALHO/Guerreiro da Poesia-Ronaldo Viola & João Carvalho.mp3,d5a98698149f6ee30f1f9ea8657aaf0e1b9f484cec89b773d285cb4339e71889,IMPORT,preserved,,19  RONALDO VIOLA&JOÃO CARVALHO/Guerreiro da Poesia-Ronaldo Viola & João Carvalho.mp3,"sem erro de leitura; metadata INFERRED; título MEDIUM; artista HIGH; sem cover; bitrate 128 kbps; sample rate 44100 Hz; desempate final por relative_path",128000,44100,false,INFERRED
19  RONALDO VIOLA&JOÃO CARVALHO/Janela da Solidão-Ronaldo Viola & João Carvalho.mp3,16fe0dda4669255d7e4ec662c28c168ba7ab6bae6f39751811dd3f47404b688a,IMPORT,preserved,,19  RONALDO VIOLA&JOÃO CARVALHO/Janela da Solidão-Ronaldo Viola & João Carvalho.mp3,"sem erro de leitura; metadata GOOD; título HIGH; artista HIGH; sem cover; bitrate 128 kbps; sample rate 44100 Hz; desempate final por relative_path",128000,44100,false,GOOD
19  RONALDO VIOLA&JOÃO CARVALHO/Luz do Amor-Ronaldo Viola & João Carvalho.mp3,10843e7b15cb998b4218620e8b7e0329be7ef96b4f7ae3b7349a29368705e385,IMPORT,preserved,,19  RONALDO VIOLA&JOÃO CARVALHO/Luz do Amor-Ronaldo Viola & João Carvalho.mp3,"sem erro de leitura; metadata INFERRED; título MEDIUM; artista HIGH; sem cover; bitrate 128 kbps; sample rate 44100 Hz; desempate final por relative_path",128000,44100,false,INFERRED
19  RONALDO VIOLA&JOÃO CARVALHO/Mergulhado na Saudade.mp3,f3530da1895211f09d0623242569a14fc052fd3333b8f2246b56c49b6860138d,IMPORT,preserved,,19  RONALDO VIOLA&JOÃO CARVALHO/Mergulhado na Saudade.mp3,"sem erro de leitura; metadata GOOD; título HIGH; artista HIGH; sem cover; bitrate 128 kbps; sample rate 44100 Hz; desempate final por relative_path",128000,44100,false,GOOD
19  RONALDO VIOLA&JOÃO CARVALHO/Meu Itinerário É Você-Ronaldo Viola & João Carvalho.mp3,b2c521d329a10c285085fd077e8ce18812fa68422df91d62f7c2913f3b3c1674,IMPORT,preserved,,19  RONALDO VIOLA&JOÃO CARVALHO/Meu Itinerário É Você-Ronaldo Viola & João Carvalho.mp3,"sem erro de leitura; metadata INFERRED; título MEDIUM; artista HIGH; sem cover; bitrate 128 kbps; sample rate 44100 Hz; desempate final por relative_path",128000,44100,false,INFERRED
19  RONALDO VIOLA&JOÃO CARVALHO/Meu Silencio.mp3,99800a2ea0426dca5df0f0dd68a139abb942e2d0ef508cdbeebb9e9c438a70da,IMPORT,preserved,,19  RONALDO VIOLA&JOÃO CARVALHO/Meu Silencio.mp3,"sem erro de leitura; metadata GOOD; título HIGH; artista HIGH; sem cover; bitrate 128 kbps; sample rate 44100 Hz; desempate final por relative_path",128000,44100,false,GOOD
19  RONALDO VIOLA&JOÃO CARVALHO/Na Grades do Tempo-Ronaldo Viola & João Carvalho.mp3,d5b5f2e32d5332e79626e550091cdf78bf5c71265316e8f02df5958889cfed5f,IMPORT,preserved,,19  RONALDO VIOLA&JOÃO CARVALHO/Na Grades do Tempo-Ronaldo Viola & João Carvalho.mp3,"sem erro de leitura; metadata INFERRED; título MEDIUM; artista HIGH; sem cover; bitrate 128 kbps; sample rate 44100 Hz; desempate final por relative_path",128000,44100,false,INFERRED
19  RONALDO VIOLA&JOÃO CARVALHO/Na Voz do Vento.mp3,e635c061868b113fe492c22a57992c863101221dd58f47a78c8229059c00f21e,IMPORT,preserved,,19  RONALDO VIOLA&JOÃO CARVALHO/Na Voz do Vento.mp3,"sem erro de leitura; metadata GOOD; título HIGH; artista HIGH; sem cover; bitrate 128 kbps; sample rate 44100 Hz; desempate final por relative_path",128000,44100,false,GOOD
19  RONALDO VIOLA&JOÃO CARVALHO/Noite Chuvosa.mp3,6eec3cbd0f479614e170c5bd60b2a6100c6a006535dd2f856297d7b3a0fed756,IMPORT,preserved,,19  RONALDO VIOLA&JOÃO CARVALHO/Noite Chuvosa.mp3,"sem erro de leitura; metadata GOOD; título HIGH; artista HIGH; sem cover; bitrate 128 kbps; sample rate 44100 Hz; desempate final por relative_path",128000,44100,false,GOOD
19  RONALDO VIOLA&JOÃO CARVALHO/O Avião.mp3,6314429190f24795fa8e24a6aee544057055940fee02e3f480d0673260a7d299,IMPORT,preserved,,19  RONALDO VIOLA&JOÃO CARVALHO/O Avião.mp3,"sem erro de leitura; metadata GOOD; título HIGH; artista HIGH; sem cover; bitrate 128 kbps; sample rate 44100 Hz; desempate final por relative_path",128000,44100,false,GOOD
19  RONALDO VIOLA&JOÃO CARVALHO/O mesmo castigo.mp3,bbec0491cf224e36da75fd9dff82f71ac8c64c2ec7f8c0bbcfdbabe8eeb82ac8,IMPORT,preserved,,19  RONALDO VIOLA&JOÃO CARVALHO/O mesmo castigo.mp3,"sem erro de leitura; metadata INFERRED; título HIGH; artista MEDIUM; sem cover; bitrate 185 kbps; sample rate 44100 Hz; desempate final por relative_path",185016,44100,false,INFERRED
19  RONALDO VIOLA&JOÃO CARVALHO/Pagode do Grotão.mp3,81b68f5ec0c18806d5bf12d11999bd6fc0f8a8e83eed07dfec55e17c60afb725,IMPORT,preserved,,19  RONALDO VIOLA&JOÃO CARVALHO/Pagode do Grotão.mp3,"sem erro de leitura; metadata GOOD; título HIGH; artista HIGH; sem cover; bitrate 128 kbps; sample rate 44100 Hz; desempate final por relative_path",128000,44100,false,GOOD
19  RONALDO VIOLA&JOÃO CARVALHO/Paixão desenfreada.mp3,77b2a51015616253d10e4cd7b02323d3ac0b60d8b7bfecee8234100b945718bb,IMPORT,preserved,,19  RONALDO VIOLA&JOÃO CARVALHO/Paixão desenfreada.mp3,"sem erro de leitura; metadata INFERRED; título HIGH; artista MEDIUM; sem cover; bitrate 185 kbps; sample rate 44100 Hz; desempate final por relative_path",185351,44100,false,INFERRED
19  RONALDO VIOLA&JOÃO CARVALHO/Paixão Louca.mp3,e3f2b6468df4bb367169805c259066f702b97739f69226d192055e844637f6ef,IMPORT,preserved,,19  RONALDO VIOLA&JOÃO CARVALHO/Paixão Louca.mp3,"sem erro de leitura; metadata GOOD; título HIGH; artista HIGH; sem cover; bitrate 128 kbps; sample rate 44100 Hz; desempate final por relative_path",128000,44100,false,GOOD
19  RONALDO VIOLA&JOÃO CARVALHO/Parcería com Deus.mp3,9e1fc7a81bbb916000d5683085a4e2d953e1523c88ff0789c9a114675a3c87b8,IMPORT,preserved,,19  RONALDO VIOLA&JOÃO CARVALHO/Parcería com Deus.mp3,"sem erro de leitura; metadata INFERRED; título HIGH; artista MEDIUM; sem cover; bitrate 184 kbps; sample rate 44100 Hz; desempate final por relative_path",183824,44100,false,INFERRED
19  RONALDO VIOLA&JOÃO CARVALHO/Pedro Bento e Zé da Estrada e Ronaldo Viola e João Carvalho - Boiada.MP3,f17e3013fef62437aa8a15ee7ecf560d08fc93b7b30cb1933b11827c25f04dc7,IMPORT,preserved,,19  RONALDO VIOLA&JOÃO CARVALHO/Pedro Bento e Zé da Estrada e Ronaldo Viola e João Carvalho - Boiada.MP3,"sem erro de leitura; metadata GOOD; título HIGH; artista HIGH; sem cover; bitrate 128 kbps; sample rate 44100 Hz; desempate final por relative_path",128000,44100,false,GOOD
19  RONALDO VIOLA&JOÃO CARVALHO/Pescaria.mp3,857e213e206413f2bdcce176c15a531e9214fa3e8384c42815cf005b3005ee96,IMPORT,preserved,,19  RONALDO VIOLA&JOÃO CARVALHO/Pescaria.mp3,"sem erro de leitura; metadata INFERRED; título HIGH; artista MEDIUM; sem cover; bitrate 186 kbps; sample rate 44100 Hz; desempate final por relative_path",186012,44100,false,INFERRED
19  RONALDO VIOLA&JOÃO CARVALHO/Princesa Morena-Ronaldo Viola & João Carvalho.mp3,f794e70f8cb7e62308b0709deda79939aea608ac507918d04b156af8fe909517,IMPORT,preserved,,19  RONALDO VIOLA&JOÃO CARVALHO/Princesa Morena-Ronaldo Viola & João Carvalho.mp3,"sem erro de leitura; metadata INFERRED; título MEDIUM; artista HIGH; sem cover; bitrate 128 kbps; sample rate 44100 Hz; desempate final por relative_path",128000,44100,false,INFERRED
19  RONALDO VIOLA&JOÃO CARVALHO/Prisioneiro-Ronaldo Viola & João Carvalho.mp3,a7347a87788309f60428407a4a34846c7cf84346942219c2203cc2b34aaaada2,IMPORT,preserved,,19  RONALDO VIOLA&JOÃO CARVALHO/Prisioneiro-Ronaldo Viola & João Carvalho.mp3,"sem erro de leitura; metadata INFERRED; título MEDIUM; artista HIGH; sem cover; bitrate 128 kbps; sample rate 44100 Hz; desempate final por relative_path",128000,44100,false,INFERRED
19  RONALDO VIOLA&JOÃO CARVALHO/Quase Duzentos Por Hora-Ronaldo Viola & João Carvalho.mp3,59c944af786ac1ee45ff9c549c651a2b2a022e5b5230897774b250d21aeafbe6,IMPORT,preserved,,19  RONALDO VIOLA&JOÃO CARVALHO/Quase Duzentos Por Hora-Ronaldo Viola & João Carvalho.mp3,"sem erro de leitura; metadata GOOD; título HIGH; artista HIGH; sem cover; bitrate 128 kbps; sample rate 44100 Hz; desempate final por relative_path",128000,44100,false,GOOD
19  RONALDO VIOLA&JOÃO CARVALHO/Rainha do Meu Destino.mp3,dbe1cc3d11abf96b834f0de449bde71b8d714a1f385e44244ab72b7c2bccb407,IMPORT,preserved,,19  RONALDO VIOLA&JOÃO CARVALHO/Rainha do Meu Destino.mp3,"sem erro de leitura; metadata GOOD; título HIGH; artista HIGH; sem cover; bitrate 128 kbps; sample rate 44100 Hz; desempate final por relative_path",128000,44100,false,GOOD
19  RONALDO VIOLA&JOÃO CARVALHO/Recebi seu Recado.mp3,badd57ba8ef138becb01a2457ca6f184993e5025e02f9f23fb0944c952a452c1,IMPORT,preserved,,19  RONALDO VIOLA&JOÃO CARVALHO/Recebi seu Recado.mp3,"sem erro de leitura; metadata GOOD; título HIGH; artista HIGH; sem cover; bitrate 128 kbps; sample rate 44100 Hz; desempate final por relative_path",128000,44100,false,GOOD
19  RONALDO VIOLA&JOÃO CARVALHO/Rei da pecuária.mp3,e1cdb020f8dd268a4b5e2ade089ca2b05cb733c28b213afa30b243332388e7db,IMPORT,preserved,,19  RONALDO VIOLA&JOÃO CARVALHO/Rei da pecuária.mp3,"sem erro de leitura; metadata INFERRED; título HIGH; artista MEDIUM; sem cover; bitrate 184 kbps; sample rate 44100 Hz; desempate final por relative_path",184016,44100,false,INFERRED
19  RONALDO VIOLA&JOÃO CARVALHO/Rodeio Brasileiro-Ronaldo Viola & João Carvalho.mp3,0c503ff872d4f73b375a1688cf08744a4c6bca14ecc2a0d2503ef2150c20d6c5,IMPORT,preserved,,19  RONALDO VIOLA&JOÃO CARVALHO/Rodeio Brasileiro-Ronaldo Viola & João Carvalho.mp3,"sem erro de leitura; metadata INFERRED; título MEDIUM; artista HIGH; sem cover; bitrate 128 kbps; sample rate 44100 Hz; desempate final por relative_path",128000,44100,false,INFERRED
19  RONALDO VIOLA&JOÃO CARVALHO/Ronaldo viola & João carvalho - Desatino.mp3,bf6e93e80c0b48fc2d5700fbf218ae5739bb06498f4d31402c4621f915f19d1c,IMPORT,preserved,,19  RONALDO VIOLA&JOÃO CARVALHO/Ronaldo viola & João carvalho - Desatino.mp3,"sem erro de leitura; metadata GOOD; título HIGH; artista HIGH; sem cover; bitrate 128 kbps; sample rate 44100 Hz; desempate final por relative_path",128000,44100,false,GOOD
19  RONALDO VIOLA&JOÃO CARVALHO/Ronaldo Viola e João Carvalho - Velho peão.mp3,a622170615e956c7335365bf5d9acfcc6730a331c43c1cb9a32dc727cc8bd90a,IMPORT,preserved,,19  RONALDO VIOLA&JOÃO CARVALHO/Ronaldo Viola e João Carvalho - Velho peão.mp3,"sem erro de leitura; metadata GOOD; título HIGH; artista HIGH; sem cover; bitrate 128 kbps; sample rate 44100 Hz; desempate final por relative_path",128000,44100,false,GOOD
19  RONALDO VIOLA&JOÃO CARVALHO/Se não aguenta não vem.mp3,55b31bc857903391d7940526d5f91e757c9850c7529db43bc7e3d23de17194ff,IMPORT,preserved,,19  RONALDO VIOLA&JOÃO CARVALHO/Se não aguenta não vem.mp3,"sem erro de leitura; metadata INFERRED; título HIGH; artista MEDIUM; sem cover; bitrate 183 kbps; sample rate 44100 Hz; desempate final por relative_path",183476,44100,false,INFERRED
19  RONALDO VIOLA&JOÃO CARVALHO/Sem Terra e Sem Carminho.mp3,42430fc8d6255004fa58d4582939d88613003abae5508f4824f338b9ee59403b,IMPORT,preserved,,19  RONALDO VIOLA&JOÃO CARVALHO/Sem Terra e Sem Carminho.mp3,"sem erro de leitura; metadata GOOD; título HIGH; artista HIGH; sem cover; bitrate 128 kbps; sample rate 44100 Hz; desempate final por relative_path",128000,44100,false,GOOD
19  RONALDO VIOLA&JOÃO CARVALHO/Sobrado da Alegria-Ronaldo Viola & João Carvalho.mp3,6b53ef10311485187c4b414086c5ee037cba72dde5249f1fa90177ce396f54f0,IMPORT,preserved,,19  RONALDO VIOLA&JOÃO CARVALHO/Sobrado da Alegria-Ronaldo Viola & João Carvalho.mp3,"sem erro de leitura; metadata GOOD; título HIGH; artista HIGH; sem cover; bitrate 128 kbps; sample rate 44100 Hz; desempate final por relative_path",128000,44100,false,GOOD
19  RONALDO VIOLA&JOÃO CARVALHO/Viola Pagodeira.mp3,c369cb81a8b837f58cba869a7db008ffa15c815767e43821d5d6cb8dc5f050e6,IMPORT,preserved,,19  RONALDO VIOLA&JOÃO CARVALHO/Viola Pagodeira.mp3,"sem erro de leitura; metadata GOOD; título HIGH; artista HIGH; sem cover; bitrate 128 kbps; sample rate 44100 Hz; desempate final por relative_path",128000,44100,false,GOOD
19  RONALDO VIOLA&JOÃO CARVALHO/Viola Viva-Ronaldo Viola & João Carvalho.mp3,68e3046fbe2ff7ff431e1fda51f3057bb7d8803892da110d7ad5ec44ce9c4a32,IMPORT,preserved,,19  RONALDO VIOLA&JOÃO CARVALHO/Viola Viva-Ronaldo Viola & João Carvalho.mp3,"sem erro de leitura; metadata INFERRED; título MEDIUM; artista HIGH; sem cover; bitrate 128 kbps; sample rate 44100 Hz; desempate final por relative_path",128000,44100,false,INFERRED
19 João Bosco & Vinícius - 2021Live Acústico no Bar/01 - Abelha (Acústico) (Live).mp3,3fcd7f900f632331dc2ebfc321629b9466fafed9459aa3954743d26d578b87f6,IMPORT,preserved,,19 João Bosco & Vinícius - 2021Live Acústico no Bar/01 - Abelha (Acústico) (Live).mp3,"sem erro de leitura; metadata INFERRED; título MEDIUM; artista MEDIUM; sem cover; bitrate 40 kbps; sample rate 16000 Hz; desempate final por relative_path",40000,16000,false,INFERRED
19 João Bosco & Vinícius - 2021Live Acústico no Bar/02 - Ah É (Acústico) (Live).mp3,304f1d05d4554b83e6913def915c210ddb07ca69636e05b9c4f56b90b8ac85f7,IMPORT,preserved,,19 João Bosco & Vinícius - 2021Live Acústico no Bar/02 - Ah É (Acústico) (Live).mp3,"sem erro de leitura; metadata INFERRED; título MEDIUM; artista MEDIUM; sem cover; bitrate 40 kbps; sample rate 16000 Hz; desempate final por relative_path",40000,16000,false,INFERRED
19 João Bosco & Vinícius - 2021Live Acústico no Bar/03 - Caçador de Corações _ Memória (Acústico) (Live).mp3,5dab1faccf29f14216f5921f2ba1318a73a3a539f6eab2886ea586426e61f21f,IMPORT,preserved,,19 João Bosco & Vinícius - 2021Live Acústico no Bar/03 - Caçador de Corações _ Memória (Acústico) (Live).mp3,"sem erro de leitura; metadata INFERRED; título MEDIUM; artista MEDIUM; sem cover; bitrate 40 kbps; sample rate 16000 Hz; desempate final por relative_path",40000,16000,false,INFERRED
19 João Bosco & Vinícius - 2021Live Acústico no Bar/04 - Deixa a Gente Quieto (Acústico) (Live).mp3,8b9f3ef5523090f85d22cdf737a3fcc7f8f7cd11bacca7d6f2f584abaa688b26,IMPORT,preserved,,19 João Bosco & Vinícius - 2021Live Acústico no Bar/04 - Deixa a Gente Quieto (Acústico) (Live).mp3,"sem erro de leitura; metadata INFERRED; título MEDIUM; artista MEDIUM; sem cover; bitrate 40 kbps; sample rate 16000 Hz; desempate final por relative_path",40000,16000,false,INFERRED
19 João Bosco & Vinícius - 2021Live Acústico no Bar/05 - Falando Sério (Acústico) (Live).mp3,8bf37aee71c1483e043d79ff9ad4bc1f71970419766699864e3f3a3075840e64,IMPORT,preserved,,19 João Bosco & Vinícius - 2021Live Acústico no Bar/05 - Falando Sério (Acústico) (Live).mp3,"sem erro de leitura; metadata INFERRED; título MEDIUM; artista MEDIUM; sem cover; bitrate 40 kbps; sample rate 16000 Hz; desempate final por relative_path",40000,16000,false,INFERRED
19 João Bosco & Vinícius - 2021Live Acústico no Bar/06 - Não Precisa Perdão (Acústico) (Live).mp3,294b24b32afd1b8d13173bb9feaed06bead5a47c7511b2afc1fee74cdb317079,IMPORT,preserved,,19 João Bosco & Vinícius - 2021Live Acústico no Bar/06 - Não Precisa Perdão (Acústico) (Live).mp3,"sem erro de leitura; metadata INFERRED; título MEDIUM; artista MEDIUM; sem cover; bitrate 40 kbps; sample rate 16000 Hz; desempate final por relative_path",40000,16000,false,INFERRED
19 João Bosco & Vinícius - 2021Live Acústico no Bar/07 - O Fora (Acústico) (Live).mp3,b0f3a245701fe083b0d91f0a4ae6f09727b122e0c973d2bc24c570c5f0d83d5a,IMPORT,preserved,,19 João Bosco & Vinícius - 2021Live Acústico no Bar/07 - O Fora (Acústico) (Live).mp3,"sem erro de leitura; metadata INFERRED; título MEDIUM; artista MEDIUM; sem cover; bitrate 40 kbps; sample rate 16000 Hz; desempate final por relative_path",40000,16000,false,INFERRED
19 João Bosco & Vinícius - 2021Live Acústico no Bar/08 - Parece Castigo (Acústico) (Live).mp3,9210a0cc7d8f723577f52c95f579dcae5d9bf55a767c6ba70163acc66a9b06ba,IMPORT,preserved,,19 João Bosco & Vinícius - 2021Live Acústico no Bar/08 - Parece Castigo (Acústico) (Live).mp3,"sem erro de leitura; metadata INFERRED; título MEDIUM; artista MEDIUM; sem cover; bitrate 40 kbps; sample rate 16000 Hz; desempate final por relative_path",40000,16000,false,INFERRED
19 João Bosco & Vinícius - 2021Live Acústico no Bar/09 - Querendo Te Encontrar (Acústico) (Live).mp3,3ed3cf90904642dc2dc124498dbac8ba5db291710f75476c985ccf7bc55956d7,IMPORT,preserved,,19 João Bosco & Vinícius - 2021Live Acústico no Bar/09 - Querendo Te Encontrar (Acústico) (Live).mp3,"sem erro de leitura; metadata INFERRED; título MEDIUM; artista MEDIUM; sem cover; bitrate 40 kbps; sample rate 16000 Hz; desempate final por relative_path",40000,16000,false,INFERRED
19 João Bosco & Vinícius - 2021Live Acústico no Bar/10 - Química (Acústico) (Live).mp3,6dc7863f8b4924f39733bb9e2917929618c4bc4807ae7a9feccf55af8bdeb3bf,IMPORT,preserved,,19 João Bosco & Vinícius - 2021Live Acústico no Bar/10 - Química (Acústico) (Live).mp3,"sem erro de leitura; metadata INFERRED; título MEDIUM; artista MEDIUM; sem cover; bitrate 40 kbps; sample rate 16000 Hz; desempate final por relative_path",40000,16000,false,INFERRED
19 João Bosco & Vinícius - 2021Live Acústico no Bar/11 - Segunda Taça (Acústico) (Live).mp3,50f58eec8862557272bf2aa638b34c45efbacc8966c41157802544c31c424d93,IMPORT,preserved,,19 João Bosco & Vinícius - 2021Live Acústico no Bar/11 - Segunda Taça (Acústico) (Live).mp3,"sem erro de leitura; metadata INFERRED; título MEDIUM; artista MEDIUM; sem cover; bitrate 40 kbps; sample rate 16000 Hz; desempate final por relative_path",40000,16000,false,INFERRED
19 João Bosco & Vinícius - 2021Live Acústico no Bar/12 - Terremoto (Acústico) (Live).mp3,fda95327826fdf3ece935528fc29f8e8a2c09c8161cb52b1a343af97b1b4876a,IMPORT,preserved,,19 João Bosco & Vinícius - 2021Live Acústico no Bar/12 - Terremoto (Acústico) (Live).mp3,"sem erro de leitura; metadata INFERRED; título MEDIUM; artista MEDIUM; sem cover; bitrate 40 kbps; sample rate 16000 Hz; desempate final por relative_path",40000,16000,false,INFERRED
19 João Bosco & Vinícius - 2021Live Acústico no Bar/13 - Vem Me Amar (Acústico) (Live).mp3,842af1f924969af8e4bf978f115d6f34f4eb2a07604eba235dd950753166cf3c,IMPORT,preserved,,19 João Bosco & Vinícius - 2021Live Acústico no Bar/13 - Vem Me Amar (Acústico) (Live).mp3,"sem erro de leitura; metadata INFERRED; título MEDIUM; artista MEDIUM; sem cover; bitrate 40 kbps; sample rate 16000 Hz; desempate final por relative_path",40000,16000,false,INFERRED
20 CESAR &PAULINHO SUCESSOS/01 - CEZAR E PAULINHO OS MAIORES SUCESSOS - 01-SANTA MARIA DO BRASIL - title.mp3,86cca66c0ccf4fa272767404d0e4bb193f37888bcd95cadaf77b220e89503243,IMPORT,preserved,,20 CESAR &PAULINHO SUCESSOS/01 - CEZAR E PAULINHO OS MAIORES SUCESSOS - 01-SANTA MARIA DO BRASIL - title.mp3,"sem erro de leitura; metadata GOOD; título HIGH; artista HIGH; sem cover; bitrate 128 kbps; sample rate 44100 Hz; desempate final por relative_path",128000,44100,false,GOOD
20 CESAR &PAULINHO SUCESSOS/02 - CEZAR E PAULINHO OS MAIORES SUCESSOS - 02-VIAJANTE SOLITÁRIO part. marco brasil - title.mp3,fe616cfbc43d84372e4d0698261dab3b786457d9790a1b62fd9a1b16fe2c8e53,IMPORT,preserved,,20 CESAR &PAULINHO SUCESSOS/02 - CEZAR E PAULINHO OS MAIORES SUCESSOS - 02-VIAJANTE SOLITÁRIO part. marco brasil - title.mp3,"sem erro de leitura; metadata GOOD; título HIGH; artista HIGH; sem cover; bitrate 128 kbps; sample rate 44100 Hz; desempate final por relative_path",128000,44100,false,GOOD
20 CESAR &PAULINHO SUCESSOS/03 - CEZAR E PAULINHO OS MAIORES SUCESSOS - 03-NOITE MARAVILHOSA - title.mp3,15bfa11a42198e8824270bc5f1efdbfb4ddb3946996af5f86e707d5648f5e402,IMPORT,preserved,,20 CESAR &PAULINHO SUCESSOS/03 - CEZAR E PAULINHO OS MAIORES SUCESSOS - 03-NOITE MARAVILHOSA - title.mp3,"sem erro de leitura; metadata GOOD; título HIGH; artista HIGH; sem cover; bitrate 128 kbps; sample rate 44100 Hz; desempate final por relative_path",128000,44100,false,GOOD
20 CESAR &PAULINHO SUCESSOS/04 - CEZAR E PAULINHO OS MAIORES SUCESSOS - 04-O FEIJÃO E A FLOR - title.mp3,513647a2582493ee34ae60a1c12bc4d74a693eff3bc8a6f48adbc27b26b71280,IMPORT,preserved,,20 CESAR &PAULINHO SUCESSOS/04 - CEZAR E PAULINHO OS MAIORES SUCESSOS - 04-O FEIJÃO E A FLOR - title.mp3,"sem erro de leitura; metadata GOOD; título HIGH; artista HIGH; sem cover; bitrate 128 kbps; sample rate 44100 Hz; desempate final por relative_path",128000,44100,false,GOOD
20 CESAR &PAULINHO SUCESSOS/05 - CEZAR E PAULINHO OS MAIORES SUCESSOS - 05-VOCÊ É TUDO QUE PEDI PRA DEUS - title.mp3,6f5f964a64cf3b3a7a9cb1f0fb684e24d53a2fab0c31e9d3c6f93afca83da4fc,IMPORT,preserved,,20 CESAR &PAULINHO SUCESSOS/05 - CEZAR E PAULINHO OS MAIORES SUCESSOS - 05-VOCÊ É TUDO QUE PEDI PRA DEUS - title.mp3,"sem erro de leitura; metadata GOOD; título HIGH; artista HIGH; sem cover; bitrate 128 kbps; sample rate 44100 Hz; desempate final por relative_path",128000,44100,false,GOOD
20 CESAR &PAULINHO SUCESSOS/06 - CEZAR E PAULINHO OS MAIORES SUCESSOS - 06-PERDOA - title.mp3,ffb3fc77bb5d7721008a5b0c1a000ace7ec2b871090ddb86dd3bf9738861e4da,IMPORT,preserved,,20 CESAR &PAULINHO SUCESSOS/06 - CEZAR E PAULINHO OS MAIORES SUCESSOS - 06-PERDOA - title.mp3,"sem erro de leitura; metadata GOOD; título HIGH; artista HIGH; sem cover; bitrate 128 kbps; sample rate 44100 Hz; desempate final por relative_path",128000,44100,false,GOOD
20 CESAR &PAULINHO SUCESSOS/07 - CEZAR E PAULINHO OS MAIORES SUCESSOS - 07-ASA DELTA - title.mp3,ef78b5af2f413fa4bbad5aaeb3ee34f37ac6f47b5363d76854604fb10cc27e98,IMPORT,preserved,,20 CESAR &PAULINHO SUCESSOS/07 - CEZAR E PAULINHO OS MAIORES SUCESSOS - 07-ASA DELTA - title.mp3,"sem erro de leitura; metadata GOOD; título HIGH; artista HIGH; sem cover; bitrate 128 kbps; sample rate 44100 Hz; desempate final por relative_path",128000,44100,false,GOOD
20 CESAR &PAULINHO SUCESSOS/08 - CEZAR E PAULINHO OS MAIORES SUCESSOS - 08-SÓ POR VOCÊ - title.mp3,05c06e4274c52b46afe0e5db155867c8ee0cb10b65c1369a9842fcac23f5d320,IMPORT,preserved,,20 CESAR &PAULINHO SUCESSOS/08 - CEZAR E PAULINHO OS MAIORES SUCESSOS - 08-SÓ POR VOCÊ - title.mp3,"sem erro de leitura; metadata GOOD; título HIGH; artista HIGH; sem cover; bitrate 128 kbps; sample rate 44100 Hz; desempate final por relative_path",128000,44100,false,GOOD
20 CESAR &PAULINHO SUCESSOS/09 - CEZAR E PAULINHO OS MAIORES SUCESSOS - 09-MEU ENDEREÇO - title.mp3,0ef2bad2f90d0949fe98c5045363202645fc86152386605c97c736d77766d53d,IMPORT,preserved,,20 CESAR &PAULINHO SUCESSOS/09 - CEZAR E PAULINHO OS MAIORES SUCESSOS - 09-MEU ENDEREÇO - title.mp3,"sem erro de leitura; metadata GOOD; título HIGH; artista HIGH; sem cover; bitrate 128 kbps; sample rate 44100 Hz; desempate final por relative_path",128000,44100,false,GOOD
20 CESAR &PAULINHO SUCESSOS/10 - CEZAR E PAULINHO OS MAIORES SUCESSOS - 10-MAIS UMA NOITE DE AMOR - title.mp3,583d2dee0045e2e84d0524150a6870768c6046f1f1b198a0f9050feb1161437f,IMPORT,preserved,,20 CESAR &PAULINHO SUCESSOS/10 - CEZAR E PAULINHO OS MAIORES SUCESSOS - 10-MAIS UMA NOITE DE AMOR - title.mp3,"sem erro de leitura; metadata GOOD; título HIGH; artista HIGH; sem cover; bitrate 128 kbps; sample rate 44100 Hz; desempate final por relative_path",128000,44100,false,GOOD
20 CESAR &PAULINHO SUCESSOS/11 - CEZAR E PAULINHO OS MAIORES SUCESSOS - 11-EU E MEU PAI - title.mp3,a5a1a3a0a403a22f3006e5800e821027563235a81552fb98fe28949483e1b072,IMPORT,preserved,,20 CESAR &PAULINHO SUCESSOS/11 - CEZAR E PAULINHO OS MAIORES SUCESSOS - 11-EU E MEU PAI - title.mp3,"sem erro de leitura; metadata GOOD; título HIGH; artista HIGH; sem cover; bitrate 128 kbps; sample rate 44100 Hz; desempate final por relative_path",128000,44100,false,GOOD
20 CESAR &PAULINHO SUCESSOS/12 - CEZAR E PAULINHO OS MAIORES SUCESSOS - 12-DUAS VEZES VOCÊ - title.mp3,473a065489dcb9ca1b768631ad3f49a5b04a208d84115c20dc5f7d6dc6644f6b,IMPORT,preserved,,20 CESAR &PAULINHO SUCESSOS/12 - CEZAR E PAULINHO OS MAIORES SUCESSOS - 12-DUAS VEZES VOCÊ - title.mp3,"sem erro de leitura; metadata GOOD; título HIGH; artista HIGH; sem cover; bitrate 128 kbps; sample rate 44100 Hz; desempate final por relative_path",128000,44100,false,GOOD
20 CESAR &PAULINHO SUCESSOS/13 - CEZAR E PAULINHO OS MAIORES SUCESSOS - 13-MEL E MORANGO - title.mp3,9226037c7a0da0eb627aae106d5bff44e79b74ae022d2e0aba5500b64c4a344c,IMPORT,preserved,,20 CESAR &PAULINHO SUCESSOS/13 - CEZAR E PAULINHO OS MAIORES SUCESSOS - 13-MEL E MORANGO - title.mp3,"sem erro de leitura; metadata GOOD; título HIGH; artista HIGH; sem cover; bitrate 128 kbps; sample rate 44100 Hz; desempate final por relative_path",128000,44100,false,GOOD
20 CESAR &PAULINHO SUCESSOS/14 - CEZAR E PAULINHO OS MAIORES SUCESSOS - 14-MAIS VOCÊ DO QUE EU - title.mp3,c4679d60b2379ba6c32f6d967fe012b7944a48c8319ac8e2730a2b64bc5b7ca1,IMPORT,preserved,,20 CESAR &PAULINHO SUCESSOS/14 - CEZAR E PAULINHO OS MAIORES SUCESSOS - 14-MAIS VOCÊ DO QUE EU - title.mp3,"sem erro de leitura; metadata GOOD; título HIGH; artista HIGH; sem cover; bitrate 128 kbps; sample rate 44100 Hz; desempate final por relative_path",128000,44100,false,GOOD
20 CESAR &PAULINHO SUCESSOS/15 - CEZAR E PAULINHO OS MAIORES SUCESSOS - 15-DOEU DEMAIS - title.mp3,02b47dd497a49ed45be6828d251685ab012dc16da18fd7193c50232e6cb27ccf,IMPORT,preserved,,20 CESAR &PAULINHO SUCESSOS/15 - CEZAR E PAULINHO OS MAIORES SUCESSOS - 15-DOEU DEMAIS - title.mp3,"sem erro de leitura; metadata GOOD; título HIGH; artista HIGH; sem cover; bitrate 128 kbps; sample rate 44100 Hz; desempate final por relative_path",128000,44100,false,GOOD
20 CESAR &PAULINHO SUCESSOS/16 - CEZAR E PAULINHO OS MAIORES SUCESSOS - 16-MORTO DE SAUDADE SUA - title.mp3,fd93596631365ea031e598d87913a9d28931ee464e6aaf85fc3879773f31cb80,IMPORT,preserved,,20 CESAR &PAULINHO SUCESSOS/16 - CEZAR E PAULINHO OS MAIORES SUCESSOS - 16-MORTO DE SAUDADE SUA - title.mp3,"sem erro de leitura; metadata GOOD; título HIGH; artista HIGH; sem cover; bitrate 128 kbps; sample rate 44100 Hz; desempate final por relative_path",128000,44100,false,GOOD
20 CESAR &PAULINHO SUCESSOS/17 - CEZAR E PAULINHO OS MAIORES SUCESSOS - 17-MEIA NOITE DE AMOR - title.mp3,e570bb4e69d73a90c50061b4f63e6b88018913418cc3880c4b17dcc071e69987,IMPORT,preserved,,20 CESAR &PAULINHO SUCESSOS/17 - CEZAR E PAULINHO OS MAIORES SUCESSOS - 17-MEIA NOITE DE AMOR - title.mp3,"sem erro de leitura; metadata GOOD; título HIGH; artista HIGH; sem cover; bitrate 128 kbps; sample rate 44100 Hz; desempate final por relative_path",128000,44100,false,GOOD
20 CESAR &PAULINHO SUCESSOS/18 - CEZAR E PAULINHO OS MAIORES SUCESSOS - 18-NUNCA MAIS - title.mp3,e297c3fbc79e4cf4a154487f4542e7e14e52966153d3c856ab4d693148b3f74d,IMPORT,preserved,,20 CESAR &PAULINHO SUCESSOS/18 - CEZAR E PAULINHO OS MAIORES SUCESSOS - 18-NUNCA MAIS - title.mp3,"sem erro de leitura; metadata GOOD; título HIGH; artista HIGH; sem cover; bitrate 128 kbps; sample rate 44100 Hz; desempate final por relative_path",128000,44100,false,GOOD
20 CESAR &PAULINHO SUCESSOS/19 - CEZAR E PAULINHO OS MAIORES SUCESSOS - 19-PÉ DE BODE - title.mp3,ab04edf908689ee35e28d7b07a7828a43177c3e4d10d41af00cc52df687826b3,IMPORT,preserved,,20 CESAR &PAULINHO SUCESSOS/19 - CEZAR E PAULINHO OS MAIORES SUCESSOS - 19-PÉ DE BODE - title.mp3,"sem erro de leitura; metadata GOOD; título HIGH; artista HIGH; sem cover; bitrate 128 kbps; sample rate 44100 Hz; desempate final por relative_path",128000,44100,false,GOOD
20 CESAR &PAULINHO SUCESSOS/20 - CEZAR E PAULINHO OS MAIORES SUCESSOS - 20-NOIS SÓ QUE VIRA OS ZÓIO - title.mp3,04f60b83b3c975585977b5e97e541e73304793fb4a7f7e731d6521832cee9697,IMPORT,preserved,,20 CESAR &PAULINHO SUCESSOS/20 - CEZAR E PAULINHO OS MAIORES SUCESSOS - 20-NOIS SÓ QUE VIRA OS ZÓIO - title.mp3,"sem erro de leitura; metadata GOOD; título HIGH; artista HIGH; sem cover; bitrate 128 kbps; sample rate 44100 Hz; desempate final por relative_path",128000,44100,false,GOOD
20 George Henrique & Rodrigo - 2020 Vou Valendo/01 - Vou Valendo (Ao Vivo).mp3,2ea243df473e7a2f66bd9e672a3e7b5a91d3d762d0c85b7502e34b987b6fa662,IMPORT,preserved,,20 George Henrique & Rodrigo - 2020 Vou Valendo/01 - Vou Valendo (Ao Vivo).mp3,"sem erro de leitura; metadata INFERRED; título MEDIUM; artista MEDIUM; sem cover; bitrate 40 kbps; sample rate 16000 Hz; desempate final por relative_path",40000,16000,false,INFERRED
20 George Henrique & Rodrigo - 2020 Vou Valendo/02 - Mente Que Nem Sente (Ao Vivo).mp3,7431baf35c69d44c47f6f4f9b677b43a13c3899090c84b0c7195beb19ee9a2f4,IMPORT,preserved,,20 George Henrique & Rodrigo - 2020 Vou Valendo/02 - Mente Que Nem Sente (Ao Vivo).mp3,"sem erro de leitura; metadata INFERRED; título MEDIUM; artista MEDIUM; sem cover; bitrate 40 kbps; sample rate 16000 Hz; desempate final por relative_path",40000,16000,false,INFERRED
20 George Henrique & Rodrigo - 2020 Vou Valendo/03 - Sofrimento Barulhento (Ao Vivo).mp3,cc9ba66bba8b19053b27286464a2a3dee0519d993509c031912c1de1be41fadd,IMPORT,preserved,,20 George Henrique & Rodrigo - 2020 Vou Valendo/03 - Sofrimento Barulhento (Ao Vivo).mp3,"sem erro de leitura; metadata INFERRED; título MEDIUM; artista MEDIUM; sem cover; bitrate 40 kbps; sample rate 16000 Hz; desempate final por relative_path",40000,16000,false,INFERRED
20 George Henrique & Rodrigo - 2020 Vou Valendo/04 - Eu Não Deixei De Te Amar (Ao Vivo).mp3,dadb5518c1d957f0741417f4ba50fe0dfd0387c9ead3c846a1ba6a97626cd197,IMPORT,preserved,,20 George Henrique & Rodrigo - 2020 Vou Valendo/04 - Eu Não Deixei De Te Amar (Ao Vivo).mp3,"sem erro de leitura; metadata INFERRED; título MEDIUM; artista MEDIUM; sem cover; bitrate 40 kbps; sample rate 16000 Hz; desempate final por relative_path",40000,16000,false,INFERRED
20 George Henrique & Rodrigo - 2020 Vou Valendo/04 - Virando Lembrança (Ao Vivo).mp3,4499331dd5a2df0326c259c3b8e29316b960c2c19fa472c5d0476f60f7276201,IMPORT,preserved,,20 George Henrique & Rodrigo - 2020 Vou Valendo/04 - Virando Lembrança (Ao Vivo).mp3,"sem erro de leitura; metadata INFERRED; título MEDIUM; artista MEDIUM; sem cover; bitrate 40 kbps; sample rate 16000 Hz; desempate final por relative_path",40000,16000,false,INFERRED
20 George Henrique & Rodrigo - 2020 Vou Valendo/05 - Ex Dos Ex (Ao Vivo).mp3,c0e8b5e42933cd2dac6618215530eabe29768d5d5dc6f25d45a84e2587a1ba37,IMPORT,preserved,,20 George Henrique & Rodrigo - 2020 Vou Valendo/05 - Ex Dos Ex (Ao Vivo).mp3,"sem erro de leitura; metadata INFERRED; título MEDIUM; artista MEDIUM; sem cover; bitrate 40 kbps; sample rate 16000 Hz; desempate final por relative_path",40000,16000,false,INFERRED
20 George Henrique & Rodrigo - 2020 Vou Valendo/06 - Bebo Bebo Ligo (Ao Vivo).mp3,884c00c93ba62945cbc105b37f85501a1965c66c1d4edaebaf03dfc5563c4e3a,IMPORT,preserved,,20 George Henrique & Rodrigo - 2020 Vou Valendo/06 - Bebo Bebo Ligo (Ao Vivo).mp3,"sem erro de leitura; metadata INFERRED; título MEDIUM; artista MEDIUM; sem cover; bitrate 40 kbps; sample rate 16000 Hz; desempate final por relative_path",40000,16000,false,INFERRED
20 George Henrique & Rodrigo - 2020 Vou Valendo/07 - Amor Não Se Implora (Ao Vivo).mp3,abfc09bef2d1dea5ccdd207867e2a745c93cca9eb1edc20450e88be522afa855,IMPORT,preserved,,20 George Henrique & Rodrigo - 2020 Vou Valendo/07 - Amor Não Se Implora (Ao Vivo).mp3,"sem erro de leitura; metadata INFERRED; título MEDIUM; artista MEDIUM; sem cover; bitrate 40 kbps; sample rate 16000 Hz; desempate final por relative_path",40000,16000,false,INFERRED
20 George Henrique & Rodrigo - 2020 Vou Valendo/09 - Bagunça Minha Vida.mp3,0a8a5611490907e3fc3971fa355c979a04935686f29e21dd8e5c4b88061fd35b,IMPORT,preserved,,20 George Henrique & Rodrigo - 2020 Vou Valendo/09 - Bagunça Minha Vida.mp3,"sem erro de leitura; metadata INFERRED; título MEDIUM; artista MEDIUM; sem cover; bitrate 40 kbps; sample rate 16000 Hz; desempate final por relative_path",40000,16000,false,INFERRED
20 George Henrique & Rodrigo - 2020 Vou Valendo/10 - Eu Queria Ser Você.mp3,b90cc21990f436b188e946ec7e52d7a310a9997b0946df24557107e6e795b72d,IMPORT,preserved,,20 George Henrique & Rodrigo - 2020 Vou Valendo/10 - Eu Queria Ser Você.mp3,"sem erro de leitura; metadata INFERRED; título MEDIUM; artista MEDIUM; sem cover; bitrate 40 kbps; sample rate 16000 Hz; desempate final por relative_path",40000,16000,false,INFERRED
20 George Henrique & Rodrigo - 2020 Vou Valendo/11 - Interiorzin.mp3,1d5c9c97c3577cce9e00ccbc875368e0ce566794829bd7128150fe832f846789,IMPORT,preserved,,20 George Henrique & Rodrigo - 2020 Vou Valendo/11 - Interiorzin.mp3,"sem erro de leitura; metadata INFERRED; título MEDIUM; artista MEDIUM; sem cover; bitrate 40 kbps; sample rate 16000 Hz; desempate final por relative_path",40000,16000,false,INFERRED
20 George Henrique & Rodrigo - 2020 Vou Valendo/12 - Última Cerveja.mp3,14e53b726452e491d642159e7e34a4495ac993039f6a339a06c373c39238e34e,IMPORT,preserved,,20 George Henrique & Rodrigo - 2020 Vou Valendo/12 - Última Cerveja.mp3,"sem erro de leitura; metadata INFERRED; título MEDIUM; artista MEDIUM; sem cover; bitrate 40 kbps; sample rate 16000 Hz; desempate final por relative_path",40000,16000,false,INFERRED
20 George Henrique & Rodrigo - 2020 Vou Valendo/13 - Muda.mp3,b4d3fb9dd296ea24d5b53e50af526c7055ed6e70ff427e098bd767e18bfc1564,IMPORT,preserved,,20 George Henrique & Rodrigo - 2020 Vou Valendo/13 - Muda.mp3,"sem erro de leitura; metadata INFERRED; título MEDIUM; artista MEDIUM; sem cover; bitrate 40 kbps; sample rate 16000 Hz; desempate final por relative_path",40000,16000,false,INFERRED
20 George Henrique & Rodrigo - 2020 Vou Valendo/14 - De Novo Nunca.mp3,1ca4b4147a4c32d9b7328d40b5b4932b5ab1f473186ab0a282d8fad01660ddd3,IMPORT,preserved,,20 George Henrique & Rodrigo - 2020 Vou Valendo/14 - De Novo Nunca.mp3,"sem erro de leitura; metadata INFERRED; título MEDIUM; artista MEDIUM; sem cover; bitrate 40 kbps; sample rate 16000 Hz; desempate final por relative_path",40000,16000,false,INFERRED
20 George Henrique & Rodrigo - 2020 Vou Valendo/15 - Live.mp3,fce92c763c4f0989a59ac4283fbb3adbbf2818bed17ee5c2189cf4537aa066b4,IMPORT,preserved,,20 George Henrique & Rodrigo - 2020 Vou Valendo/15 - Live.mp3,"sem erro de leitura; metadata INFERRED; título MEDIUM; artista MEDIUM; sem cover; bitrate 40 kbps; sample rate 16000 Hz; desempate final por relative_path",40000,16000,false,INFERRED
20 George Henrique & Rodrigo - 2020 Vou Valendo/16 - Bagunça Minha Vida (Remix) feat. Zebu.mp3,0e36672b9dd152e9314621c65fc6cf20be4a3d10e85d628d8a83db2b9ad1cb40,IMPORT,preserved,,20 George Henrique & Rodrigo - 2020 Vou Valendo/16 - Bagunça Minha Vida (Remix) feat. Zebu.mp3,"sem erro de leitura; metadata INFERRED; título MEDIUM; artista MEDIUM; sem cover; bitrate 40 kbps; sample rate 16000 Hz; desempate final por relative_path",40000,16000,false,INFERRED
21 BRUNO&MARRONE AS 20 MAIS/01 - BRUNO E MARRONE AS 20 MAIS - 01-VAI DAR NAMORO - title_1116194953.mp3,8b376a0b693742cadf8232863841ec74e903bd5b62e856e02041339fc44f99f8,IMPORT,preserved,,21 BRUNO&MARRONE AS 20 MAIS/01 - BRUNO E MARRONE AS 20 MAIS - 01-VAI DAR NAMORO - title_1116194953.mp3,"sem erro de leitura; metadata GOOD; título HIGH; artista HIGH; sem cover; bitrate 128 kbps; sample rate 44100 Hz; desempate final por relative_path",128000,44100,false,GOOD
21 BRUNO&MARRONE AS 20 MAIS/02 - BRUNO E MARRONE AS 20 MAIS - 02-QUE PENA ( part. felipe e falcão ) - title.mp3,78331de58c4b09a983ef47fa68909f26a177fdb053750974481ebf9ade8d1f84,IMPORT,preserved,,21 BRUNO&MARRONE AS 20 MAIS/02 - BRUNO E MARRONE AS 20 MAIS - 02-QUE PENA ( part. felipe e falcão ) - title.mp3,"sem erro de leitura; metadata GOOD; título HIGH; artista HIGH; sem cover; bitrate 128 kbps; sample rate 44100 Hz; desempate final por relative_path",128000,44100,false,GOOD
21 BRUNO&MARRONE AS 20 MAIS/03 - BRUNO E MARRONE AS 20 MAIS - 03-HOMEM DO MEU TEMPO - title.mp3,4937162c5a12fc68e2aca568a117abecfbaf41b53ee73fea9f336a146b767923,IMPORT,preserved,,21 BRUNO&MARRONE AS 20 MAIS/03 - BRUNO E MARRONE AS 20 MAIS - 03-HOMEM DO MEU TEMPO - title.mp3,"sem erro de leitura; metadata GOOD; título HIGH; artista HIGH; sem cover; bitrate 128 kbps; sample rate 44100 Hz; desempate final por relative_path",128000,44100,false,GOOD
21 BRUNO&MARRONE AS 20 MAIS/04 - BRUNO E MARRONE AS 20 MAIS - 04-PROGRAMA DE FIM DE SEMANA - title.mp3,6735105205f05fc74bca1426b6594de37b2bf68153e38adc97a6acd8e0e8773f,IMPORT,preserved,,21 BRUNO&MARRONE AS 20 MAIS/04 - BRUNO E MARRONE AS 20 MAIS - 04-PROGRAMA DE FIM DE SEMANA - title.mp3,"sem erro de leitura; metadata GOOD; título HIGH; artista HIGH; sem cover; bitrate 128 kbps; sample rate 44100 Hz; desempate final por relative_path",128000,44100,false,GOOD
21 BRUNO&MARRONE AS 20 MAIS/05 - BRUNO E MARRONE AS 20 MAIS - 05-TÁ COMBINADO - title.mp3,167f53bde87fb6cf1b530df3501491345300a993d3dcf6bce517a73d4df104b9,IMPORT,preserved,,21 BRUNO&MARRONE AS 20 MAIS/05 - BRUNO E MARRONE AS 20 MAIS - 05-TÁ COMBINADO - title.mp3,"sem erro de leitura; metadata GOOD; título HIGH; artista HIGH; sem cover; bitrate 128 kbps; sample rate 44100 Hz; desempate final por relative_path",128000,44100,false,GOOD
21 BRUNO&MARRONE AS 20 MAIS/06 - BRUNO E MARRONE AS 20 MAIS - 06-MEDO - title.mp3,d77ae165decaf05c2f0d47d5db06203f5effb246f01ff9b85fcf9320f90563df,IMPORT,preserved,,21 BRUNO&MARRONE AS 20 MAIS/06 - BRUNO E MARRONE AS 20 MAIS - 06-MEDO - title.mp3,"sem erro de leitura; metadata GOOD; título HIGH; artista HIGH; sem cover; bitrate 128 kbps; sample rate 44100 Hz; desempate final por relative_path",128000,44100,false,GOOD
21 BRUNO&MARRONE AS 20 MAIS/07 - BRUNO E MARRONE AS 20 MAIS - 07-BIJUTERIA - title.mp3,6031526413eff4401fa992a6042236dce6d81448e9d3ead463fa6f7857b9add6,IMPORT,preserved,,21 BRUNO&MARRONE AS 20 MAIS/07 - BRUNO E MARRONE AS 20 MAIS - 07-BIJUTERIA - title.mp3,"sem erro de leitura; metadata GOOD; título HIGH; artista HIGH; sem cover; bitrate 128 kbps; sample rate 44100 Hz; desempate final por relative_path",128000,44100,false,GOOD
21 BRUNO&MARRONE AS 20 MAIS/08 - BRUNO E MARRONE AS 20 MAIS - 08-VIVENDO DE PASSADO - title.mp3,9b7d4f3615a672a1f1e56a3f6b9b94077f96392da7739fee37aa5e2af5cb0261,IMPORT,preserved,,21 BRUNO&MARRONE AS 20 MAIS/08 - BRUNO E MARRONE AS 20 MAIS - 08-VIVENDO DE PASSADO - title.mp3,"sem erro de leitura; metadata GOOD; título HIGH; artista HIGH; sem cover; bitrate 128 kbps; sample rate 44100 Hz; desempate final por relative_path",128000,44100,false,GOOD
21 BRUNO&MARRONE AS 20 MAIS/09 - BRUNO E MARRONE AS 20 MAIS - 09-CHORAM AS ROSAS - title.mp3,d4bfeaf8c8cce5e4eb7d747edc791d2b46007a9bd0c6ba9a3205a7576df838a5,IMPORT,preserved,,21 BRUNO&MARRONE AS 20 MAIS/09 - BRUNO E MARRONE AS 20 MAIS - 09-CHORAM AS ROSAS - title.mp3,"sem erro de leitura; metadata GOOD; título HIGH; artista HIGH; sem cover; bitrate 128 kbps; sample rate 44100 Hz; desempate final por relative_path",128000,44100,false,GOOD
"21 BRUNO&MARRONE AS 20 MAIS/10 - BRUNO E MARRONE AS 20 MAIS - 10-DOCE DESEJO, part. claúdia leite babado novo - title.mp3",0334460b8956cb68bdab450621f6aaff9cf005f7eaba392d7a1ac76632d1de06,IMPORT,preserved,,"21 BRUNO&MARRONE AS 20 MAIS/10 - BRUNO E MARRONE AS 20 MAIS - 10-DOCE DESEJO, part. claúdia leite babado novo - title.mp3","sem erro de leitura; metadata GOOD; título HIGH; artista HIGH; sem cover; bitrate 128 kbps; sample rate 44100 Hz; desempate final por relative_path",128000,44100,false,GOOD
21 BRUNO&MARRONE AS 20 MAIS/11 - BRUNO E MARRONE AS 20 MAIS - 11-APAZIGUAR - title.mp3,57e314e714b66341d3dae29d771f98b75277d651431fc6f522ee343188f4617a,IMPORT,preserved,,21 BRUNO&MARRONE AS 20 MAIS/11 - BRUNO E MARRONE AS 20 MAIS - 11-APAZIGUAR - title.mp3,"sem erro de leitura; metadata GOOD; título HIGH; artista HIGH; sem cover; bitrate 128 kbps; sample rate 44100 Hz; desempate final por relative_path",128000,44100,false,GOOD
21 BRUNO&MARRONE AS 20 MAIS/12 - BRUNO E MARRONE AS 20 MAIS - 12-VIDA VAZIA - title.mp3,a1dc527c7c88d0b8a52afdc8fcb59e22a3e42edb77a2d90b910d6482d11ffe2d,IMPORT,preserved,,21 BRUNO&MARRONE AS 20 MAIS/12 - BRUNO E MARRONE AS 20 MAIS - 12-VIDA VAZIA - title.mp3,"sem erro de leitura; metadata GOOD; título HIGH; artista HIGH; sem cover; bitrate 128 kbps; sample rate 44100 Hz; desempate final por relative_path",128000,44100,false,GOOD
21 BRUNO&MARRONE AS 20 MAIS/13 - BRUNO E MARRONE AS 20 MAIS - 13-INEVITÁVEL - title.mp3,e601d8ddd6dff0b19dcb63e900eb5adb1ef0d8a6e10d8d373ab85c7a3259c61b,IMPORT,preserved,,21 BRUNO&MARRONE AS 20 MAIS/13 - BRUNO E MARRONE AS 20 MAIS - 13-INEVITÁVEL - title.mp3,"sem erro de leitura; metadata GOOD; título HIGH; artista HIGH; sem cover; bitrate 128 kbps; sample rate 44100 Hz; desempate final por relative_path",128000,44100,false,GOOD
21 BRUNO&MARRONE AS 20 MAIS/14 - BRUNO E MARRONE AS 20 MAIS - 14-FAVO DE MEL - title.mp3,1dac09aef0b15b7187d061c1f3d30c0acb863a5e6e2a8fb4bd5587b23cf9bfa1,IMPORT,preserved,,21 BRUNO&MARRONE AS 20 MAIS/14 - BRUNO E MARRONE AS 20 MAIS - 14-FAVO DE MEL - title.mp3,"sem erro de leitura; metadata GOOD; título HIGH; artista HIGH; sem cover; bitrate 128 kbps; sample rate 44100 Hz; desempate final por relative_path",128000,44100,false,GOOD
21 BRUNO&MARRONE AS 20 MAIS/15 - BRUNO E MARRONE AS 20 MAIS - 15-LIGAÇÃO URBANA - title.mp3,2f035dbec16ef71f7a255caf3b7ad3ed94ace1137dee29ff043476af8606553b,IMPORT,preserved,,21 BRUNO&MARRONE AS 20 MAIS/15 - BRUNO E MARRONE AS 20 MAIS - 15-LIGAÇÃO URBANA - title.mp3,"sem erro de leitura; metadata GOOD; título HIGH; artista HIGH; sem cover; bitrate 128 kbps; sample rate 44100 Hz; desempate final por relative_path",128000,44100,false,GOOD
21 BRUNO&MARRONE AS 20 MAIS/16 - BRUNO E MARRONE AS 20 MAIS - 16-AMOR DE CARNAVAL - title.mp3,9ac3e22f00653eee2890ba84d844f4cc521cf12c36aa6f7799898418303a6cad,IMPORT,preserved,,21 BRUNO&MARRONE AS 20 MAIS/16 - BRUNO E MARRONE AS 20 MAIS - 16-AMOR DE CARNAVAL - title.mp3,"sem erro de leitura; metadata GOOD; título HIGH; artista HIGH; sem cover; bitrate 128 kbps; sample rate 44100 Hz; desempate final por relative_path",128000,44100,false,GOOD
21 BRUNO&MARRONE AS 20 MAIS/17 - BRUNO E MARRONE AS 20 MAIS - 17-MENINA ( querida ) - title.mp3,c890cba89f6268df3903ebd71a4a4f286b5d75a560ae180e80db2e04295ba437,IMPORT,preserved,,21 BRUNO&MARRONE AS 20 MAIS/17 - BRUNO E MARRONE AS 20 MAIS - 17-MENINA ( querida ) - title.mp3,"sem erro de leitura; metadata GOOD; título HIGH; artista HIGH; sem cover; bitrate 128 kbps; sample rate 44100 Hz; desempate final por relative_path",128000,44100,false,GOOD
21 BRUNO&MARRONE AS 20 MAIS/18 - BRUNO E MARRONE AS 20 MAIS - 18-DORMI NA PRAÇA - title.mp3,1f975877a177c030081f4ae6c063b0e2f83c2c6157f03f104b686ff5f815aeb2,IMPORT,preserved,,21 BRUNO&MARRONE AS 20 MAIS/18 - BRUNO E MARRONE AS 20 MAIS - 18-DORMI NA PRAÇA - title.mp3,"sem erro de leitura; metadata GOOD; título HIGH; artista HIGH; sem cover; bitrate 128 kbps; sample rate 44100 Hz; desempate final por relative_path",128000,44100,false,GOOD
21 BRUNO&MARRONE AS 20 MAIS/19 - BRUNO E MARRONE AS 20 MAIS - 19-AGORA VAI - title.mp3,e2bcfc41ffe8ad35ecc599e0b1a866f4f677c2fb0ee20ccbda323dae89ca2e9b,IMPORT,preserved,,21 BRUNO&MARRONE AS 20 MAIS/19 - BRUNO E MARRONE AS 20 MAIS - 19-AGORA VAI - title.mp3,"sem erro de leitura; metadata GOOD; título HIGH; artista HIGH; sem cover; bitrate 128 kbps; sample rate 44100 Hz; desempate final por relative_path",128000,44100,false,GOOD
"21 BRUNO&MARRONE AS 20 MAIS/20 - BRUNO E MARRONE AS 20 MAIS - 20-PASSOU DA CONTA, part. zezé e luciano - title.mp3",9d6b147a1855c4b928de0e71810d2fd53dbae2985c433b21df04adeba5aaef03,IMPORT,preserved,,"21 BRUNO&MARRONE AS 20 MAIS/20 - BRUNO E MARRONE AS 20 MAIS - 20-PASSOU DA CONTA, part. zezé e luciano - title.mp3","sem erro de leitura; metadata GOOD; título HIGH; artista HIGH; sem cover; bitrate 128 kbps; sample rate 44100 Hz; desempate final por relative_path",128000,44100,false,GOOD
21 BRUNO&MARRONE AS 20 MAIS/21 - BRUNO E MARRONE AS 20 MAIS - 21-QUE PESCAR QUE NADA - title.mp3,46962ecd9005d7ab430c91293998900a241102a1ffcf24314c6b32e677f95641,IMPORT,preserved,,21 BRUNO&MARRONE AS 20 MAIS/21 - BRUNO E MARRONE AS 20 MAIS - 21-QUE PESCAR QUE NADA - title.mp3,"sem erro de leitura; metadata GOOD; título HIGH; artista HIGH; sem cover; bitrate 128 kbps; sample rate 44100 Hz; desempate final por relative_path",128000,44100,false,GOOD
21 BRUNO&MARRONE AS 20 MAIS/46 Bruno & Marrone Voce Me Vira a Cabeça (2014)/01 - Voce Me Vira a Cabeça - SapoDownloads.net.mp3,75ef8d9ad54970502d68d14db4cb7bb1445193c11b7161125544804bcd0c2d58,IMPORT,preserved,,21 BRUNO&MARRONE AS 20 MAIS/46 Bruno & Marrone Voce Me Vira a Cabeça (2014)/01 - Voce Me Vira a Cabeça - SapoDownloads.net.mp3,"sem erro de leitura; metadata INFERRED; título HIGH; artista HIGH; cover presente; bitrate 192 kbps; sample rate 44100 Hz; desempate final por relative_path",192000,44100,true,INFERRED
21 BRUNO&MARRONE AS 20 MAIS/46 Bruno & Marrone Voce Me Vira a Cabeça (2014)/02 - Stop Que Ela é Top - SapoDownloads.net.mp3,399c33f015796ef08dbd4c1d7e8e439cc8ae1539622eb9df49b055924774ccad,IMPORT,preserved,,21 BRUNO&MARRONE AS 20 MAIS/46 Bruno & Marrone Voce Me Vira a Cabeça (2014)/02 - Stop Que Ela é Top - SapoDownloads.net.mp3,"sem erro de leitura; metadata INFERRED; título HIGH; artista HIGH; cover presente; bitrate 320 kbps; sample rate 32000 Hz; desempate final por relative_path",320000,32000,true,INFERRED
21 BRUNO&MARRONE AS 20 MAIS/46 Bruno & Marrone Voce Me Vira a Cabeça (2014)/03 - Juras De Amor - SapoDownloads.net.mp3,882a57d11d1728f57410682a3be07a027461236760b0f91002cf1d287288b0d3,IMPORT,preserved,,21 BRUNO&MARRONE AS 20 MAIS/46 Bruno & Marrone Voce Me Vira a Cabeça (2014)/03 - Juras De Amor - SapoDownloads.net.mp3,"sem erro de leitura; metadata INFERRED; título HIGH; artista HIGH; cover presente; bitrate 320 kbps; sample rate 44100 Hz; desempate final por relative_path",320000,44100,true,INFERRED
21 BRUNO&MARRONE AS 20 MAIS/46 Bruno & Marrone Voce Me Vira a Cabeça (2014)/04 - Vidro Fumê - SapoDownloads.net.mp3,5a483aed9d57b070c55f4562ee683167a36348ccf88e8f185d2e88946139a6ca,IMPORT,preserved,,21 BRUNO&MARRONE AS 20 MAIS/46 Bruno & Marrone Voce Me Vira a Cabeça (2014)/04 - Vidro Fumê - SapoDownloads.net.mp3,"sem erro de leitura; metadata INFERRED; título HIGH; artista HIGH; cover presente; bitrate 320 kbps; sample rate 44100 Hz; desempate final por relative_path",320000,44100,true,INFERRED
21 BRUNO&MARRONE AS 20 MAIS/46 Bruno & Marrone Voce Me Vira a Cabeça (2014)/05 - Já Não Sei Mais Nada - SapoDownloads.net.mp3,3e21d1a0ec206e0165319ecfb8d7691beef254a5e6fe6296532dacf65b331276,IMPORT,preserved,,21 BRUNO&MARRONE AS 20 MAIS/46 Bruno & Marrone Voce Me Vira a Cabeça (2014)/05 - Já Não Sei Mais Nada - SapoDownloads.net.mp3,"sem erro de leitura; metadata INFERRED; título HIGH; artista HIGH; cover presente; bitrate 320 kbps; sample rate 44100 Hz; desempate final por relative_path",320000,44100,true,INFERRED
21 BRUNO&MARRONE AS 20 MAIS/46 Bruno & Marrone Voce Me Vira a Cabeça (2014)/06 -  Sem Compromisso (Tchatchara) – (Part. De Michel Teló) - SapoDownloads.net.mp3,8f0170fbbbdd57b13255840897b28c82684e923e7a2d276320f8d97f3b9d21e0,IMPORT,preserved,,21 BRUNO&MARRONE AS 20 MAIS/46 Bruno & Marrone Voce Me Vira a Cabeça (2014)/06 -  Sem Compromisso (Tchatchara) – (Part. De Michel Teló) - SapoDownloads.net.mp3,"sem erro de leitura; metadata INFERRED; título HIGH; artista HIGH; cover presente; bitrate 320 kbps; sample rate 44100 Hz; desempate final por relative_path",320000,44100,true,INFERRED
21 BRUNO&MARRONE AS 20 MAIS/46 Bruno & Marrone Voce Me Vira a Cabeça (2014)/07 - Pela Porta Da Frente – (Part. De Jorge & Mateus) - SapoDownloads.net.mp3,0507f6d758c5b42784a9319e573933838a9e408dcc868bad32182bf9425af698,IMPORT,preserved,,21 BRUNO&MARRONE AS 20 MAIS/46 Bruno & Marrone Voce Me Vira a Cabeça (2014)/07 - Pela Porta Da Frente – (Part. De Jorge & Mateus) - SapoDownloads.net.mp3,"sem erro de leitura; metadata INFERRED; título HIGH; artista HIGH; cover presente; bitrate 320 kbps; sample rate 44100 Hz; desempate final por relative_path",320000,44100,true,INFERRED
21 BRUNO&MARRONE AS 20 MAIS/46 Bruno & Marrone Voce Me Vira a Cabeça (2014)/08 - Rancho - SapoDownloads.net.mp3,a20fcfeea2747ffe05b56f6fda5bfd3dd8bf3fa870ef1ffb0a4e4d15212637fc,IMPORT,preserved,,21 BRUNO&MARRONE AS 20 MAIS/46 Bruno & Marrone Voce Me Vira a Cabeça (2014)/08 - Rancho - SapoDownloads.net.mp3,"sem erro de leitura; metadata INFERRED; título HIGH; artista HIGH; cover presente; bitrate 320 kbps; sample rate 44100 Hz; desempate final por relative_path",320000,44100,true,INFERRED
21 BRUNO&MARRONE AS 20 MAIS/46 Bruno & Marrone Voce Me Vira a Cabeça (2014)/09 - Entrada Franca - SapoDownloads.net.mp3,b6d104ac7efe23a685abcf2b4a70b981166150eda1d5205d3f575dad40d48666,IMPORT,preserved,,21 BRUNO&MARRONE AS 20 MAIS/46 Bruno & Marrone Voce Me Vira a Cabeça (2014)/09 - Entrada Franca - SapoDownloads.net.mp3,"sem erro de leitura; metadata INFERRED; título HIGH; artista HIGH; cover presente; bitrate 320 kbps; sample rate 44100 Hz; desempate final por relative_path",320000,44100,true,INFERRED
21 BRUNO&MARRONE AS 20 MAIS/46 Bruno & Marrone Voce Me Vira a Cabeça (2014)/10 - Eu Não Imploro Por Amor - SapoDownloads.net.mp3,922acda2957a00915af47e5be874ad7f96abc96290af1e33fb172034a3bbc6ab,IMPORT,preserved,,21 BRUNO&MARRONE AS 20 MAIS/46 Bruno & Marrone Voce Me Vira a Cabeça (2014)/10 - Eu Não Imploro Por Amor - SapoDownloads.net.mp3,"sem erro de leitura; metadata INFERRED; título HIGH; artista HIGH; cover presente; bitrate 320 kbps; sample rate 44100 Hz; desempate final por relative_path",320000,44100,true,INFERRED
21 BRUNO&MARRONE AS 20 MAIS/46 Bruno & Marrone Voce Me Vira a Cabeça (2014)/11 - Tá Pensando O Que - SapoDownloads.net.mp3,c00202b283424abaee238acf8f212cdf17b7d04363a5f83ddd5b1895d5ce24c9,IMPORT,preserved,,21 BRUNO&MARRONE AS 20 MAIS/46 Bruno & Marrone Voce Me Vira a Cabeça (2014)/11 - Tá Pensando O Que - SapoDownloads.net.mp3,"sem erro de leitura; metadata INFERRED; título HIGH; artista HIGH; cover presente; bitrate 320 kbps; sample rate 44100 Hz; desempate final por relative_path",320000,44100,true,INFERRED
21 BRUNO&MARRONE AS 20 MAIS/46 Bruno & Marrone Voce Me Vira a Cabeça (2014)/12 - Receita De Amar – (Part. De George Henrique & Rodrigo) - SapoDownloads.net.mp3,d27ec9357a41eea33f68ff71cd541ee6a9073110a43caeac051043bfc3692273,IMPORT,preserved,,21 BRUNO&MARRONE AS 20 MAIS/46 Bruno & Marrone Voce Me Vira a Cabeça (2014)/12 - Receita De Amar – (Part. De George Henrique & Rodrigo) - SapoDownloads.net.mp3,"sem erro de leitura; metadata INFERRED; título HIGH; artista HIGH; cover presente; bitrate 320 kbps; sample rate 44100 Hz; desempate final por relative_path",320000,44100,true,INFERRED
21 BRUNO&MARRONE AS 20 MAIS/46 Bruno & Marrone Voce Me Vira a Cabeça (2014)/13 - Nossas Memórias – (Part. De George Henrique & Rodrigo) - SapoDownloads.net.mp3,ab38edace5ae78b1a058f452f223893bc863203a86f234e73756fae668c9f0c8,IMPORT,preserved,,21 BRUNO&MARRONE AS 20 MAIS/46 Bruno & Marrone Voce Me Vira a Cabeça (2014)/13 - Nossas Memórias – (Part. De George Henrique & Rodrigo) - SapoDownloads.net.mp3,"sem erro de leitura; metadata INFERRED; título HIGH; artista HIGH; cover presente; bitrate 320 kbps; sample rate 44100 Hz; desempate final por relative_path",320000,44100,true,INFERRED
21 BRUNO&MARRONE AS 20 MAIS/46 Bruno & Marrone Voce Me Vira a Cabeça (2014)/14 - Sem Ninguém Me Ver Chorar - SapoDownloads.net.mp3,635a66a14cde7ba0e4d7630ee63514d748e2f906e423f6d3e45917ad033ad270,IMPORT,preserved,,21 BRUNO&MARRONE AS 20 MAIS/46 Bruno & Marrone Voce Me Vira a Cabeça (2014)/14 - Sem Ninguém Me Ver Chorar - SapoDownloads.net.mp3,"sem erro de leitura; metadata INFERRED; título HIGH; artista HIGH; cover presente; bitrate 320 kbps; sample rate 44100 Hz; desempate final por relative_path",320000,44100,true,INFERRED
21 BRUNO&MARRONE AS 20 MAIS/46 Bruno & Marrone Voce Me Vira a Cabeça (2014)/15 - Vem Me Buscar - SapoDownloads.net.mp3,747173dd56c71d0e1d5aa1b8cc80a7857c95fd7b010d0436e0dc2e35165f8103,IMPORT,preserved,,21 BRUNO&MARRONE AS 20 MAIS/46 Bruno & Marrone Voce Me Vira a Cabeça (2014)/15 - Vem Me Buscar - SapoDownloads.net.mp3,"sem erro de leitura; metadata INFERRED; título HIGH; artista HIGH; cover presente; bitrate 320 kbps; sample rate 44100 Hz; desempate final por relative_path",320000,44100,true,INFERRED
21 BRUNO&MARRONE AS 20 MAIS/46 Bruno & Marrone Voce Me Vira a Cabeça (2014)/16 - Amor À Três  Esqueci - SapoDownloads.net.mp3,adb37c603ea176429da1d84f99095d107b3eb779e50d825f658776c7b2e2331a,IMPORT,preserved,,21 BRUNO&MARRONE AS 20 MAIS/46 Bruno & Marrone Voce Me Vira a Cabeça (2014)/16 - Amor À Três  Esqueci - SapoDownloads.net.mp3,"sem erro de leitura; metadata INFERRED; título HIGH; artista HIGH; cover presente; bitrate 320 kbps; sample rate 44100 Hz; desempate final por relative_path",320000,44100,true,INFERRED
21 BRUNO&MARRONE AS 20 MAIS/46 Bruno & Marrone Voce Me Vira a Cabeça (2014)/17 - 24 Horas De Amor - SapoDownloads.net.mp3,7a28f265d6247f6dad6c41181ddf988031d09c77248d9d950f228e54aae77869,IMPORT,preserved,,21 BRUNO&MARRONE AS 20 MAIS/46 Bruno & Marrone Voce Me Vira a Cabeça (2014)/17 - 24 Horas De Amor - SapoDownloads.net.mp3,"sem erro de leitura; metadata INFERRED; título HIGH; artista HIGH; cover presente; bitrate 320 kbps; sample rate 44100 Hz; desempate final por relative_path",320000,44100,true,INFERRED
21 BRUNO&MARRONE AS 20 MAIS/46 Bruno & Marrone Voce Me Vira a Cabeça (2014)/18 - Parede De Vidro - SapoDownloads.net.mp3,0eafdf139ef1aca70ebeabcecaa539ceae0a89a9175b44bed5fac3ff987e4341,IMPORT,preserved,,21 BRUNO&MARRONE AS 20 MAIS/46 Bruno & Marrone Voce Me Vira a Cabeça (2014)/18 - Parede De Vidro - SapoDownloads.net.mp3,"sem erro de leitura; metadata INFERRED; título HIGH; artista HIGH; cover presente; bitrate 320 kbps; sample rate 44100 Hz; desempate final por relative_path",320000,44100,true,INFERRED
21 BRUNO&MARRONE AS 20 MAIS/46 Bruno & Marrone Voce Me Vira a Cabeça (2014)/19 - Tentativas Em Vão - SapoDownloads.net.mp3,682e1ac07f8133fa3d6700594020dcce4f53ef2fff4dd625bddb0c03c16da4bd,IMPORT,preserved,,21 BRUNO&MARRONE AS 20 MAIS/46 Bruno & Marrone Voce Me Vira a Cabeça (2014)/19 - Tentativas Em Vão - SapoDownloads.net.mp3,"sem erro de leitura; metadata INFERRED; título HIGH; artista HIGH; cover presente; bitrate 320 kbps; sample rate 44100 Hz; desempate final por relative_path",320000,44100,true,INFERRED
21 BRUNO&MARRONE AS 20 MAIS/46 Bruno & Marrone Voce Me Vira a Cabeça (2014)/20 - Sonhando - SapoDownloads.net.mp3,1d11add559023eb12e24bc4eb5ef8842cdff9f9593276ea565e51f83c85f97f9,IMPORT,preserved,,21 BRUNO&MARRONE AS 20 MAIS/46 Bruno & Marrone Voce Me Vira a Cabeça (2014)/20 - Sonhando - SapoDownloads.net.mp3,"sem erro de leitura; metadata INFERRED; título HIGH; artista HIGH; cover presente; bitrate 320 kbps; sample rate 44100 Hz; desempate final por relative_path",320000,44100,true,INFERRED
21 BRUNO&MARRONE AS 20 MAIS/46 Bruno & Marrone Voce Me Vira a Cabeça (2014)/2001 - Acústico Ao Vivo/01 - Feriado Nacional.mp3,61606868f4c25def2275deb9451d368755f1c9a179f4a731b5efc63a3dcfbb44,IMPORT,preserved,,21 BRUNO&MARRONE AS 20 MAIS/46 Bruno & Marrone Voce Me Vira a Cabeça (2014)/2001 - Acústico Ao Vivo/01 - Feriado Nacional.mp3,"sem erro de leitura; metadata GOOD; título HIGH; artista HIGH; cover presente; bitrate 128 kbps; sample rate 44100 Hz; desempate final por relative_path",128000,44100,true,GOOD
21 BRUNO&MARRONE AS 20 MAIS/46 Bruno & Marrone Voce Me Vira a Cabeça (2014)/2001 - Acústico Ao Vivo/02 - Dormi na Praça.mp3,6243314c3f8ee16bc615d42adcaf4cd27ed18962852aace3cfd97e97e864aa96,IMPORT,preserved,,21 BRUNO&MARRONE AS 20 MAIS/46 Bruno & Marrone Voce Me Vira a Cabeça (2014)/2001 - Acústico Ao Vivo/02 - Dormi na Praça.mp3,"sem erro de leitura; metadata GOOD; título HIGH; artista HIGH; cover presente; bitrate 128 kbps; sample rate 44100 Hz; desempate final por relative_path",128000,44100,true,GOOD
21 BRUNO&MARRONE AS 20 MAIS/46 Bruno & Marrone Voce Me Vira a Cabeça (2014)/2001 - Acústico Ao Vivo/03 - Amor de Carnaval.mp3,3c24edc32d6302d6fddbe6971d9b3fe715e3799cbd628cb824f0fec0b7e2404d,IMPORT,preserved,,21 BRUNO&MARRONE AS 20 MAIS/46 Bruno & Marrone Voce Me Vira a Cabeça (2014)/2001 - Acústico Ao Vivo/03 - Amor de Carnaval.mp3,"sem erro de leitura; metadata GOOD; título HIGH; artista HIGH; cover presente; bitrate 128 kbps; sample rate 44100 Hz; desempate final por relative_path",128000,44100,true,GOOD
21 BRUNO&MARRONE AS 20 MAIS/46 Bruno & Marrone Voce Me Vira a Cabeça (2014)/2001 - Acústico Ao Vivo/04 - Meu Jeito de Sentir.mp3,a60aface7d7b3e99fb290bee6efeffe87b9c4984918fbde2f5c07d1f18c8a85e,IMPORT,preserved,,21 BRUNO&MARRONE AS 20 MAIS/46 Bruno & Marrone Voce Me Vira a Cabeça (2014)/2001 - Acústico Ao Vivo/04 - Meu Jeito de Sentir.mp3,"sem erro de leitura; metadata GOOD; título HIGH; artista HIGH; cover presente; bitrate 128 kbps; sample rate 44100 Hz; desempate final por relative_path",128000,44100,true,GOOD
21 BRUNO&MARRONE AS 20 MAIS/46 Bruno & Marrone Voce Me Vira a Cabeça (2014)/2001 - Acústico Ao Vivo/05 - Seu Amor Ainda é Tudo.mp3,f83ddf7b318a467593d50026bb36623fd0a400c827af19ffe572d27477b0605d,IMPORT,preserved,,21 BRUNO&MARRONE AS 20 MAIS/46 Bruno & Marrone Voce Me Vira a Cabeça (2014)/2001 - Acústico Ao Vivo/05 - Seu Amor Ainda é Tudo.mp3,"sem erro de leitura; metadata GOOD; título HIGH; artista HIGH; cover presente; bitrate 128 kbps; sample rate 44100 Hz; desempate final por relative_path",128000,44100,true,GOOD
21 BRUNO&MARRONE AS 20 MAIS/46 Bruno & Marrone Voce Me Vira a Cabeça (2014)/2001 - Acústico Ao Vivo/06 - Um Bom Perdedor.mp3,458c04f5b21766eadbd9f05287a70115d9fb75b4cd01e630a0491e59fb6b94c3,IMPORT,preserved,,21 BRUNO&MARRONE AS 20 MAIS/46 Bruno & Marrone Voce Me Vira a Cabeça (2014)/2001 - Acústico Ao Vivo/06 - Um Bom Perdedor.mp3,"sem erro de leitura; metadata GOOD; título HIGH; artista HIGH; cover presente; bitrate 128 kbps; sample rate 44100 Hz; desempate final por relative_path",128000,44100,true,GOOD
21 BRUNO&MARRONE AS 20 MAIS/46 Bruno & Marrone Voce Me Vira a Cabeça (2014)/2001 - Acústico Ao Vivo/07 - Vida Vazia.mp3,c134c309f6e64cd1e89fa24e62df54bed2558b24e1b2e218cf2679176aaaa8bd,IMPORT,preserved,,21 BRUNO&MARRONE AS 20 MAIS/46 Bruno & Marrone Voce Me Vira a Cabeça (2014)/2001 - Acústico Ao Vivo/07 - Vida Vazia.mp3,"sem erro de leitura; metadata GOOD; título HIGH; artista HIGH; cover presente; bitrate 128 kbps; sample rate 44100 Hz; desempate final por relative_path",128000,44100,true,GOOD
21 BRUNO&MARRONE AS 20 MAIS/46 Bruno & Marrone Voce Me Vira a Cabeça (2014)/2001 - Acústico Ao Vivo/08 - Programa de Fim de Semana.mp3,a606a4d0bcee5840b1012841a16a1c618627368c6362c87d0973adce40ad972d,IMPORT,preserved,,21 BRUNO&MARRONE AS 20 MAIS/46 Bruno & Marrone Voce Me Vira a Cabeça (2014)/2001 - Acústico Ao Vivo/08 - Programa de Fim de Semana.mp3,"sem erro de leitura; metadata GOOD; título HIGH; artista HIGH; cover presente; bitrate 128 kbps; sample rate 44100 Hz; desempate final por relative_path",128000,44100,true,GOOD
21 BRUNO&MARRONE AS 20 MAIS/46 Bruno & Marrone Voce Me Vira a Cabeça (2014)/2001 - Acústico Ao Vivo/09 - Pot-pourri de Boleros - Tenho Ciúme de Tudo - a Dama de Vermelho - Brigas .mp3,89b9c681aa43a56b4c99b4017c05898ebafa657c2064f12930a1813bda61b190,IMPORT,preserved,,21 BRUNO&MARRONE AS 20 MAIS/46 Bruno & Marrone Voce Me Vira a Cabeça (2014)/2001 - Acústico Ao Vivo/09 - Pot-pourri de Boleros - Tenho Ciúme de Tudo - a Dama de Vermelho - Brigas .mp3,"sem erro de leitura; metadata GOOD; título HIGH; artista HIGH; cover presente; bitrate 128 kbps; sample rate 44100 Hz; desempate final por relative_path",128000,44100,true,GOOD
21 BRUNO&MARRONE AS 20 MAIS/46 Bruno & Marrone Voce Me Vira a Cabeça (2014)/2001 - Acústico Ao Vivo/10 - Por um Minuto.mp3,794f30c4024e301e435b7874567bdd2a746d6a7fda0fe728286bd398f83c81d6,IMPORT,preserved,,21 BRUNO&MARRONE AS 20 MAIS/46 Bruno & Marrone Voce Me Vira a Cabeça (2014)/2001 - Acústico Ao Vivo/10 - Por um Minuto.mp3,"sem erro de leitura; metadata GOOD; título HIGH; artista HIGH; cover presente; bitrate 128 kbps; sample rate 44100 Hz; desempate final por relative_path",128000,44100,true,GOOD
21 BRUNO&MARRONE AS 20 MAIS/46 Bruno & Marrone Voce Me Vira a Cabeça (2014)/2001 - Acústico Ao Vivo/11 - A Solidão é uma Ressaca.mp3,8c17e5418fdaba381a8a3eef25fffe3436dd03cab23eeae23c617e445a95e95b,IMPORT,preserved,,21 BRUNO&MARRONE AS 20 MAIS/46 Bruno & Marrone Voce Me Vira a Cabeça (2014)/2001 - Acústico Ao Vivo/11 - A Solidão é uma Ressaca.mp3,"sem erro de leitura; metadata GOOD; título HIGH; artista HIGH; cover presente; bitrate 128 kbps; sample rate 44100 Hz; desempate final por relative_path",128000,44100,true,GOOD
21 BRUNO&MARRONE AS 20 MAIS/46 Bruno & Marrone Voce Me Vira a Cabeça (2014)/2001 - Acústico Ao Vivo/12 - Dizem que um Homem não Deve Chorar.mp3,26fb0147626bca645f61e5c90b5cee6328af8d2cccddf720ae975110fa0ecf0a,IMPORT,preserved,,21 BRUNO&MARRONE AS 20 MAIS/46 Bruno & Marrone Voce Me Vira a Cabeça (2014)/2001 - Acústico Ao Vivo/12 - Dizem que um Homem não Deve Chorar.mp3,"sem erro de leitura; metadata GOOD; título HIGH; artista HIGH; cover presente; bitrate 128 kbps; sample rate 44100 Hz; desempate final por relative_path",128000,44100,true,GOOD
21 BRUNO&MARRONE AS 20 MAIS/46 Bruno & Marrone Voce Me Vira a Cabeça (2014)/2001 - Acústico Ao Vivo/13 - Só Pro Meu Prazer.mp3,c437a827293439759d983c7659d84c0e0e024eb2f1a850fecc1525f1643d9e86,IMPORT,preserved,,21 BRUNO&MARRONE AS 20 MAIS/46 Bruno & Marrone Voce Me Vira a Cabeça (2014)/2001 - Acústico Ao Vivo/13 - Só Pro Meu Prazer.mp3,"sem erro de leitura; metadata GOOD; título HIGH; artista HIGH; cover presente; bitrate 128 kbps; sample rate 44100 Hz; desempate final por relative_path",128000,44100,true,GOOD
21 BRUNO&MARRONE AS 20 MAIS/46 Bruno & Marrone Voce Me Vira a Cabeça (2014)/2001 - Acústico Ao Vivo/14 - Pot-pourri de Guarânias - Boate Azul - Sublime Renúncia - Meu Primeiro Amor .mp3,6fc263fb6b3431d11e13a391b5c7e8989782d5a54282ad1c05f1fac83c56a806,IMPORT,preserved,,21 BRUNO&MARRONE AS 20 MAIS/46 Bruno & Marrone Voce Me Vira a Cabeça (2014)/2001 - Acústico Ao Vivo/14 - Pot-pourri de Guarânias - Boate Azul - Sublime Renúncia - Meu Primeiro Amor .mp3,"sem erro de leitura; metadata GOOD; título HIGH; artista HIGH; cover presente; bitrate 128 kbps; sample rate 44100 Hz; desempate final por relative_path",128000,44100,true,GOOD
21 BRUNO&MARRONE AS 20 MAIS/46 Bruno & Marrone Voce Me Vira a Cabeça (2014)/21 - Eu Não Vou Aceitar - SapoDownloads.net.mp3,68420cada6d20dc73fba9882bed855c3d6d6f5bb2641c89f466d55051438f6a6,IMPORT,preserved,,21 BRUNO&MARRONE AS 20 MAIS/46 Bruno & Marrone Voce Me Vira a Cabeça (2014)/21 - Eu Não Vou Aceitar - SapoDownloads.net.mp3,"sem erro de leitura; metadata INFERRED; título HIGH; artista HIGH; cover presente; bitrate 320 kbps; sample rate 44100 Hz; desempate final por relative_path",320000,44100,true,INFERRED
21 BRUNO&MARRONE AS 20 MAIS/46 Bruno & Marrone Voce Me Vira a Cabeça (2014)/22 - Acorrentado Em Você - SapoDownloads.net.mp3,ebb0650d256ee6f228d27fd7a39aaa37216c610c0cb3b8b34e232b14e2d4d0a9,IMPORT,preserved,,21 BRUNO&MARRONE AS 20 MAIS/46 Bruno & Marrone Voce Me Vira a Cabeça (2014)/22 - Acorrentado Em Você - SapoDownloads.net.mp3,"sem erro de leitura; metadata INFERRED; título HIGH; artista HIGH; cover presente; bitrate 320 kbps; sample rate 44100 Hz; desempate final por relative_path",320000,44100,true,INFERRED
21 BRUNO&MARRONE AS 20 MAIS/46 Bruno & Marrone Voce Me Vira a Cabeça (2014)/Isso Cê Num Conta ( Vídeo Oficial ). [downloaded with 1stBrowser].mp3,d1919b76f0d9e2d1cb8e319ac85f81e3ded8ee7c5b55da772b54faca7f4d7a3f,IMPORT,preserved,,21 BRUNO&MARRONE AS 20 MAIS/46 Bruno & Marrone Voce Me Vira a Cabeça (2014)/Isso Cê Num Conta ( Vídeo Oficial ). [downloaded with 1stBrowser].mp3,"sem erro de leitura; metadata GOOD; título HIGH; artista HIGH; sem cover; bitrate 224 kbps; sample rate 44100 Hz; desempate final por relative_path",224000,44100,false,GOOD
21 César Menotti & Fabiano - Modão Dos Menotti (2021)/01 - Fio de Cabelo.mp3,fe4b8a4b6571ed538e323de16795e4087d82cfead49299084098185666e35697,IMPORT,preserved,,21 César Menotti & Fabiano - Modão Dos Menotti (2021)/01 - Fio de Cabelo.mp3,"sem erro de leitura; metadata NEEDS_REVIEW; título MEDIUM; artista LOW; sem cover; bitrate 40 kbps; sample rate 16000 Hz; desempate final por relative_path",40000,16000,false,NEEDS_REVIEW
21 César Menotti & Fabiano - Modão Dos Menotti (2021)/02 - Noite de Tortura.mp3,31da314d205a8495db0baae520c7e50060a70a413d6335795ebf1c1f8e1c77e4,IMPORT,preserved,,21 César Menotti & Fabiano - Modão Dos Menotti (2021)/02 - Noite de Tortura.mp3,"sem erro de leitura; metadata NEEDS_REVIEW; título MEDIUM; artista LOW; sem cover; bitrate 40 kbps; sample rate 16000 Hz; desempate final por relative_path",40000,16000,false,NEEDS_REVIEW
21 César Menotti & Fabiano - Modão Dos Menotti (2021)/03 - Escravo do Amor.mp3,bd81671db285b5787eaf3e247e3d9c2a78fd379fdbadfb568b6c77f00f4b7377,IMPORT,preserved,,21 César Menotti & Fabiano - Modão Dos Menotti (2021)/03 - Escravo do Amor.mp3,"sem erro de leitura; metadata NEEDS_REVIEW; título MEDIUM; artista LOW; sem cover; bitrate 40 kbps; sample rate 16000 Hz; desempate final por relative_path",40000,16000,false,NEEDS_REVIEW
21 César Menotti & Fabiano - Modão Dos Menotti (2021)/04 - O Último Dos Apaixonados.mp3,1fa12c24de217e85559653a018ad873ff7e4f4f4a0f3484d44a46671af3f8331,IMPORT,preserved,,21 César Menotti & Fabiano - Modão Dos Menotti (2021)/04 - O Último Dos Apaixonados.mp3,"sem erro de leitura; metadata NEEDS_REVIEW; título MEDIUM; artista LOW; sem cover; bitrate 40 kbps; sample rate 16000 Hz; desempate final por relative_path",40000,16000,false,NEEDS_REVIEW
21 César Menotti & Fabiano - Modão Dos Menotti (2021)/05 - Whisky Com Gelo.mp3,79f345ee1db12c1dc030a2388c2a739e5901c7d9fde51deb617887ce11a7ff96,IMPORT,preserved,,21 César Menotti & Fabiano - Modão Dos Menotti (2021)/05 - Whisky Com Gelo.mp3,"sem erro de leitura; metadata NEEDS_REVIEW; título MEDIUM; artista LOW; sem cover; bitrate 40 kbps; sample rate 16000 Hz; desempate final por relative_path",40000,16000,false,NEEDS_REVIEW
21 César Menotti & Fabiano - Modão Dos Menotti (2021)/06 - Merceditas (Merceditas).mp3,9e16790a46dadd8a72071d1a4152d7f5fa60b8995d58737d63453b3d429e716b,IMPORT,preserved,,21 César Menotti & Fabiano - Modão Dos Menotti (2021)/06 - Merceditas (Merceditas).mp3,"sem erro de leitura; metadata NEEDS_REVIEW; título MEDIUM; artista LOW; sem cover; bitrate 40 kbps; sample rate 16000 Hz; desempate final por relative_path",40000,16000,false,NEEDS_REVIEW
21 César Menotti & Fabiano - Modão Dos Menotti (2021)/07 - Quebradas da Noite.mp3,07790e0a792fff7c4517075513e7d3e9f97c342a85f8f7835c689dfe021ebb48,IMPORT,preserved,,21 César Menotti & Fabiano - Modão Dos Menotti (2021)/07 - Quebradas da Noite.mp3,"sem erro de leitura; metadata NEEDS_REVIEW; título MEDIUM; artista LOW; sem cover; bitrate 40 kbps; sample rate 16000 Hz; desempate final por relative_path",40000,16000,false,NEEDS_REVIEW
21 César Menotti & Fabiano - Modão Dos Menotti (2021)/08 - Apaixonado por Você.mp3,3b756c9057fe790745d5d8af64d3118e4fe3cc0cb8fe5061293cb90e25df74b3,IMPORT,preserved,,21 César Menotti & Fabiano - Modão Dos Menotti (2021)/08 - Apaixonado por Você.mp3,"sem erro de leitura; metadata NEEDS_REVIEW; título MEDIUM; artista LOW; sem cover; bitrate 40 kbps; sample rate 16000 Hz; desempate final por relative_path",40000,16000,false,NEEDS_REVIEW
21 César Menotti & Fabiano - Modão Dos Menotti (2021)/09 - Não Precisa Perdão.mp3,795da52d047e6764fc841b2903e4c494e536f4456e959a9bb90be7ca9bada263,IMPORT,preserved,,21 César Menotti & Fabiano - Modão Dos Menotti (2021)/09 - Não Precisa Perdão.mp3,"sem erro de leitura; metadata NEEDS_REVIEW; título MEDIUM; artista LOW; sem cover; bitrate 40 kbps; sample rate 16000 Hz; desempate final por relative_path",40000,16000,false,NEEDS_REVIEW
21 César Menotti & Fabiano - Modão Dos Menotti (2021)/10 - Rastros Na Areia.mp3,df69a8e438281db1e4ca0119a2fe006a139e555e61bd427408cfd36089f102f4,IMPORT,preserved,,21 César Menotti & Fabiano - Modão Dos Menotti (2021)/10 - Rastros Na Areia.mp3,"sem erro de leitura; metadata NEEDS_REVIEW; título MEDIUM; artista LOW; sem cover; bitrate 40 kbps; sample rate 16000 Hz; desempate final por relative_path",40000,16000,false,NEEDS_REVIEW
21 César Menotti & Fabiano - Modão Dos Menotti (2021)/11 - 24 Horas de Amor.mp3,ce43e909f2252cf49751995767a7c7f9c75c08121f89232e1baeb5a6d6a12fcd,IMPORT,preserved,,21 César Menotti & Fabiano - Modão Dos Menotti (2021)/11 - 24 Horas de Amor.mp3,"sem erro de leitura; metadata NEEDS_REVIEW; título MEDIUM; artista LOW; sem cover; bitrate 40 kbps; sample rate 16000 Hz; desempate final por relative_path",40000,16000,false,NEEDS_REVIEW
21 César Menotti & Fabiano - Modão Dos Menotti (2021)/12 - Não Olhe Assim.mp3,15c1a44a885235221892c382cf3313c3dbc65f4211b6889bd5eb01ec827c220a,IMPORT,preserved,,21 César Menotti & Fabiano - Modão Dos Menotti (2021)/12 - Não Olhe Assim.mp3,"sem erro de leitura; metadata NEEDS_REVIEW; título MEDIUM; artista LOW; sem cover; bitrate 40 kbps; sample rate 16000 Hz; desempate final por relative_path",40000,16000,false,NEEDS_REVIEW
21 César Menotti & Fabiano - Modão Dos Menotti (2021)/13 - Página de Amigos.mp3,6848cdd3e278b4754146aff337f3e2213d52a658da0fa9d5daf6af502418a0af,IMPORT,preserved,,21 César Menotti & Fabiano - Modão Dos Menotti (2021)/13 - Página de Amigos.mp3,"sem erro de leitura; metadata NEEDS_REVIEW; título MEDIUM; artista LOW; sem cover; bitrate 40 kbps; sample rate 16000 Hz; desempate final por relative_path",40000,16000,false,NEEDS_REVIEW
21 César Menotti & Fabiano - Modão Dos Menotti (2021)/14 - Coração Está Em Pedaços - Fica Comigo.mp3,8b8ae1542c139acc2a48bb19c24feec440ae62ea377f9565d6a0d8b7c9a35010,IMPORT,preserved,,21 César Menotti & Fabiano - Modão Dos Menotti (2021)/14 - Coração Está Em Pedaços - Fica Comigo.mp3,"sem erro de leitura; metadata INFERRED; título HIGH; artista HIGH; sem cover; bitrate 40 kbps; sample rate 16000 Hz; desempate final por relative_path",40000,16000,false,INFERRED
21 César Menotti & Fabiano - Modão Dos Menotti (2021)/15 - Você Vai Ver.mp3,5230e25bb7abf5c02f62ec345841559cee2c4a32776a1153715d5f9fa37532fe,IMPORT,preserved,,21 César Menotti & Fabiano - Modão Dos Menotti (2021)/15 - Você Vai Ver.mp3,"sem erro de leitura; metadata NEEDS_REVIEW; título MEDIUM; artista LOW; sem cover; bitrate 40 kbps; sample rate 16000 Hz; desempate final por relative_path",40000,16000,false,NEEDS_REVIEW
21 César Menotti & Fabiano - Modão Dos Menotti (2021)/16 - Temporal de Amor.mp3,c3dd3bb1f9acd3b8afde3b6885fc3538438b8d3c11fde4d78e07733c8f77dfef,IMPORT,preserved,,21 César Menotti & Fabiano - Modão Dos Menotti (2021)/16 - Temporal de Amor.mp3,"sem erro de leitura; metadata NEEDS_REVIEW; título MEDIUM; artista LOW; sem cover; bitrate 40 kbps; sample rate 16000 Hz; desempate final por relative_path",40000,16000,false,NEEDS_REVIEW
21 César Menotti & Fabiano - Modão Dos Menotti (2021)/17 - Entre Tapas e Beijos.mp3,da7bca329323fce388c24fa665e1886d40d69632af88255a0644108962f4f882,IMPORT,preserved,,21 César Menotti & Fabiano - Modão Dos Menotti (2021)/17 - Entre Tapas e Beijos.mp3,"sem erro de leitura; metadata NEEDS_REVIEW; título MEDIUM; artista LOW; sem cover; bitrate 40 kbps; sample rate 16000 Hz; desempate final por relative_path",40000,16000,false,NEEDS_REVIEW
21 César Menotti & Fabiano - Modão Dos Menotti (2021)/18 - Vida Vazia.mp3,ab2da5e7f7a8af2a6f7a6889bd53dcacff2bc1673ef09740cb35b0d179730981,IMPORT,preserved,,21 César Menotti & Fabiano - Modão Dos Menotti (2021)/18 - Vida Vazia.mp3,"sem erro de leitura; metadata NEEDS_REVIEW; título MEDIUM; artista LOW; sem cover; bitrate 40 kbps; sample rate 16000 Hz; desempate final por relative_path",40000,16000,false,NEEDS_REVIEW
21 César Menotti & Fabiano - Modão Dos Menotti (2021)/19 - Ligação Urbana.mp3,51f88153bc630e0ba3500b7eee3657fc7e517a67fdcb5552ea97b4f626ab4019,IMPORT,preserved,,21 César Menotti & Fabiano - Modão Dos Menotti (2021)/19 - Ligação Urbana.mp3,"sem erro de leitura; metadata NEEDS_REVIEW; título MEDIUM; artista LOW; sem cover; bitrate 40 kbps; sample rate 16000 Hz; desempate final por relative_path",40000,16000,false,NEEDS_REVIEW
21 César Menotti & Fabiano - Modão Dos Menotti (2021)/20 - Sem Medo de Ser Feliz.mp3,9833cfdbab38f4d25df23255da6711941d00e4f3035c2d7e58d40cac66d3b7be,IMPORT,preserved,,21 César Menotti & Fabiano - Modão Dos Menotti (2021)/20 - Sem Medo de Ser Feliz.mp3,"sem erro de leitura; metadata NEEDS_REVIEW; título MEDIUM; artista LOW; sem cover; bitrate 40 kbps; sample rate 16000 Hz; desempate final por relative_path",40000,16000,false,NEEDS_REVIEW
22 ROBERTA MIRANDA/01 - ROBERTA MIRANDA AS 20 MAIS - 01-FAZ AMOR COMIGO - title.mp3,4a41b026eefd92ec3c065fc17c4620a9725eabc00bbea60eac76d43ee82b8d1a,IMPORT,preserved,,22 ROBERTA MIRANDA/01 - ROBERTA MIRANDA AS 20 MAIS - 01-FAZ AMOR COMIGO - title.mp3,"sem erro de leitura; metadata GOOD; título HIGH; artista HIGH; sem cover; bitrate 128 kbps; sample rate 44100 Hz; desempate final por relative_path",128000,44100,false,GOOD
22 ROBERTA MIRANDA/02 - ROBERTA MIRANDA AS 20 MAIS - 02-ATRAÇÃO FATAL - title.mp3,235bfbd2a73b928cb1e06fae5454d9a24b68c58f618545afeb64f110ee7c9f6f,IMPORT,preserved,,22 ROBERTA MIRANDA/02 - ROBERTA MIRANDA AS 20 MAIS - 02-ATRAÇÃO FATAL - title.mp3,"sem erro de leitura; metadata GOOD; título HIGH; artista HIGH; sem cover; bitrate 128 kbps; sample rate 44100 Hz; desempate final por relative_path",128000,44100,false,GOOD
22 ROBERTA MIRANDA/03 - ROBERTA MIRANDA AS 20 MAIS - 03-UM DIA DE DOMINGO - title.mp3,d923ee4b633f36b075520b018029b998bb03a1a6dc96a6777c6e8c63b4ba7370,IMPORT,preserved,,22 ROBERTA MIRANDA/03 - ROBERTA MIRANDA AS 20 MAIS - 03-UM DIA DE DOMINGO - title.mp3,"sem erro de leitura; metadata GOOD; título HIGH; artista HIGH; sem cover; bitrate 128 kbps; sample rate 44100 Hz; desempate final por relative_path",128000,44100,false,GOOD
"22 ROBERTA MIRANDA/04 - ROBERTA MIRANDA AS 20 MAIS - 04-AMANHÃ, part. reginaldo rossi - title.mp3",91d6e1c11417a9b7d18739721060a7c3ea1e832e90082de5d9779c467eabeb24,IMPORT,preserved,,"22 ROBERTA MIRANDA/04 - ROBERTA MIRANDA AS 20 MAIS - 04-AMANHÃ, part. reginaldo rossi - title.mp3","sem erro de leitura; metadata GOOD; título HIGH; artista HIGH; sem cover; bitrate 128 kbps; sample rate 44100 Hz; desempate final por relative_path",128000,44100,false,GOOD
22 ROBERTA MIRANDA/05 - ROBERTA MIRANDA AS 20 MAIS - 05-VÁ COM DEUS - title.mp3,b3d73116fe35275e837b2053e81c0b14b506ad8fa058ea74e8abe63643dc0198,IMPORT,preserved,,22 ROBERTA MIRANDA/05 - ROBERTA MIRANDA AS 20 MAIS - 05-VÁ COM DEUS - title.mp3,"sem erro de leitura; metadata GOOD; título HIGH; artista HIGH; sem cover; bitrate 128 kbps; sample rate 44100 Hz; desempate final por relative_path",128000,44100,false,GOOD
22 ROBERTA MIRANDA/06 - ROBERTA MIRANDA AS 20 MAIS - 06-SÃO TANTAS COISAS - title.mp3,8d9adfec4e0a5f823289ec2603d86ae2b45b502c98214e4b17ef938b1253325f,IMPORT,preserved,,22 ROBERTA MIRANDA/06 - ROBERTA MIRANDA AS 20 MAIS - 06-SÃO TANTAS COISAS - title.mp3,"sem erro de leitura; metadata GOOD; título HIGH; artista HIGH; sem cover; bitrate 128 kbps; sample rate 44100 Hz; desempate final por relative_path",128000,44100,false,GOOD
22 ROBERTA MIRANDA/07 - ROBERTA MIRANDA AS 20 MAIS - 07-MEU DENGO - title.mp3,b4519aa1988636417aa4510d7aef763db8b4f8e132260a48f85aa9575ded5bc6,IMPORT,preserved,,22 ROBERTA MIRANDA/07 - ROBERTA MIRANDA AS 20 MAIS - 07-MEU DENGO - title.mp3,"sem erro de leitura; metadata GOOD; título HIGH; artista HIGH; sem cover; bitrate 128 kbps; sample rate 44100 Hz; desempate final por relative_path",128000,44100,false,GOOD
22 ROBERTA MIRANDA/08 - ROBERTA MIRANDA AS 20 MAIS - 08-A MULHER EM MIM - title.mp3,014d4d000ef7c13c816a7434190b2eba0785320c11e7ca6d0bf698093693c904,IMPORT,preserved,,22 ROBERTA MIRANDA/08 - ROBERTA MIRANDA AS 20 MAIS - 08-A MULHER EM MIM - title.mp3,"sem erro de leitura; metadata GOOD; título HIGH; artista HIGH; sem cover; bitrate 128 kbps; sample rate 44100 Hz; desempate final por relative_path",128000,44100,false,GOOD
22 ROBERTA MIRANDA/09 - ROBERTA MIRANDA AS 20 MAIS - 09-REI DOS REIS - title.mp3,a9bb873950ec97e3879cfc540400932dd414ef2b0a728874834a276a68ef70cf,IMPORT,preserved,,22 ROBERTA MIRANDA/09 - ROBERTA MIRANDA AS 20 MAIS - 09-REI DOS REIS - title.mp3,"sem erro de leitura; metadata GOOD; título HIGH; artista HIGH; sem cover; bitrate 128 kbps; sample rate 44100 Hz; desempate final por relative_path",128000,44100,false,GOOD
22 ROBERTA MIRANDA/10 - ROBERTA MIRANDA AS 20 MAIS - 10-SEMPRE MAIS - title.mp3,6e0ad11d50a4fedfb41484d8ba14cdd3ba038d09f0744797b7717fe07cffaaab,IMPORT,preserved,,22 ROBERTA MIRANDA/10 - ROBERTA MIRANDA AS 20 MAIS - 10-SEMPRE MAIS - title.mp3,"sem erro de leitura; metadata GOOD; título HIGH; artista HIGH; sem cover; bitrate 128 kbps; sample rate 44100 Hz; desempate final por relative_path",128000,44100,false,GOOD
22 ROBERTA MIRANDA/11 - ROBERTA MIRANDA AS 20 MAIS - 11-SEU AMOR AINDA É TUDO - title.mp3,adb533610de9ee4e2c1b369d6697cdaa9c373f79c4a5d368cf195fb7678e23ca,IMPORT,preserved,,22 ROBERTA MIRANDA/11 - ROBERTA MIRANDA AS 20 MAIS - 11-SEU AMOR AINDA É TUDO - title.mp3,"sem erro de leitura; metadata GOOD; título HIGH; artista HIGH; sem cover; bitrate 128 kbps; sample rate 44100 Hz; desempate final por relative_path",128000,44100,false,GOOD
22 ROBERTA MIRANDA/12 - ROBERTA MIRANDA AS 20 MAIS - 12-TINHA QUE ACONTECER - title.mp3,02c992896fc2aedbd22db7a63da41030ae03bc28140ff64586c96456093e6e55,IMPORT,preserved,,22 ROBERTA MIRANDA/12 - ROBERTA MIRANDA AS 20 MAIS - 12-TINHA QUE ACONTECER - title.mp3,"sem erro de leitura; metadata GOOD; título HIGH; artista HIGH; sem cover; bitrate 128 kbps; sample rate 44100 Hz; desempate final por relative_path",128000,44100,false,GOOD
"22 ROBERTA MIRANDA/13 - ROBERTA MIRANDA AS 20 MAIS - 13-CABECINHA NO OMBRO, part. fagner - title.mp3",6025e5b347c750d5fabd62fbd26d01571f1d8404275c78df9c352af0e33ab486,IMPORT,preserved,,"22 ROBERTA MIRANDA/13 - ROBERTA MIRANDA AS 20 MAIS - 13-CABECINHA NO OMBRO, part. fagner - title.mp3","sem erro de leitura; metadata GOOD; título HIGH; artista HIGH; sem cover; bitrate 128 kbps; sample rate 44100 Hz; desempate final por relative_path",128000,44100,false,GOOD
22 ROBERTA MIRANDA/14 - ROBERTA MIRANDA AS 20 MAIS - 14-TUDO EM VOCÊ ME ATRAI - title.mp3,694d0dc5ea3b8678d8a2bd0f23abd4656338d17fbaca3645a9322a12488b0267,IMPORT,preserved,,22 ROBERTA MIRANDA/14 - ROBERTA MIRANDA AS 20 MAIS - 14-TUDO EM VOCÊ ME ATRAI - title.mp3,"sem erro de leitura; metadata GOOD; título HIGH; artista HIGH; sem cover; bitrate 128 kbps; sample rate 44100 Hz; desempate final por relative_path",128000,44100,false,GOOD
22 ROBERTA MIRANDA/15 - ROBERTA MIRANDA AS 20 MAIS - 15-MARCAS - title.mp3,86f4363d7ea3d2529b30f314fab00e79a9703ed31bd7622653a7f28db37f2b1d,IMPORT,preserved,,22 ROBERTA MIRANDA/15 - ROBERTA MIRANDA AS 20 MAIS - 15-MARCAS - title.mp3,"sem erro de leitura; metadata GOOD; título HIGH; artista HIGH; sem cover; bitrate 128 kbps; sample rate 44100 Hz; desempate final por relative_path",128000,44100,false,GOOD
22 ROBERTA MIRANDA/16 - ROBERTA MIRANDA AS 20 MAIS - 16-QUE AMOR É ESSE - title.mp3,23816fda5eacc6f9e2b3cfa5f30e5c0d0cac770c4347f990c95704a12a04f7a7,IMPORT,preserved,,22 ROBERTA MIRANDA/16 - ROBERTA MIRANDA AS 20 MAIS - 16-QUE AMOR É ESSE - title.mp3,"sem erro de leitura; metadata GOOD; título HIGH; artista HIGH; sem cover; bitrate 128 kbps; sample rate 44100 Hz; desempate final por relative_path",128000,44100,false,GOOD
22 ROBERTA MIRANDA/17 - ROBERTA MIRANDA AS 20 MAIS - 17-NA HORA 'H' - title.mp3,ee8a30e8ea777b1db963e3b0c96b492069ee3776cc904dd9f7552d2f859d4c56,IMPORT,preserved,,22 ROBERTA MIRANDA/17 - ROBERTA MIRANDA AS 20 MAIS - 17-NA HORA 'H' - title.mp3,"sem erro de leitura; metadata GOOD; título HIGH; artista HIGH; sem cover; bitrate 128 kbps; sample rate 44100 Hz; desempate final por relative_path",128000,44100,false,GOOD
22 ROBERTA MIRANDA/18 - ROBERTA MIRANDA AS 20 MAIS - 18-MEUS MOMENTOS - title.mp3,debbf43f7a4549c771d382228869b6f7580de0bbbb19ffe3775bc928f519e7db,IMPORT,preserved,,22 ROBERTA MIRANDA/18 - ROBERTA MIRANDA AS 20 MAIS - 18-MEUS MOMENTOS - title.mp3,"sem erro de leitura; metadata GOOD; título HIGH; artista HIGH; sem cover; bitrate 128 kbps; sample rate 44100 Hz; desempate final por relative_path",128000,44100,false,GOOD
22 ROBERTA MIRANDA/19 - ROBERTA MIRANDA AS 20 MAIS - 19-DIA ' D ' - title.mp3,ff5d1e1437ab9b0b96515f49bc91e5ae0c6a43449c6946808ffed9be4dd2ba03,IMPORT,preserved,,22 ROBERTA MIRANDA/19 - ROBERTA MIRANDA AS 20 MAIS - 19-DIA ' D ' - title.mp3,"sem erro de leitura; metadata GOOD; título HIGH; artista HIGH; sem cover; bitrate 128 kbps; sample rate 44100 Hz; desempate final por relative_path",128000,44100,false,GOOD
"22 ROBERTA MIRANDA/20 - ROBERTA MIRANDA AS 20 MAIS - 20-EU TE AMO, TE AMO TE AMO - title.mp3",34e04e5c516dccb0ec12309553e935f05a5e74cfd9118fed8e29f4ebb010c156,IMPORT,preserved,,"22 ROBERTA MIRANDA/20 - ROBERTA MIRANDA AS 20 MAIS - 20-EU TE AMO, TE AMO TE AMO - title.mp3","sem erro de leitura; metadata GOOD; título HIGH; artista HIGH; sem cover; bitrate 128 kbps; sample rate 44100 Hz; desempate final por relative_path",128000,44100,false,GOOD
22 ROBERTA MIRANDA/21 - ROBERTA MIRANDA AS 20 MAIS - 21-É AMOR DEMAIS - title.mp3,71c486fae63cf939f006a19896dcf43edcf5300238d35373fab1b9922413764d,IMPORT,preserved,,22 ROBERTA MIRANDA/21 - ROBERTA MIRANDA AS 20 MAIS - 21-É AMOR DEMAIS - title.mp3,"sem erro de leitura; metadata GOOD; título HIGH; artista HIGH; sem cover; bitrate 128 kbps; sample rate 44100 Hz; desempate final por relative_path",128000,44100,false,GOOD
22 ROBERTA MIRANDA/22 - ROBERTA MIRANDA AS 20 MAIS - 22-MÁSCARA - title.mp3,2820e7b8c8e3abe3667d0f2bb93c2a44f0a74e34f89809fbf52ce53dab7dcb99,IMPORT,preserved,,22 ROBERTA MIRANDA/22 - ROBERTA MIRANDA AS 20 MAIS - 22-MÁSCARA - title.mp3,"sem erro de leitura; metadata GOOD; título HIGH; artista HIGH; sem cover; bitrate 128 kbps; sample rate 44100 Hz; desempate final por relative_path",128000,44100,false,GOOD
3 CEZAR MENOTI&FABIANO/01 - César Menotti e Fabiano - Memórias.mp3,01cd4aaf86d8e32e0e90f07fe48c27f65fd4b30d991e927f2614cf11fc46fe53,IMPORT,preserved,,3 CEZAR MENOTI&FABIANO/01 - César Menotti e Fabiano - Memórias.mp3,"sem erro de leitura; metadata INFERRED; título HIGH; artista HIGH; cover presente; bitrate 320 kbps; sample rate 44100 Hz; desempate final por relative_path",320000,44100,true,INFERRED
3 CEZAR MENOTI&FABIANO/01 - César Menotti e Fabiano - Pout Pourri - Hoje Eu Sei - Preciso Te Encontrar.mp3,1f34c19552c47a8851d4ad611126daf4208d44a9c5a185aeccc0ef143acb013b,IMPORT,preserved,,3 CEZAR MENOTI&FABIANO/01 - César Menotti e Fabiano - Pout Pourri - Hoje Eu Sei - Preciso Te Encontrar.mp3,"sem erro de leitura; metadata INFERRED; título HIGH; artista HIGH; cover presente; bitrate 320 kbps; sample rate 44100 Hz; desempate final por relative_path",320000,44100,true,INFERRED
3 CEZAR MENOTI&FABIANO/02 - César Menotti e Fabiano - Outra Vez Por Amor.mp3,0451729a3150eef048ea679eef833672f2b68cf789269cc37de51067eff8a0a9,IMPORT,preserved,,3 CEZAR MENOTI&FABIANO/02 - César Menotti e Fabiano - Outra Vez Por Amor.mp3,"sem erro de leitura; metadata INFERRED; título HIGH; artista HIGH; cover presente; bitrate 320 kbps; sample rate 44100 Hz; desempate final por relative_path",320000,44100,true,INFERRED
3 CEZAR MENOTI&FABIANO/02 - César Menotti e Fabiano - Pout Pourri - Chora Peito - Ausência.mp3,ce6f98914c9fe90d020d76e2b1f8e55fe4984a3fb7bd49addf7e15bad8523d09,IMPORT,preserved,,3 CEZAR MENOTI&FABIANO/02 - César Menotti e Fabiano - Pout Pourri - Chora Peito - Ausência.mp3,"sem erro de leitura; metadata INFERRED; título HIGH; artista HIGH; cover presente; bitrate 320 kbps; sample rate 44100 Hz; desempate final por relative_path",320000,44100,true,INFERRED
3 CEZAR MENOTI&FABIANO/03 - César Menotti e Fabiano - Pout Pourri - Faz Ela Feliz - Você Ainda Vai Voltar.mp3,6783d45067caf2cea6fe6717c5c14d3a9eb9980ac3057c569213d59206f135e5,IMPORT,preserved,,3 CEZAR MENOTI&FABIANO/03 - César Menotti e Fabiano - Pout Pourri - Faz Ela Feliz - Você Ainda Vai Voltar.mp3,"sem erro de leitura; metadata INFERRED; título HIGH; artista HIGH; cover presente; bitrate 320 kbps; sample rate 44100 Hz; desempate final por relative_path",320000,44100,true,INFERRED
3 CEZAR MENOTI&FABIANO/03 - César Menotti e Fabiano Part. Tio Alalino - Pout Pourri - Espinhos Da Vida - Pedaço De Minha.mp3,6be09f4f155c14af2c3bcb835b1c9f2a9e0e34823755152c84af391a4d7244a2,IMPORT,preserved,,3 CEZAR MENOTI&FABIANO/03 - César Menotti e Fabiano Part. Tio Alalino - Pout Pourri - Espinhos Da Vida - Pedaço De Minha.mp3,"sem erro de leitura; metadata INFERRED; título HIGH; artista HIGH; cover presente; bitrate 320 kbps; sample rate 44100 Hz; desempate final por relative_path",320000,44100,true,INFERRED
3 CEZAR MENOTI&FABIANO/04 - César Menotti e Fabiano - Meus Pedaços.mp3,da0a0ac1181362e97a5fe20f848bac00b563b82ca74c9545eafe20dbc49664ff,IMPORT,preserved,,3 CEZAR MENOTI&FABIANO/04 - César Menotti e Fabiano - Meus Pedaços.mp3,"sem erro de leitura; metadata INFERRED; título HIGH; artista HIGH; cover presente; bitrate 320 kbps; sample rate 44100 Hz; desempate final por relative_path",320000,44100,true,INFERRED
3 CEZAR MENOTI&FABIANO/04 - César Menotti e Fabiano - Nuvem De Lágrimas.mp3,3130e060b96c6752eb26d0fa707ec51f2f741e6969d790fc8adbecad9dfbfb12,IMPORT,preserved,,3 CEZAR MENOTI&FABIANO/04 - César Menotti e Fabiano - Nuvem De Lágrimas.mp3,"sem erro de leitura; metadata INFERRED; título HIGH; artista HIGH; cover presente; bitrate 320 kbps; sample rate 44100 Hz; desempate final por relative_path",320000,44100,true,INFERRED
3 CEZAR MENOTI&FABIANO/05 - César Menotti e Fabiano - De Igual Pra Igual.mp3,2cd635438ae6f6e02db5269f265324be6cc6f4328ff3b4f0677707e1ac36ef0d,IMPORT,preserved,,3 CEZAR MENOTI&FABIANO/05 - César Menotti e Fabiano - De Igual Pra Igual.mp3,"sem erro de leitura; metadata INFERRED; título HIGH; artista HIGH; cover presente; bitrate 320 kbps; sample rate 44100 Hz; desempate final por relative_path",320000,44100,true,INFERRED
3 CEZAR MENOTI&FABIANO/05 - César Menotti e Fabiano - Leão Domado.mp3,f8e9452aba84d89c6a0e3483808390ba84361f3ee1a95d0be4d7fe620af6c4ee,IMPORT,preserved,,3 CEZAR MENOTI&FABIANO/05 - César Menotti e Fabiano - Leão Domado.mp3,"sem erro de leitura; metadata INFERRED; título HIGH; artista HIGH; cover presente; bitrate 320 kbps; sample rate 44100 Hz; desempate final por relative_path",320000,44100,true,INFERRED
3 CEZAR MENOTI&FABIANO/06 - César Menotti e Fabiano - Fim De Noite.mp3,9d9f335320ce14676f92b90d380212d18a0ebfdc995978443ac31552969e5c31,IMPORT,preserved,,3 CEZAR MENOTI&FABIANO/06 - César Menotti e Fabiano - Fim De Noite.mp3,"sem erro de leitura; metadata INFERRED; título HIGH; artista HIGH; cover presente; bitrate 320 kbps; sample rate 44100 Hz; desempate final por relative_path",320000,44100,true,INFERRED
3 CEZAR MENOTI&FABIANO/06 - César Menotti e Fabiano - Me Mata De Uma Vez.mp3,fc70c4c23e4f4d753372b455d962a905a66ab6ace6c0b6ef014c148ef96042af,IMPORT,preserved,,3 CEZAR MENOTI&FABIANO/06 - César Menotti e Fabiano - Me Mata De Uma Vez.mp3,"sem erro de leitura; metadata INFERRED; título HIGH; artista HIGH; cover presente; bitrate 320 kbps; sample rate 44100 Hz; desempate final por relative_path",320000,44100,true,INFERRED
3 CEZAR MENOTI&FABIANO/07 - César Menotti e Fabiano - Cara Ou Coroa.mp3,083008f286bcb907505d669471d9a6e09f224ec7a7373ef2da8dfab8c193c538,IMPORT,preserved,,3 CEZAR MENOTI&FABIANO/07 - César Menotti e Fabiano - Cara Ou Coroa.mp3,"sem erro de leitura; metadata INFERRED; título HIGH; artista HIGH; cover presente; bitrate 320 kbps; sample rate 44100 Hz; desempate final por relative_path",320000,44100,true,INFERRED
3 CEZAR MENOTI&FABIANO/07 - César Menotti e Fabiano - Pout Pourri - Seu Amor Ainda é Tudo - Ainda Ontem Chorei De Saudad.mp3,9788ce37c46093909bcf4f240b48ab4d6e47293bd449fdfbf4f1b61db08ddc67,IMPORT,preserved,,3 CEZAR MENOTI&FABIANO/07 - César Menotti e Fabiano - Pout Pourri - Seu Amor Ainda é Tudo - Ainda Ontem Chorei De Saudad.mp3,"sem erro de leitura; metadata INFERRED; título HIGH; artista HIGH; cover presente; bitrate 320 kbps; sample rate 44100 Hz; desempate final por relative_path",320000,44100,true,INFERRED
3 CEZAR MENOTI&FABIANO/08 - César Menotti e Fabiano - De Carona Com a Saudade.mp3,75eacc39a3fb9c0bb01a8b2164d2be1096d2b85446aba7c0736458326fb7d989,IMPORT,preserved,,3 CEZAR MENOTI&FABIANO/08 - César Menotti e Fabiano - De Carona Com a Saudade.mp3,"sem erro de leitura; metadata INFERRED; título HIGH; artista HIGH; cover presente; bitrate 320 kbps; sample rate 44100 Hz; desempate final por relative_path",320000,44100,true,INFERRED
3 CEZAR MENOTI&FABIANO/08 - César Menotti e Fabiano - Deixa Eu Te Amar Por Favor.mp3,a160d3693edb4f71b1812a2cd209f526d07f55529da678675d04544b9cd5fd2d,IMPORT,preserved,,3 CEZAR MENOTI&FABIANO/08 - César Menotti e Fabiano - Deixa Eu Te Amar Por Favor.mp3,"sem erro de leitura; metadata INFERRED; título HIGH; artista HIGH; cover presente; bitrate 320 kbps; sample rate 44100 Hz; desempate final por relative_path",320000,44100,true,INFERRED
3 CEZAR MENOTI&FABIANO/09 - César Menotti e Fabiano - Brincar De Ser Feliz.mp3,c4d7c98d8a8035f7a4e28316986f48aa5f1261fb433cc90b2b10e4cfc6cdc8b5,IMPORT,preserved,,3 CEZAR MENOTI&FABIANO/09 - César Menotti e Fabiano - Brincar De Ser Feliz.mp3,"sem erro de leitura; metadata INFERRED; título HIGH; artista HIGH; cover presente; bitrate 320 kbps; sample rate 44100 Hz; desempate final por relative_path",320000,44100,true,INFERRED
3 CEZAR MENOTI&FABIANO/09 - César Menotti e Fabiano - Pout Pourri - Esperando Você Chegar - São Tantas Coisas.mp3,a01ea9fad6340c8f8240892c4c2ae353171099e9a2fbb05900483eb5fb9ccc8f,IMPORT,preserved,,3 CEZAR MENOTI&FABIANO/09 - César Menotti e Fabiano - Pout Pourri - Esperando Você Chegar - São Tantas Coisas.mp3,"sem erro de leitura; metadata INFERRED; título HIGH; artista HIGH; cover presente; bitrate 320 kbps; sample rate 44100 Hz; desempate final por relative_path",320000,44100,true,INFERRED
3 CEZAR MENOTI&FABIANO/10 - César Menotti e Fabiano - Sonhei Com Você.mp3,13e090f83af9f934352fdb090dd0f419530176875c4355487cf8b1805cf5fc46,IMPORT,preserved,,3 CEZAR MENOTI&FABIANO/10 - César Menotti e Fabiano - Sonhei Com Você.mp3,"sem erro de leitura; metadata INFERRED; título HIGH; artista HIGH; cover presente; bitrate 320 kbps; sample rate 44100 Hz; desempate final por relative_path",320000,44100,true,INFERRED
3 CEZAR MENOTI&FABIANO/10 - César Menotti e Fabiano - Talismã.mp3,3122b1c212940b4d6a8282c15c95c32ef2fe4ad1c812b7ba0495aa466844e2ac,IMPORT,preserved,,3 CEZAR MENOTI&FABIANO/10 - César Menotti e Fabiano - Talismã.mp3,"sem erro de leitura; metadata INFERRED; título HIGH; artista HIGH; cover presente; bitrate 320 kbps; sample rate 44100 Hz; desempate final por relative_path",320000,44100,true,INFERRED
3 CEZAR MENOTI&FABIANO/11 - César Menotti e Fabiano - Pout Pourri - Diz Pra Mim - Só Quem Amou Demais.mp3,8988d4e6df15a1c56928d09efb2223d8ee090ae4ffc680b556458b4c2c518bd3,IMPORT,preserved,,3 CEZAR MENOTI&FABIANO/11 - César Menotti e Fabiano - Pout Pourri - Diz Pra Mim - Só Quem Amou Demais.mp3,"sem erro de leitura; metadata INFERRED; título HIGH; artista HIGH; cover presente; bitrate 320 kbps; sample rate 44100 Hz; desempate final por relative_path",320000,44100,true,INFERRED
3 CEZAR MENOTI&FABIANO/11 - César Menotti e Fabiano Part. Tia Neiva - Camisa Branca.mp3,6af68f1b997c02e60e9a78089e5818de480ad66e019200bfca105f5c043afc87,IMPORT,preserved,,3 CEZAR MENOTI&FABIANO/11 - César Menotti e Fabiano Part. Tia Neiva - Camisa Branca.mp3,"sem erro de leitura; metadata INFERRED; título HIGH; artista HIGH; cover presente; bitrate 320 kbps; sample rate 44100 Hz; desempate final por relative_path",320000,44100,true,INFERRED
3 CEZAR MENOTI&FABIANO/12 - César Menotti e Fabiano - Amanhã.mp3,6a18395240756c29122b035bb85784fe0d2f3981d714fba438246a119ae21aa5,IMPORT,preserved,,3 CEZAR MENOTI&FABIANO/12 - César Menotti e Fabiano - Amanhã.mp3,"sem erro de leitura; metadata INFERRED; título HIGH; artista HIGH; cover presente; bitrate 320 kbps; sample rate 44100 Hz; desempate final por relative_path",320000,44100,true,INFERRED
3 CEZAR MENOTI&FABIANO/12 - César Menotti e Fabiano - Pedacinhos.mp3,b2daf56911d2870b0fe55a0e3f59dc0e08862f5fb8a92a4baec8122f32b83d2a,IMPORT,preserved,,3 CEZAR MENOTI&FABIANO/12 - César Menotti e Fabiano - Pedacinhos.mp3,"sem erro de leitura; metadata INFERRED; título HIGH; artista HIGH; cover presente; bitrate 320 kbps; sample rate 44100 Hz; desempate final por relative_path",320000,44100,true,INFERRED
3 CEZAR MENOTI&FABIANO/13 - César Menotti e Fabiano - No Rancho Fundo.mp3,af4c6ce15f5b00499491c9e2f0b6dff9596b0be8a127324435c2cffa263cd9f5,IMPORT,preserved,,3 CEZAR MENOTI&FABIANO/13 - César Menotti e Fabiano - No Rancho Fundo.mp3,"sem erro de leitura; metadata INFERRED; título HIGH; artista HIGH; cover presente; bitrate 320 kbps; sample rate 44100 Hz; desempate final por relative_path",320000,44100,true,INFERRED
3 CEZAR MENOTI&FABIANO/13 - César Menotti e Fabiano - Tranque a Porta e Me Beija.mp3,845307f864aff2296b3a93ad0b1d57e5ce433a25f374aed86dd3906807861182,IMPORT,preserved,,3 CEZAR MENOTI&FABIANO/13 - César Menotti e Fabiano - Tranque a Porta e Me Beija.mp3,"sem erro de leitura; metadata INFERRED; título HIGH; artista HIGH; cover presente; bitrate 320 kbps; sample rate 44100 Hz; desempate final por relative_path",320000,44100,true,INFERRED
3 CEZAR MENOTI&FABIANO/14 - César Menotti e Fabiano - Filho Pródigo.mp3,06d9f828c5afe14fa9f8989b7f3160ac2c30720248cb1c0ee9b22714c34aff52,IMPORT,preserved,,3 CEZAR MENOTI&FABIANO/14 - César Menotti e Fabiano - Filho Pródigo.mp3,"sem erro de leitura; metadata INFERRED; título HIGH; artista HIGH; cover presente; bitrate 320 kbps; sample rate 44100 Hz; desempate final por relative_path",320000,44100,true,INFERRED
3 CEZAR MENOTI&FABIANO/14 - César Menotti e Fabiano - O Último Julgamento.mp3,b2aafbfc027ea2e81d3f4afb99f6f9c7053c78122d81e3a7286f6a213518c9de,IMPORT,preserved,,3 CEZAR MENOTI&FABIANO/14 - César Menotti e Fabiano - O Último Julgamento.mp3,"sem erro de leitura; metadata INFERRED; título HIGH; artista HIGH; cover presente; bitrate 320 kbps; sample rate 44100 Hz; desempate final por relative_path",320000,44100,true,INFERRED
3 MODAO PORTA DE BUTECO/01-Do outro lado da cidade - Guilherme & Santiago (Part Zeze & Luciano).mp3,51ad3adde594fcf36c7552d62bc5e1d9ec7587a72a920d57a7bba89528836216,IMPORT,preserved,,3 MODAO PORTA DE BUTECO/01-Do outro lado da cidade - Guilherme & Santiago (Part Zeze & Luciano).mp3,"sem erro de leitura; metadata GOOD; título HIGH; artista HIGH; sem cover; bitrate 128 kbps; sample rate 44100 Hz; desempate final por relative_path",128000,44100,false,GOOD
3 MODAO PORTA DE BUTECO/01-POUTI POURRI VITOR E LEO.mp3,28c5c9084942c1b92ad40102f5906523229d892451b635a6b063900a660bca53,IMPORT,preserved,,3 MODAO PORTA DE BUTECO/01-POUTI POURRI VITOR E LEO.mp3,"sem erro de leitura; metadata GOOD; título HIGH; artista HIGH; sem cover; bitrate 128 kbps; sample rate 44100 Hz; desempate final por relative_path",128000,44100,false,GOOD
3 MODAO PORTA DE BUTECO/02-Dia Dos Namorados (Part. Esp-. Eduardo Costa).mp3,0d14976460d831b77073a8784504c71d55abb76f27c1208008ad05a07eafe4f8,IMPORT,likely_duplicate_representative,72,3 MODAO PORTA DE BUTECO/02-Dia Dos Namorados (Part. Esp-. Eduardo Costa).mp3,"sem erro de leitura; metadata GOOD; título HIGH; artista HIGH; sem cover; bitrate 128 kbps; sample rate 44100 Hz; desempate final por relative_path",128000,44100,false,GOOD
3 MODAO PORTA DE BUTECO/02-Vou beber de novo_Renan e Ray.mp3,f6f8f1a8aacf6c0813dd729a8751d157d6f543af2014c75f746934d41a7c34fc,IMPORT,preserved,,3 MODAO PORTA DE BUTECO/02-Vou beber de novo_Renan e Ray.mp3,"sem erro de leitura; metadata GOOD; título HIGH; artista HIGH; sem cover; bitrate 128 kbps; sample rate 44100 Hz; desempate final por relative_path",128000,44100,false,GOOD
3 MODAO PORTA DE BUTECO/03-Coração está em pedaços.mp3,78138763ba953f16205df252aeb0a96dcf58cdb544e6209cf6256d20e2053817,IMPORT,preserved,,3 MODAO PORTA DE BUTECO/03-Coração está em pedaços.mp3,"sem erro de leitura; metadata GOOD; título HIGH; artista HIGH; sem cover; bitrate 128 kbps; sample rate 44100 Hz; desempate final por relative_path",128000,44100,false,GOOD
"3 MODAO PORTA DE BUTECO/03-Hoje eu sei, Agenda Rabiscada, Coraçao na Contra Mão.mp3",9235ebb2bc594dc56760218a9490aa216d87f539fb28939530357436594c8b2c,IMPORT,preserved,,"3 MODAO PORTA DE BUTECO/03-Hoje eu sei, Agenda Rabiscada, Coraçao na Contra Mão.mp3","sem erro de leitura; metadata NEEDS_REVIEW; título HIGH; artista LOW; sem cover; bitrate 192 kbps; sample rate 44100 Hz; desempate final por relative_path",192000,44100,false,NEEDS_REVIEW
3 MODAO PORTA DE BUTECO/04-bebo e choro Nando moreno.mp3,68449c721d90d8c4f7a46ca346e2be99b6510247590080861ab8b307d25fb51f,IMPORT,preserved,,3 MODAO PORTA DE BUTECO/04-bebo e choro Nando moreno.mp3,"sem erro de leitura; metadata NEEDS_REVIEW; título MEDIUM; artista LOW; sem cover; bitrate 192 kbps; sample rate 44100 Hz; desempate final por relative_path",192000,44100,false,NEEDS_REVIEW
3 MODAO PORTA DE BUTECO/04-Como te esquecer.mp3,79a56d04c13983f977962a57394752b661378e7c0fdcaeba069992ff6d127ef3,IMPORT,preserved,,3 MODAO PORTA DE BUTECO/04-Como te esquecer.mp3,"sem erro de leitura; metadata GOOD; título HIGH; artista HIGH; sem cover; bitrate 128 kbps; sample rate 44100 Hz; desempate final por relative_path",128000,44100,false,GOOD
3 MODAO PORTA DE BUTECO/05 - Entre amigo e Whisky.mp3,15dd7813e31eea2c5fff8b9403930f782c4b242fca646bf3973596708c0f1c45,IMPORT,preserved,,3 MODAO PORTA DE BUTECO/05 - Entre amigo e Whisky.mp3,"sem erro de leitura; metadata GOOD; título HIGH; artista HIGH; cover presente; bitrate 128 kbps; sample rate 44100 Hz; desempate final por relative_path",128000,44100,true,GOOD
3 MODAO PORTA DE BUTECO/05-Chore No Meu Ombro - Hugo e thiago.mp3,9b3650d1eb4d03aa628837c9a39567e27f1d9821a80f27cfc3f1584372ab28c5,IMPORT,preserved,,3 MODAO PORTA DE BUTECO/05-Chore No Meu Ombro - Hugo e thiago.mp3,"sem erro de leitura; metadata INFERRED; título HIGH; artista HIGH; cover presente; bitrate 192 kbps; sample rate 44100 Hz; desempate final por relative_path",192000,44100,true,INFERRED
3 MODAO PORTA DE BUTECO/06- Faixa 2.mp3,9eb4a8597470162a06bca28d89ee2b7c035122703e96b2d946990cc3e258c6e8,IMPORT,preserved,,3 MODAO PORTA DE BUTECO/06- Faixa 2.mp3,"sem erro de leitura; metadata NEEDS_REVIEW; título MEDIUM; artista LOW; sem cover; bitrate 192 kbps; sample rate 44100 Hz; desempate final por relative_path",192000,44100,false,NEEDS_REVIEW
3 MODAO PORTA DE BUTECO/06-Aviao das nove.mp3,83bc506e8a02492b14ef22e5c0811de2f30d9e9f9c84a6e6da39b672a4f6aac6,IMPORT,preserved,,3 MODAO PORTA DE BUTECO/06-Aviao das nove.mp3,"sem erro de leitura; metadata GOOD; título HIGH; artista HIGH; cover presente; bitrate 128 kbps; sample rate 44100 Hz; desempate final por relative_path",128000,44100,true,GOOD
3 MODAO PORTA DE BUTECO/07-amor e paixao romes e carlinhos.mp3,9c28e86b7363e9b75e9bab573c7e33b50a4d61a5d7f0275a31868a569304b0aa,IMPORT,preserved,,3 MODAO PORTA DE BUTECO/07-amor e paixao romes e carlinhos.mp3,"sem erro de leitura; metadata NEEDS_REVIEW; título HIGH; artista LOW; sem cover; bitrate 128 kbps; sample rate 44100 Hz; desempate final por relative_path",128000,44100,false,NEEDS_REVIEW
3 MODAO PORTA DE BUTECO/07-Carisma Teodoro e sampaio .mp3,9bd61cf8c05190c74ea9d1e383574e4b8472f26cc218a5e9e6d55758d8d997e9,IMPORT,preserved,,3 MODAO PORTA DE BUTECO/07-Carisma Teodoro e sampaio .mp3,"sem erro de leitura; metadata GOOD; título HIGH; artista HIGH; sem cover; bitrate 128 kbps; sample rate 44100 Hz; desempate final por relative_path",128000,44100,false,GOOD
3 MODAO PORTA DE BUTECO/08-Cada Qual Tem seu Valor.mp3,c8653cbdb579a84007199c3bb09cf3a5b185019a3802e1087448b4bd29073446,IMPORT,preserved,,3 MODAO PORTA DE BUTECO/08-Cada Qual Tem seu Valor.mp3,"sem erro de leitura; metadata NEEDS_REVIEW; título MEDIUM; artista LOW; sem cover; bitrate 128 kbps; sample rate 44100 Hz; desempate final por relative_path",128000,44100,false,NEEDS_REVIEW
3 MODAO PORTA DE BUTECO/09- Quando a saudade aperta.mp3,51cc41892903d00f57b7a5f1cab572fd9396a0316e0ad29922181f40daaf344b,IMPORT,preserved,,3 MODAO PORTA DE BUTECO/09- Quando a saudade aperta.mp3,"sem erro de leitura; metadata GOOD; título HIGH; artista HIGH; sem cover; bitrate 128 kbps; sample rate 44100 Hz; desempate final por relative_path",128000,44100,false,GOOD
3 MODAO PORTA DE BUTECO/09-Camisa manchada.mp3,b0bcf8a7338ebc9949ff19d367e0256e516f8ebb467baadde47f7a71d69e60c1,IMPORT,preserved,,3 MODAO PORTA DE BUTECO/09-Camisa manchada.mp3,"sem erro de leitura; metadata GOOD; título HIGH; artista HIGH; sem cover; bitrate 128 kbps; sample rate 44100 Hz; desempate final por relative_path",128000,44100,false,GOOD
3 MODAO PORTA DE BUTECO/10-Amor distante Gino e geno .mp3,2519ade7d2100e8129569e9fd48302f9fe0329902a238fe6a93c3c13da212e6b,IMPORT,preserved,,3 MODAO PORTA DE BUTECO/10-Amor distante Gino e geno .mp3,"sem erro de leitura; metadata GOOD; título HIGH; artista HIGH; cover presente; bitrate 128 kbps; sample rate 44100 Hz; desempate final por relative_path",128000,44100,true,GOOD
3 MODAO PORTA DE BUTECO/10-Culpados.mp3,25445637945c287f443ebfd21c0851c650ee72c6b08dc45bf1d1c5919af06dee,IMPORT,preserved,,3 MODAO PORTA DE BUTECO/10-Culpados.mp3,"sem erro de leitura; metadata NEEDS_REVIEW; título MEDIUM; artista LOW; sem cover; bitrate 128 kbps; sample rate 44100 Hz; desempate final por relative_path",128000,44100,false,NEEDS_REVIEW
3 MODAO PORTA DE BUTECO/11- uma vez por mes.mp3,9566f8b8aaa6ec9fb10d99b8cfa5c9b7fb5c0f64044f61e8af6b57ac43c07479,IMPORT,preserved,,3 MODAO PORTA DE BUTECO/11- uma vez por mes.mp3,"sem erro de leitura; metadata GOOD; título HIGH; artista HIGH; sem cover; bitrate 128 kbps; sample rate 44100 Hz; desempate final por relative_path",128000,44100,false,GOOD
3 MODAO PORTA DE BUTECO/11-Cachoeira De Prantos.mp3,780665c76310aedd46c6849b64995f0e706b2672c4a1eacc501939bc95b79005,IMPORT,likely_duplicate_representative,73,3 MODAO PORTA DE BUTECO/11-Cachoeira De Prantos.mp3,"sem erro de leitura; metadata GOOD; título HIGH; artista HIGH; sem cover; bitrate 128 kbps; sample rate 44100 Hz; desempate final por relative_path",128000,44100,false,GOOD
3 MODAO PORTA DE BUTECO/12- Deus me livre.mp3,49f22a047852000be3241ce95a74e88f4c5d8bf394046fb1c34c6ebd910b9960,IMPORT,preserved,,3 MODAO PORTA DE BUTECO/12- Deus me livre.mp3,"sem erro de leitura; metadata GOOD; título HIGH; artista HIGH; cover presente; bitrate 128 kbps; sample rate 44100 Hz; desempate final por relative_path",128000,44100,true,GOOD
3 MODAO PORTA DE BUTECO/13-Ao Trem Bão.mp3,eb641683258f2b9164f0d82f49c4647447452e18eb67a2947ee32f3041a1482b,IMPORT,preserved,,3 MODAO PORTA DE BUTECO/13-Ao Trem Bão.mp3,"sem erro de leitura; metadata GOOD; título HIGH; artista HIGH; sem cover; bitrate 128 kbps; sample rate 44100 Hz; desempate final por relative_path",128000,44100,false,GOOD
3 MODAO PORTA DE BUTECO/13-CHRYSTIAN E RALF - DE CARA CHEIA.mp3,2a6cd81a1370660291c4db292c655dc0b585821c90b4e9738a0a3f891bd90040,IMPORT,preserved,,3 MODAO PORTA DE BUTECO/13-CHRYSTIAN E RALF - DE CARA CHEIA.mp3,"sem erro de leitura; metadata INFERRED; título HIGH; artista HIGH; sem cover; bitrate 128 kbps; sample rate 44100 Hz; desempate final por relative_path",128000,44100,false,INFERRED
3 MODAO PORTA DE BUTECO/14- Hoje nao e nosso dia.mp3,91dd99db5f47e159fc7500a9723009ed16bec930a064a06b303429adc5f4d9a4,IMPORT,preserved,,3 MODAO PORTA DE BUTECO/14- Hoje nao e nosso dia.mp3,"sem erro de leitura; metadata GOOD; título HIGH; artista HIGH; cover presente; bitrate 128 kbps; sample rate 44100 Hz; desempate final por relative_path",128000,44100,true,GOOD
3 MODAO PORTA DE BUTECO/14-A Dois Graus.mp3,e52bcb562a64794b8adff431bb1389ad93593e9c6e391d47da7c28e90a0a327c,IMPORT,preserved,,3 MODAO PORTA DE BUTECO/14-A Dois Graus.mp3,"sem erro de leitura; metadata NEEDS_REVIEW; título MEDIUM; artista LOW; sem cover; bitrate 128 kbps; sample rate 44100 Hz; desempate final por relative_path",128000,44100,false,NEEDS_REVIEW
3 MODAO PORTA DE BUTECO/15-+a carta.mp3,58c65cdab960a87b4e83171d52f9a290b34d72ed1dbe33ccfcf508f25afcbce5,SKIP_LIKELY,likely_duplicate,19,00 - Modão de Buteco/01 a 20/02 - Milionário & José Rico - A Carta.mp3,"sem erro de leitura; metadata GOOD; título HIGH; artista HIGH; sem cover; bitrate 128 kbps; sample rate 44100 Hz; desempate final por relative_path",128000,44100,false,GOOD
3 MODAO PORTA DE BUTECO/15-ANDRE & ANDRADE - DEIXA AS AGUAS ROLAR.mp3,a1e80213943ab3dd3462a81a77d2f02e893608d62e40114edf1d95f3f3a7624f,IMPORT,preserved,,3 MODAO PORTA DE BUTECO/15-ANDRE & ANDRADE - DEIXA AS AGUAS ROLAR.mp3,"sem erro de leitura; metadata GOOD; título HIGH; artista HIGH; sem cover; bitrate 128 kbps; sample rate 44100 Hz; desempate final por relative_path",128000,44100,false,GOOD
3 MODAO PORTA DE BUTECO/16-Blusa vermelha.mp3,7ea74444b8e7ab49037bae049d285c77b1a8ce90094732a6f4cff6ceeafcf7a7,IMPORT,preserved,,3 MODAO PORTA DE BUTECO/16-Blusa vermelha.mp3,"sem erro de leitura; metadata GOOD; título HIGH; artista HIGH; sem cover; bitrate 128 kbps; sample rate 44100 Hz; desempate final por relative_path",128000,44100,false,GOOD
3 MODAO PORTA DE BUTECO/16-O BEIJO DO ADEUS.mp3,f9642e63ec5026488ddb8d017ab8e0ea52e6853492c5c0996919a4633133f13c,IMPORT,preserved,,3 MODAO PORTA DE BUTECO/16-O BEIJO DO ADEUS.mp3,"sem erro de leitura; metadata INFERRED; título MEDIUM; artista HIGH; sem cover; bitrate 128 kbps; sample rate 44100 Hz; desempate final por relative_path",128000,44100,false,INFERRED
3 MODAO PORTA DE BUTECO/17-24 horas de amor.mp3,97d701750adec01d716f0b720ce9d062bfea370a6504b0ff908a83a3903dd0a2,IMPORT,preserved,,3 MODAO PORTA DE BUTECO/17-24 horas de amor.mp3,"sem erro de leitura; metadata GOOD; título HIGH; artista HIGH; sem cover; bitrate 128 kbps; sample rate 44100 Hz; desempate final por relative_path",128000,44100,false,GOOD
3 MODAO PORTA DE BUTECO/17-Apaixonado por você.mp3,7e674dc0609cc916555fa5b5ce28034567a0203d9c733101bea0ca5ab77da830,IMPORT,preserved,,3 MODAO PORTA DE BUTECO/17-Apaixonado por você.mp3,"sem erro de leitura; metadata NEEDS_REVIEW; título HIGH; artista LOW; sem cover; bitrate 128 kbps; sample rate 44100 Hz; desempate final por relative_path",128000,44100,false,NEEDS_REVIEW
3 MODAO PORTA DE BUTECO/18-AudioTrack 08.mp3,f8064eabc1d3552648f9b073066fc71bdbfb7218019e038e41f935ca94cb581a,IMPORT,preserved,,3 MODAO PORTA DE BUTECO/18-AudioTrack 08.mp3,"sem erro de leitura; metadata GOOD; título HIGH; artista HIGH; sem cover; bitrate 128 kbps; sample rate 44100 Hz; desempate final por relative_path",128000,44100,false,GOOD
3 MODAO PORTA DE BUTECO/18-Me liga - Renan e ray .mp3,557ec79e80d18cbb2aded149205dc2ce23aedb02de3d35bddc6e1f5a694c0683,IMPORT,preserved,,3 MODAO PORTA DE BUTECO/18-Me liga - Renan e ray .mp3,"sem erro de leitura; metadata INFERRED; título HIGH; artista HIGH; sem cover; bitrate 192 kbps; sample rate 44100 Hz; desempate final por relative_path",192000,44100,false,INFERRED
3 MODAO PORTA DE BUTECO/19-Ainda Ontem Chorei De Saudade – César & Alessandro.mp3,8cdf14b885d171a1468d05db20d38703286c8b34ee93d93a76fba167bf876c0e,IMPORT,preserved,,3 MODAO PORTA DE BUTECO/19-Ainda Ontem Chorei De Saudade – César & Alessandro.mp3,"sem erro de leitura; metadata GOOD; título HIGH; artista HIGH; sem cover; bitrate 128 kbps; sample rate 44100 Hz; desempate final por relative_path",128000,44100,false,GOOD
3 MODAO PORTA DE BUTECO/19-Pout pourri.mp3,8510fb4d9d22877501a342e1924498f4049a1564a227d3b13f76444c7863834e,IMPORT,preserved,,3 MODAO PORTA DE BUTECO/19-Pout pourri.mp3,"sem erro de leitura; metadata INFERRED; título MEDIUM; artista HIGH; sem cover; bitrate 256 kbps; sample rate 44100 Hz; desempate final por relative_path",256000,44100,false,INFERRED
3 MODAO PORTA DE BUTECO/20- milionário & josé rico - solidão.mp3,4155017bab6071958ea9cdc5a4a5483cea136f646adcc93b98d69a5bbf9b3539,IMPORT,preserved,,3 MODAO PORTA DE BUTECO/20- milionário & josé rico - solidão.mp3,"sem erro de leitura; metadata GOOD; título HIGH; artista HIGH; sem cover; bitrate 128 kbps; sample rate 44100 Hz; desempate final por relative_path",128000,44100,false,GOOD
3 MODAO PORTA DE BUTECO/20-Amigo.mp3,1045f0bcb312e86bfcd7131ab5fb2d03daa7b04575851df08affc5759dc67fc8,IMPORT,preserved,,3 MODAO PORTA DE BUTECO/20-Amigo.mp3,"sem erro de leitura; metadata NEEDS_REVIEW; título HIGH; artista LOW; cover presente; bitrate 192 kbps; sample rate 44100 Hz; desempate final por relative_path",192000,44100,true,NEEDS_REVIEW
3 MODAO PORTA DE BUTECO/21-barco de papel.mp3,5d2c124775f17dd888ddf380e59d9753af21a2062127df07d0deb0587a7f63f6,IMPORT,preserved,,3 MODAO PORTA DE BUTECO/21-barco de papel.mp3,"sem erro de leitura; metadata GOOD; título HIGH; artista HIGH; sem cover; bitrate 128 kbps; sample rate 44100 Hz; desempate final por relative_path",128000,44100,false,GOOD
3 MODAO PORTA DE BUTECO/21-Se tiver coragem joga fora.mp3,01c5902f096dd3781c9ed92ad8ab78d5c67e803e35809247cc1be00ac7cc42cc,IMPORT,preserved,,3 MODAO PORTA DE BUTECO/21-Se tiver coragem joga fora.mp3,"sem erro de leitura; metadata INFERRED; título MEDIUM; artista HIGH; sem cover; bitrate 128 kbps; sample rate 44100 Hz; desempate final por relative_path",128000,44100,false,INFERRED
3 MODAO PORTA DE BUTECO/22-Alan e Aladim - Aprendiz do Amor.mp3,1c0d70d492dce75f064c9391e5a623288d2c2beacc98fc932f05af38f9ccd8f6,IMPORT,preserved,,3 MODAO PORTA DE BUTECO/22-Alan e Aladim - Aprendiz do Amor.mp3,"sem erro de leitura; metadata INFERRED; título HIGH; artista HIGH; sem cover; bitrate 128 kbps; sample rate 44100 Hz; desempate final por relative_path",128000,44100,false,INFERRED
3 MODAO PORTA DE BUTECO/22-BOEMIO DO COLARINHO BRANCO.mp3,da426a8bd7a47e3903262b23a3ad2a9a696ab2a5b384feb28145f754241c6eb1,IMPORT,preserved,,3 MODAO PORTA DE BUTECO/22-BOEMIO DO COLARINHO BRANCO.mp3,"sem erro de leitura; metadata GOOD; título HIGH; artista HIGH; sem cover; bitrate 128 kbps; sample rate 44100 Hz; desempate final por relative_path",128000,44100,false,GOOD
"3 MODAO PORTA DE BUTECO/23-Linda, linda.mp3",b86bfde407452c2c45c4d164b1a67f8f9ab788cc477682c612bf4469d88a9aea,IMPORT,preserved,,"3 MODAO PORTA DE BUTECO/23-Linda, linda.mp3","sem erro de leitura; metadata NEEDS_REVIEW; título MEDIUM; artista LOW; sem cover; bitrate 192 kbps; sample rate 44100 Hz; desempate final por relative_path",192000,44100,false,NEEDS_REVIEW
7 CHICO REY&PARANÁ/01 - CHICO REI E PARANÁ AS 20 MAIS - 01-LIGUEI PRA DIZER QUE TE AMO - title.mp3,28cf4efc32d0240135bdcec67307d2d0441426fe3b6006b12a889b76ca22efc9,IMPORT,preserved,,7 CHICO REY&PARANÁ/01 - CHICO REI E PARANÁ AS 20 MAIS - 01-LIGUEI PRA DIZER QUE TE AMO - title.mp3,"sem erro de leitura; metadata GOOD; título HIGH; artista HIGH; sem cover; bitrate 128 kbps; sample rate 44100 Hz; desempate final por relative_path",128000,44100,false,GOOD
7 CHICO REY&PARANÁ/02 - CHICO REI E PARANÁ AS 20 MAIS - 02-TRANQUE A PORTA E ME BEIJA - title.mp3,c349e359b0614cea639e885cbbdc460bdea97791f31548a1793b5683c29aec5b,IMPORT,preserved,,7 CHICO REY&PARANÁ/02 - CHICO REI E PARANÁ AS 20 MAIS - 02-TRANQUE A PORTA E ME BEIJA - title.mp3,"sem erro de leitura; metadata GOOD; título HIGH; artista HIGH; sem cover; bitrate 128 kbps; sample rate 44100 Hz; desempate final por relative_path",128000,44100,false,GOOD
7 CHICO REY&PARANÁ/03 - CHICO REI E PARANÁ AS 20 MAIS - 03-ALMA TRANSPARENTE - title.mp3,a26405debb8fec68e91cc12a62af5b19932bb3f8a2fb442878e21b3f7a88c671,IMPORT,preserved,,7 CHICO REY&PARANÁ/03 - CHICO REI E PARANÁ AS 20 MAIS - 03-ALMA TRANSPARENTE - title.mp3,"sem erro de leitura; metadata GOOD; título HIGH; artista HIGH; sem cover; bitrate 128 kbps; sample rate 44100 Hz; desempate final por relative_path",128000,44100,false,GOOD
7 CHICO REY&PARANÁ/04 - CHICO REI E PARANÁ AS 20 MAIS - 04-AMOR REBELDE  - title.mp3,a51f5843970fa6b0d811eb08be338d48c3675362b526d85fa577ae4930ddccb5,IMPORT,preserved,,7 CHICO REY&PARANÁ/04 - CHICO REI E PARANÁ AS 20 MAIS - 04-AMOR REBELDE  - title.mp3,"sem erro de leitura; metadata GOOD; título HIGH; artista HIGH; sem cover; bitrate 128 kbps; sample rate 44100 Hz; desempate final por relative_path",128000,44100,false,GOOD
7 CHICO REY&PARANÁ/05 - CHICO REI E PARANÁ AS 20 MAIS - 05-PERDER VOCÊ É ABRAÇAR A SOLIDÃO - title.mp3,5beca48b8e4f0628d47435f11cdae6ec6fb0118904ec673dc20e9d06da64408c,IMPORT,preserved,,7 CHICO REY&PARANÁ/05 - CHICO REI E PARANÁ AS 20 MAIS - 05-PERDER VOCÊ É ABRAÇAR A SOLIDÃO - title.mp3,"sem erro de leitura; metadata GOOD; título HIGH; artista HIGH; sem cover; bitrate 128 kbps; sample rate 44100 Hz; desempate final por relative_path",128000,44100,false,GOOD
7 CHICO REY&PARANÁ/06 - CHICO REI E PARANÁ AS 20 MAIS - 06-VOCÊ NÃO SABE AMAR - title.mp3,ad5a698b0469d38eb93c67c96de53616dd6fc4e5952b3733ab037f04a0efe0ad,IMPORT,preserved,,7 CHICO REY&PARANÁ/06 - CHICO REI E PARANÁ AS 20 MAIS - 06-VOCÊ NÃO SABE AMAR - title.mp3,"sem erro de leitura; metadata GOOD; título HIGH; artista HIGH; sem cover; bitrate 128 kbps; sample rate 44100 Hz; desempate final por relative_path",128000,44100,false,GOOD
7 CHICO REY&PARANÁ/07 - CHICO REI E PARANÁ AS 20 MAIS - 07-TELEFONE MAIS - title.mp3,e18e554e8d02f4693c9608ddb60e96c7cf4eb251710cf6206aa07b4992217760,IMPORT,preserved,,7 CHICO REY&PARANÁ/07 - CHICO REI E PARANÁ AS 20 MAIS - 07-TELEFONE MAIS - title.mp3,"sem erro de leitura; metadata GOOD; título HIGH; artista HIGH; sem cover; bitrate 128 kbps; sample rate 44100 Hz; desempate final por relative_path",128000,44100,false,GOOD
7 CHICO REY&PARANÁ/08 - CHICO REI E PARANÁ AS 20 MAIS - 08-SÓ VOCÊ - title.mp3,373e11721ebbcba970f770b8c1b8017db2c76d70759443abcd095d1cb62171ec,IMPORT,preserved,,7 CHICO REY&PARANÁ/08 - CHICO REI E PARANÁ AS 20 MAIS - 08-SÓ VOCÊ - title.mp3,"sem erro de leitura; metadata GOOD; título HIGH; artista HIGH; sem cover; bitrate 128 kbps; sample rate 44100 Hz; desempate final por relative_path",128000,44100,false,GOOD
7 CHICO REY&PARANÁ/09 - CHICO REI E PARANÁ AS 20 MAIS - 09-QUEM SERÁ SEU OUTRO AMAR - title.mp3,4c85a0ad10c8c014d1584e3710c95e9b4dec3e79984addc0bd98f06c68b66aa5,IMPORT,preserved,,7 CHICO REY&PARANÁ/09 - CHICO REI E PARANÁ AS 20 MAIS - 09-QUEM SERÁ SEU OUTRO AMAR - title.mp3,"sem erro de leitura; metadata GOOD; título HIGH; artista HIGH; sem cover; bitrate 128 kbps; sample rate 44100 Hz; desempate final por relative_path",128000,44100,false,GOOD
7 CHICO REY&PARANÁ/10 - CHICO REI E PARANÁ AS 20 MAIS - 10-TÁ COM RAIVA DE MIM - title.mp3,d335d87580c1a20af155ca5293cbaead31dec3b37984b0baae124acb64512e1a,IMPORT,preserved,,7 CHICO REY&PARANÁ/10 - CHICO REI E PARANÁ AS 20 MAIS - 10-TÁ COM RAIVA DE MIM - title.mp3,"sem erro de leitura; metadata GOOD; título HIGH; artista HIGH; sem cover; bitrate 128 kbps; sample rate 44100 Hz; desempate final por relative_path",128000,44100,false,GOOD
7 CHICO REY&PARANÁ/11 - CHICO REI E PARANÁ AS 20 MAIS - 11-CANARINHO PRISIONEIRO - title.mp3,3fc010a98e3cc58a72439cbc7bc54f36b40fa47ba154a9c0fe324e4a1bfba115,IMPORT,preserved,,7 CHICO REY&PARANÁ/11 - CHICO REI E PARANÁ AS 20 MAIS - 11-CANARINHO PRISIONEIRO - title.mp3,"sem erro de leitura; metadata GOOD; título HIGH; artista HIGH; sem cover; bitrate 128 kbps; sample rate 44100 Hz; desempate final por relative_path",128000,44100,false,GOOD
7 CHICO REY&PARANÁ/12 - CHICO REI E PARANÁ AS 20 MAIS - 12-VOLTA PRA MIM - title.mp3,0c4ac69a8fe2f22488963decbc0aa5566faa5b2d1ea5b05e6288d29cfc51c2ca,IMPORT,preserved,,7 CHICO REY&PARANÁ/12 - CHICO REI E PARANÁ AS 20 MAIS - 12-VOLTA PRA MIM - title.mp3,"sem erro de leitura; metadata GOOD; título HIGH; artista HIGH; sem cover; bitrate 128 kbps; sample rate 44100 Hz; desempate final por relative_path",128000,44100,false,GOOD
7 CHICO REY&PARANÁ/13 - CHICO REI E PARANÁ AS 20 MAIS - 13-VOCÊ ME ENGANOU - title.mp3,e0db047df606a68cd8b9e60d9cf5b38b64e8fcb63b1af05b4abd16ef1ba0799b,IMPORT,preserved,,7 CHICO REY&PARANÁ/13 - CHICO REI E PARANÁ AS 20 MAIS - 13-VOCÊ ME ENGANOU - title.mp3,"sem erro de leitura; metadata GOOD; título HIGH; artista HIGH; sem cover; bitrate 128 kbps; sample rate 44100 Hz; desempate final por relative_path",128000,44100,false,GOOD
7 CHICO REY&PARANÁ/14 - CHICO REI E PARANÁ AS 20 MAIS - 14-SEPARADOS - title.mp3,7f282ab783e18cb0c8243171b38c9a47c4a961c281b5e93992147b4836f7daa0,IMPORT,preserved,,7 CHICO REY&PARANÁ/14 - CHICO REI E PARANÁ AS 20 MAIS - 14-SEPARADOS - title.mp3,"sem erro de leitura; metadata GOOD; título HIGH; artista HIGH; sem cover; bitrate 128 kbps; sample rate 44100 Hz; desempate final por relative_path",128000,44100,false,GOOD
7 CHICO REY&PARANÁ/15 - CHICO REI E PARANÁ AS 20 MAIS - 15-OUTROS CAMINHOS SEM VOCÊ - title.mp3,80ecd8c4dc86a9901af1c74a4e664ea654ba461ea0585809b81e79b0cba5cc0e,IMPORT,preserved,,7 CHICO REY&PARANÁ/15 - CHICO REI E PARANÁ AS 20 MAIS - 15-OUTROS CAMINHOS SEM VOCÊ - title.mp3,"sem erro de leitura; metadata GOOD; título HIGH; artista HIGH; sem cover; bitrate 128 kbps; sample rate 44100 Hz; desempate final por relative_path",128000,44100,false,GOOD
7 CHICO REY&PARANÁ/16 - CHICO REI E PARANÁ AS 20 MAIS - 16-CORPO E ALMA - title.mp3,b5a2eba65ed1ee3791d51a8f74d45a5efdf933056581ec6c3ef56983a8d6866a,IMPORT,preserved,,7 CHICO REY&PARANÁ/16 - CHICO REI E PARANÁ AS 20 MAIS - 16-CORPO E ALMA - title.mp3,"sem erro de leitura; metadata GOOD; título HIGH; artista HIGH; sem cover; bitrate 128 kbps; sample rate 44100 Hz; desempate final por relative_path",128000,44100,false,GOOD
7 CHICO REY&PARANÁ/17 - CHICO REI E PARANÁ AS 20 MAIS - 17-LAÇADA CERTEIRA - title.mp3,c19cf0c66d1c290e172a83d98cf0069e22c5bf3794808c6eedf2ef0e22a5ba5b,IMPORT,preserved,,7 CHICO REY&PARANÁ/17 - CHICO REI E PARANÁ AS 20 MAIS - 17-LAÇADA CERTEIRA - title.mp3,"sem erro de leitura; metadata GOOD; título HIGH; artista HIGH; sem cover; bitrate 128 kbps; sample rate 44100 Hz; desempate final por relative_path",128000,44100,false,GOOD
7 CHICO REY&PARANÁ/18 - CHICO REI E PARANÁ AS 20 MAIS - 18-ENCANTO E MAGIA - title.mp3,dce89202b049b062516d91f0157e6f97791dea07c5a6dfcf7436b002a3ec05cf,IMPORT,preserved,,7 CHICO REY&PARANÁ/18 - CHICO REI E PARANÁ AS 20 MAIS - 18-ENCANTO E MAGIA - title.mp3,"sem erro de leitura; metadata GOOD; título HIGH; artista HIGH; sem cover; bitrate 128 kbps; sample rate 44100 Hz; desempate final por relative_path",128000,44100,false,GOOD
7 CHICO REY&PARANÁ/19 - CHICO REI E PARANÁ AS 20 MAIS - 19-AMOR COM AMOR SE PAGA - title.mp3,db66b4a69d56a65ccd68740dd13f1c804144bf864303a5362f9a9b7f6e630ab8,IMPORT,preserved,,7 CHICO REY&PARANÁ/19 - CHICO REI E PARANÁ AS 20 MAIS - 19-AMOR COM AMOR SE PAGA - title.mp3,"sem erro de leitura; metadata GOOD; título HIGH; artista HIGH; sem cover; bitrate 128 kbps; sample rate 44100 Hz; desempate final por relative_path",128000,44100,false,GOOD
7 CHICO REY&PARANÁ/20 - CHICO REI E PARANÁ AS 20 MAIS - 20-LEÃO DOMADO - title.mp3,243d10c8dc03dcf8089d1de78bc24d5fda110db35f8680d0c8adae83c9a00682,IMPORT,preserved,,7 CHICO REY&PARANÁ/20 - CHICO REI E PARANÁ AS 20 MAIS - 20-LEÃO DOMADO - title.mp3,"sem erro de leitura; metadata GOOD; título HIGH; artista HIGH; sem cover; bitrate 128 kbps; sample rate 44100 Hz; desempate final por relative_path",128000,44100,false,GOOD
7 CHICO REY&PARANÁ/21 - CHICO REI E PARANÁ AS 20 MAIS - 21-DE LÁ PRA CÁ - title.mp3,6467ec9890c5e868bbdf87d23f7af8388d74e74197a03b781fb47b55061cf7a2,IMPORT,preserved,,7 CHICO REY&PARANÁ/21 - CHICO REI E PARANÁ AS 20 MAIS - 21-DE LÁ PRA CÁ - title.mp3,"sem erro de leitura; metadata GOOD; título HIGH; artista HIGH; sem cover; bitrate 128 kbps; sample rate 44100 Hz; desempate final por relative_path",128000,44100,false,GOOD
7 CHICO REY&PARANÁ/22 - CHICO REI E PARANÁ AS 20 MAIS - 22-UM DEGRAU NA ESCADA - title.mp3,93202d293daa70297b94e892c8082f642f6a54b38842d2c2c7d6ba63e923f891,IMPORT,preserved,,7 CHICO REY&PARANÁ/22 - CHICO REI E PARANÁ AS 20 MAIS - 22-UM DEGRAU NA ESCADA - title.mp3,"sem erro de leitura; metadata GOOD; título HIGH; artista HIGH; sem cover; bitrate 128 kbps; sample rate 44100 Hz; desempate final por relative_path",128000,44100,false,GOOD
7 CHICO REY&PARANÁ/23 - CHICO REI E PARANÁ AS 20 MAIS - 23-DE CARONA COM A SAUDADE - title.mp3,4aa1f03fecd2f09dafdb2df06b4df04d33d8664dfa13fc0cd3c806bf2c6b82ee,IMPORT,preserved,,7 CHICO REY&PARANÁ/23 - CHICO REI E PARANÁ AS 20 MAIS - 23-DE CARONA COM A SAUDADE - title.mp3,"sem erro de leitura; metadata GOOD; título HIGH; artista HIGH; sem cover; bitrate 128 kbps; sample rate 44100 Hz; desempate final por relative_path",128000,44100,false,GOOD
7 CHICO REY&PARANÁ/24 - CHICO REI E PARANÁ AS 20 MAIS - 24-PENSE UM POUCO - title.mp3,04f2909bb0d24646846f3075697efa454eda4357645add441a9006e8d6de4655,IMPORT,preserved,,7 CHICO REY&PARANÁ/24 - CHICO REI E PARANÁ AS 20 MAIS - 24-PENSE UM POUCO - title.mp3,"sem erro de leitura; metadata GOOD; título HIGH; artista HIGH; sem cover; bitrate 128 kbps; sample rate 44100 Hz; desempate final por relative_path",128000,44100,false,GOOD
9 CHITÃO&XORÓRO/1chitãozinho&xororó saudades 1/Alma ferida - www.musicasparabaixar.org.mp3,568a034e76eeba1b4e4ab8ed0f76081b9e3c08c88b86e81da0666a304f212801,IMPORT,preserved,,9 CHITÃO&XORÓRO/1chitãozinho&xororó saudades 1/Alma ferida - www.musicasparabaixar.org.mp3,"sem erro de leitura; metadata INFERRED; título HIGH; artista HIGH; cover presente; bitrate 192 kbps; sample rate 44100 Hz; desempate final por relative_path",192000,44100,true,INFERRED
9 CHITÃO&XORÓRO/1chitãozinho&xororó saudades 1/Amante amada - www.musicasparabaixar.org.mp3,6c653b09e68b91dc7430b4f9f61994a72f3364b91a7e06471ef0a967f406a2c3,IMPORT,preserved,,9 CHITÃO&XORÓRO/1chitãozinho&xororó saudades 1/Amante amada - www.musicasparabaixar.org.mp3,"sem erro de leitura; metadata INFERRED; título HIGH; artista HIGH; cover presente; bitrate 192 kbps; sample rate 44100 Hz; desempate final por relative_path",192000,44100,true,INFERRED
9 CHITÃO&XORÓRO/1chitãozinho&xororó saudades 1/Casa de pecados - www.musicasparabaixar.org.mp3,ff4f3047eef9f4a1bfc55b7eb75a9ae5b448ca5aae792474b9c47d3652b6c7b3,IMPORT,preserved,,9 CHITÃO&XORÓRO/1chitãozinho&xororó saudades 1/Casa de pecados - www.musicasparabaixar.org.mp3,"sem erro de leitura; metadata INFERRED; título HIGH; artista HIGH; cover presente; bitrate 192 kbps; sample rate 44100 Hz; desempate final por relative_path",192000,44100,true,INFERRED
9 CHITÃO&XORÓRO/1chitãozinho&xororó saudades 1/Coração quebrado - www.musicasparabaixar.org.mp3,94d7308c03a2c3b89d478d58443f8c2f15f144bdf522f0bfa5214212c01a87de,IMPORT,preserved,,9 CHITÃO&XORÓRO/1chitãozinho&xororó saudades 1/Coração quebrado - www.musicasparabaixar.org.mp3,"sem erro de leitura; metadata INFERRED; título HIGH; artista HIGH; cover presente; bitrate 192 kbps; sample rate 44100 Hz; desempate final por relative_path",192000,44100,true,INFERRED
9 CHITÃO&XORÓRO/1chitãozinho&xororó saudades 1/Doce amada - www.musicasparabaixar.org.mp3,e9883cf19aa8ae96336b3e0fbf9b64730b1a25d5c8976c2b680161a80d6ed2cb,IMPORT,preserved,,9 CHITÃO&XORÓRO/1chitãozinho&xororó saudades 1/Doce amada - www.musicasparabaixar.org.mp3,"sem erro de leitura; metadata INFERRED; título HIGH; artista HIGH; cover presente; bitrate 192 kbps; sample rate 44100 Hz; desempate final por relative_path",192000,44100,true,INFERRED
9 CHITÃO&XORÓRO/1chitãozinho&xororó saudades 1/É assim que te amo - www.musicasparabaixar.org.mp3,37f8e2515e752a06fc0eb6f47c0074dbf1f173c7b17797788d41b44c0d24ae75,IMPORT,preserved,,9 CHITÃO&XORÓRO/1chitãozinho&xororó saudades 1/É assim que te amo - www.musicasparabaixar.org.mp3,"sem erro de leitura; metadata INFERRED; título HIGH; artista HIGH; cover presente; bitrate 192 kbps; sample rate 44100 Hz; desempate final por relative_path",192000,44100,true,INFERRED
9 CHITÃO&XORÓRO/1chitãozinho&xororó saudades 1/Ela fez a minha cabeça - www.musicasparabaixar.org.mp3,7cb77bcc0e199c77f717a93c853ce3b882720b52f02e5bf2cafa54d584e7bb51,IMPORT,preserved,,9 CHITÃO&XORÓRO/1chitãozinho&xororó saudades 1/Ela fez a minha cabeça - www.musicasparabaixar.org.mp3,"sem erro de leitura; metadata INFERRED; título HIGH; artista HIGH; cover presente; bitrate 192 kbps; sample rate 44100 Hz; desempate final por relative_path",192000,44100,true,INFERRED
9 CHITÃO&XORÓRO/1chitãozinho&xororó saudades 1/Evidências - www.musicasparabaixar.org.mp3,aec629aba2f50b2cb607acf94a73a21fcb199d57a097f675781c978697b69569,IMPORT,preserved,,9 CHITÃO&XORÓRO/1chitãozinho&xororó saudades 1/Evidências - www.musicasparabaixar.org.mp3,"sem erro de leitura; metadata INFERRED; título HIGH; artista HIGH; cover presente; bitrate 192 kbps; sample rate 44100 Hz; desempate final por relative_path",192000,44100,true,INFERRED
9 CHITÃO&XORÓRO/1chitãozinho&xororó saudades 1/Faz um ano - www.musicasparabaixar.org.mp3,f69c6b3f9b6d899ccdfd0747bacc31680751f3a8265ee66e40f824a5452a3b1b,IMPORT,preserved,,9 CHITÃO&XORÓRO/1chitãozinho&xororó saudades 1/Faz um ano - www.musicasparabaixar.org.mp3,"sem erro de leitura; metadata INFERRED; título HIGH; artista HIGH; cover presente; bitrate 192 kbps; sample rate 44100 Hz; desempate final por relative_path",192000,44100,true,INFERRED
9 CHITÃO&XORÓRO/1chitãozinho&xororó saudades 1/Fogão de lenha - www.musicasparabaixar.org.mp3,698abf4364196d97026b8af5531e70d42c85660403cfbca540fa963da6d020cf,IMPORT,preserved,,9 CHITÃO&XORÓRO/1chitãozinho&xororó saudades 1/Fogão de lenha - www.musicasparabaixar.org.mp3,"sem erro de leitura; metadata INFERRED; título HIGH; artista HIGH; cover presente; bitrate 192 kbps; sample rate 44100 Hz; desempate final por relative_path",192000,44100,true,INFERRED
9 CHITÃO&XORÓRO/1chitãozinho&xororó saudades 1/Metade de alguém - www.musicasparabaixar.org.mp3,9c64a776c56c5c40a8550dcad86a69f67e5554189f4355b5651d92c32f082bfd,IMPORT,preserved,,9 CHITÃO&XORÓRO/1chitãozinho&xororó saudades 1/Metade de alguém - www.musicasparabaixar.org.mp3,"sem erro de leitura; metadata INFERRED; título HIGH; artista HIGH; cover presente; bitrate 192 kbps; sample rate 44100 Hz; desempate final por relative_path",192000,44100,true,INFERRED
9 CHITÃO&XORÓRO/1chitãozinho&xororó saudades 1/Natureza espelho de deus - www.musicasparabaixar.org.mp3,cc93c42d1cecee779f892e3561ba70e7ef4b51813b30a74348b9be05f7d799a9,IMPORT,preserved,,9 CHITÃO&XORÓRO/1chitãozinho&xororó saudades 1/Natureza espelho de deus - www.musicasparabaixar.org.mp3,"sem erro de leitura; metadata INFERRED; título HIGH; artista HIGH; cover presente; bitrate 192 kbps; sample rate 44100 Hz; desempate final por relative_path",192000,44100,true,INFERRED
9 CHITÃO&XORÓRO/1chitãozinho&xororó saudades 1/O dinheiro compra tudo - www.musicasparabaixar.org.mp3,d255a3fbe99dd634ca763c2b1b476e1fd8e569dbc44708ec076df173937af502,IMPORT,preserved,,9 CHITÃO&XORÓRO/1chitãozinho&xororó saudades 1/O dinheiro compra tudo - www.musicasparabaixar.org.mp3,"sem erro de leitura; metadata INFERRED; título HIGH; artista HIGH; cover presente; bitrate 192 kbps; sample rate 44100 Hz; desempate final por relative_path",192000,44100,true,INFERRED
9 CHITÃO&XORÓRO/1chitãozinho&xororó saudades 1/Pago dobrado - www.musicasparabaixar.org.mp3,217dde410d4046c78665a73b80f821323dc2e47f19b79c25e970a2b31f1df65b,IMPORT,preserved,,9 CHITÃO&XORÓRO/1chitãozinho&xororó saudades 1/Pago dobrado - www.musicasparabaixar.org.mp3,"sem erro de leitura; metadata INFERRED; título HIGH; artista HIGH; cover presente; bitrate 192 kbps; sample rate 44100 Hz; desempate final por relative_path",192000,44100,true,INFERRED
9 CHITÃO&XORÓRO/1chitãozinho&xororó saudades 1/Pais e filhos - www.musicasparabaixar.org.mp3,d441a64d5e791ada7c0198058fcbd6ab23015e6c64d68789f6323eb51f3b62b2,IMPORT,preserved,,9 CHITÃO&XORÓRO/1chitãozinho&xororó saudades 1/Pais e filhos - www.musicasparabaixar.org.mp3,"sem erro de leitura; metadata INFERRED; título HIGH; artista HIGH; cover presente; bitrate 192 kbps; sample rate 44100 Hz; desempate final por relative_path",192000,44100,true,INFERRED
9 CHITÃO&XORÓRO/1chitãozinho&xororó saudades 1/Pé na estrada - www.musicasparabaixar.org.mp3,b3dc70a1c2fe7c3480044d49bab4bfb2a12a403d8e3f435bc4bc3c2bd27fb4c1,IMPORT,preserved,,9 CHITÃO&XORÓRO/1chitãozinho&xororó saudades 1/Pé na estrada - www.musicasparabaixar.org.mp3,"sem erro de leitura; metadata INFERRED; título HIGH; artista HIGH; cover presente; bitrate 192 kbps; sample rate 44100 Hz; desempate final por relative_path",192000,44100,true,INFERRED
9 CHITÃO&XORÓRO/1chitãozinho&xororó saudades 1/Se for pra ser feliz - www.musicasparabaixar.org.mp3,ab47ae2fa3a1234d440cbdf16b95cd0cd38f5760848b196268a70947e55bb9cd,IMPORT,preserved,,9 CHITÃO&XORÓRO/1chitãozinho&xororó saudades 1/Se for pra ser feliz - www.musicasparabaixar.org.mp3,"sem erro de leitura; metadata INFERRED; título HIGH; artista HIGH; cover presente; bitrate 192 kbps; sample rate 44100 Hz; desempate final por relative_path",192000,44100,true,INFERRED
9 CHITÃO&XORÓRO/1chitãozinho&xororó saudades 1/Sinônimo - www.musicasparabaixar.org.mp3,8df616a708d14e494f85b2f866f182286e63d56d7f780d1811773fe40643b40a,IMPORT,preserved,,9 CHITÃO&XORÓRO/1chitãozinho&xororó saudades 1/Sinônimo - www.musicasparabaixar.org.mp3,"sem erro de leitura; metadata INFERRED; título HIGH; artista HIGH; cover presente; bitrate 192 kbps; sample rate 44100 Hz; desempate final por relative_path",192000,44100,true,INFERRED
9 CHITÃO&XORÓRO/1chitãozinho&xororó saudades 1/Tenho ciúme de tudo - www.musicasparabaixar.org.mp3,4bd9f94e93ae6f8929ceaf079d49cbb9a438acc7d742c75971de6d0cfeb4474b,IMPORT,preserved,,9 CHITÃO&XORÓRO/1chitãozinho&xororó saudades 1/Tenho ciúme de tudo - www.musicasparabaixar.org.mp3,"sem erro de leitura; metadata INFERRED; título HIGH; artista HIGH; cover presente; bitrate 192 kbps; sample rate 44100 Hz; desempate final por relative_path",192000,44100,true,INFERRED
9 CHITÃO&XORÓRO/1chitãozinho&xororó saudades 1/Vida e saudade - www.musicasparabaixar.org.mp3,bd06846ed9f1ae1df4f16e14a61769a004eb920c8ef56641a65b091d4a8112b9,IMPORT,preserved,,9 CHITÃO&XORÓRO/1chitãozinho&xororó saudades 1/Vida e saudade - www.musicasparabaixar.org.mp3,"sem erro de leitura; metadata INFERRED; título HIGH; artista HIGH; cover presente; bitrate 192 kbps; sample rate 44100 Hz; desempate final por relative_path",192000,44100,true,INFERRED
9 CHITÃO&XORÓRO/2chitãozinho&xororó saudades 2/Amante - www.musicasparabaixar.org.mp3,a844cba623ae89eb09337a379615d7a28dcf974d33240e06d7a655a3772208fb,IMPORT,preserved,,9 CHITÃO&XORÓRO/2chitãozinho&xororó saudades 2/Amante - www.musicasparabaixar.org.mp3,"sem erro de leitura; metadata INFERRED; título HIGH; artista HIGH; cover presente; bitrate 192 kbps; sample rate 44100 Hz; desempate final por relative_path",192000,44100,true,INFERRED
9 CHITÃO&XORÓRO/2chitãozinho&xororó saudades 2/Amor a 3 - www.musicasparabaixar.org.mp3,c205012c22bf3d1ac1e84429eccfdc1a5d3ff40c91bc58f1ca7a7738ce00aa84,IMPORT,preserved,,9 CHITÃO&XORÓRO/2chitãozinho&xororó saudades 2/Amor a 3 - www.musicasparabaixar.org.mp3,"sem erro de leitura; metadata INFERRED; título HIGH; artista HIGH; cover presente; bitrate 192 kbps; sample rate 44100 Hz; desempate final por relative_path",192000,44100,true,INFERRED
9 CHITÃO&XORÓRO/2chitãozinho&xororó saudades 2/Amor perigoso - www.musicasparabaixar.org.mp3,335c817b9cc25bf5330348d054bac145e25a40c5902a6584b7c89a411e844f75,IMPORT,preserved,,9 CHITÃO&XORÓRO/2chitãozinho&xororó saudades 2/Amor perigoso - www.musicasparabaixar.org.mp3,"sem erro de leitura; metadata INFERRED; título HIGH; artista HIGH; cover presente; bitrate 192 kbps; sample rate 44100 Hz; desempate final por relative_path",192000,44100,true,INFERRED
9 CHITÃO&XORÓRO/2chitãozinho&xororó saudades 2/Chama de amor - www.musicasparabaixar.org.mp3,5612145171e100480ef9b5f9710cf6decf534f063b4374e3f2d0a3d7084c0488,IMPORT,preserved,,9 CHITÃO&XORÓRO/2chitãozinho&xororó saudades 2/Chama de amor - www.musicasparabaixar.org.mp3,"sem erro de leitura; metadata INFERRED; título HIGH; artista HIGH; cover presente; bitrate 192 kbps; sample rate 44100 Hz; desempate final por relative_path",192000,44100,true,INFERRED
9 CHITÃO&XORÓRO/2chitãozinho&xororó saudades 2/Cheiro de relva - www.musicasparabaixar.org.mp3,b1b29552917c546830219c3b6f12f92af0f71d3610af25b451745e8367aa8f11,IMPORT,preserved,,9 CHITÃO&XORÓRO/2chitãozinho&xororó saudades 2/Cheiro de relva - www.musicasparabaixar.org.mp3,"sem erro de leitura; metadata INFERRED; título HIGH; artista HIGH; cover presente; bitrate 192 kbps; sample rate 44100 Hz; desempate final por relative_path",192000,44100,true,INFERRED
9 CHITÃO&XORÓRO/2chitãozinho&xororó saudades 2/Choro apaixonado - www.musicasparabaixar.org.mp3,a24c36c18f0b41906e9d98fed21b613ead88d927e45e38cc68521b0775a3b342,IMPORT,preserved,,9 CHITÃO&XORÓRO/2chitãozinho&xororó saudades 2/Choro apaixonado - www.musicasparabaixar.org.mp3,"sem erro de leitura; metadata INFERRED; título HIGH; artista HIGH; cover presente; bitrate 192 kbps; sample rate 44100 Hz; desempate final por relative_path",192000,44100,true,INFERRED
9 CHITÃO&XORÓRO/2chitãozinho&xororó saudades 2/Coração - www.musicasparabaixar.org.mp3,cac4f89df0c79a355b98c1cbed963c3cbd8d5be828a80aefe374468d4c964bd1,IMPORT,preserved,,9 CHITÃO&XORÓRO/2chitãozinho&xororó saudades 2/Coração - www.musicasparabaixar.org.mp3,"sem erro de leitura; metadata INFERRED; título HIGH; artista HIGH; cover presente; bitrate 192 kbps; sample rate 44100 Hz; desempate final por relative_path",192000,44100,true,INFERRED
9 CHITÃO&XORÓRO/2chitãozinho&xororó saudades 2/Cowboy do asfalto - www.musicasparabaixar.org.mp3,e6fdaba419211b1a56508cc20f63ba506b29ccd6640cf853318a85fb9936e6eb,IMPORT,preserved,,9 CHITÃO&XORÓRO/2chitãozinho&xororó saudades 2/Cowboy do asfalto - www.musicasparabaixar.org.mp3,"sem erro de leitura; metadata INFERRED; título HIGH; artista HIGH; cover presente; bitrate 192 kbps; sample rate 44100 Hz; desempate final por relative_path",192000,44100,true,INFERRED
9 CHITÃO&XORÓRO/2chitãozinho&xororó saudades 2/Debaixo do cobertor - www.musicasparabaixar.org.mp3,cfa18199892449e2cf52b4c81b267b38d65c8a8ca2eb6bc8b63c29a6b7cfc4e6,IMPORT,preserved,,9 CHITÃO&XORÓRO/2chitãozinho&xororó saudades 2/Debaixo do cobertor - www.musicasparabaixar.org.mp3,"sem erro de leitura; metadata INFERRED; título HIGH; artista HIGH; cover presente; bitrate 192 kbps; sample rate 44100 Hz; desempate final por relative_path",192000,44100,true,INFERRED
9 CHITÃO&XORÓRO/2chitãozinho&xororó saudades 2/Enchente da paixão - www.musicasparabaixar.org.mp3,ca9906a02319181b17ad6296f58e38692546773a0a57a73153a086104419631c,IMPORT,preserved,,9 CHITÃO&XORÓRO/2chitãozinho&xororó saudades 2/Enchente da paixão - www.musicasparabaixar.org.mp3,"sem erro de leitura; metadata INFERRED; título HIGH; artista HIGH; cover presente; bitrate 192 kbps; sample rate 44100 Hz; desempate final por relative_path",192000,44100,true,INFERRED
9 CHITÃO&XORÓRO/2chitãozinho&xororó saudades 2/Estrada - www.musicasparabaixar.org.mp3,684be8895d1689e4760b442e57a3c45d514f8f6f2ab3eb354028db09d21a3bb4,IMPORT,preserved,,9 CHITÃO&XORÓRO/2chitãozinho&xororó saudades 2/Estrada - www.musicasparabaixar.org.mp3,"sem erro de leitura; metadata INFERRED; título HIGH; artista HIGH; cover presente; bitrate 192 kbps; sample rate 44100 Hz; desempate final por relative_path",192000,44100,true,INFERRED
9 CHITÃO&XORÓRO/2chitãozinho&xororó saudades 2/Não desligue o rádio - www.musicasparabaixar.org.mp3,54184f3c22aef98273b99db528b0aaff94a09ed8160da442dbb55f5e97877037,IMPORT,preserved,,9 CHITÃO&XORÓRO/2chitãozinho&xororó saudades 2/Não desligue o rádio - www.musicasparabaixar.org.mp3,"sem erro de leitura; metadata INFERRED; título HIGH; artista HIGH; cover presente; bitrate 192 kbps; sample rate 44100 Hz; desempate final por relative_path",192000,44100,true,INFERRED
9 CHITÃO&XORÓRO/2chitãozinho&xororó saudades 2/Ninguém quis dormir - www.musicasparabaixar.org.mp3,92700bb2dbc3e0bf2ed05d6a2155131f32c9f31757af2fdc77ea467094bc9db3,IMPORT,preserved,,9 CHITÃO&XORÓRO/2chitãozinho&xororó saudades 2/Ninguém quis dormir - www.musicasparabaixar.org.mp3,"sem erro de leitura; metadata INFERRED; título HIGH; artista HIGH; cover presente; bitrate 192 kbps; sample rate 44100 Hz; desempate final por relative_path",192000,44100,true,INFERRED
9 CHITÃO&XORÓRO/2chitãozinho&xororó saudades 2/O último julgamento - www.musicasparabaixar.org.mp3,dc0f4e1110d03651d2dbee00fd66a9f8716d0576c039c958e9c21109ecde6328,IMPORT,preserved,,9 CHITÃO&XORÓRO/2chitãozinho&xororó saudades 2/O último julgamento - www.musicasparabaixar.org.mp3,"sem erro de leitura; metadata INFERRED; título HIGH; artista HIGH; cover presente; bitrate 192 kbps; sample rate 44100 Hz; desempate final por relative_path",192000,44100,true,INFERRED
9 CHITÃO&XORÓRO/2chitãozinho&xororó saudades 2/Ponto negro - www.musicasparabaixar.org.mp3,30c3f64cfd01a99a148c3d4bb5bc5e4e660fe6e3f71c4ac74ca57579cf22eeec,IMPORT,preserved,,9 CHITÃO&XORÓRO/2chitãozinho&xororó saudades 2/Ponto negro - www.musicasparabaixar.org.mp3,"sem erro de leitura; metadata INFERRED; título HIGH; artista HIGH; cover presente; bitrate 192 kbps; sample rate 44100 Hz; desempate final por relative_path",192000,44100,true,INFERRED
9 CHITÃO&XORÓRO/2chitãozinho&xororó saudades 2/Porque brigamos - www.musicasparabaixar.org.mp3,4f0e6c83ba9ab630341687188c1a9bbb5eb5166e54774dd474a7f059b5397303,IMPORT,preserved,,9 CHITÃO&XORÓRO/2chitãozinho&xororó saudades 2/Porque brigamos - www.musicasparabaixar.org.mp3,"sem erro de leitura; metadata INFERRED; título HIGH; artista HIGH; cover presente; bitrate 192 kbps; sample rate 44100 Hz; desempate final por relative_path",192000,44100,true,INFERRED
9 CHITÃO&XORÓRO/2chitãozinho&xororó saudades 2/Que mundo é esse - www.musicasparabaixar.org.mp3,5112188cdf6e85af55a6f93673a269233ef4d9f93c82e9e351a1849d81e2c76a,IMPORT,preserved,,9 CHITÃO&XORÓRO/2chitãozinho&xororó saudades 2/Que mundo é esse - www.musicasparabaixar.org.mp3,"sem erro de leitura; metadata INFERRED; título HIGH; artista HIGH; cover presente; bitrate 192 kbps; sample rate 44100 Hz; desempate final por relative_path",192000,44100,true,INFERRED
9 CHITÃO&XORÓRO/2chitãozinho&xororó saudades 2/Quem é você - www.musicasparabaixar.org.mp3,e79fd5a48bbf2452b19ec4d359e65d267caec90b80887c7525965a4662c6e5fe,IMPORT,preserved,,9 CHITÃO&XORÓRO/2chitãozinho&xororó saudades 2/Quem é você - www.musicasparabaixar.org.mp3,"sem erro de leitura; metadata INFERRED; título HIGH; artista HIGH; cover presente; bitrate 192 kbps; sample rate 44100 Hz; desempate final por relative_path",192000,44100,true,INFERRED
9 CHITÃO&XORÓRO/2chitãozinho&xororó saudades 2/Terra tombada - www.musicasparabaixar.org.mp3,edee49a92ee64cab517c2d75d000eb1b2dd09306fc5fa637bae161c1d88acc99,IMPORT,preserved,,9 CHITÃO&XORÓRO/2chitãozinho&xororó saudades 2/Terra tombada - www.musicasparabaixar.org.mp3,"sem erro de leitura; metadata INFERRED; título HIGH; artista HIGH; cover presente; bitrate 192 kbps; sample rate 44100 Hz; desempate final por relative_path",192000,44100,true,INFERRED
9 CHITÃO&XORÓRO/2chitãozinho&xororó saudades 2/Vem provar de mim - www.musicasparabaixar.org.mp3,14bab56c44fc6aa46aefcafb8c5b5cf570efe9ac958994e451015fd5a0c90ec4,IMPORT,preserved,,9 CHITÃO&XORÓRO/2chitãozinho&xororó saudades 2/Vem provar de mim - www.musicasparabaixar.org.mp3,"sem erro de leitura; metadata INFERRED; título HIGH; artista HIGH; cover presente; bitrate 192 kbps; sample rate 44100 Hz; desempate final por relative_path",192000,44100,true,INFERRED
9 CHITÃO&XORÓRO/3chitãozinho&xororó saudades 3/60 Dias Apaixonado - www.musicasparabaixar.org.mp3,642a5907cf8b209f72de1dc9ae117801a2ba3cef98bbb6e13c64a35c12ab6346,IMPORT,preserved,,9 CHITÃO&XORÓRO/3chitãozinho&xororó saudades 3/60 Dias Apaixonado - www.musicasparabaixar.org.mp3,"sem erro de leitura; metadata INFERRED; título HIGH; artista HIGH; cover presente; bitrate 192 kbps; sample rate 44100 Hz; desempate final por relative_path",192000,44100,true,INFERRED
9 CHITÃO&XORÓRO/3chitãozinho&xororó saudades 3/Caipira - www.musicasparabaixar.org.mp3,149ee00f1c649d6e9d3d3305818311f6490a25d9f88e8f3f8b295ee95dc9ded7,IMPORT,preserved,,9 CHITÃO&XORÓRO/3chitãozinho&xororó saudades 3/Caipira - www.musicasparabaixar.org.mp3,"sem erro de leitura; metadata INFERRED; título HIGH; artista HIGH; cover presente; bitrate 192 kbps; sample rate 44100 Hz; desempate final por relative_path",192000,44100,true,INFERRED
9 CHITÃO&XORÓRO/3chitãozinho&xororó saudades 3/Ela Chora Chora - www.musicasparabaixar.org.mp3,e02ce6fe697fb73b60f8e8f3de09061220f01a3f0711b47bfd54def71273fa8b,IMPORT,preserved,,9 CHITÃO&XORÓRO/3chitãozinho&xororó saudades 3/Ela Chora Chora - www.musicasparabaixar.org.mp3,"sem erro de leitura; metadata INFERRED; título HIGH; artista HIGH; cover presente; bitrate 192 kbps; sample rate 44100 Hz; desempate final por relative_path",192000,44100,true,INFERRED
9 CHITÃO&XORÓRO/3chitãozinho&xororó saudades 3/Eu Menti - www.musicasparabaixar.org.mp3,450a3b5abfd2a9c1fb85bbe3f6967d530e061e7fee88cff643a5d40a17f302ba,IMPORT,preserved,,9 CHITÃO&XORÓRO/3chitãozinho&xororó saudades 3/Eu Menti - www.musicasparabaixar.org.mp3,"sem erro de leitura; metadata INFERRED; título HIGH; artista HIGH; cover presente; bitrate 192 kbps; sample rate 44100 Hz; desempate final por relative_path",192000,44100,true,INFERRED
9 CHITÃO&XORÓRO/3chitãozinho&xororó saudades 3/Falando as paredes - www.musicasparabaixar.org.mp3,6165c7020d7d2feabe75236893ebaf2fcfb8310be4402155dce4d3d9114fce45,IMPORT,preserved,,9 CHITÃO&XORÓRO/3chitãozinho&xororó saudades 3/Falando as paredes - www.musicasparabaixar.org.mp3,"sem erro de leitura; metadata INFERRED; título HIGH; artista HIGH; cover presente; bitrate 192 kbps; sample rate 44100 Hz; desempate final por relative_path",192000,44100,true,INFERRED
9 CHITÃO&XORÓRO/3chitãozinho&xororó saudades 3/Filho de maria - www.musicasparabaixar.org.mp3,43fc60e1ff824db68ec5575ff39fc76998057400437c3cffc8c0d7c854113653,IMPORT,preserved,,9 CHITÃO&XORÓRO/3chitãozinho&xororó saudades 3/Filho de maria - www.musicasparabaixar.org.mp3,"sem erro de leitura; metadata INFERRED; título HIGH; artista HIGH; cover presente; bitrate 192 kbps; sample rate 44100 Hz; desempate final por relative_path",192000,44100,true,INFERRED
9 CHITÃO&XORÓRO/3chitãozinho&xororó saudades 3/Fio de cabelo - www.musicasparabaixar.org.mp3,d9cf738fbd73a1941cc6f81146f4ece4fb3d7e541b69012c4263532160951123,IMPORT,preserved,,9 CHITÃO&XORÓRO/3chitãozinho&xororó saudades 3/Fio de cabelo - www.musicasparabaixar.org.mp3,"sem erro de leitura; metadata INFERRED; título HIGH; artista HIGH; cover presente; bitrate 192 kbps; sample rate 44100 Hz; desempate final por relative_path",192000,44100,true,INFERRED
9 CHITÃO&XORÓRO/3chitãozinho&xororó saudades 3/Foge de Mim - www.musicasparabaixar.org.mp3,42f4e16aede8c3d7df198610630b2438ffff7956793f0586affdb591f4069c7e,IMPORT,preserved,,9 CHITÃO&XORÓRO/3chitãozinho&xororó saudades 3/Foge de Mim - www.musicasparabaixar.org.mp3,"sem erro de leitura; metadata INFERRED; título HIGH; artista HIGH; cover presente; bitrate 192 kbps; sample rate 44100 Hz; desempate final por relative_path",192000,44100,true,INFERRED
9 CHITÃO&XORÓRO/3chitãozinho&xororó saudades 3/Frio da Solidão - www.musicasparabaixar.org.mp3,0c9271b9139f26dcda4ff04db29b97822e406495fab2ec66141afc597d8841ed,IMPORT,preserved,,9 CHITÃO&XORÓRO/3chitãozinho&xororó saudades 3/Frio da Solidão - www.musicasparabaixar.org.mp3,"sem erro de leitura; metadata INFERRED; título HIGH; artista HIGH; cover presente; bitrate 192 kbps; sample rate 44100 Hz; desempate final por relative_path",192000,44100,true,INFERRED
9 CHITÃO&XORÓRO/3chitãozinho&xororó saudades 3/Majestade o Sabia - www.musicasparabaixar.org.mp3,1ae1e3a28a42345f5d7180d5af35da5a11243631fb351331c74a2f2dd189a829,IMPORT,preserved,,9 CHITÃO&XORÓRO/3chitãozinho&xororó saudades 3/Majestade o Sabia - www.musicasparabaixar.org.mp3,"sem erro de leitura; metadata INFERRED; título HIGH; artista HIGH; cover presente; bitrate 192 kbps; sample rate 44100 Hz; desempate final por relative_path",192000,44100,true,INFERRED
9 CHITÃO&XORÓRO/3chitãozinho&xororó saudades 3/Muvem de Lagrimas - www.musicasparabaixar.org.mp3,a851f92cd55fa101e30b1ed4d10088ebdbba03d3552ab75e54bffa7606f96486,IMPORT,preserved,,9 CHITÃO&XORÓRO/3chitãozinho&xororó saudades 3/Muvem de Lagrimas - www.musicasparabaixar.org.mp3,"sem erro de leitura; metadata INFERRED; título HIGH; artista HIGH; cover presente; bitrate 192 kbps; sample rate 44100 Hz; desempate final por relative_path",192000,44100,true,INFERRED
9 CHITÃO&XORÓRO/3chitãozinho&xororó saudades 3/Obras de poeta - www.musicasparabaixar.org.mp3,4cfdea773fe52acd8fb616fef9a2f1fa99ed8c973d276ffd365abddb114b09df,IMPORT,preserved,,9 CHITÃO&XORÓRO/3chitãozinho&xororó saudades 3/Obras de poeta - www.musicasparabaixar.org.mp3,"sem erro de leitura; metadata INFERRED; título HIGH; artista HIGH; cover presente; bitrate 192 kbps; sample rate 44100 Hz; desempate final por relative_path",192000,44100,true,INFERRED
9 CHITÃO&XORÓRO/3chitãozinho&xororó saudades 3/Pedaço de minha vida - www.musicasparabaixar.org.mp3,4bd1f8612eed3c5eb8d46a48029ec451a25cbcabcf04318b4d92de25f1d77ab3,IMPORT,preserved,,9 CHITÃO&XORÓRO/3chitãozinho&xororó saudades 3/Pedaço de minha vida - www.musicasparabaixar.org.mp3,"sem erro de leitura; metadata INFERRED; título HIGH; artista HIGH; cover presente; bitrate 192 kbps; sample rate 44100 Hz; desempate final por relative_path",192000,44100,true,INFERRED
9 CHITÃO&XORÓRO/3chitãozinho&xororó saudades 3/Pura emoção - www.musicasparabaixar.org.mp3,026e26171145df281a17b4613a868e06f030f5f16bd56286e2236802d901f944,IMPORT,preserved,,9 CHITÃO&XORÓRO/3chitãozinho&xororó saudades 3/Pura emoção - www.musicasparabaixar.org.mp3,"sem erro de leitura; metadata INFERRED; título HIGH; artista HIGH; cover presente; bitrate 192 kbps; sample rate 44100 Hz; desempate final por relative_path",192000,44100,true,INFERRED
9 CHITÃO&XORÓRO/3chitãozinho&xororó saudades 3/Saudade Dela - www.musicasparabaixar.org.mp3,999f49f47d19cb675ef350b5844c7b0b8f28359a4abbb5557947da20530168ce,IMPORT,preserved,,9 CHITÃO&XORÓRO/3chitãozinho&xororó saudades 3/Saudade Dela - www.musicasparabaixar.org.mp3,"sem erro de leitura; metadata INFERRED; título HIGH; artista HIGH; cover presente; bitrate 192 kbps; sample rate 44100 Hz; desempate final por relative_path",192000,44100,true,INFERRED
9 CHITÃO&XORÓRO/3chitãozinho&xororó saudades 3/Se deus me ouvisse - www.musicasparabaixar.org.mp3,534f6f0a8d926dbae881b517ae06562f6c28f103c5ef7eafa6ebeb1a63f23f01,IMPORT,preserved,,9 CHITÃO&XORÓRO/3chitãozinho&xororó saudades 3/Se deus me ouvisse - www.musicasparabaixar.org.mp3,"sem erro de leitura; metadata INFERRED; título HIGH; artista HIGH; cover presente; bitrate 192 kbps; sample rate 44100 Hz; desempate final por relative_path",192000,44100,true,INFERRED
9 CHITÃO&XORÓRO/3chitãozinho&xororó saudades 3/Te Esquecer e Impossivel - www.musicasparabaixar.org.mp3,093bb132fdd1d7f29a0a7c3cd626e84fa4de8096f35b0676df3aaf57cd142fe5,IMPORT,preserved,,9 CHITÃO&XORÓRO/3chitãozinho&xororó saudades 3/Te Esquecer e Impossivel - www.musicasparabaixar.org.mp3,"sem erro de leitura; metadata INFERRED; título HIGH; artista HIGH; cover presente; bitrate 192 kbps; sample rate 44100 Hz; desempate final por relative_path",192000,44100,true,INFERRED
9 CHITÃO&XORÓRO/3chitãozinho&xororó saudades 3/Track 11 - www.musicasparabaixar.org.mp3,a98df6ee6d1f7d1b253c0345ffc9fda5dfb09081933577b45cdefaae927d30b1,IMPORT,preserved,,9 CHITÃO&XORÓRO/3chitãozinho&xororó saudades 3/Track 11 - www.musicasparabaixar.org.mp3,"sem erro de leitura; metadata INFERRED; título HIGH; artista MEDIUM; cover presente; bitrate 192 kbps; sample rate 44100 Hz; desempate final por relative_path",192000,44100,true,INFERRED
9 CHITÃO&XORÓRO/3chitãozinho&xororó saudades 3/Uma Noite Especial - www.musicasparabaixar.org.mp3,3cc128a1686b15b3f0892b0e7ac68ca7d696774f7eec09926aa1ed72a69767b5,IMPORT,preserved,,9 CHITÃO&XORÓRO/3chitãozinho&xororó saudades 3/Uma Noite Especial - www.musicasparabaixar.org.mp3,"sem erro de leitura; metadata INFERRED; título HIGH; artista HIGH; cover presente; bitrate 192 kbps; sample rate 44100 Hz; desempate final por relative_path",192000,44100,true,INFERRED
Bruno e Barretto - 2019 Buteco Raiz (Só As Derramadas) (Ao Vivo)/01 - Bruno & Barretto - Alô (Ao Vivo).mp3,a97e6824ca67936f3deaf7719256d21fa553c78819ae1df558e232e294780b8f,IMPORT,preserved,,Bruno e Barretto - 2019 Buteco Raiz (Só As Derramadas) (Ao Vivo)/01 - Bruno & Barretto - Alô (Ao Vivo).mp3,"sem erro de leitura; metadata INFERRED; título HIGH; artista HIGH; sem cover; bitrate 32 kbps; sample rate 16000 Hz; desempate final por relative_path",32000,16000,false,INFERRED
Bruno e Barretto - 2019 Buteco Raiz (Só As Derramadas) (Ao Vivo)/03 - Bruno & Barretto - Sempre Te Amei (Ao Vivo).mp3,641f5d07920647fa263ddfaced0ff899762aeb4bc2a00582f708a2c6ba330182,IMPORT,preserved,,Bruno e Barretto - 2019 Buteco Raiz (Só As Derramadas) (Ao Vivo)/03 - Bruno & Barretto - Sempre Te Amei (Ao Vivo).mp3,"sem erro de leitura; metadata INFERRED; título HIGH; artista HIGH; sem cover; bitrate 32 kbps; sample rate 16000 Hz; desempate final por relative_path",32000,16000,false,INFERRED
Bruno e Barretto - 2019 Buteco Raiz (Só As Derramadas) (Ao Vivo)/04 - Bruno & Barretto - Vida De Cão (Ao Vivo).mp3,960de9d9f99f11b924bdc52f3fd965bb882d59b17e75bbed597a335979d0962c,IMPORT,preserved,,Bruno e Barretto - 2019 Buteco Raiz (Só As Derramadas) (Ao Vivo)/04 - Bruno & Barretto - Vida De Cão (Ao Vivo).mp3,"sem erro de leitura; metadata INFERRED; título HIGH; artista HIGH; sem cover; bitrate 32 kbps; sample rate 16000 Hz; desempate final por relative_path",32000,16000,false,INFERRED
Bruno e Barretto - 2019 Buteco Raiz (Só As Derramadas) (Ao Vivo)/05 - Bruno & Barretto - Buteco Raiz (Ao Vivo).mp3,b9665d159c1535592379febd0d94b405149c564e9f98164d29eac4ae30756563,IMPORT,preserved,,Bruno e Barretto - 2019 Buteco Raiz (Só As Derramadas) (Ao Vivo)/05 - Bruno & Barretto - Buteco Raiz (Ao Vivo).mp3,"sem erro de leitura; metadata INFERRED; título HIGH; artista HIGH; sem cover; bitrate 32 kbps; sample rate 16000 Hz; desempate final por relative_path",32000,16000,false,INFERRED
Bruno e Barretto - 2019 Buteco Raiz (Só As Derramadas) (Ao Vivo)/06 - Bruno & Barretto - Dou A Vida Por Um Beijo (Ao Vivo).mp3,2baaa036781b9ef2f972ea9bc546e89dcdff6eb1fc9a3e0eb8f73069b7aca64e,IMPORT,preserved,,Bruno e Barretto - 2019 Buteco Raiz (Só As Derramadas) (Ao Vivo)/06 - Bruno & Barretto - Dou A Vida Por Um Beijo (Ao Vivo).mp3,"sem erro de leitura; metadata INFERRED; título HIGH; artista HIGH; sem cover; bitrate 32 kbps; sample rate 16000 Hz; desempate final por relative_path",32000,16000,false,INFERRED
Bruno e Barretto - 2019 Buteco Raiz (Só As Derramadas) (Ao Vivo)/07 - Bruno & Barretto - Nos Bares Da Cidade (Ao Vivo).mp3,9f0512e91f3a373142eece69d09b2ddc5e1c2e2f0e66c362b7ca6446ccf2c3f2,IMPORT,preserved,,Bruno e Barretto - 2019 Buteco Raiz (Só As Derramadas) (Ao Vivo)/07 - Bruno & Barretto - Nos Bares Da Cidade (Ao Vivo).mp3,"sem erro de leitura; metadata INFERRED; título HIGH; artista HIGH; sem cover; bitrate 32 kbps; sample rate 16000 Hz; desempate final por relative_path",32000,16000,false,INFERRED
Bruno e Barretto - 2019 Buteco Raiz (Só As Derramadas) (Ao Vivo)/16 - Bruno & Barretto - Pra Te Esquecer (Ao Vivo).mp3,2cc44a3fd2de95b933d7c106c026f5033923fc4f126e427e0a9db1a221f61b5f,IMPORT,preserved,,Bruno e Barretto - 2019 Buteco Raiz (Só As Derramadas) (Ao Vivo)/16 - Bruno & Barretto - Pra Te Esquecer (Ao Vivo).mp3,"sem erro de leitura; metadata INFERRED; título HIGH; artista HIGH; sem cover; bitrate 32 kbps; sample rate 16000 Hz; desempate final por relative_path",32000,16000,false,INFERRED
Bruno e Barretto - 2019 Buteco Raiz (Só As Derramadas) (Ao Vivo)/17 - Bruno & Barretto - Só Dá Você Na Minha Vida (Ao Vivo).mp3,c635c83477b284c22ac1c6f37e89cf664e034c3d83861d35a01117f2d52e630b,IMPORT,preserved,,Bruno e Barretto - 2019 Buteco Raiz (Só As Derramadas) (Ao Vivo)/17 - Bruno & Barretto - Só Dá Você Na Minha Vida (Ao Vivo).mp3,"sem erro de leitura; metadata INFERRED; título HIGH; artista HIGH; sem cover; bitrate 32 kbps; sample rate 16000 Hz; desempate final por relative_path",32000,16000,false,INFERRED
Bruno e Barretto - 2019 Buteco Raiz (Só As Derramadas) (Ao Vivo)/18 - Bruno & Barretto - Duas Vezes Você (Ao Vivo).mp3,283541308ddd799de84bfa15c1701dd4eea222102d0b1c7b464dca4b0edf93d2,IMPORT,preserved,,Bruno e Barretto - 2019 Buteco Raiz (Só As Derramadas) (Ao Vivo)/18 - Bruno & Barretto - Duas Vezes Você (Ao Vivo).mp3,"sem erro de leitura; metadata INFERRED; título HIGH; artista HIGH; sem cover; bitrate 32 kbps; sample rate 16000 Hz; desempate final por relative_path",32000,16000,false,INFERRED
Cezar e Paulinho - 40 anos - 2019/01 Só por você - MODAOMS.COM.mp3,fd4041941702a3c4df013722823d058542c2fd35ace6256fe2c902b6bea55dea,IMPORT,preserved,,Cezar e Paulinho - 40 anos - 2019/01 Só por você - MODAOMS.COM.mp3,"sem erro de leitura; metadata INFERRED; título HIGH; artista HIGH; sem cover; bitrate 32 kbps; sample rate 16000 Hz; desempate final por relative_path",32000,16000,false,INFERRED
Cezar e Paulinho - 40 anos - 2019/02 Viajante Solitário - MODAOMS.COM.mp3,25916e17550281889149e32a3315567b42f62a3ce789379397371b25989239b4,IMPORT,preserved,,Cezar e Paulinho - 40 anos - 2019/02 Viajante Solitário - MODAOMS.COM.mp3,"sem erro de leitura; metadata INFERRED; título HIGH; artista HIGH; sem cover; bitrate 32 kbps; sample rate 16000 Hz; desempate final por relative_path",32000,16000,false,INFERRED
Cezar e Paulinho - 40 anos - 2019/04 Morto de saudade sua (Part. Zé Felipe) - MODAOMS.COM.mp3,5b28df300c7d87fb70fdbd55526884b33f4d5ff11696e932580da7c5cdc717e5,IMPORT,preserved,,Cezar e Paulinho - 40 anos - 2019/04 Morto de saudade sua (Part. Zé Felipe) - MODAOMS.COM.mp3,"sem erro de leitura; metadata INFERRED; título HIGH; artista HIGH; sem cover; bitrate 32 kbps; sample rate 16000 Hz; desempate final por relative_path",32000,16000,false,INFERRED
Cezar e Paulinho - 40 anos - 2019/05 A flor e o beija-flor - MODAOMS.COM.mp3,2c13b99bb7d1dfa3f65540ae59a5875608bd51a47c613e3a38a8a985ff6f24cc,IMPORT,preserved,,Cezar e Paulinho - 40 anos - 2019/05 A flor e o beija-flor - MODAOMS.COM.mp3,"sem erro de leitura; metadata INFERRED; título HIGH; artista HIGH; sem cover; bitrate 32 kbps; sample rate 16000 Hz; desempate final por relative_path",32000,16000,false,INFERRED
Cezar e Paulinho - 40 anos - 2019/07 Amor além da vida - MODAOMS.COM.mp3,8de573df167971c872c11cc82912a0f93e8f3cdadc20612e9e2bdb681fbf0a09,IMPORT,preserved,,Cezar e Paulinho - 40 anos - 2019/07 Amor além da vida - MODAOMS.COM.mp3,"sem erro de leitura; metadata INFERRED; título HIGH; artista HIGH; sem cover; bitrate 32 kbps; sample rate 16000 Hz; desempate final por relative_path",32000,16000,false,INFERRED
Cezar e Paulinho - 40 anos - 2019/12 Duas vezes você (Part. Zé Neto e Cristiano) - MODAOMS.COM.mp3,1102032c8261336e8caf59ba4a74beb83aee0fc62caea4ba6206ba67b5b7d16d,IMPORT,preserved,,Cezar e Paulinho - 40 anos - 2019/12 Duas vezes você (Part. Zé Neto e Cristiano) - MODAOMS.COM.mp3,"sem erro de leitura; metadata INFERRED; título HIGH; artista HIGH; sem cover; bitrate 32 kbps; sample rate 16000 Hz; desempate final por relative_path",32000,16000,false,INFERRED
Cezar e Paulinho - 40 anos - 2019/15 Você é tudo que pedi pra Deus (Part. Eduardo Costa) - MODAOMS.COM.mp3,377e91203fb74d25495e42f004da43da99bd09aac1863526a0a8ff4935f21fe1,IMPORT,preserved,,Cezar e Paulinho - 40 anos - 2019/15 Você é tudo que pedi pra Deus (Part. Eduardo Costa) - MODAOMS.COM.mp3,"sem erro de leitura; metadata INFERRED; título HIGH; artista HIGH; sem cover; bitrate 32 kbps; sample rate 16000 Hz; desempate final por relative_path",32000,16000,false,INFERRED
Cezar e Paulinho - 40 anos - 2019/16 A loira do carro branco (Part. Eduardo Costa) - MODAOMS.COM.mp3,225b45448cf1a69d75f50a4c93951bf9e9bb32e6cb83bee91d350e22e560746f,IMPORT,preserved,,Cezar e Paulinho - 40 anos - 2019/16 A loira do carro branco (Part. Eduardo Costa) - MODAOMS.COM.mp3,"sem erro de leitura; metadata INFERRED; título HIGH; artista HIGH; sem cover; bitrate 32 kbps; sample rate 16000 Hz; desempate final por relative_path",32000,16000,false,INFERRED
Cleber e Cauan - Surreal/01 Cleber e Cauan - Pedaço meu (Part. Jorge).mp3,c81cda19a72103d4c581ffd33ad6fe0db0e80f52bc81a2e2acff469fa2222233,IMPORT,preserved,,Cleber e Cauan - Surreal/01 Cleber e Cauan - Pedaço meu (Part. Jorge).mp3,"sem erro de leitura; metadata INFERRED; título HIGH; artista HIGH; sem cover; bitrate 40 kbps; sample rate 16000 Hz; desempate final por relative_path",40000,16000,false,INFERRED
Cleber e Cauan - Surreal/02 Cleber e Cauan - 200 reais.mp3,3e5352b63ce80bd88c75894f324cb48d04472108a8b58e3bd12813111fe64e02,IMPORT,preserved,,Cleber e Cauan - Surreal/02 Cleber e Cauan - 200 reais.mp3,"sem erro de leitura; metadata INFERRED; título HIGH; artista HIGH; sem cover; bitrate 40 kbps; sample rate 16000 Hz; desempate final por relative_path",40000,16000,false,INFERRED
Cleber e Cauan - Surreal/03 Cleber e Cauan - Teste love.mp3,3f8ce0c79b00110460a9425830f141dc826b9861383058b7aa354d31b2328d72,IMPORT,preserved,,Cleber e Cauan - Surreal/03 Cleber e Cauan - Teste love.mp3,"sem erro de leitura; metadata INFERRED; título HIGH; artista HIGH; sem cover; bitrate 40 kbps; sample rate 16000 Hz; desempate final por relative_path",40000,16000,false,INFERRED
Cleber e Cauan - Surreal/04 Cleber e Cauan - Sfav.mp3,823ea4d6812f882b8b66e145f4a048cbaa7eca90f2afecc2c3770a899f1dcd84,IMPORT,preserved,,Cleber e Cauan - Surreal/04 Cleber e Cauan - Sfav.mp3,"sem erro de leitura; metadata INFERRED; título HIGH; artista HIGH; sem cover; bitrate 40 kbps; sample rate 16000 Hz; desempate final por relative_path",40000,16000,false,INFERRED
Cleber e Cauan - Surreal/05 Cleber e Cauan - Apaixonadim demais.mp3,5c34c5604e7253f145cf157bf8626b5a3acdc640efbdb5aff0c20f4e7c7f84f0,IMPORT,preserved,,Cleber e Cauan - Surreal/05 Cleber e Cauan - Apaixonadim demais.mp3,"sem erro de leitura; metadata INFERRED; título HIGH; artista HIGH; sem cover; bitrate 40 kbps; sample rate 16000 Hz; desempate final por relative_path",40000,16000,false,INFERRED
Cleber e Cauan - Surreal/06 Cleber e Cauan - Dama de copos.mp3,de90f5de6b552c089c7c033fa4d752e4b7995ed47e9250e9d066ca20f7ee3e46,IMPORT,preserved,,Cleber e Cauan - Surreal/06 Cleber e Cauan - Dama de copos.mp3,"sem erro de leitura; metadata INFERRED; título HIGH; artista HIGH; sem cover; bitrate 40 kbps; sample rate 16000 Hz; desempate final por relative_path",40000,16000,false,INFERRED
"Cleber e Cauan - Surreal/07 Cleber e Cauan - Onde há fumaça, há fogo.mp3",b1f0a27b7c1a606bd74d5d4062547f9efdee463a89454cfd12ff9fcdafd5a54a,IMPORT,preserved,,"Cleber e Cauan - Surreal/07 Cleber e Cauan - Onde há fumaça, há fogo.mp3","sem erro de leitura; metadata INFERRED; título HIGH; artista HIGH; sem cover; bitrate 40 kbps; sample rate 16000 Hz; desempate final por relative_path",40000,16000,false,INFERRED
Cleber e Cauan - Surreal/08 Cleber e Cauan - Aproveita.mp3,219822aa9412a9875c649ceedf09095c51a58ec262bbd67df3cd5cfd5b7ce987,IMPORT,preserved,,Cleber e Cauan - Surreal/08 Cleber e Cauan - Aproveita.mp3,"sem erro de leitura; metadata INFERRED; título HIGH; artista HIGH; sem cover; bitrate 40 kbps; sample rate 16000 Hz; desempate final por relative_path",40000,16000,false,INFERRED
Cleber e Cauan - Surreal/09 Cleber e Cauan - Homem ou menino.mp3,ec514fd01374ed781baa9fe80398cfb5d46a3a345fee199d4c02b5264b87b417,IMPORT,preserved,,Cleber e Cauan - Surreal/09 Cleber e Cauan - Homem ou menino.mp3,"sem erro de leitura; metadata INFERRED; título HIGH; artista HIGH; sem cover; bitrate 40 kbps; sample rate 16000 Hz; desempate final por relative_path",40000,16000,false,INFERRED
Cleber e Cauan - Surreal/10 Cleber e Cauan - Sonho.mp3,12ca317f66cbf423314a635e5938f69c1fc7d99ecd8f3aa666ee43d79f36b8d3,IMPORT,preserved,,Cleber e Cauan - Surreal/10 Cleber e Cauan - Sonho.mp3,"sem erro de leitura; metadata INFERRED; título HIGH; artista HIGH; sem cover; bitrate 40 kbps; sample rate 16000 Hz; desempate final por relative_path",40000,16000,false,INFERRED
Cleber e Cauan - Surreal/11 Cleber e Cauan - Hormônios.mp3,2350cc2e71cd63e004f181d9a0bdb2a94e890716fddd19eb99695ae31b0dd8b4,IMPORT,preserved,,Cleber e Cauan - Surreal/11 Cleber e Cauan - Hormônios.mp3,"sem erro de leitura; metadata INFERRED; título HIGH; artista HIGH; sem cover; bitrate 40 kbps; sample rate 16000 Hz; desempate final por relative_path",40000,16000,false,INFERRED
Cleber e Cauan - Surreal/12 Cleber e Cauan - Briga boa.mp3,a161a86831990e802de5f58d1014c6e9cb488be9f47d51522b736332767211de,IMPORT,preserved,,Cleber e Cauan - Surreal/12 Cleber e Cauan - Briga boa.mp3,"sem erro de leitura; metadata INFERRED; título HIGH; artista HIGH; sem cover; bitrate 40 kbps; sample rate 16000 Hz; desempate final por relative_path",40000,16000,false,INFERRED
Cleber e Cauan - Surreal/13 Cleber e Cauan - Debaixo do tapete.mp3,b1b7b8b9009de68f51f2e512d8e87820ce54f2a46a7fcf93b1d83acf65f9930c,IMPORT,preserved,,Cleber e Cauan - Surreal/13 Cleber e Cauan - Debaixo do tapete.mp3,"sem erro de leitura; metadata INFERRED; título HIGH; artista HIGH; sem cover; bitrate 40 kbps; sample rate 16000 Hz; desempate final por relative_path",40000,16000,false,INFERRED
Cleber e Cauan - Surreal/14 Cleber e Cauan - Tbt.mp3,35a22f467411a454947d2403d69dc4c79e0fa54cd12a18ac87f817a7c3ad9fd7,IMPORT,preserved,,Cleber e Cauan - Surreal/14 Cleber e Cauan - Tbt.mp3,"sem erro de leitura; metadata INFERRED; título HIGH; artista HIGH; sem cover; bitrate 40 kbps; sample rate 16000 Hz; desempate final por relative_path",40000,16000,false,INFERRED
Cleber e Cauan - Surreal/15 Cleber e Cauan - Caminhão de mudança.mp3,b0ec5c991dadd019e2bae9eab8259189a2513ed33bd220f79da67123509893a4,IMPORT,preserved,,Cleber e Cauan - Surreal/15 Cleber e Cauan - Caminhão de mudança.mp3,"sem erro de leitura; metadata INFERRED; título HIGH; artista HIGH; sem cover; bitrate 40 kbps; sample rate 16000 Hz; desempate final por relative_path",40000,16000,false,INFERRED
Cleber e Cauan - Surreal/16 Cleber e Cauan - Me deixando liso.mp3,a2c4d2d4f7c851d1d92f459ed291ca67f255ccf326e5a4e80c956b5db6948082,IMPORT,preserved,,Cleber e Cauan - Surreal/16 Cleber e Cauan - Me deixando liso.mp3,"sem erro de leitura; metadata INFERRED; título HIGH; artista HIGH; sem cover; bitrate 40 kbps; sample rate 16000 Hz; desempate final por relative_path",40000,16000,false,INFERRED
Diego & Arnaldo - 2021 EP4 Diego & Arnaldo Live Show/Day e Lara - Pisanejo/01 Day e Lara - Doeu em mim.mp3,6573f0043345850c23723ac479b107650970ce76b1edda316e3fe05857324b40,IMPORT,preserved,,Diego & Arnaldo - 2021 EP4 Diego & Arnaldo Live Show/Day e Lara - Pisanejo/01 Day e Lara - Doeu em mim.mp3,"sem erro de leitura; metadata INFERRED; título HIGH; artista HIGH; sem cover; bitrate 40 kbps; sample rate 16000 Hz; desempate final por relative_path",40000,16000,false,INFERRED
Diego & Arnaldo - 2021 EP4 Diego & Arnaldo Live Show/Day e Lara - Pisanejo/02 Day e Lara - Me gusta.mp3,0423da29280ba3cfe99087ec8f273c39e43603112a41142a042bf73c2372b4c9,IMPORT,preserved,,Diego & Arnaldo - 2021 EP4 Diego & Arnaldo Live Show/Day e Lara - Pisanejo/02 Day e Lara - Me gusta.mp3,"sem erro de leitura; metadata INFERRED; título HIGH; artista HIGH; sem cover; bitrate 40 kbps; sample rate 16000 Hz; desempate final por relative_path",40000,16000,false,INFERRED
Diego & Arnaldo - 2021 EP4 Diego & Arnaldo Live Show/Day e Lara - Pisanejo/03 Day e Lara - Ôh Juliana.mp3,e997f999af4b0c869351151898fd31ea4eb648f294bba9a704c1a21cc86ae236,IMPORT,preserved,,Diego & Arnaldo - 2021 EP4 Diego & Arnaldo Live Show/Day e Lara - Pisanejo/03 Day e Lara - Ôh Juliana.mp3,"sem erro de leitura; metadata INFERRED; título HIGH; artista HIGH; sem cover; bitrate 40 kbps; sample rate 16000 Hz; desempate final por relative_path",40000,16000,false,INFERRED
Diego & Arnaldo - 2021 EP4 Diego & Arnaldo Live Show/Day e Lara - Pisanejo/04 Day e Lara - Sextou.mp3,0519b0fd2db8c831774f7be8a31e38b9e2003b8ec9e74866f3d639a4e3d151a8,IMPORT,preserved,,Diego & Arnaldo - 2021 EP4 Diego & Arnaldo Live Show/Day e Lara - Pisanejo/04 Day e Lara - Sextou.mp3,"sem erro de leitura; metadata INFERRED; título HIGH; artista HIGH; sem cover; bitrate 40 kbps; sample rate 16000 Hz; desempate final por relative_path",40000,16000,false,INFERRED
Diego & Arnaldo - 2021 EP4 Diego & Arnaldo Live Show/Day e Lara - Pisanejo/05 Day e Lara - Toma.mp3,3caf905732bf4cdc9c04fcd2be15a4e84f50ea94051cad45e0353da74e20dab2,IMPORT,preserved,,Diego & Arnaldo - 2021 EP4 Diego & Arnaldo Live Show/Day e Lara - Pisanejo/05 Day e Lara - Toma.mp3,"sem erro de leitura; metadata INFERRED; título HIGH; artista HIGH; sem cover; bitrate 40 kbps; sample rate 16000 Hz; desempate final por relative_path",40000,16000,false,INFERRED
Diego & Arnaldo - 2021 EP4 Diego & Arnaldo Live Show/Day e Lara - Pisanejo/06 Day e Lara - Até ex duvida.mp3,c85339c56be4c1de560f3961fd949f263d22f71a8adae5c9047b76e9acca0086,IMPORT,preserved,,Diego & Arnaldo - 2021 EP4 Diego & Arnaldo Live Show/Day e Lara - Pisanejo/06 Day e Lara - Até ex duvida.mp3,"sem erro de leitura; metadata INFERRED; título HIGH; artista HIGH; sem cover; bitrate 40 kbps; sample rate 16000 Hz; desempate final por relative_path",40000,16000,false,INFERRED
Diego & Arnaldo - 2021 EP4 Diego & Arnaldo Live Show/Day e Lara - Pisanejo/07 Day e Lara - Basta você me ligar.mp3,235daf7b5c1f546ceb92077739e642a186364944a960205796efe475334a048a,IMPORT,preserved,,Diego & Arnaldo - 2021 EP4 Diego & Arnaldo Live Show/Day e Lara - Pisanejo/07 Day e Lara - Basta você me ligar.mp3,"sem erro de leitura; metadata INFERRED; título HIGH; artista HIGH; sem cover; bitrate 40 kbps; sample rate 16000 Hz; desempate final por relative_path",40000,16000,false,INFERRED
Diego & Arnaldo - 2021 EP4 Diego & Arnaldo Live Show/Day e Lara - Pisanejo/08 Day e Lara - Tantão assim.mp3,79ad7f72b08e9459e4564913fa3a95781e12d2faa0ee9e2c4e8f61d427ed53b9,IMPORT,preserved,,Diego & Arnaldo - 2021 EP4 Diego & Arnaldo Live Show/Day e Lara - Pisanejo/08 Day e Lara - Tantão assim.mp3,"sem erro de leitura; metadata INFERRED; título HIGH; artista HIGH; sem cover; bitrate 40 kbps; sample rate 16000 Hz; desempate final por relative_path",40000,16000,false,INFERRED
Diego & Arnaldo - 2021 EP4 Diego & Arnaldo Live Show/Day e Lara - Pisanejo/09 Day e Lara - Nêga.mp3,2c27a190d03dd882ffd705f6b50e3d42b4f9dc85c81fc49fce2a0ef1d243ae2a,IMPORT,preserved,,Diego & Arnaldo - 2021 EP4 Diego & Arnaldo Live Show/Day e Lara - Pisanejo/09 Day e Lara - Nêga.mp3,"sem erro de leitura; metadata INFERRED; título HIGH; artista HIGH; sem cover; bitrate 40 kbps; sample rate 16000 Hz; desempate final por relative_path",40000,16000,false,INFERRED
Diego & Arnaldo - 2021 EP4 Diego & Arnaldo Live Show/Day e Lara - Pisanejo/10 Day e Lara - Coração está em pedaços.mp3,38d47d37afd41329a30f35099a85226c9f5993a0ad137bb7a0a7f83304e8d204,IMPORT,preserved,,Diego & Arnaldo - 2021 EP4 Diego & Arnaldo Live Show/Day e Lara - Pisanejo/10 Day e Lara - Coração está em pedaços.mp3,"sem erro de leitura; metadata INFERRED; título HIGH; artista HIGH; sem cover; bitrate 40 kbps; sample rate 16000 Hz; desempate final por relative_path",40000,16000,false,INFERRED
Diego & Arnaldo - 2021 EP4 Diego & Arnaldo Live Show/Day e Lara - Pisanejo/11 Day e Lara - Se é amor não sei.mp3,9451e61f0dc28548aad53adf076042c6efd6fe971b6975ad1e247ed5bb697ebb,IMPORT,preserved,,Diego & Arnaldo - 2021 EP4 Diego & Arnaldo Live Show/Day e Lara - Pisanejo/11 Day e Lara - Se é amor não sei.mp3,"sem erro de leitura; metadata INFERRED; título HIGH; artista HIGH; sem cover; bitrate 40 kbps; sample rate 16000 Hz; desempate final por relative_path",40000,16000,false,INFERRED
Diego & Arnaldo - 2021 EP4 Diego & Arnaldo Live Show/Day e Lara - Pisanejo/12 Day e Lara - Meu coração não chora urra (Part. Gusttavo Lima).mp3,6334a53d54a0756132fa122c2e41dee5c50dfa078e8e520fb5b1f33f42f26a52,IMPORT,preserved,,Diego & Arnaldo - 2021 EP4 Diego & Arnaldo Live Show/Day e Lara - Pisanejo/12 Day e Lara - Meu coração não chora urra (Part. Gusttavo Lima).mp3,"sem erro de leitura; metadata INFERRED; título HIGH; artista HIGH; sem cover; bitrate 40 kbps; sample rate 16000 Hz; desempate final por relative_path",40000,16000,false,INFERRED
Diego & Arnaldo - 2021 EP4 Diego & Arnaldo Live Show/Day e Lara - Pisanejo/13 Day e Lara - Digitando.mp3,5f84a772cbbc6574ba5328a9a243099061c54f3ebfb85d00c486baab9b8a9f19,IMPORT,preserved,,Diego & Arnaldo - 2021 EP4 Diego & Arnaldo Live Show/Day e Lara - Pisanejo/13 Day e Lara - Digitando.mp3,"sem erro de leitura; metadata INFERRED; título HIGH; artista HIGH; sem cover; bitrate 40 kbps; sample rate 16000 Hz; desempate final por relative_path",40000,16000,false,INFERRED
Diego & Arnaldo - 2021 EP4 Diego & Arnaldo Live Show/Day e Lara - Pisanejo/14 Day e Lara - Romance desapegado.mp3,28191316d0ee58811365f95ca2e477a41c3351124af2186ccc301fe596e63e28,IMPORT,preserved,,Diego & Arnaldo - 2021 EP4 Diego & Arnaldo Live Show/Day e Lara - Pisanejo/14 Day e Lara - Romance desapegado.mp3,"sem erro de leitura; metadata INFERRED; título HIGH; artista HIGH; sem cover; bitrate 40 kbps; sample rate 16000 Hz; desempate final por relative_path",40000,16000,false,INFERRED
Diego & Arnaldo - 2021 EP4 Diego & Arnaldo Live Show/Day e Lara - Pisanejo/15 Day e Lara - Só você.mp3,2ac7900957df518249d1dff47d67d94621d632335eda6e3ddc07672164d63ec3,IMPORT,preserved,,Diego & Arnaldo - 2021 EP4 Diego & Arnaldo Live Show/Day e Lara - Pisanejo/15 Day e Lara - Só você.mp3,"sem erro de leitura; metadata INFERRED; título HIGH; artista HIGH; sem cover; bitrate 40 kbps; sample rate 16000 Hz; desempate final por relative_path",40000,16000,false,INFERRED
Diego & Arnaldo - 2021 EP4 Diego & Arnaldo Live Show/Day e Lara - Pisanejo/16 Day e Lara - Rapariga com orgulho.mp3,a3e3178024d777ca941ce8e93b09c6ca3c6e3e89eee44d12c37d70b382a90196,IMPORT,preserved,,Diego & Arnaldo - 2021 EP4 Diego & Arnaldo Live Show/Day e Lara - Pisanejo/16 Day e Lara - Rapariga com orgulho.mp3,"sem erro de leitura; metadata INFERRED; título HIGH; artista HIGH; sem cover; bitrate 40 kbps; sample rate 16000 Hz; desempate final por relative_path",40000,16000,false,INFERRED
Diego & Arnaldo - 2021 EP4 Diego & Arnaldo Live Show/Day e Lara - Pisanejo/17 Day e Lara - Talarica.mp3,66de9edce946aa25df198819a0b13e0457f23c4a9918ba02c7652e6cb2d77ccb,IMPORT,preserved,,Diego & Arnaldo - 2021 EP4 Diego & Arnaldo Live Show/Day e Lara - Pisanejo/17 Day e Lara - Talarica.mp3,"sem erro de leitura; metadata INFERRED; título HIGH; artista HIGH; sem cover; bitrate 40 kbps; sample rate 16000 Hz; desempate final por relative_path",40000,16000,false,INFERRED
Diego & Arnaldo - 2021 EP4 Diego & Arnaldo Live Show/Day e Lara - Pisanejo/19 Day e Lara - Escuta aí.mp3,b92c6814d18b10a68f3e42e79df07553bd68867c7e84cdbbda5f56dded4cc1b7,IMPORT,preserved,,Diego & Arnaldo - 2021 EP4 Diego & Arnaldo Live Show/Day e Lara - Pisanejo/19 Day e Lara - Escuta aí.mp3,"sem erro de leitura; metadata INFERRED; título HIGH; artista HIGH; sem cover; bitrate 40 kbps; sample rate 16000 Hz; desempate final por relative_path",40000,16000,false,INFERRED
Diego & Ray - Buteco 24 Horas 2/01 - Criançinha (Ao Vivo).mp3,b0da2d763375e5fce5592c8d3be8e3a29ec6b2f198ba9840bf9ca7c00ea269dd,IMPORT,preserved,,Diego & Ray - Buteco 24 Horas 2/01 - Criançinha (Ao Vivo).mp3,"sem erro de leitura; metadata INFERRED; título MEDIUM; artista MEDIUM; sem cover; bitrate 40 kbps; sample rate 16000 Hz; desempate final por relative_path",40000,16000,false,INFERRED
Diego & Ray - Buteco 24 Horas 2/02 - Xodozinho (Ao Vivo).mp3,dc952874a35cfc217181e9be5fedc0aea1d9eb9273ed7b17c722d7c41312d057,IMPORT,preserved,,Diego & Ray - Buteco 24 Horas 2/02 - Xodozinho (Ao Vivo).mp3,"sem erro de leitura; metadata INFERRED; título MEDIUM; artista MEDIUM; sem cover; bitrate 40 kbps; sample rate 16000 Hz; desempate final por relative_path",40000,16000,false,INFERRED
Diego & Ray - Buteco 24 Horas 2/03 - O Lance (Ao Vivo).mp3,41372bafed963a2a1ae5d470ad5dfd950385a423302120c792a78a642cde1bb6,IMPORT,preserved,,Diego & Ray - Buteco 24 Horas 2/03 - O Lance (Ao Vivo).mp3,"sem erro de leitura; metadata INFERRED; título MEDIUM; artista MEDIUM; sem cover; bitrate 40 kbps; sample rate 16000 Hz; desempate final por relative_path",40000,16000,false,INFERRED
Diego & Ray - Buteco 24 Horas 2/04 - Pegando Pesado (Ao Vivo).mp3,bed833cd5061b7bfdc88aa986165688462223bd45e83e302da0665a5831b18e7,IMPORT,preserved,,Diego & Ray - Buteco 24 Horas 2/04 - Pegando Pesado (Ao Vivo).mp3,"sem erro de leitura; metadata INFERRED; título MEDIUM; artista MEDIUM; sem cover; bitrate 40 kbps; sample rate 16000 Hz; desempate final por relative_path",40000,16000,false,INFERRED
Diego & Ray - Buteco 24 Horas 2/05 - Amante Sem Querer (Ao Vivo).mp3,971ba6390d9a47dfcad026925088a8eb45a007a3dc6874c31e67b1e7ba662585,IMPORT,preserved,,Diego & Ray - Buteco 24 Horas 2/05 - Amante Sem Querer (Ao Vivo).mp3,"sem erro de leitura; metadata INFERRED; título MEDIUM; artista MEDIUM; sem cover; bitrate 40 kbps; sample rate 16000 Hz; desempate final por relative_path",40000,16000,false,INFERRED
Diego & Ray - Buteco 24 Horas 2/06 - Leidiane (Ao Vivo).mp3,037e441da1eda23c6581062410b26189c877820a996295ab3dca8fe063d96c9e,IMPORT,exact_duplicate_representative,15,Diego & Ray - Buteco 24 Horas 2/06 - Leidiane (Ao Vivo).mp3,"sem erro de leitura; metadata INFERRED; título MEDIUM; artista MEDIUM; sem cover; bitrate 40 kbps; sample rate 16000 Hz; desempate final por relative_path",40000,16000,false,INFERRED
Diego & Ray - Buteco 24 Horas 2/07 - Agora Eu Vou Chorar (Ao Vivo).mp3,cbe26cd4e5d80ad6e9529721360f79cd3abb5ce24e8ff82f2edcfcfd58611dc6,IMPORT,preserved,,Diego & Ray - Buteco 24 Horas 2/07 - Agora Eu Vou Chorar (Ao Vivo).mp3,"sem erro de leitura; metadata INFERRED; título MEDIUM; artista MEDIUM; sem cover; bitrate 40 kbps; sample rate 16000 Hz; desempate final por relative_path",40000,16000,false,INFERRED
Diego & Ray - Buteco 24 Horas 2/08 - Previsão De Sofrimento (Ao Vivo).mp3,f5c68ca7d4d9c46ab89379ed370dc4e80a97efbe5c7931c9ff601540f381eabb,IMPORT,preserved,,Diego & Ray - Buteco 24 Horas 2/08 - Previsão De Sofrimento (Ao Vivo).mp3,"sem erro de leitura; metadata INFERRED; título MEDIUM; artista MEDIUM; sem cover; bitrate 40 kbps; sample rate 16000 Hz; desempate final por relative_path",40000,16000,false,INFERRED
Diego & Ray - Buteco 24 Horas 2/09 - Coração De Isca (Ao Vivo).mp3,a121756f6602ddb1ed2607a93c720414b03767002d7d8856acbfb4f01158ee25,IMPORT,preserved,,Diego & Ray - Buteco 24 Horas 2/09 - Coração De Isca (Ao Vivo).mp3,"sem erro de leitura; metadata INFERRED; título MEDIUM; artista MEDIUM; sem cover; bitrate 40 kbps; sample rate 16000 Hz; desempate final por relative_path",40000,16000,false,INFERRED
Diego & Ray - Buteco 24 Horas 2/10 - Barra De Gelo (Ao Vivo).mp3,4492dd688cd7b82e723bc3667c6ee8c88f5c996e5a9ccdec6a83dded6adaa6ed,IMPORT,preserved,,Diego & Ray - Buteco 24 Horas 2/10 - Barra De Gelo (Ao Vivo).mp3,"sem erro de leitura; metadata INFERRED; título MEDIUM; artista MEDIUM; sem cover; bitrate 40 kbps; sample rate 16000 Hz; desempate final por relative_path",40000,16000,false,INFERRED
Diego & Ray - Buteco 24 Horas 2/11 - Leidiane (Ao Vivo).mp3,037e441da1eda23c6581062410b26189c877820a996295ab3dca8fe063d96c9e,SKIP_EXACT,exact_duplicate,15,Diego & Ray - Buteco 24 Horas 2/06 - Leidiane (Ao Vivo).mp3,"sem erro de leitura; metadata INFERRED; título MEDIUM; artista MEDIUM; sem cover; bitrate 40 kbps; sample rate 16000 Hz; desempate final por relative_path",40000,16000,false,INFERRED
Diego & Ray - Buteco 24 Horas 2/12 - Foi Ele E Não Eu (Ao Vivo).mp3,cc1fcd645fb16b7ea29fceafbb198809fd629517595bae56fafee2889efba41d,IMPORT,preserved,,Diego & Ray - Buteco 24 Horas 2/12 - Foi Ele E Não Eu (Ao Vivo).mp3,"sem erro de leitura; metadata INFERRED; título MEDIUM; artista MEDIUM; sem cover; bitrate 40 kbps; sample rate 16000 Hz; desempate final por relative_path",40000,16000,false,INFERRED
Diego & Ray - Buteco 24 Horas 2/13 - Inveja (Ao Vivo).mp3,55dcb7cbf92ed9886dce405e4ef6c47308b0c94c28e96b6764c1f887cf804823,IMPORT,preserved,,Diego & Ray - Buteco 24 Horas 2/13 - Inveja (Ao Vivo).mp3,"sem erro de leitura; metadata INFERRED; título MEDIUM; artista MEDIUM; sem cover; bitrate 40 kbps; sample rate 16000 Hz; desempate final por relative_path",40000,16000,false,INFERRED
Diego & Ray - Buteco 24 Horas 2/14 - Reapaixonar (Ao Vivo).mp3,50c97e735240f8d7142e951ba184ffb95af56d6032a34164912d3d534b7f9d01,IMPORT,preserved,,Diego & Ray - Buteco 24 Horas 2/14 - Reapaixonar (Ao Vivo).mp3,"sem erro de leitura; metadata INFERRED; título MEDIUM; artista MEDIUM; sem cover; bitrate 40 kbps; sample rate 16000 Hz; desempate final por relative_path",40000,16000,false,INFERRED
"Edson e Hudson - 2019 Amor + boteco/01 Edson e Hudson - Quem me viu, quem me vê.mp3",e2896cdb7b4e068709d28a362bce01f2f39f20e4fa2e5853b276bd6f5b422128,IMPORT,preserved,,"Edson e Hudson - 2019 Amor + boteco/01 Edson e Hudson - Quem me viu, quem me vê.mp3","sem erro de leitura; metadata INFERRED; título HIGH; artista HIGH; sem cover; bitrate 40 kbps; sample rate 16000 Hz; desempate final por relative_path",40000,16000,false,INFERRED
Edson e Hudson - 2019 Amor + boteco/02 Edson e Hudson - Minha estrela perdida.mp3,6e6c2fbfe068d96000a198e48e899533f8cabe486873a2d3e64b78a6de504ee8,IMPORT,preserved,,Edson e Hudson - 2019 Amor + boteco/02 Edson e Hudson - Minha estrela perdida.mp3,"sem erro de leitura; metadata INFERRED; título HIGH; artista HIGH; sem cover; bitrate 40 kbps; sample rate 16000 Hz; desempate final por relative_path",40000,16000,false,INFERRED
Edson e Hudson - 2019 Amor + boteco/03 Edson e Hudson - Decida.mp3,6f110642f1bd03bd39d11968f39b9a3d8e5babefd0daf98aa9146a11420a60ab,IMPORT,preserved,,Edson e Hudson - 2019 Amor + boteco/03 Edson e Hudson - Decida.mp3,"sem erro de leitura; metadata INFERRED; título HIGH; artista HIGH; sem cover; bitrate 40 kbps; sample rate 16000 Hz; desempate final por relative_path",40000,16000,false,INFERRED
Edson e Hudson - 2019 Amor + boteco/04 Edson e Hudson - Indiferença.mp3,2cb14cacc551804b8d3111ca6801584779f0e4cca80d2728b3207ec3ba755fc1,IMPORT,preserved,,Edson e Hudson - 2019 Amor + boteco/04 Edson e Hudson - Indiferença.mp3,"sem erro de leitura; metadata INFERRED; título HIGH; artista HIGH; sem cover; bitrate 40 kbps; sample rate 16000 Hz; desempate final por relative_path",40000,16000,false,INFERRED
Edson e Hudson - 2019 Amor + boteco/05 Edson e Hudson - O grande amor da minha vida (Convite de casamento).mp3,6f7ce034d47a5b2b2b7d9e573dac7dbd16e4d76a62c6e4602ddabc325c67d0c8,IMPORT,preserved,,Edson e Hudson - 2019 Amor + boteco/05 Edson e Hudson - O grande amor da minha vida (Convite de casamento).mp3,"sem erro de leitura; metadata INFERRED; título HIGH; artista HIGH; sem cover; bitrate 40 kbps; sample rate 16000 Hz; desempate final por relative_path",40000,16000,false,INFERRED
Edson e Hudson - 2019 Amor + boteco/06 Edson e Hudson - Alguém.mp3,0246f9cc41d4475adfdbf72aa08940d9614bcf7631593e89aa5dd045968b4a07,IMPORT,preserved,,Edson e Hudson - 2019 Amor + boteco/06 Edson e Hudson - Alguém.mp3,"sem erro de leitura; metadata INFERRED; título HIGH; artista HIGH; sem cover; bitrate 40 kbps; sample rate 16000 Hz; desempate final por relative_path",40000,16000,false,INFERRED
Edson e Hudson - 2019 Amor + boteco/08 Edson e Hudson - Esta noite foi maravilhosa.mp3,33d3bb0812a307e4b1b5bf3a7dbac3caa0fb9db4bbb90f4832849f065b62431c,IMPORT,preserved,,Edson e Hudson - 2019 Amor + boteco/08 Edson e Hudson - Esta noite foi maravilhosa.mp3,"sem erro de leitura; metadata INFERRED; título HIGH; artista HIGH; sem cover; bitrate 40 kbps; sample rate 16000 Hz; desempate final por relative_path",40000,16000,false,INFERRED
Edson e Hudson - 2019 Amor + boteco/09 Edson e Hudson - Poeira no vento.mp3,10b97b3122e83ea87bcb654f369859246750d5d2dc9f94bfac6f832285c0b05d,IMPORT,preserved,,Edson e Hudson - 2019 Amor + boteco/09 Edson e Hudson - Poeira no vento.mp3,"sem erro de leitura; metadata INFERRED; título HIGH; artista HIGH; sem cover; bitrate 40 kbps; sample rate 16000 Hz; desempate final por relative_path",40000,16000,false,INFERRED
Edy Britto & Samuel - 2020 Na Moda/01 - Semente do Amor (Ao Vivo).mp3,0c5bdc199f4bcde07bc0089ceb807595d247097fafd624d41066f93a9333c860,IMPORT,preserved,,Edy Britto & Samuel - 2020 Na Moda/01 - Semente do Amor (Ao Vivo).mp3,"sem erro de leitura; metadata INFERRED; título MEDIUM; artista MEDIUM; sem cover; bitrate 40 kbps; sample rate 16000 Hz; desempate final por relative_path",40000,16000,false,INFERRED
Edy Britto & Samuel - 2020 Na Moda/02 - Brigas (Ao Vivo).mp3,1a5bfd1f45f0b00a017c476aa085181ebe86271d8ca961d4522ee57607017e7b,IMPORT,preserved,,Edy Britto & Samuel - 2020 Na Moda/02 - Brigas (Ao Vivo).mp3,"sem erro de leitura; metadata INFERRED; título MEDIUM; artista MEDIUM; sem cover; bitrate 40 kbps; sample rate 16000 Hz; desempate final por relative_path",40000,16000,false,INFERRED
Edy Britto & Samuel - 2020 Na Moda/03 - Vou Beber de Novo _ Estrela Caída _ Momentos Felizes (Ao Vivo).mp3,b993a47a1df2aae8ba69a1092ba4cb041a674fbb4f3217239a49d6d87b1f43ec,IMPORT,preserved,,Edy Britto & Samuel - 2020 Na Moda/03 - Vou Beber de Novo _ Estrela Caída _ Momentos Felizes (Ao Vivo).mp3,"sem erro de leitura; metadata INFERRED; título MEDIUM; artista MEDIUM; sem cover; bitrate 40 kbps; sample rate 16000 Hz; desempate final por relative_path",40000,16000,false,INFERRED
Edy Britto & Samuel - 2020 Na Moda/04 - Placar (Ao Vivo).mp3,79a4b7717ad23801c1c6927e24bb29b7ba298bea386d73f27f5401a68afd9adc,IMPORT,preserved,,Edy Britto & Samuel - 2020 Na Moda/04 - Placar (Ao Vivo).mp3,"sem erro de leitura; metadata INFERRED; título MEDIUM; artista MEDIUM; sem cover; bitrate 40 kbps; sample rate 16000 Hz; desempate final por relative_path",40000,16000,false,INFERRED
Edy Britto & Samuel - 2020 Na Moda/05 - Vestido Colado (Ao Vivo).mp3,7425a5762f9ca8ee4cee41803e2f610c7e107b98429d2573128b275c56f359cb,IMPORT,preserved,,Edy Britto & Samuel - 2020 Na Moda/05 - Vestido Colado (Ao Vivo).mp3,"sem erro de leitura; metadata INFERRED; título MEDIUM; artista MEDIUM; sem cover; bitrate 40 kbps; sample rate 16000 Hz; desempate final por relative_path",40000,16000,false,INFERRED
Edy Britto & Samuel - 2020 Na Moda/06 - Sua Vez (Ao Vivo).mp3,a51c8c12d204b07d13ffd1cc6b62a8dd57c720c9f66fe07f8e76a79a9351c32f,IMPORT,preserved,,Edy Britto & Samuel - 2020 Na Moda/06 - Sua Vez (Ao Vivo).mp3,"sem erro de leitura; metadata INFERRED; título MEDIUM; artista MEDIUM; sem cover; bitrate 40 kbps; sample rate 16000 Hz; desempate final por relative_path",40000,16000,false,INFERRED
Edy Britto & Samuel - 2020 Na Moda/07 - Litro de Cana (Ao Vivo).mp3,056cf261cf23eb77799ad499623cb94e7004bd6c9ebcffe6eddcfa501ec54ee7,IMPORT,preserved,,Edy Britto & Samuel - 2020 Na Moda/07 - Litro de Cana (Ao Vivo).mp3,"sem erro de leitura; metadata INFERRED; título MEDIUM; artista MEDIUM; sem cover; bitrate 40 kbps; sample rate 16000 Hz; desempate final por relative_path",40000,16000,false,INFERRED
Edy Britto & Samuel - 2020 Na Moda/08 - Hoje Não É Nosso Dia (Ao Vivo).mp3,276634e90167820bbd41374da55e3f792a2a78be7105e1307ea2ed6402f2f11f,IMPORT,preserved,,Edy Britto & Samuel - 2020 Na Moda/08 - Hoje Não É Nosso Dia (Ao Vivo).mp3,"sem erro de leitura; metadata INFERRED; título MEDIUM; artista MEDIUM; sem cover; bitrate 40 kbps; sample rate 16000 Hz; desempate final por relative_path",40000,16000,false,INFERRED
Edy Britto & Samuel - 2020 Na Moda/09 - Como Esquecer um Amor (Ao Vivo).mp3,8d9cf3b196dacc944fca917e7e3e90a5549a4aaba182c80a00c34e09cd7a1c65,IMPORT,preserved,,Edy Britto & Samuel - 2020 Na Moda/09 - Como Esquecer um Amor (Ao Vivo).mp3,"sem erro de leitura; metadata INFERRED; título MEDIUM; artista MEDIUM; sem cover; bitrate 40 kbps; sample rate 16000 Hz; desempate final por relative_path",40000,16000,false,INFERRED
Edy Britto & Samuel - 2020 Na Moda/10 - Rosto Molhado (Ao Vivo).mp3,9f347f6944551bfee8a09996dbc17ddd7f4115817a174d0b86c7b5bd7e62aa15,IMPORT,preserved,,Edy Britto & Samuel - 2020 Na Moda/10 - Rosto Molhado (Ao Vivo).mp3,"sem erro de leitura; metadata INFERRED; título MEDIUM; artista MEDIUM; sem cover; bitrate 40 kbps; sample rate 16000 Hz; desempate final por relative_path",40000,16000,false,INFERRED
Edy Britto & Samuel - 2020 Na Moda/11 - Deixa Que do Resto Eu Cuido (Ao Vivo).mp3,2c5b72564a43ae3080539af310386887aa6336143f088ef1dee3228392ca34e6,IMPORT,preserved,,Edy Britto & Samuel - 2020 Na Moda/11 - Deixa Que do Resto Eu Cuido (Ao Vivo).mp3,"sem erro de leitura; metadata INFERRED; título MEDIUM; artista MEDIUM; sem cover; bitrate 40 kbps; sample rate 16000 Hz; desempate final por relative_path",40000,16000,false,INFERRED
Edy Britto & Samuel - 2020 Na Moda/12 - Vou Beber Veneno (Ao Vivo).mp3,bc5bec707f32e36c2aa55fb0ac9c049ada08767c0410928d8c56a3a2ac2f7638,IMPORT,preserved,,Edy Britto & Samuel - 2020 Na Moda/12 - Vou Beber Veneno (Ao Vivo).mp3,"sem erro de leitura; metadata INFERRED; título MEDIUM; artista MEDIUM; sem cover; bitrate 40 kbps; sample rate 16000 Hz; desempate final por relative_path",40000,16000,false,INFERRED
Edy Britto & Samuel - 2020 Na Moda/13 - Amantes e Amigos (Ao Vivo).mp3,510c54ef96a85b87eaa211b35e288a4029877e68a43a7e7bb164de16d745bf21,IMPORT,preserved,,Edy Britto & Samuel - 2020 Na Moda/13 - Amantes e Amigos (Ao Vivo).mp3,"sem erro de leitura; metadata INFERRED; título MEDIUM; artista MEDIUM; sem cover; bitrate 40 kbps; sample rate 16000 Hz; desempate final por relative_path",40000,16000,false,INFERRED
Edy Britto & Samuel - 2020 Na Moda/14 - Paixão de Peão (Ao Vivo).mp3,ec0e77c8909da6c3ba23185e24ba682f8d5d40fa703645a436a224de7226afda,IMPORT,preserved,,Edy Britto & Samuel - 2020 Na Moda/14 - Paixão de Peão (Ao Vivo).mp3,"sem erro de leitura; metadata INFERRED; título MEDIUM; artista MEDIUM; sem cover; bitrate 40 kbps; sample rate 16000 Hz; desempate final por relative_path",40000,16000,false,INFERRED
Edy Britto & Samuel - 2020 Na Moda/15 - Mulher Sempre Mulher (Ao Vivo).mp3,67ad80d10236ac55064be6748de022c3a1b79a4768bf7c1662741fb6385f85c5,IMPORT,preserved,,Edy Britto & Samuel - 2020 Na Moda/15 - Mulher Sempre Mulher (Ao Vivo).mp3,"sem erro de leitura; metadata INFERRED; título MEDIUM; artista MEDIUM; sem cover; bitrate 40 kbps; sample rate 16000 Hz; desempate final por relative_path",40000,16000,false,INFERRED
Edy Britto & Samuel - 2020 Na Moda/16 - Ponto G (Ao Vivo).mp3,74fb7e4ad1e0aa6301b56dc1651fc83e57d684158f09392695448e11f35bcc5d,IMPORT,preserved,,Edy Britto & Samuel - 2020 Na Moda/16 - Ponto G (Ao Vivo).mp3,"sem erro de leitura; metadata INFERRED; título MEDIUM; artista MEDIUM; sem cover; bitrate 40 kbps; sample rate 16000 Hz; desempate final por relative_path",40000,16000,false,INFERRED
Fernando & Sorocaba -2020 #Isso é Churrasco/10 - Já Destampei (Ao Vivo).mp3,c7217c65c49571443ad2047f59c5bbb2de910a84ed258723a12ca99644159b29,IMPORT,preserved,,Fernando & Sorocaba -2020 #Isso é Churrasco/10 - Já Destampei (Ao Vivo).mp3,"sem erro de leitura; metadata INFERRED; título MEDIUM; artista MEDIUM; sem cover; bitrate 40 kbps; sample rate 16000 Hz; desempate final por relative_path",40000,16000,false,INFERRED
Fernando & Sorocaba -2020 #Isso é Churrasco/11 - Garanhão da Madrugada _ Paixão de Peão _ É Problema Meu _ Quebrando Tudo _ É Disso Que o Velho Gosta (Ao Vivo).mp3,4d6cc4f86cc0a10cea0bd7017c61e3a4d6e99a8fcfd7b8c1ab70a2f0161556da,IMPORT,preserved,,Fernando & Sorocaba -2020 #Isso é Churrasco/11 - Garanhão da Madrugada _ Paixão de Peão _ É Problema Meu _ Quebrando Tudo _ É Disso Que o Velho Gosta (Ao Vivo).mp3,"sem erro de leitura; metadata INFERRED; título MEDIUM; artista MEDIUM; sem cover; bitrate 40 kbps; sample rate 16000 Hz; desempate final por relative_path",40000,16000,false,INFERRED
Fernando & Sorocaba -2020 #Isso é Churrasco/12 - Pólvora (Ao Vivo).mp3,6f4de1ce7dff6c104892fa6e45f69d19183121314c45c9121883f5b8d4d61665,IMPORT,preserved,,Fernando & Sorocaba -2020 #Isso é Churrasco/12 - Pólvora (Ao Vivo).mp3,"sem erro de leitura; metadata INFERRED; título MEDIUM; artista MEDIUM; sem cover; bitrate 40 kbps; sample rate 16000 Hz; desempate final por relative_path",40000,16000,false,INFERRED
Fernando & Sorocaba -2020 #Isso é Churrasco/13 - Se Meu Violão Falasse (Ao Vivo).mp3,49a06a2ec5b5c770cea9437d4563da1aa48c1704483f061150f06e14de4f74ce,IMPORT,preserved,,Fernando & Sorocaba -2020 #Isso é Churrasco/13 - Se Meu Violão Falasse (Ao Vivo).mp3,"sem erro de leitura; metadata INFERRED; título MEDIUM; artista MEDIUM; sem cover; bitrate 40 kbps; sample rate 16000 Hz; desempate final por relative_path",40000,16000,false,INFERRED
Fernando & Sorocaba -2020 #Isso é Churrasco/14 - Cara Feio (Ao Vivo).mp3,10211359e6074c672f2ee360ca39247e0d77384d19a5435fa31b0eb9c280bd34,IMPORT,preserved,,Fernando & Sorocaba -2020 #Isso é Churrasco/14 - Cara Feio (Ao Vivo).mp3,"sem erro de leitura; metadata INFERRED; título MEDIUM; artista MEDIUM; sem cover; bitrate 40 kbps; sample rate 16000 Hz; desempate final por relative_path",40000,16000,false,INFERRED
Fernando & Sorocaba -2020 #Isso é Churrasco/6 - Sábado Sóbrio (Ao Vivo).mp3,33ef8f2f29697ae9fde348b488dfd93d047da2b02b6449f6c331e50f02fb3ae2,IMPORT,preserved,,Fernando & Sorocaba -2020 #Isso é Churrasco/6 - Sábado Sóbrio (Ao Vivo).mp3,"sem erro de leitura; metadata INFERRED; título MEDIUM; artista MEDIUM; sem cover; bitrate 40 kbps; sample rate 16000 Hz; desempate final por relative_path",40000,16000,false,INFERRED
Fernando & Sorocaba -2020 #Isso é Churrasco/7 - Das Duas Uma (Ao Vivo).mp3,99dd2653f54842808f4056970fa2f9c5566b319350df8f965f0bb0ed397f5bb6,IMPORT,preserved,,Fernando & Sorocaba -2020 #Isso é Churrasco/7 - Das Duas Uma (Ao Vivo).mp3,"sem erro de leitura; metadata INFERRED; título MEDIUM; artista MEDIUM; sem cover; bitrate 40 kbps; sample rate 16000 Hz; desempate final por relative_path",40000,16000,false,INFERRED
Fernando & Sorocaba -2020 #Isso é Churrasco/8 - Lembrança Preferida (Ao Vivo).mp3,3973bcc9ccd688d390e737429bad2685e8dd069e42f4bbc74bb83a4a164ee937,IMPORT,preserved,,Fernando & Sorocaba -2020 #Isso é Churrasco/8 - Lembrança Preferida (Ao Vivo).mp3,"sem erro de leitura; metadata INFERRED; título MEDIUM; artista MEDIUM; sem cover; bitrate 40 kbps; sample rate 16000 Hz; desempate final por relative_path",40000,16000,false,INFERRED
Fernando & Sorocaba -2020 #Isso é Churrasco/9 - Estourado no Goiás (Ao Vivo).mp3,860f00c7a9636ffde850eb1d93d15b856b00e242133526cb95a512d4c39fa6d7,IMPORT,preserved,,Fernando & Sorocaba -2020 #Isso é Churrasco/9 - Estourado no Goiás (Ao Vivo).mp3,"sem erro de leitura; metadata INFERRED; título MEDIUM; artista MEDIUM; sem cover; bitrate 40 kbps; sample rate 16000 Hz; desempate final por relative_path",40000,16000,false,INFERRED
Fiduma & Jeca -2021 De 2000 Pra Frente/01 - Falando Sério _ Querendo Te Amar.mp3,4055f3e5acd8a6e6f2c97ac30e6da112f945789925868e1ddde670b162c5008c,IMPORT,preserved,,Fiduma & Jeca -2021 De 2000 Pra Frente/01 - Falando Sério _ Querendo Te Amar.mp3,"sem erro de leitura; metadata INFERRED; título MEDIUM; artista MEDIUM; sem cover; bitrate 40 kbps; sample rate 16000 Hz; desempate final por relative_path",40000,16000,false,INFERRED
Fiduma & Jeca -2021 De 2000 Pra Frente/02 - Você Não Sabe o Que É Amor _ Bala de Prata.mp3,5ad523d20f9ba2cb97aae9aef8b01d99351566da2a4bcc22e6cb12461ce7dac8,IMPORT,preserved,,Fiduma & Jeca -2021 De 2000 Pra Frente/02 - Você Não Sabe o Que É Amor _ Bala de Prata.mp3,"sem erro de leitura; metadata INFERRED; título MEDIUM; artista MEDIUM; sem cover; bitrate 40 kbps; sample rate 16000 Hz; desempate final por relative_path",40000,16000,false,INFERRED
Fiduma & Jeca -2021 De 2000 Pra Frente/03 - Reza a Lenda.mp3,a0f7cc078d21701b79ee20d1364da771377e2812ca72f4919f4fb00cb2ebce9f,IMPORT,preserved,,Fiduma & Jeca -2021 De 2000 Pra Frente/03 - Reza a Lenda.mp3,"sem erro de leitura; metadata INFERRED; título MEDIUM; artista MEDIUM; sem cover; bitrate 40 kbps; sample rate 16000 Hz; desempate final por relative_path",40000,16000,false,INFERRED
Gustavo Mioto -2021 Inconfundível/01 - Não Parei De Sofrer.mp3,6960745528e4e4c6d6886e12edcf687b39dcc3c9e7140acd435d213024119187,IMPORT,preserved,,Gustavo Mioto -2021 Inconfundível/01 - Não Parei De Sofrer.mp3,"sem erro de leitura; metadata INFERRED; título MEDIUM; artista MEDIUM; sem cover; bitrate 40 kbps; sample rate 16000 Hz; desempate final por relative_path",40000,16000,false,INFERRED
Gustavo Mioto -2021 Inconfundível/02 - Não Usa Ele Não.mp3,bf0eeb76c87e27e020ba097f6f7fa3033b7f712aaf4d6f6183518956f1344266,IMPORT,preserved,,Gustavo Mioto -2021 Inconfundível/02 - Não Usa Ele Não.mp3,"sem erro de leitura; metadata INFERRED; título MEDIUM; artista MEDIUM; sem cover; bitrate 40 kbps; sample rate 16000 Hz; desempate final por relative_path",40000,16000,false,INFERRED
Gustavo Mioto -2021 Inconfundível/03 - Restrição Sentimental.mp3,02e4a2c674cdcbf55bdacc7ed2c1823ce629b7929f125d1f26bc74ba62ae7d7a,IMPORT,preserved,,Gustavo Mioto -2021 Inconfundível/03 - Restrição Sentimental.mp3,"sem erro de leitura; metadata INFERRED; título MEDIUM; artista MEDIUM; sem cover; bitrate 40 kbps; sample rate 16000 Hz; desempate final por relative_path",40000,16000,false,INFERRED
Gustavo Mioto -2021 Inconfundível/04 - Ciúmes.mp3,f299574364c214c5d20734c9169072557245e717a038484277f553150870f59a,IMPORT,preserved,,Gustavo Mioto -2021 Inconfundível/04 - Ciúmes.mp3,"sem erro de leitura; metadata INFERRED; título MEDIUM; artista MEDIUM; sem cover; bitrate 40 kbps; sample rate 16000 Hz; desempate final por relative_path",40000,16000,false,INFERRED
Gustavo Mioto -2021 Inconfundível/05 - Não Tô Chorando Não.mp3,10ca3cb7942fdaeba2aabb9713d6cb2efd793e951c0e8df7fd52360c2f02baf4,IMPORT,preserved,,Gustavo Mioto -2021 Inconfundível/05 - Não Tô Chorando Não.mp3,"sem erro de leitura; metadata INFERRED; título MEDIUM; artista MEDIUM; sem cover; bitrate 40 kbps; sample rate 16000 Hz; desempate final por relative_path",40000,16000,false,INFERRED
Gustavo Mioto -2021 Inconfundível/06 - Dói.mp3,693518b6d5154af715fef88410407755751d332f2f4f83b2e5f3a3236ff8e1a5,IMPORT,preserved,,Gustavo Mioto -2021 Inconfundível/06 - Dói.mp3,"sem erro de leitura; metadata INFERRED; título MEDIUM; artista MEDIUM; sem cover; bitrate 40 kbps; sample rate 16000 Hz; desempate final por relative_path",40000,16000,false,INFERRED
Gustavo Mioto -2021 Inconfundível/07 - Final Definitivo.mp3,376f571d4cf89dac72f8a866e99f5c02d51b6c813f9c33ae4c60389af6e9287a,IMPORT,preserved,,Gustavo Mioto -2021 Inconfundível/07 - Final Definitivo.mp3,"sem erro de leitura; metadata INFERRED; título MEDIUM; artista MEDIUM; sem cover; bitrate 40 kbps; sample rate 16000 Hz; desempate final por relative_path",40000,16000,false,INFERRED
Gustavo Mioto -2021 Inconfundível/08 - Chocolate.mp3,7e3672f45978af934253b9c3d398a6bf6ca71090d0d7b870fac5ce00af256dc7,IMPORT,preserved,,Gustavo Mioto -2021 Inconfundível/08 - Chocolate.mp3,"sem erro de leitura; metadata INFERRED; título MEDIUM; artista MEDIUM; sem cover; bitrate 40 kbps; sample rate 16000 Hz; desempate final por relative_path",40000,16000,false,INFERRED
Gustavo Mioto -2021 Inconfundível/09 - Geladeira.mp3,147077ad2d7199e5c849c0e7a00bbf39fffc91e92f4d09da72117d3e6cae47d3,IMPORT,preserved,,Gustavo Mioto -2021 Inconfundível/09 - Geladeira.mp3,"sem erro de leitura; metadata INFERRED; título MEDIUM; artista MEDIUM; sem cover; bitrate 40 kbps; sample rate 16000 Hz; desempate final por relative_path",40000,16000,false,INFERRED
Hugo & Guilherme -2020/01 - Coração Na Cama (Ao Vivo).mp3,e59ec655244bdff9e7963dd7fbe0f55ceac5326405c68ac16834bcc4a990844a,IMPORT,preserved,,Hugo & Guilherme -2020/01 - Coração Na Cama (Ao Vivo).mp3,"sem erro de leitura; metadata INFERRED; título MEDIUM; artista MEDIUM; sem cover; bitrate 40 kbps; sample rate 16000 Hz; desempate final por relative_path",40000,16000,false,INFERRED
Hugo & Guilherme -2020/02 - Pingo de Dó (Ao Vivo).mp3,819070ccba12b22cc4bb9e90dffb7885499e4a2f2531aa5bba368867556097a2,IMPORT,preserved,,Hugo & Guilherme -2020/02 - Pingo de Dó (Ao Vivo).mp3,"sem erro de leitura; metadata INFERRED; título MEDIUM; artista MEDIUM; sem cover; bitrate 40 kbps; sample rate 16000 Hz; desempate final por relative_path",40000,16000,false,INFERRED
Hugo & Guilherme -2020/03 - Pot-Pourri_ Devolva-Me _ Você Não Me Ensinou a Te Esquecer (Ao Vivo).mp3,c90ea2b86f6ff6e7d8c424ca22150a1261b4841dc5ac4733584cdf2a76d8d1ae,IMPORT,preserved,,Hugo & Guilherme -2020/03 - Pot-Pourri_ Devolva-Me _ Você Não Me Ensinou a Te Esquecer (Ao Vivo).mp3,"sem erro de leitura; metadata INFERRED; título MEDIUM; artista MEDIUM; sem cover; bitrate 40 kbps; sample rate 16000 Hz; desempate final por relative_path",40000,16000,false,INFERRED
Hugo & Guilherme -2020/04 - Pare Com Isso (Ao Vivo).mp3,265b871ef8b951cee2aca13ab210f0b4921888a02aef30845aab55f333719aaa,IMPORT,preserved,,Hugo & Guilherme -2020/04 - Pare Com Isso (Ao Vivo).mp3,"sem erro de leitura; metadata INFERRED; título MEDIUM; artista MEDIUM; sem cover; bitrate 40 kbps; sample rate 16000 Hz; desempate final por relative_path",40000,16000,false,INFERRED
Hugo & Guilherme -2020/05 - Pot-Pourri_ Separação _ Porta-Retrato (Ao Vivo).mp3,ff5903d4170c0d3ee8eaf1bda14ec2086ebead00e2ba440ba494663918864216,IMPORT,preserved,,Hugo & Guilherme -2020/05 - Pot-Pourri_ Separação _ Porta-Retrato (Ao Vivo).mp3,"sem erro de leitura; metadata INFERRED; título MEDIUM; artista MEDIUM; sem cover; bitrate 40 kbps; sample rate 16000 Hz; desempate final por relative_path",40000,16000,false,INFERRED
Hugo & Guilherme -2020/06 - Pot-Pourri_ Quando o Coração Se Apaixona _ Cala a Boca e Me Beija (Ao Vivo).mp3,f5af396fcd5166b9d8cdfdac3e79cf5da10880653904437ce10e6b4ff1ddf397,IMPORT,preserved,,Hugo & Guilherme -2020/06 - Pot-Pourri_ Quando o Coração Se Apaixona _ Cala a Boca e Me Beija (Ao Vivo).mp3,"sem erro de leitura; metadata INFERRED; título MEDIUM; artista MEDIUM; sem cover; bitrate 40 kbps; sample rate 16000 Hz; desempate final por relative_path",40000,16000,false,INFERRED
Hugo & Guilherme -2020/07 - O Pai Tá On (Ao Vivo).mp3,24a6e40397ed35a377d8f34620935e0e77ce4dc8eea55ef9f83eba38fab22b59,IMPORT,preserved,,Hugo & Guilherme -2020/07 - O Pai Tá On (Ao Vivo).mp3,"sem erro de leitura; metadata INFERRED; título MEDIUM; artista MEDIUM; sem cover; bitrate 40 kbps; sample rate 16000 Hz; desempate final por relative_path",40000,16000,false,INFERRED
Hugo & Guilherme -2020/08 - Pot-Pourri_ Perdi Você _ Fale um Pouco Comigo (Ao Vivo).mp3,8c5f5b0a385d1584c57f81f5b2e4128b45fdd00803769c338f2861f785420aee,IMPORT,preserved,,Hugo & Guilherme -2020/08 - Pot-Pourri_ Perdi Você _ Fale um Pouco Comigo (Ao Vivo).mp3,"sem erro de leitura; metadata INFERRED; título MEDIUM; artista MEDIUM; sem cover; bitrate 40 kbps; sample rate 16000 Hz; desempate final por relative_path",40000,16000,false,INFERRED
Hugo & Guilherme -2020/09 - Vovozinho (Ao Vivo).mp3,7ceeba7d7f978503eed951e6897598a444006677b81dc4670e74248e11496ac6,IMPORT,preserved,,Hugo & Guilherme -2020/09 - Vovozinho (Ao Vivo).mp3,"sem erro de leitura; metadata INFERRED; título MEDIUM; artista MEDIUM; sem cover; bitrate 40 kbps; sample rate 16000 Hz; desempate final por relative_path",40000,16000,false,INFERRED
Hugo & Guilherme -2020/10 - Pot-Pourri_ A Culpa É Sua _ Você Decide (Ao Vivo).mp3,eba740d9ff83234e6759730c3bd6d774e4af044cc9eee3f337b22e825e331247,IMPORT,preserved,,Hugo & Guilherme -2020/10 - Pot-Pourri_ A Culpa É Sua _ Você Decide (Ao Vivo).mp3,"sem erro de leitura; metadata INFERRED; título MEDIUM; artista MEDIUM; sem cover; bitrate 40 kbps; sample rate 16000 Hz; desempate final por relative_path",40000,16000,false,INFERRED
Hugo & Guilherme -2020/11 - Pot-Pourri_ Espinhos da Vida _ Mistérios (Ao Vivo).mp3,d7ed944294ee9df8dfdacbd6835924af1e929a8c4d846f24f449bae4cb5d6c6b,IMPORT,preserved,,Hugo & Guilherme -2020/11 - Pot-Pourri_ Espinhos da Vida _ Mistérios (Ao Vivo).mp3,"sem erro de leitura; metadata INFERRED; título MEDIUM; artista MEDIUM; sem cover; bitrate 40 kbps; sample rate 16000 Hz; desempate final por relative_path",40000,16000,false,INFERRED
Hugo & Guilherme -2020/12 - Corpo Moreno (Ao Vivo).mp3,b989ff577620048c00c86fdf8bfc5beb7bfc5c91a58613e93e26f7b483b5387a,IMPORT,preserved,,Hugo & Guilherme -2020/12 - Corpo Moreno (Ao Vivo).mp3,"sem erro de leitura; metadata INFERRED; título MEDIUM; artista MEDIUM; sem cover; bitrate 40 kbps; sample rate 16000 Hz; desempate final por relative_path",40000,16000,false,INFERRED
Hugo & Guilherme -2020/13 - Pot-Pourri_ Vida de Cão _ Taça de Pranto (Ao Vivo).mp3,a50fd51a26154eb7c55f34a470f7afba6493b2e15b4d1579a01a5ea32a31dda3,IMPORT,preserved,,Hugo & Guilherme -2020/13 - Pot-Pourri_ Vida de Cão _ Taça de Pranto (Ao Vivo).mp3,"sem erro de leitura; metadata INFERRED; título MEDIUM; artista MEDIUM; sem cover; bitrate 40 kbps; sample rate 16000 Hz; desempate final por relative_path",40000,16000,false,INFERRED
Hugo & Guilherme -2020/14 - Pot-Pourri_ Fuscão Preto _ Apaixonado por Você (Ao Vivo).mp3,25e4fa6174446513805345116676ee734c68fca3cd42495ed58631f447fdadf4,IMPORT,preserved,,Hugo & Guilherme -2020/14 - Pot-Pourri_ Fuscão Preto _ Apaixonado por Você (Ao Vivo).mp3,"sem erro de leitura; metadata INFERRED; título MEDIUM; artista MEDIUM; sem cover; bitrate 40 kbps; sample rate 16000 Hz; desempate final por relative_path",40000,16000,false,INFERRED
Hugo & Guilherme -2020/15 - Pot-Pourri_ Sábado _ Meu Anjo (Angel) _ Por Toda Vida (Ao Vivo).mp3,c92d4947eb163aa3020c5039b0b04ced1fc62406c1c89618a19e86136ac6d824,IMPORT,preserved,,Hugo & Guilherme -2020/15 - Pot-Pourri_ Sábado _ Meu Anjo (Angel) _ Por Toda Vida (Ao Vivo).mp3,"sem erro de leitura; metadata INFERRED; título MEDIUM; artista MEDIUM; sem cover; bitrate 40 kbps; sample rate 16000 Hz; desempate final por relative_path",40000,16000,false,INFERRED
Humberto e Ronaldo 2019 Saideira dos 10 anos (Pt. 1 - Ao vivo)/01 Humberto e Ronaldo - Palavras de adeus.mp3,2eebda715b7d167d895a0a05f71a39060941eaf67bedb83b898d873c6fbd7919,IMPORT,preserved,,Humberto e Ronaldo 2019 Saideira dos 10 anos (Pt. 1 - Ao vivo)/01 Humberto e Ronaldo - Palavras de adeus.mp3,"sem erro de leitura; metadata INFERRED; título HIGH; artista HIGH; sem cover; bitrate 40 kbps; sample rate 16000 Hz; desempate final por relative_path",40000,16000,false,INFERRED
Humberto e Ronaldo 2019 Saideira dos 10 anos (Pt. 1 - Ao vivo)/03 Humberto e Ronaldo - Playlist.mp3,3e746487973c6f90a7031e696e92a04895296db309d5ca784a4558af3f97f33c,IMPORT,preserved,,Humberto e Ronaldo 2019 Saideira dos 10 anos (Pt. 1 - Ao vivo)/03 Humberto e Ronaldo - Playlist.mp3,"sem erro de leitura; metadata INFERRED; título HIGH; artista HIGH; sem cover; bitrate 40 kbps; sample rate 16000 Hz; desempate final por relative_path",40000,16000,false,INFERRED
Humberto e Ronaldo 2019 Saideira dos 10 anos (Pt. 1 - Ao vivo)/04 Humberto e Ronaldo - Casalzinho.mp3,c4b7d526e0240b0ff204766691fd55278c3eb41d0124923ed40bc19ccf3da9b1,IMPORT,preserved,,Humberto e Ronaldo 2019 Saideira dos 10 anos (Pt. 1 - Ao vivo)/04 Humberto e Ronaldo - Casalzinho.mp3,"sem erro de leitura; metadata INFERRED; título HIGH; artista HIGH; sem cover; bitrate 40 kbps; sample rate 16000 Hz; desempate final por relative_path",40000,16000,false,INFERRED
Humberto e Ronaldo 2019 Saideira dos 10 anos (Pt. 1 - Ao vivo)/05 Humberto e Ronaldo - Podia ser a gente.mp3,63cc6231bdab775b911cbd15fecf7ba9d40373c3e24cf3c031628a5b6cee417a,IMPORT,preserved,,Humberto e Ronaldo 2019 Saideira dos 10 anos (Pt. 1 - Ao vivo)/05 Humberto e Ronaldo - Podia ser a gente.mp3,"sem erro de leitura; metadata INFERRED; título HIGH; artista HIGH; sem cover; bitrate 40 kbps; sample rate 16000 Hz; desempate final por relative_path",40000,16000,false,INFERRED
Humberto e Ronaldo 2019 Saideira dos 10 anos (Pt. 1 - Ao vivo)/06 Humberto e Ronaldo - Eu não sou de ninguém.mp3,2d592063591f808cbbdcd40d5f9f84ff0c42b56d0be8c379add500e5cd109c51,IMPORT,preserved,,Humberto e Ronaldo 2019 Saideira dos 10 anos (Pt. 1 - Ao vivo)/06 Humberto e Ronaldo - Eu não sou de ninguém.mp3,"sem erro de leitura; metadata INFERRED; título HIGH; artista HIGH; sem cover; bitrate 40 kbps; sample rate 16000 Hz; desempate final por relative_path",40000,16000,false,INFERRED
Humberto e Ronaldo 2019 Saideira dos 10 anos (Pt. 1 - Ao vivo)/07 Humberto e Ronaldo - Hoje eu sonhei com você.mp3,feb948e41142bfd6fc828d30d27075ae0d1a40efb99023de4952ae40221c104d,IMPORT,preserved,,Humberto e Ronaldo 2019 Saideira dos 10 anos (Pt. 1 - Ao vivo)/07 Humberto e Ronaldo - Hoje eu sonhei com você.mp3,"sem erro de leitura; metadata INFERRED; título HIGH; artista HIGH; sem cover; bitrate 40 kbps; sample rate 16000 Hz; desempate final por relative_path",40000,16000,false,INFERRED
Humberto e Ronaldo 2019 Saideira dos 10 anos (Pt. 1 - Ao vivo)/08 Humberto e Ronaldo - Dia de sorte.mp3,93ca6e472a16e1e76b8d53122f1b29aeb3a85300486148e75eee63b2925a1251,IMPORT,preserved,,Humberto e Ronaldo 2019 Saideira dos 10 anos (Pt. 1 - Ao vivo)/08 Humberto e Ronaldo - Dia de sorte.mp3,"sem erro de leitura; metadata INFERRED; título HIGH; artista HIGH; sem cover; bitrate 40 kbps; sample rate 16000 Hz; desempate final por relative_path",40000,16000,false,INFERRED
Humberto e Ronaldo 2019 Saideira dos 10 anos (Pt. 1 - Ao vivo)/09 Humberto e Ronaldo - Dois loucos de amor.mp3,89bacc619c0a0bca3dab6b04b3e8b608ae48c683ef267713ac92941ebd47e4b2,IMPORT,preserved,,Humberto e Ronaldo 2019 Saideira dos 10 anos (Pt. 1 - Ao vivo)/09 Humberto e Ronaldo - Dois loucos de amor.mp3,"sem erro de leitura; metadata INFERRED; título HIGH; artista HIGH; sem cover; bitrate 40 kbps; sample rate 16000 Hz; desempate final por relative_path",40000,16000,false,INFERRED
Ícaro e Gilmar/05-Meio Copo - Ícaro e Gilmar Na Bebida e na Sofrencia.mp3,890af1f885e9c05e3f7455fbbe56e62c690d90f766fb27b4c86e19ef0cb17d0f,IMPORT,preserved,,Ícaro e Gilmar/05-Meio Copo - Ícaro e Gilmar Na Bebida e na Sofrencia.mp3,"sem erro de leitura; metadata INFERRED; título HIGH; artista HIGH; sem cover; bitrate 32 kbps; sample rate 16000 Hz; desempate final por relative_path",32000,16000,false,INFERRED
Ícaro e Gilmar/06-Não Adianta Ao Vivo - Ícaro e Gilmar  Na Bebida e na Sofrência.mp3,186406b8054d5320f44d998a389f445db37da7795e581e76b5dd750381c2db12,IMPORT,preserved,,Ícaro e Gilmar/06-Não Adianta Ao Vivo - Ícaro e Gilmar  Na Bebida e na Sofrência.mp3,"sem erro de leitura; metadata INFERRED; título HIGH; artista HIGH; sem cover; bitrate 32 kbps; sample rate 16000 Hz; desempate final por relative_path",32000,16000,false,INFERRED
Ícaro e Gilmar/07-Despedida - Ícaro e Gilmar Ao Vivo Na Bebida e na Sofrência.mp3,c602a0f999e660ab52636d5ad43db499fe05520002081a72c68af689dbc77acc,IMPORT,preserved,,Ícaro e Gilmar/07-Despedida - Ícaro e Gilmar Ao Vivo Na Bebida e na Sofrência.mp3,"sem erro de leitura; metadata INFERRED; título HIGH; artista HIGH; sem cover; bitrate 32 kbps; sample rate 16000 Hz; desempate final por relative_path",32000,16000,false,INFERRED
Ícaro e Gilmar/A Gente Acertou_Icaro e Gilmar_Acustico.mp3,f6bce273cd39f1c7934b0f018b8ce5a63d7ca8927a939d5ed27151b46ae1a70b,IMPORT,preserved,,Ícaro e Gilmar/A Gente Acertou_Icaro e Gilmar_Acustico.mp3,"sem erro de leitura; metadata INFERRED; título MEDIUM; artista MEDIUM; sem cover; bitrate 32 kbps; sample rate 16000 Hz; desempate final por relative_path",32000,16000,false,INFERRED
Ícaro e Gilmar/Te Devoro - Encostar na Tua_Icaro e Gilmar_Acustico_V2.mp3,dd78b07c95cdb06d8f242e736b389dac7aecaef0227589eedef19ccd52625af3,IMPORT,preserved,,Ícaro e Gilmar/Te Devoro - Encostar na Tua_Icaro e Gilmar_Acustico_V2.mp3,"sem erro de leitura; metadata INFERRED; título HIGH; artista HIGH; sem cover; bitrate 32 kbps; sample rate 16000 Hz; desempate final por relative_path",32000,16000,false,INFERRED
Ícaro e Gilmar/Vida Torta_Icaro e Gilmar_Acustico.mp3,4747c94c9e83068e81bcf561d37982d719f83d28c9f8d24fff1c387ccf8529f8,IMPORT,preserved,,Ícaro e Gilmar/Vida Torta_Icaro e Gilmar_Acustico.mp3,"sem erro de leitura; metadata INFERRED; título MEDIUM; artista MEDIUM; sem cover; bitrate 32 kbps; sample rate 16000 Hz; desempate final por relative_path",32000,16000,false,INFERRED
Ícaro e Gilmar/Você Me Faz Mal_Icaro e Gilmar_Acustico.mp3,f3935e818cce63feaae7ba5291a080b4ecab0ca8aefaf60076b6b107b27894d0,IMPORT,preserved,,Ícaro e Gilmar/Você Me Faz Mal_Icaro e Gilmar_Acustico.mp3,"sem erro de leitura; metadata INFERRED; título MEDIUM; artista MEDIUM; sem cover; bitrate 32 kbps; sample rate 16000 Hz; desempate final por relative_path",32000,16000,false,INFERRED
Lauana Prado - Natural - Vol. 1 (2021) Garapa Downloads/01 - Zap.mp3,4c8b717e8f91bc606c9f7be400a2aed825e7a0fb48cdd30606a411743323f297,IMPORT,preserved,,Lauana Prado - Natural - Vol. 1 (2021) Garapa Downloads/01 - Zap.mp3,"sem erro de leitura; metadata NEEDS_REVIEW; título MEDIUM; artista LOW; sem cover; bitrate 40 kbps; sample rate 16000 Hz; desempate final por relative_path",40000,16000,false,NEEDS_REVIEW
Lauana Prado - Natural - Vol. 1 (2021) Garapa Downloads/02 - Pegada Fraca.mp3,3431e63be89ec51d22a280ded07617b7370c24aecb4e948c62c9d113023fccd1,IMPORT,preserved,,Lauana Prado - Natural - Vol. 1 (2021) Garapa Downloads/02 - Pegada Fraca.mp3,"sem erro de leitura; metadata NEEDS_REVIEW; título MEDIUM; artista LOW; sem cover; bitrate 40 kbps; sample rate 16000 Hz; desempate final por relative_path",40000,16000,false,NEEDS_REVIEW
Lauana Prado - Natural - Vol. 1 (2021) Garapa Downloads/03 - Filtro Dos Sonhos.mp3,8fe33f65fa7d0016779819d5c86cb5803eeec082cfb412ada5d97837c682560b,IMPORT,preserved,,Lauana Prado - Natural - Vol. 1 (2021) Garapa Downloads/03 - Filtro Dos Sonhos.mp3,"sem erro de leitura; metadata NEEDS_REVIEW; título MEDIUM; artista LOW; sem cover; bitrate 40 kbps; sample rate 16000 Hz; desempate final por relative_path",40000,16000,false,NEEDS_REVIEW
Lauana Prado - Natural - Vol. 1 (2021) Garapa Downloads/04 - Brecha.mp3,8bc5f3902eec9f21754d1d5ab5f4cf99a3e72023c72c22f44671521b89802de0,IMPORT,preserved,,Lauana Prado - Natural - Vol. 1 (2021) Garapa Downloads/04 - Brecha.mp3,"sem erro de leitura; metadata NEEDS_REVIEW; título MEDIUM; artista LOW; sem cover; bitrate 40 kbps; sample rate 16000 Hz; desempate final por relative_path",40000,16000,false,NEEDS_REVIEW
Lauana Prado - Natural - Vol. 1 (2021) Garapa Downloads/05 - Você Mitou.mp3,0d4cb7664c3c19148b8fef31bf08cd8adf3f35089957738ead04b4eb74420d12,IMPORT,preserved,,Lauana Prado - Natural - Vol. 1 (2021) Garapa Downloads/05 - Você Mitou.mp3,"sem erro de leitura; metadata NEEDS_REVIEW; título MEDIUM; artista LOW; sem cover; bitrate 40 kbps; sample rate 16000 Hz; desempate final por relative_path",40000,16000,false,NEEDS_REVIEW
Lauana Prado - Natural - Vol. 1 (2021) Garapa Downloads/06 - Lábia.mp3,7188e1816debf2b834a8438b6f4edf3d7dad3d2dde25c683bda058e88a2751d8,IMPORT,preserved,,Lauana Prado - Natural - Vol. 1 (2021) Garapa Downloads/06 - Lábia.mp3,"sem erro de leitura; metadata NEEDS_REVIEW; título MEDIUM; artista LOW; sem cover; bitrate 40 kbps; sample rate 16000 Hz; desempate final por relative_path",40000,16000,false,NEEDS_REVIEW
Lauana Prado - Natural - Vol. 1 (2021) Garapa Downloads/07 - Mina De Ouro.mp3,1894e127ad66a10057cd87927bb78cf4f25818d14652c6a4a716d569a615d4ad,IMPORT,preserved,,Lauana Prado - Natural - Vol. 1 (2021) Garapa Downloads/07 - Mina De Ouro.mp3,"sem erro de leitura; metadata NEEDS_REVIEW; título MEDIUM; artista LOW; sem cover; bitrate 40 kbps; sample rate 16000 Hz; desempate final por relative_path",40000,16000,false,NEEDS_REVIEW
Luíza & Maurílio - Ensaio Acústico 2020/01 - Inamorável.mp3,145c6eaabcc4d68244431a04a9fa8609eb7dcde2d226d3632687ef3525971168,IMPORT,preserved,,Luíza & Maurílio - Ensaio Acústico 2020/01 - Inamorável.mp3,"sem erro de leitura; metadata INFERRED; título MEDIUM; artista MEDIUM; sem cover; bitrate 40 kbps; sample rate 16000 Hz; desempate final por relative_path",40000,16000,false,INFERRED
Luíza & Maurílio - Ensaio Acústico 2020/02 - Pode Sumir.mp3,d1fda7a61c199c9ff678adb397c370fda128238dedbaee70049b76c4bb84213d,IMPORT,preserved,,Luíza & Maurílio - Ensaio Acústico 2020/02 - Pode Sumir.mp3,"sem erro de leitura; metadata INFERRED; título MEDIUM; artista MEDIUM; sem cover; bitrate 40 kbps; sample rate 16000 Hz; desempate final por relative_path",40000,16000,false,INFERRED
Luíza & Maurílio - Ensaio Acústico 2020/03 - Parabéns por Me Perder.mp3,bda9dfb21ab6004c6274cab96413ccbb60ec053487736cd6ab7b193cb33e1d5a,IMPORT,preserved,,Luíza & Maurílio - Ensaio Acústico 2020/03 - Parabéns por Me Perder.mp3,"sem erro de leitura; metadata INFERRED; título MEDIUM; artista MEDIUM; sem cover; bitrate 40 kbps; sample rate 16000 Hz; desempate final por relative_path",40000,16000,false,INFERRED
Luíza & Maurílio - Ensaio Acústico 2020/04 - Razão das Minhas Biritas.mp3,8d867d8d9150c4d937e55849905fd1b4906051c297f6427513a598c9cd400df9,SKIP_LIKELY,likely_duplicate,41,000 Top Sertanejo ⭐ Hits Sertanejos!/35 - Luíza & Maurílio - Razão das Minhas Biritas.mp3,"sem erro de leitura; metadata GOOD; título HIGH; artista HIGH; cover presente; bitrate 128 kbps; sample rate 44100 Hz; desempate final por relative_path",40000,16000,false,INFERRED
Luíza & Maurílio - Ensaio Acústico 2020/05 - Última Vez.mp3,d709fef514122857012ce69f12b3af12448463406a77e4e7a2db54d067c30c45,IMPORT,preserved,,Luíza & Maurílio - Ensaio Acústico 2020/05 - Última Vez.mp3,"sem erro de leitura; metadata INFERRED; título MEDIUM; artista MEDIUM; sem cover; bitrate 40 kbps; sample rate 16000 Hz; desempate final por relative_path",40000,16000,false,INFERRED
Luíza & Maurílio - Ensaio Acústico 2020/06 - Cuida Bem de Você.mp3,9c9bc31c2be89ba99f49d48d11a342d1fa101e944d5f3c461d0935b6439a4283,IMPORT,preserved,,Luíza & Maurílio - Ensaio Acústico 2020/06 - Cuida Bem de Você.mp3,"sem erro de leitura; metadata INFERRED; título MEDIUM; artista MEDIUM; sem cover; bitrate 40 kbps; sample rate 16000 Hz; desempate final por relative_path",40000,16000,false,INFERRED
Luíza & Maurílio - Ensaio Acústico 2020/07 - Traumas Recentes.mp3,297b74bb4fb8b017fc725054d8ecdfd36b408cbe7f5cf4e247191face0803ee5,IMPORT,preserved,,Luíza & Maurílio - Ensaio Acústico 2020/07 - Traumas Recentes.mp3,"sem erro de leitura; metadata INFERRED; título MEDIUM; artista MEDIUM; sem cover; bitrate 40 kbps; sample rate 16000 Hz; desempate final por relative_path",40000,16000,false,INFERRED
Luíza & Maurílio - Ensaio Acústico 2020/08 - S de Saudade feat. Zé Neto & Cristiano.mp3,14d5ca0d91b45d49d92dd07e344365e899d3d8e5596a0f06875621f9c9ef245f,IMPORT,preserved,,Luíza & Maurílio - Ensaio Acústico 2020/08 - S de Saudade feat. Zé Neto & Cristiano.mp3,"sem erro de leitura; metadata INFERRED; título MEDIUM; artista MEDIUM; sem cover; bitrate 40 kbps; sample rate 16000 Hz; desempate final por relative_path",40000,16000,false,INFERRED
Luíza & Maurílio - Ensaio Acústico 2020/09 - Nêga feat. Jorge.mp3,931eff641bf6d5ad80ddb89e763219a094ce090b16ed3dc829c5d51a1711b15b,IMPORT,preserved,,Luíza & Maurílio - Ensaio Acústico 2020/09 - Nêga feat. Jorge.mp3,"sem erro de leitura; metadata INFERRED; título MEDIUM; artista MEDIUM; sem cover; bitrate 40 kbps; sample rate 16000 Hz; desempate final por relative_path",40000,16000,false,INFERRED
Luíza & Maurílio - Ensaio Acústico 2020/10 - Furando o Sinal feat. Marília Mendonça.mp3,225a7744fbdca2b8199afdefea4c2cdd4a48e48bae10dc4a2eeec02cb9f68718,IMPORT,preserved,,Luíza & Maurílio - Ensaio Acústico 2020/10 - Furando o Sinal feat. Marília Mendonça.mp3,"sem erro de leitura; metadata INFERRED; título MEDIUM; artista MEDIUM; sem cover; bitrate 40 kbps; sample rate 16000 Hz; desempate final por relative_path",40000,16000,false,INFERRED
Luíza & Maurílio - Ensaio Acústico 2020/11 - Beijinho de Brincadeira feat. Gabriel Diniz.mp3,e5c84e2ec0665d3ddf0b8aa7ffb81764a9b53f356bb7c5e7eeeeca55092b28a8,IMPORT,preserved,,Luíza & Maurílio - Ensaio Acústico 2020/11 - Beijinho de Brincadeira feat. Gabriel Diniz.mp3,"sem erro de leitura; metadata INFERRED; título MEDIUM; artista MEDIUM; sem cover; bitrate 40 kbps; sample rate 16000 Hz; desempate final por relative_path",40000,16000,false,INFERRED
Luíza & Maurílio - Ensaio Acústico 2020/12 - Vai Desapegando feat. Alcione.mp3,e61f5ccadeefbf2077aa5fa409ebbb6ae406eac7ad435b879d61624e9854412e,IMPORT,preserved,,Luíza & Maurílio - Ensaio Acústico 2020/12 - Vai Desapegando feat. Alcione.mp3,"sem erro de leitura; metadata INFERRED; título MEDIUM; artista MEDIUM; sem cover; bitrate 40 kbps; sample rate 16000 Hz; desempate final por relative_path",40000,16000,false,INFERRED
Luíza & Maurílio - Ensaio Acústico 2020/13 - Licença Aí.mp3,719e9db75df2742aebf2e6ef5c7b520045ee5386a80cb64c196b02acef6a5af8,IMPORT,preserved,,Luíza & Maurílio - Ensaio Acústico 2020/13 - Licença Aí.mp3,"sem erro de leitura; metadata INFERRED; título MEDIUM; artista MEDIUM; sem cover; bitrate 40 kbps; sample rate 16000 Hz; desempate final por relative_path",40000,16000,false,INFERRED
Luíza & Maurílio - Ensaio Acústico 2020/14 - 10 Cascos.mp3,b184e2206c3ba20bb1466b7e57c915b26035ed2d9b37de7fe965e4db03bdd610,IMPORT,preserved,,Luíza & Maurílio - Ensaio Acústico 2020/14 - 10 Cascos.mp3,"sem erro de leitura; metadata INFERRED; título MEDIUM; artista MEDIUM; sem cover; bitrate 40 kbps; sample rate 16000 Hz; desempate final por relative_path",40000,16000,false,INFERRED
Luíza & Maurílio - Ensaio Acústico 2020/15 - Mérito (O Mérito É Todo Seu).mp3,3d0ee9abc0b3de577a4c411b0eb8eb7ede1fea6b5372bb7ace6892d6e82d5124,IMPORT,preserved,,Luíza & Maurílio - Ensaio Acústico 2020/15 - Mérito (O Mérito É Todo Seu).mp3,"sem erro de leitura; metadata INFERRED; título MEDIUM; artista MEDIUM; sem cover; bitrate 40 kbps; sample rate 16000 Hz; desempate final por relative_path",40000,16000,false,INFERRED
Luíza & Maurílio - Ensaio Acústico 2020/16 - Tô Prestando Menos.mp3,b555e743993253df29074cbf8f9039cce91f7ac812ae608d1ae31762e00ddf92,IMPORT,preserved,,Luíza & Maurílio - Ensaio Acústico 2020/16 - Tô Prestando Menos.mp3,"sem erro de leitura; metadata INFERRED; título MEDIUM; artista MEDIUM; sem cover; bitrate 40 kbps; sample rate 16000 Hz; desempate final por relative_path",40000,16000,false,INFERRED
Luíza & Maurílio - Ensaio Acústico 2020/17 - Dorme Comigo.mp3,933313b5f0e974f111225e27d64aa7791e8b06c52479bf097c06059b92021519,IMPORT,preserved,,Luíza & Maurílio - Ensaio Acústico 2020/17 - Dorme Comigo.mp3,"sem erro de leitura; metadata INFERRED; título MEDIUM; artista MEDIUM; sem cover; bitrate 40 kbps; sample rate 16000 Hz; desempate final por relative_path",40000,16000,false,INFERRED
Luíza & Maurílio - Ensaio Acústico 2020/18 - Combustível.mp3,ab4019cdd71becc700ca0dd29a26c8ccb5bfe68601f015a31e0419b7ac35b9c7,IMPORT,preserved,,Luíza & Maurílio - Ensaio Acústico 2020/18 - Combustível.mp3,"sem erro de leitura; metadata INFERRED; título MEDIUM; artista MEDIUM; sem cover; bitrate 40 kbps; sample rate 16000 Hz; desempate final por relative_path",40000,16000,false,INFERRED
Luíza & Maurílio - Ensaio Acústico 2020/19 - Cai Na Minha Cama.mp3,f6a8b32efb87a29fe56f5c6bfab98447575ae338d5e617c9d0286305a5557939,IMPORT,preserved,,Luíza & Maurílio - Ensaio Acústico 2020/19 - Cai Na Minha Cama.mp3,"sem erro de leitura; metadata INFERRED; título MEDIUM; artista MEDIUM; sem cover; bitrate 40 kbps; sample rate 16000 Hz; desempate final por relative_path",40000,16000,false,INFERRED
Luíza & Maurílio - Ensaio Acústico 2020/20 - Solteirice Aguda.mp3,a01edad3fb102ca852dbf733481c9a5f87ea5d3f85a5c1f6b108568c3afac275,IMPORT,preserved,,Luíza & Maurílio - Ensaio Acústico 2020/20 - Solteirice Aguda.mp3,"sem erro de leitura; metadata INFERRED; título MEDIUM; artista MEDIUM; sem cover; bitrate 40 kbps; sample rate 16000 Hz; desempate final por relative_path",40000,16000,false,INFERRED
Luíza & Maurílio - Ensaio Acústico 2020/21 - Vai Ser Bom Pra Lá.mp3,2cfa4f4ade729beb4fd3098cbe2df371b4c8e0a87e7ff9bd8c761d4b52b6e8d9,IMPORT,preserved,,Luíza & Maurílio - Ensaio Acústico 2020/21 - Vai Ser Bom Pra Lá.mp3,"sem erro de leitura; metadata INFERRED; título MEDIUM; artista MEDIUM; sem cover; bitrate 40 kbps; sample rate 16000 Hz; desempate final por relative_path",40000,16000,false,INFERRED
Luíza & Maurílio - Ensaio Acústico 2020/22 - Mais Mulher Que a Sua.mp3,81cbe3775d5eb87532793cd58b569e15b8fc0f4e4ac1de7571d311e4ac0438b2,IMPORT,preserved,,Luíza & Maurílio - Ensaio Acústico 2020/22 - Mais Mulher Que a Sua.mp3,"sem erro de leitura; metadata INFERRED; título MEDIUM; artista MEDIUM; sem cover; bitrate 40 kbps; sample rate 16000 Hz; desempate final por relative_path",40000,16000,false,INFERRED
Marcos e Belutti -2020 Cumpra-se/01 - Certo e Duvidoso.mp3,451b956015744c563aecc4cf9d80e8c513b845818c4db64f63b2f2ec64489c4e,IMPORT,preserved,,Marcos e Belutti -2020 Cumpra-se/01 - Certo e Duvidoso.mp3,"sem erro de leitura; metadata INFERRED; título MEDIUM; artista MEDIUM; sem cover; bitrate 40 kbps; sample rate 16000 Hz; desempate final por relative_path",40000,16000,false,INFERRED
Marcos e Belutti -2020 Cumpra-se/02 - Fundamental.mp3,51ca2d2ffbff43cb22a8fd86c2155d8c425273a9726f83d56d7989371a8934a3,IMPORT,preserved,,Marcos e Belutti -2020 Cumpra-se/02 - Fundamental.mp3,"sem erro de leitura; metadata INFERRED; título MEDIUM; artista MEDIUM; sem cover; bitrate 40 kbps; sample rate 16000 Hz; desempate final por relative_path",40000,16000,false,INFERRED
Marcos e Belutti -2020 Cumpra-se/03 - Briga.mp3,b8a0349a3caed73cbf07502d24827d91a2c3609ba4af4e97f57e9aabe5eff349,IMPORT,preserved,,Marcos e Belutti -2020 Cumpra-se/03 - Briga.mp3,"sem erro de leitura; metadata INFERRED; título MEDIUM; artista MEDIUM; sem cover; bitrate 40 kbps; sample rate 16000 Hz; desempate final por relative_path",40000,16000,false,INFERRED
Marcos e Belutti -2020 Cumpra-se/04 - Ela é Demais.mp3,cedf44543ad556e51cf7013fcc0e5dadd0780375081ac2509c723e93a596977c,IMPORT,preserved,,Marcos e Belutti -2020 Cumpra-se/04 - Ela é Demais.mp3,"sem erro de leitura; metadata INFERRED; título MEDIUM; artista MEDIUM; sem cover; bitrate 40 kbps; sample rate 16000 Hz; desempate final por relative_path",40000,16000,false,INFERRED
Marcos e Belutti -2020 Cumpra-se/05 - Cheiro de Shampoo.mp3,8afb988f382c77a3e9d5e354a75e4ea9a6136d441bcf167170a1303a7ceaf6c6,IMPORT,preserved,,Marcos e Belutti -2020 Cumpra-se/05 - Cheiro de Shampoo.mp3,"sem erro de leitura; metadata INFERRED; título MEDIUM; artista MEDIUM; sem cover; bitrate 40 kbps; sample rate 16000 Hz; desempate final por relative_path",40000,16000,false,INFERRED
MATO GROSSO E MATHIAS --- AS 20 MAIS/Matogrosso e Matias as 20 mais  - 24 horas de amor .mp3,e479fa405c1eb52326c1fb4e3acec7b26ee5e185e76ad9b9d82d7f1e8ea05028,IMPORT,preserved,,MATO GROSSO E MATHIAS --- AS 20 MAIS/Matogrosso e Matias as 20 mais  - 24 horas de amor .mp3,"sem erro de leitura; metadata GOOD; título HIGH; artista HIGH; sem cover; bitrate 128 kbps; sample rate 44100 Hz; desempate final por relative_path",128000,44100,false,GOOD
MATO GROSSO E MATHIAS --- AS 20 MAIS/Matogrosso e Matias as 20 mais  - A  primeira vez que eu te  vi.mp3,a51e9b5fc5130b2d9b714ef6736ebd8dbf9e8a2f08107b7b010601cfab35e890,IMPORT,preserved,,MATO GROSSO E MATHIAS --- AS 20 MAIS/Matogrosso e Matias as 20 mais  - A  primeira vez que eu te  vi.mp3,"sem erro de leitura; metadata GOOD; título HIGH; artista HIGH; sem cover; bitrate 128 kbps; sample rate 44100 Hz; desempate final por relative_path",128000,44100,false,GOOD
MATO GROSSO E MATHIAS --- AS 20 MAIS/Matogrosso e Matias as 20 mais  - A vida de pescador .mp3,ed47bc55961cea098820adc4724f0b6fc3139c4a064dc633e80828c15a57b432,IMPORT,preserved,,MATO GROSSO E MATHIAS --- AS 20 MAIS/Matogrosso e Matias as 20 mais  - A vida de pescador .mp3,"sem erro de leitura; metadata GOOD; título HIGH; artista HIGH; sem cover; bitrate 128 kbps; sample rate 44100 Hz; desempate final por relative_path",128000,44100,false,GOOD
MATO GROSSO E MATHIAS --- AS 20 MAIS/Matogrosso e Matias as 20 mais  - Boate azul .mp3,6078fc6fe6c7f92980932f95276be690d32b9b6fffccc048dae594a672709dcd,IMPORT,preserved,,MATO GROSSO E MATHIAS --- AS 20 MAIS/Matogrosso e Matias as 20 mais  - Boate azul .mp3,"sem erro de leitura; metadata GOOD; título HIGH; artista HIGH; sem cover; bitrate 128 kbps; sample rate 44100 Hz; desempate final por relative_path",128000,44100,false,GOOD
MATO GROSSO E MATHIAS --- AS 20 MAIS/Matogrosso e Matias as 20 mais  - Coracao congelado .mp3,d6d4898830da8d5cfc624deb629dee747d95b1ce830fae15645ede5300f513c6,IMPORT,preserved,,MATO GROSSO E MATHIAS --- AS 20 MAIS/Matogrosso e Matias as 20 mais  - Coracao congelado .mp3,"sem erro de leitura; metadata GOOD; título HIGH; artista HIGH; sem cover; bitrate 128 kbps; sample rate 44100 Hz; desempate final por relative_path",128000,44100,false,GOOD
MATO GROSSO E MATHIAS --- AS 20 MAIS/Matogrosso e Matias as 20 mais  - De igual pra igual .mp3,28fa77d09f71390af058d217092089b09a3e71e685778249069659e750209d6a,IMPORT,preserved,,MATO GROSSO E MATHIAS --- AS 20 MAIS/Matogrosso e Matias as 20 mais  - De igual pra igual .mp3,"sem erro de leitura; metadata GOOD; título HIGH; artista HIGH; sem cover; bitrate 128 kbps; sample rate 44100 Hz; desempate final por relative_path",128000,44100,false,GOOD
MATO GROSSO E MATHIAS --- AS 20 MAIS/Matogrosso e Matias as 20 mais  - Enquanto o sol brilhar .mp3,f721d4d23e18408e418ebecb0be0a4c487d7c9407da5fd1f0ee915e25341cc9a,IMPORT,preserved,,MATO GROSSO E MATHIAS --- AS 20 MAIS/Matogrosso e Matias as 20 mais  - Enquanto o sol brilhar .mp3,"sem erro de leitura; metadata GOOD; título HIGH; artista HIGH; sem cover; bitrate 128 kbps; sample rate 44100 Hz; desempate final por relative_path",128000,44100,false,GOOD
MATO GROSSO E MATHIAS --- AS 20 MAIS/Matogrosso e Matias as 20 mais  - Eu ainda te amo .mp3,28dbbfe5f2415ab1f5d3db1a4287f31e5dc3e9f8f02b0d5c722afce358952c70,IMPORT,preserved,,MATO GROSSO E MATHIAS --- AS 20 MAIS/Matogrosso e Matias as 20 mais  - Eu ainda te amo .mp3,"sem erro de leitura; metadata GOOD; título HIGH; artista HIGH; sem cover; bitrate 128 kbps; sample rate 44100 Hz; desempate final por relative_path",128000,44100,false,GOOD
MATO GROSSO E MATHIAS --- AS 20 MAIS/Matogrosso e Matias as 20 mais  - Falso juramento .mp3,e7b6d793bf85ed285111a2c2299b49ba0a117971b49f72a24120ac567d54e191,IMPORT,preserved,,MATO GROSSO E MATHIAS --- AS 20 MAIS/Matogrosso e Matias as 20 mais  - Falso juramento .mp3,"sem erro de leitura; metadata GOOD; título HIGH; artista HIGH; sem cover; bitrate 128 kbps; sample rate 44100 Hz; desempate final por relative_path",128000,44100,false,GOOD
MATO GROSSO E MATHIAS --- AS 20 MAIS/Matogrosso e Matias as 20 mais  - Foi pensando em voce .mp3,ba2cb145fc564cb89cab7fbb89980ff1d7d9e6ab331d3c1e1ec59f075a36d9bb,IMPORT,preserved,,MATO GROSSO E MATHIAS --- AS 20 MAIS/Matogrosso e Matias as 20 mais  - Foi pensando em voce .mp3,"sem erro de leitura; metadata GOOD; título HIGH; artista HIGH; sem cover; bitrate 128 kbps; sample rate 44100 Hz; desempate final por relative_path",128000,44100,false,GOOD
MATO GROSSO E MATHIAS --- AS 20 MAIS/Matogrosso e Matias as 20 mais  - Frente a frente.mp3,84529c94e4020e13c5312191aa772f8c1d87d2c08ea89a6a5ac2d464b166cb2d,IMPORT,preserved,,MATO GROSSO E MATHIAS --- AS 20 MAIS/Matogrosso e Matias as 20 mais  - Frente a frente.mp3,"sem erro de leitura; metadata GOOD; título HIGH; artista HIGH; sem cover; bitrate 128 kbps; sample rate 44100 Hz; desempate final por relative_path",128000,44100,false,GOOD
MATO GROSSO E MATHIAS --- AS 20 MAIS/Matogrosso e Matias as 20 mais  - Idas e voltas .mp3,cf07f027fe3c7bd2195793bad555b1f935c9f97fa34808f8314bfbf7d6ef6a7d,IMPORT,preserved,,MATO GROSSO E MATHIAS --- AS 20 MAIS/Matogrosso e Matias as 20 mais  - Idas e voltas .mp3,"sem erro de leitura; metadata GOOD; título HIGH; artista HIGH; sem cover; bitrate 128 kbps; sample rate 44100 Hz; desempate final por relative_path",128000,44100,false,GOOD
MATO GROSSO E MATHIAS --- AS 20 MAIS/Matogrosso e Matias as 20 mais  - Misterio .mp3,9029727bee21cb84c5fd90a4a353984d41bddb1bca192297ef7f7660d0711439,IMPORT,preserved,,MATO GROSSO E MATHIAS --- AS 20 MAIS/Matogrosso e Matias as 20 mais  - Misterio .mp3,"sem erro de leitura; metadata GOOD; título HIGH; artista HIGH; sem cover; bitrate 128 kbps; sample rate 44100 Hz; desempate final por relative_path",128000,44100,false,GOOD
MATO GROSSO E MATHIAS --- AS 20 MAIS/Matogrosso e Matias as 20 mais  - Na hora do Adeus.mp3,3e64f5954edbf61c5ee85f94f6dc78eec51b86785b008c6955ee44b5a72650c0,IMPORT,preserved,,MATO GROSSO E MATHIAS --- AS 20 MAIS/Matogrosso e Matias as 20 mais  - Na hora do Adeus.mp3,"sem erro de leitura; metadata GOOD; título HIGH; artista HIGH; sem cover; bitrate 128 kbps; sample rate 44100 Hz; desempate final por relative_path",128000,44100,false,GOOD
MATO GROSSO E MATHIAS --- AS 20 MAIS/Matogrosso e Matias as 20 mais  - Noite de devaneios .mp3,8545631aa679903f7a5d82060a921380c370589e6e974c18e3deb1566179e5e7,IMPORT,preserved,,MATO GROSSO E MATHIAS --- AS 20 MAIS/Matogrosso e Matias as 20 mais  - Noite de devaneios .mp3,"sem erro de leitura; metadata GOOD; título HIGH; artista HIGH; sem cover; bitrate 128 kbps; sample rate 44100 Hz; desempate final por relative_path",128000,44100,false,GOOD
MATO GROSSO E MATHIAS --- AS 20 MAIS/Matogrosso e Matias as 20 mais  - O lavrador .mp3,59af110adaf165b2a6195576908e1f2378580b772171186d73261033cf00caaa,IMPORT,preserved,,MATO GROSSO E MATHIAS --- AS 20 MAIS/Matogrosso e Matias as 20 mais  - O lavrador .mp3,"sem erro de leitura; metadata GOOD; título HIGH; artista HIGH; sem cover; bitrate 128 kbps; sample rate 44100 Hz; desempate final por relative_path",128000,44100,false,GOOD
MATO GROSSO E MATHIAS --- AS 20 MAIS/Matogrosso e Matias as 20 mais  - Pele de maca.mp3,26b7cc89b701a212f5486bb1d7cd5c79ce1d713c27cd5021df359f4d9f5da09d,IMPORT,preserved,,MATO GROSSO E MATHIAS --- AS 20 MAIS/Matogrosso e Matias as 20 mais  - Pele de maca.mp3,"sem erro de leitura; metadata GOOD; título HIGH; artista HIGH; sem cover; bitrate 128 kbps; sample rate 44100 Hz; desempate final por relative_path",128000,44100,false,GOOD
MATO GROSSO E MATHIAS --- AS 20 MAIS/Matogrosso e Matias as 20 mais  - Por que .mp3,ef78cad44fd5efb5b66e991444f3552e2618cd9b4a5ee6ffd24b7e33b3b2af84,IMPORT,preserved,,MATO GROSSO E MATHIAS --- AS 20 MAIS/Matogrosso e Matias as 20 mais  - Por que .mp3,"sem erro de leitura; metadata GOOD; título HIGH; artista HIGH; sem cover; bitrate 128 kbps; sample rate 44100 Hz; desempate final por relative_path",128000,44100,false,GOOD
MATO GROSSO E MATHIAS --- AS 20 MAIS/Matogrosso e Matias as 20 mais  - Sabado .mp3,6232834f948e1dc1393d34c3d8fc7592d3c112dbb03e984479d1cb799fe300f5,IMPORT,preserved,,MATO GROSSO E MATHIAS --- AS 20 MAIS/Matogrosso e Matias as 20 mais  - Sabado .mp3,"sem erro de leitura; metadata GOOD; título HIGH; artista HIGH; sem cover; bitrate 128 kbps; sample rate 44100 Hz; desempate final por relative_path",128000,44100,false,GOOD
MATO GROSSO E MATHIAS --- AS 20 MAIS/Matogrosso e Matias as 20 mais  - Tenrei te esquecer .mp3,057865c4bff57ffdfdcca4379c40e90b1d484772c5b6a74850a5b74edf9357fe,IMPORT,preserved,,MATO GROSSO E MATHIAS --- AS 20 MAIS/Matogrosso e Matias as 20 mais  - Tenrei te esquecer .mp3,"sem erro de leitura; metadata GOOD; título HIGH; artista HIGH; sem cover; bitrate 128 kbps; sample rate 44100 Hz; desempate final por relative_path",128000,44100,false,GOOD
Matogrosso & Mathias/01 Pra Não Te Esquecer.mp3,6317e03f9796f4c8b9553be42f6c4556ebd7f186a6f472f72497b20ae05daf3d,IMPORT,preserved,,Matogrosso & Mathias/01 Pra Não Te Esquecer.mp3,"sem erro de leitura; metadata GOOD; título HIGH; artista HIGH; sem cover; bitrate 128 kbps; sample rate 44100 Hz; desempate final por relative_path",128000,44100,false,GOOD
Matogrosso & Mathias/02 chorei por ela.mp3,693cc7b22c7c517788a94af61fde149b9b5b4e1440591b1dd7620fd065e19c02,IMPORT,preserved,,Matogrosso & Mathias/02 chorei por ela.mp3,"sem erro de leitura; metadata GOOD; título HIGH; artista HIGH; sem cover; bitrate 128 kbps; sample rate 44100 Hz; desempate final por relative_path",128000,44100,false,GOOD
Matogrosso & Mathias/02 Dia Dos Namorados (Part. Especial Eduardo Costa).mp3,c5444648e4e295bcb4175febf8349b5fe8dd1b8cf5922d6ff1efaa3d71a1713b,SKIP_LIKELY,likely_duplicate,72,3 MODAO PORTA DE BUTECO/02-Dia Dos Namorados (Part. Esp-. Eduardo Costa).mp3,"sem erro de leitura; metadata GOOD; título HIGH; artista HIGH; sem cover; bitrate 128 kbps; sample rate 44100 Hz; desempate final por relative_path",128000,44100,false,GOOD
Matogrosso & Mathias/03 Bom Demais.mp3,f74515c3d1edb977488f3943afb547b49b02ae8dc612abb27b2607387812448a,IMPORT,preserved,,Matogrosso & Mathias/03 Bom Demais.mp3,"sem erro de leitura; metadata GOOD; título HIGH; artista HIGH; sem cover; bitrate 128 kbps; sample rate 44100 Hz; desempate final por relative_path",128000,44100,false,GOOD
"Matogrosso & Mathias/04 O Amor, Você E Eu (Então Esqueceu).mp3",ee767328f3b2375be868c54b74a8168b7d113017d8ade5e0efe2e2ae91ad1e5c,IMPORT,preserved,,"Matogrosso & Mathias/04 O Amor, Você E Eu (Então Esqueceu).mp3","sem erro de leitura; metadata GOOD; título HIGH; artista HIGH; sem cover; bitrate 128 kbps; sample rate 44100 Hz; desempate final por relative_path",128000,44100,false,GOOD
Matogrosso & Mathias/05 - artista - aos trancos e barrancos.mp3,d8930b83be77d2eecc625987cb1901dbad3e396bf27f525eca3fc360f38ad72a,IMPORT,preserved,,Matogrosso & Mathias/05 - artista - aos trancos e barrancos.mp3,"sem erro de leitura; metadata GOOD; título HIGH; artista HIGH; cover presente; bitrate 128 kbps; sample rate 44100 Hz; desempate final por relative_path",128000,44100,true,GOOD
Matogrosso & Mathias/07 coisa mandada.mp3,14d4201a8626ffb55fb2476cef3ee3189a3849872bb56ec60e29116c5e8ccc5b,IMPORT,preserved,,Matogrosso & Mathias/07 coisa mandada.mp3,"sem erro de leitura; metadata GOOD; título HIGH; artista HIGH; sem cover; bitrate 320 kbps; sample rate 44100 Hz; desempate final por relative_path",320000,44100,false,GOOD
Matogrosso & Mathias/07 Deixa O Povo Falar.mp3,9d21225bf0a77d9a0d31d3d36d790103f2a333c1243ed4781a34b4cbd87e1de2,IMPORT,preserved,,Matogrosso & Mathias/07 Deixa O Povo Falar.mp3,"sem erro de leitura; metadata GOOD; título HIGH; artista HIGH; sem cover; bitrate 128 kbps; sample rate 44100 Hz; desempate final por relative_path",128000,44100,false,GOOD
Matogrosso & Mathias/08 - seu corpo em meu corpo.mp3,70bec96ced0db4011b792c2011497086bbed30d31a12031e0abe5a7c516d1fc5,IMPORT,preserved,,Matogrosso & Mathias/08 - seu corpo em meu corpo.mp3,"sem erro de leitura; metadata GOOD; título HIGH; artista HIGH; sem cover; bitrate 192 kbps; sample rate 44100 Hz; desempate final por relative_path",192000,44100,false,GOOD
Matogrosso & Mathias/11 - linha da pipa.mp3,13e4576b5eadbb9b8cd4a265340edba404b150488d8682ccc772ee3c89eb281f,IMPORT,preserved,,Matogrosso & Mathias/11 - linha da pipa.mp3,"sem erro de leitura; metadata GOOD; título HIGH; artista HIGH; sem cover; bitrate 192 kbps; sample rate 44100 Hz; desempate final por relative_path",192000,44100,false,GOOD
Matogrosso & Mathias/13 - o voo do condor.mp3,e94b7a475e8f3e94769bbba12fb69e4cafad3ee9c95f6a7c46b4d36ca692e3df,IMPORT,preserved,,Matogrosso & Mathias/13 - o voo do condor.mp3,"sem erro de leitura; metadata GOOD; título HIGH; artista HIGH; sem cover; bitrate 128 kbps; sample rate 44100 Hz; desempate final por relative_path",128000,44100,false,GOOD
Matogrosso & Mathias/18 Cachoeira de Prantos.mp3,f72c9bcf72a97d0c2bbcc29b7c43ef42860f7f6fee2f6f9d74dab0fc8b6f1497,SKIP_LIKELY,likely_duplicate,73,3 MODAO PORTA DE BUTECO/11-Cachoeira De Prantos.mp3,"sem erro de leitura; metadata GOOD; título HIGH; artista HIGH; sem cover; bitrate 128 kbps; sample rate 44100 Hz; desempate final por relative_path",128000,44100,false,GOOD
Matogrosso & Mathias/Amanhã-Matogrosso & Mathias.mp3,333d18cbbbc5831e2dfbf9122dcb7e834437e57c88d5ca98c543533bd78ff314,IMPORT,preserved,,Matogrosso & Mathias/Amanhã-Matogrosso & Mathias.mp3,"sem erro de leitura; metadata INFERRED; título MEDIUM; artista HIGH; sem cover; bitrate 128 kbps; sample rate 44100 Hz; desempate final por relative_path",128000,44100,false,INFERRED
Matogrosso & Mathias/Dona Do Meu Sentimento-Matogrosso & Mathias.mp3,1fb8f310ee58c83dffc52868c631e7f3beb29a72af648f4f6a176abfa059bb20,IMPORT,preserved,,Matogrosso & Mathias/Dona Do Meu Sentimento-Matogrosso & Mathias.mp3,"sem erro de leitura; metadata INFERRED; título MEDIUM; artista HIGH; cover presente; bitrate 128 kbps; sample rate 44100 Hz; desempate final por relative_path",128000,44100,true,INFERRED
Matogrosso & Mathias/Firma O Gorpe-Matogrosso & Mathias.mp3,f652c008f8c05afa53d12dcdf1599e3b2f4eb8fe6cba263b58841fbe1d5e80a8,IMPORT,preserved,,Matogrosso & Mathias/Firma O Gorpe-Matogrosso & Mathias.mp3,"sem erro de leitura; metadata INFERRED; título MEDIUM; artista HIGH; cover presente; bitrate 128 kbps; sample rate 44100 Hz; desempate final por relative_path",128000,44100,true,INFERRED
Matogrosso & Mathias/Foi Pensando Em Você-Matogrosso & Mathias.mp3,34c18080a90e53e4f0d23e46d319c36590b22f14fd68c13e6ae888c200544a85,IMPORT,preserved,,Matogrosso & Mathias/Foi Pensando Em Você-Matogrosso & Mathias.mp3,"sem erro de leitura; metadata GOOD; título HIGH; artista HIGH; sem cover; bitrate 128 kbps; sample rate 44100 Hz; desempate final por relative_path",128000,44100,false,GOOD
Matogrosso & Mathias/Frente A Frente-Matogrosso & Mathias.mp3,cf5307f1538b1fc842789c3090093b3d073a81332b052cbeada7f0b83e9c4ae2,IMPORT,preserved,,Matogrosso & Mathias/Frente A Frente-Matogrosso & Mathias.mp3,"sem erro de leitura; metadata INFERRED; título MEDIUM; artista HIGH; sem cover; bitrate 128 kbps; sample rate 44100 Hz; desempate final por relative_path",128000,44100,false,INFERRED
Matogrosso & Mathias/mato grosso e mathias - depois das seis.mp3,855b60e17a7a12830ec51669a80f3bd6b66306031d9329576650f6c4e4eb1aa4,IMPORT,preserved,,Matogrosso & Mathias/mato grosso e mathias - depois das seis.mp3,"sem erro de leitura; metadata GOOD; título HIGH; artista HIGH; sem cover; bitrate 127 kbps; sample rate 44100 Hz; desempate final por relative_path",127499,44100,false,GOOD
Matogrosso & Mathias/mato grosso e mathias - um seculo sem ti.mp3,c04e3c39538e839f6085cf8f13dead5e0ecdebcb9343e4522dbcc71c61ab96ce,IMPORT,preserved,,Matogrosso & Mathias/mato grosso e mathias - um seculo sem ti.mp3,"sem erro de leitura; metadata GOOD; título HIGH; artista HIGH; sem cover; bitrate 192 kbps; sample rate 44100 Hz; desempate final por relative_path",192000,44100,false,GOOD
Matogrosso & Mathias/mato grosso e matias - vazio da solidão.mp3,1e8adf71ba3a02a91dd8a710c60e00c303fca02e69f8339933bc2ee6bdf830d8,IMPORT,preserved,,Matogrosso & Mathias/mato grosso e matias - vazio da solidão.mp3,"sem erro de leitura; metadata GOOD; título HIGH; artista HIGH; sem cover; bitrate 128 kbps; sample rate 44100 Hz; desempate final por relative_path",128000,44100,false,GOOD
Matogrosso & Mathias/Matogrosso & Mathias - A MAIS LOUCA PAIXÃO .mp3,9c02063cd98d25e76e8197d5e18cb62701d3cd7aa60f9402aa5315d3ad11a87a,IMPORT,preserved,,Matogrosso & Mathias/Matogrosso & Mathias - A MAIS LOUCA PAIXÃO .mp3,"sem erro de leitura; metadata GOOD; título HIGH; artista HIGH; sem cover; bitrate 128 kbps; sample rate 44100 Hz; desempate final por relative_path",128000,44100,false,GOOD
Matogrosso & Mathias/Matogrosso & Mathias - A PRIMEIRA VEZ QUE EU TE VI.mp3,81bbfd1eccfac3a404bf87a8b8df530b627f01d4b98d01706552922df4c75a28,IMPORT,preserved,,Matogrosso & Mathias/Matogrosso & Mathias - A PRIMEIRA VEZ QUE EU TE VI.mp3,"sem erro de leitura; metadata GOOD; título HIGH; artista HIGH; sem cover; bitrate 128 kbps; sample rate 44100 Hz; desempate final por relative_path",128000,44100,false,GOOD
Matogrosso & Mathias/Matogrosso & Mathias - CORAÇÃO CONGELADO.mp3,08034cf9c502c5e2d4222c51d47cb0501ddb5d3d6834fdf7e2aa590a5098690c,IMPORT,preserved,,Matogrosso & Mathias/Matogrosso & Mathias - CORAÇÃO CONGELADO.mp3,"sem erro de leitura; metadata GOOD; título HIGH; artista HIGH; sem cover; bitrate 128 kbps; sample rate 44100 Hz; desempate final por relative_path",128000,44100,false,GOOD
Matogrosso & Mathias/Matogrosso & Mathias - DENTRO DO CORAÇÃO .mp3,f6df2a3c5cba4c1f4f0fb6fd8dd330ab0b3d20305ce426a7d13ea977c3ee5f4d,IMPORT,preserved,,Matogrosso & Mathias/Matogrosso & Mathias - DENTRO DO CORAÇÃO .mp3,"sem erro de leitura; metadata GOOD; título HIGH; artista HIGH; sem cover; bitrate 128 kbps; sample rate 44100 Hz; desempate final por relative_path",128000,44100,false,GOOD
Matogrosso & Mathias/Matogrosso & Mathias - DUAS CARAS .mp3,e0286839fb904308fda82f5d2750571b9c35a39d25bbb496e9049521e2fc1783,IMPORT,preserved,,Matogrosso & Mathias/Matogrosso & Mathias - DUAS CARAS .mp3,"sem erro de leitura; metadata GOOD; título HIGH; artista HIGH; sem cover; bitrate 128 kbps; sample rate 44100 Hz; desempate final por relative_path",128000,44100,false,GOOD
Matogrosso & Mathias/Matogrosso & Mathias - Eu quero te namorar.mp3,496abe0adecbe22c75e18d8e6cc770113affe62927d37e1052c5384ddad3606a,IMPORT,preserved,,Matogrosso & Mathias/Matogrosso & Mathias - Eu quero te namorar.mp3,"sem erro de leitura; metadata GOOD; título HIGH; artista HIGH; sem cover; bitrate 128 kbps; sample rate 44100 Hz; desempate final por relative_path",128000,44100,false,GOOD
Matogrosso & Mathias/Matogrosso & Mathias - IMÃ.mp3,0a3bd41102e63d2213110ced0b201dcf0e6199c94236623cd181ecab28592855,IMPORT,preserved,,Matogrosso & Mathias/Matogrosso & Mathias - IMÃ.mp3,"sem erro de leitura; metadata GOOD; título HIGH; artista HIGH; sem cover; bitrate 128 kbps; sample rate 44100 Hz; desempate final por relative_path",128000,44100,false,GOOD
Matogrosso & Mathias/Matogrosso & Mathias - Memoria.mp3,802cdbb3af72d5a94366aac76dc3a01da45927e3332e887b352797ae3ed83895,IMPORT,preserved,,Matogrosso & Mathias/Matogrosso & Mathias - Memoria.mp3,"sem erro de leitura; metadata GOOD; título HIGH; artista HIGH; sem cover; bitrate 128 kbps; sample rate 44100 Hz; desempate final por relative_path",128000,44100,false,GOOD
Matogrosso & Mathias/Matogrosso & Mathias - Mistério.mp3,5805483ae29e481249e893f9c58006c3edf0139378c9ca923b420bb709722877,IMPORT,preserved,,Matogrosso & Mathias/Matogrosso & Mathias - Mistério.mp3,"sem erro de leitura; metadata GOOD; título HIGH; artista HIGH; sem cover; bitrate 128 kbps; sample rate 44100 Hz; desempate final por relative_path",128000,44100,false,GOOD
Matogrosso & Mathias/Matogrosso & Mathias - POESIA NÃO SE VENDE.mp3,3f299a91e729e117f643f37ef06af26c94672c38e3ec5379e597a9afcb315e29,IMPORT,preserved,,Matogrosso & Mathias/Matogrosso & Mathias - POESIA NÃO SE VENDE.mp3,"sem erro de leitura; metadata GOOD; título HIGH; artista HIGH; sem cover; bitrate 128 kbps; sample rate 44100 Hz; desempate final por relative_path",128000,44100,false,GOOD
Matogrosso & Mathias/Matogrosso & Mathias - RUMOS DO CORAÇÃO.mp3,a1665eeec1a4d15c43f3c88f8cdff592285470c63761d98fb2d45c4b52ccd254,IMPORT,preserved,,Matogrosso & Mathias/Matogrosso & Mathias - RUMOS DO CORAÇÃO.mp3,"sem erro de leitura; metadata GOOD; título HIGH; artista HIGH; sem cover; bitrate 128 kbps; sample rate 44100 Hz; desempate final por relative_path",128000,44100,false,GOOD
Matogrosso & Mathias/Matogrosso & Mathias - SÓ FAZENDO AMOR.mp3,7e3b21295f83d32b8dcbc94f62bd703e17855abfc4007364313961c89c670d16,IMPORT,preserved,,Matogrosso & Mathias/Matogrosso & Mathias - SÓ FAZENDO AMOR.mp3,"sem erro de leitura; metadata GOOD; título HIGH; artista HIGH; sem cover; bitrate 128 kbps; sample rate 44100 Hz; desempate final por relative_path",128000,44100,false,GOOD
Matogrosso & Mathias/Matogrosso & Mathias - VIDA DE PESCADOR.mp3,e0b3b57b9c7d4b1dd93d9940f7667212a08a26afdba786136a94a0f9eb3bf998,IMPORT,preserved,,Matogrosso & Mathias/Matogrosso & Mathias - VIDA DE PESCADOR.mp3,"sem erro de leitura; metadata GOOD; título HIGH; artista HIGH; sem cover; bitrate 128 kbps; sample rate 44100 Hz; desempate final por relative_path",128000,44100,false,GOOD
Matogrosso & Mathias/matogrosso & matias - vem ficar comigo.mp3,a1f1ba17c2307f302aa2ac66c7387f84b045ab5e59bd29ea823ef4f6b57cb125,IMPORT,preserved,,Matogrosso & Mathias/matogrosso & matias - vem ficar comigo.mp3,"sem erro de leitura; metadata GOOD; título HIGH; artista HIGH; sem cover; bitrate 128 kbps; sample rate 44100 Hz; desempate final por relative_path",128000,44100,false,GOOD
"Matogrosso & Mathias/matogrosso e mathias - caiu, quebrou.mp3",87742060d4b865b7b1ae76b1bcd4f7fe4637034023f23dd046873c7f54891311,IMPORT,preserved,,"Matogrosso & Mathias/matogrosso e mathias - caiu, quebrou.mp3","sem erro de leitura; metadata GOOD; título HIGH; artista HIGH; sem cover; bitrate 128 kbps; sample rate 44100 Hz; desempate final por relative_path",128000,44100,false,GOOD
Matogrosso & Mathias/matogrosso e mathias - eu me perdi(2).mp3,1000459f4c1d72f008e56a9d7d31cbebce1d0595d0212ae42d74df27d155c329,IMPORT,preserved,,Matogrosso & Mathias/matogrosso e mathias - eu me perdi(2).mp3,"sem erro de leitura; metadata GOOD; título HIGH; artista HIGH; sem cover; bitrate 128 kbps; sample rate 44100 Hz; desempate final por relative_path",128000,44100,false,GOOD
Matogrosso & Mathias/Matogrosso e Mathias - Falso Juramento.mp3,729b449c699dc819f2e4a82d7229569c1ae97c76d77d5a9eeb5b67cdbafe760b,IMPORT,preserved,,Matogrosso & Mathias/Matogrosso e Mathias - Falso Juramento.mp3,"sem erro de leitura; metadata INFERRED; título HIGH; artista HIGH; sem cover; bitrate 128 kbps; sample rate 44100 Hz; desempate final por relative_path",128000,44100,false,INFERRED
Matogrosso & Mathias/matogrosso e mathias - mulheres do brasil.mp3,2a7b599776f06671e2b80cec9fab6754f4277e4c2fdb7b65f196f4d789bab6a8,IMPORT,preserved,,Matogrosso & Mathias/matogrosso e mathias - mulheres do brasil.mp3,"sem erro de leitura; metadata GOOD; título HIGH; artista HIGH; sem cover; bitrate 128 kbps; sample rate 44100 Hz; desempate final por relative_path",128000,44100,false,GOOD
Matogrosso & Mathias/Matogrosso e Mathias - Se nos amamos.mp3,21de7270366043e6c6a58a5bd0c236111f644d617dab062f4efffac23847ab4c,IMPORT,preserved,,Matogrosso & Mathias/Matogrosso e Mathias - Se nos amamos.mp3,"sem erro de leitura; metadata INFERRED; título HIGH; artista HIGH; sem cover; bitrate 160 kbps; sample rate 44100 Hz; desempate final por relative_path",160000,44100,false,INFERRED
Matogrosso & Mathias/Me Ensina A Te Esquecer-Matogrosso & Mathias.mp3,a3d4057b42cba55b056b7442694e87cc55e805c3e34c4b554efa5cd18b27b570,IMPORT,preserved,,Matogrosso & Mathias/Me Ensina A Te Esquecer-Matogrosso & Mathias.mp3,"sem erro de leitura; metadata INFERRED; título MEDIUM; artista HIGH; cover presente; bitrate 128 kbps; sample rate 44100 Hz; desempate final por relative_path",128000,44100,true,INFERRED
Matogrosso & Mathias/Me Perdoa-Matogrosso & Mathias.mp3,d5c1f6a2ba6d33ac556724f680eba964249480a802f96c20c8a908b6eb99955e,IMPORT,preserved,,Matogrosso & Mathias/Me Perdoa-Matogrosso & Mathias.mp3,"sem erro de leitura; metadata INFERRED; título MEDIUM; artista HIGH; cover presente; bitrate 128 kbps; sample rate 44100 Hz; desempate final por relative_path",128000,44100,true,INFERRED
Matogrosso & Mathias/Moda do Genro-Matogrosso & Mathias.mp3,ae4ab23b326628a009a0247419166f62bdaa8c3c97600282fc64a0ccf56d435c,IMPORT,preserved,,Matogrosso & Mathias/Moda do Genro-Matogrosso & Mathias.mp3,"sem erro de leitura; metadata INFERRED; título MEDIUM; artista HIGH; cover presente; bitrate 128 kbps; sample rate 44100 Hz; desempate final por relative_path",128000,44100,true,INFERRED
Matogrosso & Mathias/O Palco Caiu-Matogrosso & Mathias.mp3,2fd61e53eec53a5ad87ea52e0e2dbdaeb58c1e69d0b3d4d16587ff9bca249212,IMPORT,preserved,,Matogrosso & Mathias/O Palco Caiu-Matogrosso & Mathias.mp3,"sem erro de leitura; metadata INFERRED; título MEDIUM; artista HIGH; sem cover; bitrate 128 kbps; sample rate 44100 Hz; desempate final por relative_path",128000,44100,false,INFERRED
Matogrosso & Mathias/Ponto de Chegada-Matogrosso & Mathias.mp3,d89d686de5574eac547a51000d4ea9130a26658afcf7138a355deac2b175c279,IMPORT,preserved,,Matogrosso & Mathias/Ponto de Chegada-Matogrosso & Mathias.mp3,"sem erro de leitura; metadata INFERRED; título MEDIUM; artista HIGH; sem cover; bitrate 128 kbps; sample rate 44100 Hz; desempate final por relative_path",128000,44100,false,INFERRED
Matogrosso & Mathias/Saudade de Mim-Matogrosso & Mathias.mp3,4526ad25cdd566713762511e2dc47d4bafbc3a53d5e0d1b13ff10da71071cace,IMPORT,preserved,,Matogrosso & Mathias/Saudade de Mim-Matogrosso & Mathias.mp3,"sem erro de leitura; metadata INFERRED; título MEDIUM; artista HIGH; cover presente; bitrate 128 kbps; sample rate 44100 Hz; desempate final por relative_path",128000,44100,true,INFERRED
Matogrosso & Mathias/sem lua e sem mel.mp3,99e5e21bad219cf911234ece6299c2eb6e6fecfe78bcacfacd8ceadb5282ddd6,IMPORT,preserved,,Matogrosso & Mathias/sem lua e sem mel.mp3,"sem erro de leitura; metadata GOOD; título HIGH; artista HIGH; sem cover; bitrate 128 kbps; sample rate 44100 Hz; desempate final por relative_path",128000,44100,false,GOOD
Matogrosso & Mathias/Sorte Tem Quem Acredia Nela-Matogrosso & Mathias.mp3,34d84e7b3c642b59458754b397bacaff9918a24a68d6ae58dafec9cfd5ca7283,IMPORT,preserved,,Matogrosso & Mathias/Sorte Tem Quem Acredia Nela-Matogrosso & Mathias.mp3,"sem erro de leitura; metadata INFERRED; título MEDIUM; artista HIGH; sem cover; bitrate 128 kbps; sample rate 44100 Hz; desempate final por relative_path",128000,44100,false,INFERRED
Matogrosso & Mathias/Vou te Buscar.mp3,a71a59e9055862d82385a116fe441de93c5b9c1d4cc0238fa38952e55bd93e5e,IMPORT,preserved,,Matogrosso & Mathias/Vou te Buscar.mp3,"sem erro de leitura; metadata GOOD; título HIGH; artista HIGH; sem cover; bitrate 128 kbps; sample rate 44100 Hz; desempate final por relative_path",128000,44100,false,GOOD
Nattan -2021 Com Vocês Ou Sem/01 COM VOCE OU SEM.mp3,655b8be720977fb8420b93a7c2f544455b13d4a5cf8b3699dd9d014b667e3f95,IMPORT,preserved,,Nattan -2021 Com Vocês Ou Sem/01 COM VOCE OU SEM.mp3,"sem erro de leitura; metadata INFERRED; título MEDIUM; artista MEDIUM; sem cover; bitrate 40 kbps; sample rate 16000 Hz; desempate final por relative_path",40000,16000,false,INFERRED
Nattan -2021 Com Vocês Ou Sem/02 MORENA.mp3,9b49dc03e4e65a1ce0a4a8d13dbb30517cb795c180b98c0a4d59c7f8db148e3f,IMPORT,preserved,,Nattan -2021 Com Vocês Ou Sem/02 MORENA.mp3,"sem erro de leitura; metadata INFERRED; título MEDIUM; artista MEDIUM; sem cover; bitrate 40 kbps; sample rate 16000 Hz; desempate final por relative_path",40000,16000,false,INFERRED
Nattan -2021 Com Vocês Ou Sem/03 ME AMA DE VERDADE.mp3,3108f70d5064870b7587b626158c3d5fbc794d9a028d8b78f15159e30d5dfe06,IMPORT,preserved,,Nattan -2021 Com Vocês Ou Sem/03 ME AMA DE VERDADE.mp3,"sem erro de leitura; metadata INFERRED; título MEDIUM; artista MEDIUM; sem cover; bitrate 64 kbps; sample rate 24000 Hz; desempate final por relative_path",64000,24000,false,INFERRED
Nattan -2021 Com Vocês Ou Sem/04 DEIXA EU SER O TEU AMOR feat. DJ IVIS.mp3,12d82a52281934beb997307414f86ae789fe3085022310bd7cfd35f3cf2b02fa,IMPORT,preserved,,Nattan -2021 Com Vocês Ou Sem/04 DEIXA EU SER O TEU AMOR feat. DJ IVIS.mp3,"sem erro de leitura; metadata INFERRED; título MEDIUM; artista MEDIUM; sem cover; bitrate 40 kbps; sample rate 16000 Hz; desempate final por relative_path",40000,16000,false,INFERRED
Nattan -2021 Com Vocês Ou Sem/05 PEGUEI MINHA EX.mp3,0021cf6d60d1d9ddcfcb3fa4a6936ba6b18aad8bdb686a0a0ad108ea4778fd56,IMPORT,preserved,,Nattan -2021 Com Vocês Ou Sem/05 PEGUEI MINHA EX.mp3,"sem erro de leitura; metadata INFERRED; título MEDIUM; artista MEDIUM; sem cover; bitrate 64 kbps; sample rate 24000 Hz; desempate final por relative_path",64000,24000,false,INFERRED
Nattan -2021 Com Vocês Ou Sem/06 SURRA DE CAMA.mp3,272a115813838ca641ac4842c1ca81ac04e5bcc19eaf33aa391aded87a46f9b3,IMPORT,preserved,,Nattan -2021 Com Vocês Ou Sem/06 SURRA DE CAMA.mp3,"sem erro de leitura; metadata INFERRED; título MEDIUM; artista MEDIUM; sem cover; bitrate 40 kbps; sample rate 16000 Hz; desempate final por relative_path",40000,16000,false,INFERRED
Nattan -2021 Com Vocês Ou Sem/07 VOU TE ESQUECER.mp3,4d9750051cf3623fcc4748f487e3bf5da007e645c807364e8ed09c0330cdba6f,IMPORT,preserved,,Nattan -2021 Com Vocês Ou Sem/07 VOU TE ESQUECER.mp3,"sem erro de leitura; metadata INFERRED; título MEDIUM; artista MEDIUM; sem cover; bitrate 40 kbps; sample rate 16000 Hz; desempate final por relative_path",40000,16000,false,INFERRED
Nattan -2021 Com Vocês Ou Sem/08 TE AMAR FOI EM VAO.mp3,1938d05fb44908a9f6eed1db8899fd54564a5d2a28731442cdbcb0d9ae850287,IMPORT,preserved,,Nattan -2021 Com Vocês Ou Sem/08 TE AMAR FOI EM VAO.mp3,"sem erro de leitura; metadata INFERRED; título MEDIUM; artista MEDIUM; sem cover; bitrate 40 kbps; sample rate 16000 Hz; desempate final por relative_path",40000,16000,false,INFERRED
Nattan -2021 Com Vocês Ou Sem/09 BATOM COM CEREJA.mp3,17ccf6269da7f2b0a6f184df46622003321220524ed937fd6f37be92671aa1d1,IMPORT,preserved,,Nattan -2021 Com Vocês Ou Sem/09 BATOM COM CEREJA.mp3,"sem erro de leitura; metadata INFERRED; título MEDIUM; artista MEDIUM; sem cover; bitrate 64 kbps; sample rate 24000 Hz; desempate final por relative_path",64000,24000,false,INFERRED
Nattan -2021 Com Vocês Ou Sem/10 PULEI NA PICINA.mp3,192f0e7e3946c577426d7754c23cbd07caaa05a25ccf747582cba8d184d1482a,IMPORT,preserved,,Nattan -2021 Com Vocês Ou Sem/10 PULEI NA PICINA.mp3,"sem erro de leitura; metadata INFERRED; título MEDIUM; artista MEDIUM; sem cover; bitrate 64 kbps; sample rate 24000 Hz; desempate final por relative_path",64000,24000,false,INFERRED
Nattan -2021 Com Vocês Ou Sem/11 NAO ME ESQUECEU NE.mp3,4943135598cc3597e349ccb4cef6579a996149abae28606029f09b14fe093979,IMPORT,preserved,,Nattan -2021 Com Vocês Ou Sem/11 NAO ME ESQUECEU NE.mp3,"sem erro de leitura; metadata INFERRED; título MEDIUM; artista MEDIUM; sem cover; bitrate 64 kbps; sample rate 24000 Hz; desempate final por relative_path",64000,24000,false,INFERRED
Nattan -2021 Com Vocês Ou Sem/12 MINHA EX.mp3,3ba742b3e780482f97938c8ee3b2f023da230a1e567793ef68a5573f1797a64d,IMPORT,preserved,,Nattan -2021 Com Vocês Ou Sem/12 MINHA EX.mp3,"sem erro de leitura; metadata INFERRED; título MEDIUM; artista MEDIUM; sem cover; bitrate 40 kbps; sample rate 16000 Hz; desempate final por relative_path",40000,16000,false,INFERRED
Nattan -2021 Com Vocês Ou Sem/13 FACAS.mp3,b0fe3a754650311f38de53c9ed9c6bb82eb4f0e1dfd83c57df19f0595a066425,IMPORT,preserved,,Nattan -2021 Com Vocês Ou Sem/13 FACAS.mp3,"sem erro de leitura; metadata INFERRED; título MEDIUM; artista MEDIUM; sem cover; bitrate 40 kbps; sample rate 16000 Hz; desempate final por relative_path",40000,16000,false,INFERRED
Nattan -2021 Com Vocês Ou Sem/14 IMPRESSIONANTE.mp3,d87263a8c4479e8befa3fcf3a9b0645c7a2232fd2e256fb02a9cf7d5a4c05d06,IMPORT,preserved,,Nattan -2021 Com Vocês Ou Sem/14 IMPRESSIONANTE.mp3,"sem erro de leitura; metadata INFERRED; título MEDIUM; artista MEDIUM; sem cover; bitrate 40 kbps; sample rate 16000 Hz; desempate final por relative_path",40000,16000,false,INFERRED
Nattan -2021 Com Vocês Ou Sem/15 STORIEZIM feat. RAI SAIA RODADA.mp3,1c5d3aced0d1cfd2fa35249275f9e4607c2c002b2a224155e151fc7807195e30,IMPORT,preserved,,Nattan -2021 Com Vocês Ou Sem/15 STORIEZIM feat. RAI SAIA RODADA.mp3,"sem erro de leitura; metadata INFERRED; título MEDIUM; artista MEDIUM; sem cover; bitrate 64 kbps; sample rate 24000 Hz; desempate final por relative_path",64000,24000,false,INFERRED
Nattan -2021 Com Vocês Ou Sem/16 FAZ A POSE feat. MC KS.mp3,5d9dba05c3b02aab3b40bb7a61d520264b8c3cfcf13765483efa26d6ef96f083,IMPORT,preserved,,Nattan -2021 Com Vocês Ou Sem/16 FAZ A POSE feat. MC KS.mp3,"sem erro de leitura; metadata INFERRED; título MEDIUM; artista MEDIUM; sem cover; bitrate 40 kbps; sample rate 16000 Hz; desempate final por relative_path",40000,16000,false,INFERRED
Nattan -2021 Com Vocês Ou Sem/17 CUIDADO TE SUPERO.mp3,4d64c17166dcbdd17519510b807ffc3b8268afd1815719ea00d4e407111ff1f3,IMPORT,preserved,,Nattan -2021 Com Vocês Ou Sem/17 CUIDADO TE SUPERO.mp3,"sem erro de leitura; metadata INFERRED; título MEDIUM; artista MEDIUM; sem cover; bitrate 40 kbps; sample rate 16000 Hz; desempate final por relative_path",40000,16000,false,INFERRED
Nattan -2021 Com Vocês Ou Sem/18 CORAÇAO NA CAMA.mp3,f759b19345fbe30c511722a18f6c84a05ddabc776d8dc0b03233b5f1b6205f06,IMPORT,preserved,,Nattan -2021 Com Vocês Ou Sem/18 CORAÇAO NA CAMA.mp3,"sem erro de leitura; metadata INFERRED; título MEDIUM; artista MEDIUM; sem cover; bitrate 64 kbps; sample rate 24000 Hz; desempate final por relative_path",64000,24000,false,INFERRED
Pedrinho Pegação - 2021 Incomparável/01 - Incomparável (Piseiro).mp3,9a921f8b13698074d5df1204696f421d12ced7a3a4be547fdb65129c462a2672,IMPORT,preserved,,Pedrinho Pegação - 2021 Incomparável/01 - Incomparável (Piseiro).mp3,"sem erro de leitura; metadata INFERRED; título MEDIUM; artista MEDIUM; sem cover; bitrate 40 kbps; sample rate 16000 Hz; desempate final por relative_path",40000,16000,false,INFERRED
Pedrinho Pegação - 2021 Incomparável/02 - Desamei.mp3,954db3bc81ec4d0a3d1aa8ef2c3e84ed82aeccbb70cef3a3053fee5d9dfdcdc9,IMPORT,preserved,,Pedrinho Pegação - 2021 Incomparável/02 - Desamei.mp3,"sem erro de leitura; metadata INFERRED; título MEDIUM; artista MEDIUM; sem cover; bitrate 40 kbps; sample rate 16000 Hz; desempate final por relative_path",40000,16000,false,INFERRED
Pedrinho Pegação - 2021 Incomparável/03 - Adrenalina.mp3,d2076c54dcce749b0df39e969158cb19e3cbb3a824649174fedb1a0e4e577a7d,IMPORT,preserved,,Pedrinho Pegação - 2021 Incomparável/03 - Adrenalina.mp3,"sem erro de leitura; metadata INFERRED; título MEDIUM; artista MEDIUM; sem cover; bitrate 40 kbps; sample rate 16000 Hz; desempate final por relative_path",40000,16000,false,INFERRED
Pedrinho Pegação - 2021 Incomparável/04 - Baby me Atende.mp3,71c6d44c1442f7535833cae818df8926b3db8bf6346a3a42d1c71012a9cc3d64,IMPORT,preserved,,Pedrinho Pegação - 2021 Incomparável/04 - Baby me Atende.mp3,"sem erro de leitura; metadata INFERRED; título MEDIUM; artista MEDIUM; sem cover; bitrate 40 kbps; sample rate 16000 Hz; desempate final por relative_path",40000,16000,false,INFERRED
Pedrinho Pegação - 2021 Incomparável/05 - Carinha de Bebezinha.mp3,18406d1d96960be8ca5d0b559222e3bc40e43cddddc51de387162e932f9d7558,IMPORT,preserved,,Pedrinho Pegação - 2021 Incomparável/05 - Carinha de Bebezinha.mp3,"sem erro de leitura; metadata INFERRED; título MEDIUM; artista MEDIUM; sem cover; bitrate 40 kbps; sample rate 16000 Hz; desempate final por relative_path",40000,16000,false,INFERRED
Pedrinho Pegação - 2021 Incomparável/06 - De Boca em Boca.mp3,bf29349afb39b1c79423eb7761295ccf743fb5db2a8d6aea48ff2559c45edb65,IMPORT,preserved,,Pedrinho Pegação - 2021 Incomparável/06 - De Boca em Boca.mp3,"sem erro de leitura; metadata INFERRED; título MEDIUM; artista MEDIUM; sem cover; bitrate 64 kbps; sample rate 24000 Hz; desempate final por relative_path",64000,24000,false,INFERRED
Pedrinho Pegação - 2021 Incomparável/07 - Deixa eu Falar pra Você.mp3,4c0652acaa3956407cf2533cf6b49f23662a377affcdbd9d58087d997bc47fb2,IMPORT,preserved,,Pedrinho Pegação - 2021 Incomparável/07 - Deixa eu Falar pra Você.mp3,"sem erro de leitura; metadata INFERRED; título MEDIUM; artista MEDIUM; sem cover; bitrate 40 kbps; sample rate 16000 Hz; desempate final por relative_path",40000,16000,false,INFERRED
Pedrinho Pegação - 2021 Incomparável/08 - Quero é você me querendo.mp3,c4cc4bee4e9d2853f8d1ba7ae9c9c4ebc2aec596bc224f35b0efea36017c5f0f,IMPORT,preserved,,Pedrinho Pegação - 2021 Incomparável/08 - Quero é você me querendo.mp3,"sem erro de leitura; metadata INFERRED; título MEDIUM; artista MEDIUM; sem cover; bitrate 40 kbps; sample rate 16000 Hz; desempate final por relative_path",40000,16000,false,INFERRED
Pedrinho Pegação - 2021 Incomparável/09 - Espirra o Lança.mp3,aa1274daa1e2384e6bba5c943e19b0cc392e9bfb2f7ad73334519730bdc1b378,IMPORT,preserved,,Pedrinho Pegação - 2021 Incomparável/09 - Espirra o Lança.mp3,"sem erro de leitura; metadata INFERRED; título MEDIUM; artista MEDIUM; sem cover; bitrate 64 kbps; sample rate 24000 Hz; desempate final por relative_path",64000,24000,false,INFERRED
Pedrinho Pegação - 2021 Incomparável/10 - Vontade de Não Prestar.mp3,ec0e64b9f9c25f18e22f7231be67d474c0385547ce46a55e3aa829020e412588,IMPORT,preserved,,Pedrinho Pegação - 2021 Incomparável/10 - Vontade de Não Prestar.mp3,"sem erro de leitura; metadata INFERRED; título MEDIUM; artista MEDIUM; sem cover; bitrate 64 kbps; sample rate 24000 Hz; desempate final por relative_path",64000,24000,false,INFERRED
Pedrinho Pegação - 2021 Incomparável/11 - Gostoso pra carai.mp3,b8a45414d6e0a09af29295fa5074fcb61bb64cd1396bd068eff3e893a5f435e6,IMPORT,preserved,,Pedrinho Pegação - 2021 Incomparável/11 - Gostoso pra carai.mp3,"sem erro de leitura; metadata INFERRED; título MEDIUM; artista MEDIUM; sem cover; bitrate 40 kbps; sample rate 16000 Hz; desempate final por relative_path",40000,16000,false,INFERRED
Pedrinho Pegação - 2021 Incomparável/12 - Quando o Grave Bate Forte (Liberdade).mp3,8bb7385c73f5cbadf85315ded5d106a0474680d1c2d05bd867ab1dc4937b4dde,IMPORT,preserved,,Pedrinho Pegação - 2021 Incomparável/12 - Quando o Grave Bate Forte (Liberdade).mp3,"sem erro de leitura; metadata INFERRED; título MEDIUM; artista MEDIUM; sem cover; bitrate 64 kbps; sample rate 24000 Hz; desempate final por relative_path",64000,24000,false,INFERRED
Pedrinho Pegação - 2021 Incomparável/13 - Mentirosa.mp3,044d0142a8d07994ba462dcc14f6ab485a4fc996c022b4b9ae5cd40e8d46c4af,IMPORT,preserved,,Pedrinho Pegação - 2021 Incomparável/13 - Mentirosa.mp3,"sem erro de leitura; metadata INFERRED; título MEDIUM; artista MEDIUM; sem cover; bitrate 64 kbps; sample rate 24000 Hz; desempate final por relative_path",64000,24000,false,INFERRED
Pedrinho Pegação - 2021 Incomparável/14 - Na Ponta do Pé.mp3,668764f9a268f2de59338083363a861269c7a76ab35754895a939d6a63bc6815,IMPORT,preserved,,Pedrinho Pegação - 2021 Incomparável/14 - Na Ponta do Pé.mp3,"sem erro de leitura; metadata INFERRED; título MEDIUM; artista MEDIUM; sem cover; bitrate 64 kbps; sample rate 24000 Hz; desempate final por relative_path",64000,24000,false,INFERRED
Pedrinho Pegação - 2021 Incomparável/15 - Onde Estás Feat. Mayra Santana.mp3,903cc2385f3bb9c304e2df6e739f4767cc7f1f8bc01d2c32606f31fb09f979f8,IMPORT,preserved,,Pedrinho Pegação - 2021 Incomparável/15 - Onde Estás Feat. Mayra Santana.mp3,"sem erro de leitura; metadata INFERRED; título MEDIUM; artista MEDIUM; sem cover; bitrate 40 kbps; sample rate 16000 Hz; desempate final por relative_path",40000,16000,false,INFERRED
Pedrinho Pegação - 2021 Incomparável/16 - Volta Amor Feat. Priscila Senna.mp3,a7593e7786a9522ab843ce01264fd367c88bee93fa71ff6676457ddfbaf7312c,IMPORT,preserved,,Pedrinho Pegação - 2021 Incomparável/16 - Volta Amor Feat. Priscila Senna.mp3,"sem erro de leitura; metadata INFERRED; título MEDIUM; artista MEDIUM; sem cover; bitrate 40 kbps; sample rate 16000 Hz; desempate final por relative_path",40000,16000,false,INFERRED
Pedrinho Pegação - 2021 Incomparável/17 - Revida.mp3,56234b7f7e11aa83cf6a7517f7b5dd53203232378b143a2aa41f9d9ec58ecbee,IMPORT,preserved,,Pedrinho Pegação - 2021 Incomparável/17 - Revida.mp3,"sem erro de leitura; metadata INFERRED; título MEDIUM; artista MEDIUM; sem cover; bitrate 40 kbps; sample rate 16000 Hz; desempate final por relative_path",40000,16000,false,INFERRED
Pedrinho Pegação - 2021 Incomparável/18 - Quem é que não tem um Ex.mp3,6b036665daece9347ac7f55f46a28645f9ce728f6d5d208ea747f1366cdb1e60,IMPORT,preserved,,Pedrinho Pegação - 2021 Incomparável/18 - Quem é que não tem um Ex.mp3,"sem erro de leitura; metadata INFERRED; título MEDIUM; artista MEDIUM; sem cover; bitrate 40 kbps; sample rate 16000 Hz; desempate final por relative_path",40000,16000,false,INFERRED
Pedrinho Pegação - 2021 Incomparável/19 -Só de Sacanagem.mp3,fb93d28357f057ea0ef92edae624291f8148f4d112c3bbcb0d2244154f831a71,IMPORT,preserved,,Pedrinho Pegação - 2021 Incomparável/19 -Só de Sacanagem.mp3,"sem erro de leitura; metadata INFERRED; título MEDIUM; artista MEDIUM; sem cover; bitrate 40 kbps; sample rate 16000 Hz; desempate final por relative_path",40000,16000,false,INFERRED
Pedrinho Pegação - 2021 Incomparável/20 - Não Devo Nada a Ninguém.mp3,ee5be9299ced72daf25676ed890ae300e0f3cc35e4fa98addb2b742396ac4382,IMPORT,preserved,,Pedrinho Pegação - 2021 Incomparável/20 - Não Devo Nada a Ninguém.mp3,"sem erro de leitura; metadata INFERRED; título MEDIUM; artista MEDIUM; sem cover; bitrate 40 kbps; sample rate 16000 Hz; desempate final por relative_path",40000,16000,false,INFERRED
Pedrinho Pegação - 2021 Incomparável/21 - Volta Bebê. Volta Neném.mp3,7f8ad145da5406904e4fddea3a48e9c1929d8704f090656b09c20580090f273e,IMPORT,preserved,,Pedrinho Pegação - 2021 Incomparável/21 - Volta Bebê. Volta Neném.mp3,"sem erro de leitura; metadata INFERRED; título MEDIUM; artista MEDIUM; sem cover; bitrate 40 kbps; sample rate 16000 Hz; desempate final por relative_path",40000,16000,false,INFERRED
Pedrinho Pegação - 2021 Incomparável/22 - Farsante.mp3,ce64a13f844adae80b3a24e707183220ec573d6361cc7932cf04ae7a2c54d5f7,IMPORT,preserved,,Pedrinho Pegação - 2021 Incomparável/22 - Farsante.mp3,"sem erro de leitura; metadata INFERRED; título MEDIUM; artista MEDIUM; sem cover; bitrate 40 kbps; sample rate 16000 Hz; desempate final por relative_path",40000,16000,false,INFERRED
Pedrinho Pegação - 2021 Incomparável/23 - Volta pro seu mô.mp3,0173e442e733e0f341b046945ca92d3d331fdb35ff045c3c1796260917f2c334,IMPORT,preserved,,Pedrinho Pegação - 2021 Incomparável/23 - Volta pro seu mô.mp3,"sem erro de leitura; metadata INFERRED; título MEDIUM; artista MEDIUM; sem cover; bitrate 40 kbps; sample rate 16000 Hz; desempate final por relative_path",40000,16000,false,INFERRED
Pedrinho Pegação - 2021 Incomparável/24 - Incomparável (Forró) Faixa Especial.mp3,d879c3189161187955e936f2f54508cebc46eb880dbccbbe0d2d937144ce30ea,IMPORT,preserved,,Pedrinho Pegação - 2021 Incomparável/24 - Incomparável (Forró) Faixa Especial.mp3,"sem erro de leitura; metadata INFERRED; título MEDIUM; artista MEDIUM; sem cover; bitrate 40 kbps; sample rate 16000 Hz; desempate final por relative_path",40000,16000,false,INFERRED
Sertanejao/Amigos - A história continua (Ao vivo) 2019/01 Amigos - Disparada.mp3,638967deefb97b83265863fa59906f8d1fa9ece601288d325b43e26340c23bef,IMPORT,preserved,,Sertanejao/Amigos - A história continua (Ao vivo) 2019/01 Amigos - Disparada.mp3,"sem erro de leitura; metadata INFERRED; título HIGH; artista HIGH; cover presente; bitrate 128 kbps; sample rate 44100 Hz; desempate final por relative_path",128000,44100,true,INFERRED
"Sertanejao/Amigos - A história continua (Ao vivo) 2019/02 Amigos - Sinônimos, Pense em mim, É o amor.mp3",e923b79a2f19225000a30751ee318697aa3222a41e2eb34a50f346f7b27113d9,IMPORT,preserved,,"Sertanejao/Amigos - A história continua (Ao vivo) 2019/02 Amigos - Sinônimos, Pense em mim, É o amor.mp3","sem erro de leitura; metadata INFERRED; título HIGH; artista HIGH; cover presente; bitrate 128 kbps; sample rate 44100 Hz; desempate final por relative_path",128000,44100,true,INFERRED
Sertanejao/Amigos - A história continua (Ao vivo) 2019/03 Amigos - Nascemos pra cantar.mp3,513304787e0e4d30c0bb482f6d8ff14327455a742fced6b239bd88b2f9c8b7dd,IMPORT,preserved,,Sertanejao/Amigos - A história continua (Ao vivo) 2019/03 Amigos - Nascemos pra cantar.mp3,"sem erro de leitura; metadata INFERRED; título HIGH; artista HIGH; cover presente; bitrate 128 kbps; sample rate 44100 Hz; desempate final por relative_path",128000,44100,true,INFERRED
Sertanejao/Amigos - A história continua (Ao vivo) 2019/04 Amigos - Pode ser pra valer.mp3,cf04d7746f9c2acc64cdbf90f2346ef8d3cd915ab48d0fb42f8de810c26f918c,IMPORT,preserved,,Sertanejao/Amigos - A história continua (Ao vivo) 2019/04 Amigos - Pode ser pra valer.mp3,"sem erro de leitura; metadata INFERRED; título HIGH; artista HIGH; cover presente; bitrate 128 kbps; sample rate 44100 Hz; desempate final por relative_path",128000,44100,true,INFERRED
Sertanejao/Amigos - A história continua (Ao vivo) 2019/05 Amigos - Entre tapas e beijos.mp3,43fbc64b371ef9320817e26fcc5af704a27e45a4b6e665c55062f40f383c9583,IMPORT,preserved,,Sertanejao/Amigos - A história continua (Ao vivo) 2019/05 Amigos - Entre tapas e beijos.mp3,"sem erro de leitura; metadata INFERRED; título HIGH; artista HIGH; cover presente; bitrate 128 kbps; sample rate 44100 Hz; desempate final por relative_path",128000,44100,true,INFERRED
Sertanejao/Amigos - A história continua (Ao vivo) 2019/06 Amigos - Sonho de amor.mp3,3fe9e782144d0defbb4473542fb289b8882e7153bc62be95ae664888d6272541,IMPORT,preserved,,Sertanejao/Amigos - A história continua (Ao vivo) 2019/06 Amigos - Sonho de amor.mp3,"sem erro de leitura; metadata INFERRED; título HIGH; artista HIGH; cover presente; bitrate 128 kbps; sample rate 44100 Hz; desempate final por relative_path",128000,44100,true,INFERRED
Sertanejao/Amigos - A história continua (Ao vivo) 2019/07 Amigos - Rumo à Goiânia.mp3,6d1d72ff7a50be1f04b6b189e13812a32e90832d274db42274602b0ce910a3c7,IMPORT,preserved,,Sertanejao/Amigos - A história continua (Ao vivo) 2019/07 Amigos - Rumo à Goiânia.mp3,"sem erro de leitura; metadata INFERRED; título HIGH; artista HIGH; cover presente; bitrate 128 kbps; sample rate 44100 Hz; desempate final por relative_path",128000,44100,true,INFERRED
Sertanejao/Amigos - A história continua (Ao vivo) 2019/08 Amigos - Fio de cabelo.mp3,5b067e9d0f741fdc469ea6800454c7374fc8caa91154d09cc278b3e6bbfd902e,IMPORT,preserved,,Sertanejao/Amigos - A história continua (Ao vivo) 2019/08 Amigos - Fio de cabelo.mp3,"sem erro de leitura; metadata INFERRED; título HIGH; artista HIGH; cover presente; bitrate 128 kbps; sample rate 44100 Hz; desempate final por relative_path",128000,44100,true,INFERRED
Sertanejao/Amigos - A história continua (Ao vivo) 2019/09 Amigos - Eu juro.mp3,9a1f483da50fda4617649b694eb8879d8c75f185d22c74d57a506cf5bfcd0d97,IMPORT,preserved,,Sertanejao/Amigos - A história continua (Ao vivo) 2019/09 Amigos - Eu juro.mp3,"sem erro de leitura; metadata INFERRED; título HIGH; artista HIGH; cover presente; bitrate 128 kbps; sample rate 44100 Hz; desempate final por relative_path",128000,44100,true,INFERRED
Sertanejao/Amigos - A história continua (Ao vivo) 2019/10 Amigos - Não aprendi a dizer adeus.mp3,d70aab64294fa72d29ec11407e3f42dd91175bd079d6a2b402fa1fa0f18c9163,IMPORT,preserved,,Sertanejao/Amigos - A história continua (Ao vivo) 2019/10 Amigos - Não aprendi a dizer adeus.mp3,"sem erro de leitura; metadata INFERRED; título HIGH; artista HIGH; cover presente; bitrate 128 kbps; sample rate 44100 Hz; desempate final por relative_path",128000,44100,true,INFERRED
Sertanejao/Amigos - A história continua (Ao vivo) 2019/11 Amigos - A ferro e fogo.mp3,d7e2ca3cee58dbeeb998d81593e31ce57c2b22b3503a74114f71fbdcdbacd55e,IMPORT,preserved,,Sertanejao/Amigos - A história continua (Ao vivo) 2019/11 Amigos - A ferro e fogo.mp3,"sem erro de leitura; metadata INFERRED; título HIGH; artista HIGH; cover presente; bitrate 128 kbps; sample rate 44100 Hz; desempate final por relative_path",128000,44100,true,INFERRED
Sertanejao/Amigos - A história continua (Ao vivo) 2019/12 Amigos - Brincar de ser feliz.mp3,6101706d44a2347a56599e77162b31faaee983785e66be8c6eed0ac1f0de69e5,IMPORT,preserved,,Sertanejao/Amigos - A história continua (Ao vivo) 2019/12 Amigos - Brincar de ser feliz.mp3,"sem erro de leitura; metadata INFERRED; título HIGH; artista HIGH; cover presente; bitrate 128 kbps; sample rate 44100 Hz; desempate final por relative_path",128000,44100,true,INFERRED
Sertanejao/Amigos - A história continua (Ao vivo) 2019/13 Amigos - Sem medo de ser feliz.mp3,faf0e85dabf7bc7a4ad9fb4b113db68cd703b8295641dcdb70e51c1c5365cdcf,IMPORT,preserved,,Sertanejao/Amigos - A história continua (Ao vivo) 2019/13 Amigos - Sem medo de ser feliz.mp3,"sem erro de leitura; metadata INFERRED; título HIGH; artista HIGH; cover presente; bitrate 128 kbps; sample rate 44100 Hz; desempate final por relative_path",128000,44100,true,INFERRED
Sertanejao/Amigos - A história continua (Ao vivo) 2019/14 Amigos - No dia em que sai de casa.mp3,0f3a220b2777ab3e6c048e5d13b0315d7aee28d87426ee9168da27cbca01a151,IMPORT,preserved,,Sertanejao/Amigos - A história continua (Ao vivo) 2019/14 Amigos - No dia em que sai de casa.mp3,"sem erro de leitura; metadata INFERRED; título HIGH; artista HIGH; cover presente; bitrate 128 kbps; sample rate 44100 Hz; desempate final por relative_path",128000,44100,true,INFERRED
"Sertanejao/Amigos - A história continua (Ao vivo) 2019/15 Amigos - Toma juízo, Preciso ser amado.mp3",c85cfa8753e4a4577a1b6d4d7df577ee6b9837aad4f702b5313557aa722ad6ac,IMPORT,preserved,,"Sertanejao/Amigos - A história continua (Ao vivo) 2019/15 Amigos - Toma juízo, Preciso ser amado.mp3","sem erro de leitura; metadata INFERRED; título HIGH; artista HIGH; cover presente; bitrate 128 kbps; sample rate 44100 Hz; desempate final por relative_path",128000,44100,true,INFERRED
Sertanejao/Amigos - A história continua (Ao vivo) 2019/16 Amigos - Alô.mp3,4e346d8a2f2d69c013d950bf48d869981ad2fa87cbdda89323325c4e970790ef,IMPORT,preserved,,Sertanejao/Amigos - A história continua (Ao vivo) 2019/16 Amigos - Alô.mp3,"sem erro de leitura; metadata INFERRED; título HIGH; artista HIGH; cover presente; bitrate 128 kbps; sample rate 44100 Hz; desempate final por relative_path",128000,44100,true,INFERRED
Sertanejao/Amigos - A história continua (Ao vivo) 2019/17 Amigos - Página de amigos.mp3,330c712467f31744614c472a78d485561deb649ba1db4a4d90080fc566f7f37d,IMPORT,preserved,,Sertanejao/Amigos - A história continua (Ao vivo) 2019/17 Amigos - Página de amigos.mp3,"sem erro de leitura; metadata INFERRED; título HIGH; artista HIGH; cover presente; bitrate 128 kbps; sample rate 44100 Hz; desempate final por relative_path",128000,44100,true,INFERRED
Sertanejao/Amigos - A história continua (Ao vivo) 2019/18 Amigos - Talismã.mp3,702b9158a3c8b0583a19d19dde9fc25efca47ba5b6aab4fe34c3a459e9479538,IMPORT,preserved,,Sertanejao/Amigos - A história continua (Ao vivo) 2019/18 Amigos - Talismã.mp3,"sem erro de leitura; metadata INFERRED; título HIGH; artista HIGH; cover presente; bitrate 128 kbps; sample rate 44100 Hz; desempate final por relative_path",128000,44100,true,INFERRED
Sertanejao/Amigos - A história continua (Ao vivo) 2019/19 Amigos - Saudade de minha terra.mp3,68e169a45554ac495fee35507cd426348a42b66e4c9bc5ce7bd868f51e072eaa,IMPORT,preserved,,Sertanejao/Amigos - A história continua (Ao vivo) 2019/19 Amigos - Saudade de minha terra.mp3,"sem erro de leitura; metadata INFERRED; título HIGH; artista HIGH; cover presente; bitrate 128 kbps; sample rate 44100 Hz; desempate final por relative_path",128000,44100,true,INFERRED
Sertanejao/Amigos - A história continua (Ao vivo) 2019/20 Amigos - Nuvem de lágrimas.mp3,d96ab9eacf689e8d4f48bf4d222a661a9bb00d618cb8d13ec97be67e9e6e1db3,IMPORT,preserved,,Sertanejao/Amigos - A história continua (Ao vivo) 2019/20 Amigos - Nuvem de lágrimas.mp3,"sem erro de leitura; metadata INFERRED; título HIGH; artista HIGH; cover presente; bitrate 128 kbps; sample rate 44100 Hz; desempate final por relative_path",128000,44100,true,INFERRED
Sertanejao/Amigos - A história continua (Ao vivo) 2019/21 Amigos - Temporal de amor.mp3,e24001234e9eb32d725ef39c8a9185a02d889e8dfaa757163460ad7f6abd444e,IMPORT,preserved,,Sertanejao/Amigos - A história continua (Ao vivo) 2019/21 Amigos - Temporal de amor.mp3,"sem erro de leitura; metadata INFERRED; título HIGH; artista HIGH; cover presente; bitrate 128 kbps; sample rate 44100 Hz; desempate final por relative_path",128000,44100,true,INFERRED
Sertanejao/Amigos - A história continua (Ao vivo) 2019/22 Amigos - 60 dias apaixonado.mp3,9211a0f0b2698ee7cbf0fdd52078c7584b5be9ff76492bbfdf3f81dccc552f43,IMPORT,preserved,,Sertanejao/Amigos - A história continua (Ao vivo) 2019/22 Amigos - 60 dias apaixonado.mp3,"sem erro de leitura; metadata INFERRED; título HIGH; artista HIGH; cover presente; bitrate 128 kbps; sample rate 44100 Hz; desempate final por relative_path",128000,44100,true,INFERRED
"Sertanejao/Amigos - A história continua (Ao vivo) 2019/23 Amigos - Vá pro inferno com seu amor, Galopeira.mp3",25f3b8b267e3aae202efb513cee1aaf2cf5e788a5706cf2f34399e1160c6f974,IMPORT,preserved,,"Sertanejao/Amigos - A história continua (Ao vivo) 2019/23 Amigos - Vá pro inferno com seu amor, Galopeira.mp3","sem erro de leitura; metadata INFERRED; título HIGH; artista HIGH; cover presente; bitrate 128 kbps; sample rate 44100 Hz; desempate final por relative_path",128000,44100,true,INFERRED
Sertanejao/Amigos - A história continua (Ao vivo) 2019/24 Amigos - Cumade e cumpade.mp3,3fa6655b158ed6166c394ab713577c8da27259d3782f453127ffa4420f7c7f6e,IMPORT,preserved,,Sertanejao/Amigos - A história continua (Ao vivo) 2019/24 Amigos - Cumade e cumpade.mp3,"sem erro de leitura; metadata INFERRED; título HIGH; artista HIGH; cover presente; bitrate 128 kbps; sample rate 44100 Hz; desempate final por relative_path",128000,44100,true,INFERRED
Sertanejao/Amigos - A história continua (Ao vivo) 2019/25 Amigos - Flores em vida.mp3,df77cd8fd399991c06dec7afd72fba206a7dcc7b451cbd900be6b81ce19e10d5,IMPORT,preserved,,Sertanejao/Amigos - A história continua (Ao vivo) 2019/25 Amigos - Flores em vida.mp3,"sem erro de leitura; metadata INFERRED; título HIGH; artista HIGH; cover presente; bitrate 128 kbps; sample rate 44100 Hz; desempate final por relative_path",128000,44100,true,INFERRED
Sertanejao/Amigos - A história continua (Ao vivo) 2019/26 Amigos - Única.mp3,4e6ecb062ffbf5ddcca5c39eeba83baf2a112e56fc7bc97928d52523c9729a23,IMPORT,preserved,,Sertanejao/Amigos - A história continua (Ao vivo) 2019/26 Amigos - Única.mp3,"sem erro de leitura; metadata INFERRED; título HIGH; artista HIGH; cover presente; bitrate 128 kbps; sample rate 44100 Hz; desempate final por relative_path",128000,44100,true,INFERRED
Sertanejao/Amigos - A história continua (Ao vivo) 2019/27 Amigos - Estrada da vida.mp3,5d1e0d96a30de14166caca96770ce102d23028ceebace371dad8a758b9fead60,IMPORT,preserved,,Sertanejao/Amigos - A história continua (Ao vivo) 2019/27 Amigos - Estrada da vida.mp3,"sem erro de leitura; metadata INFERRED; título HIGH; artista HIGH; cover presente; bitrate 128 kbps; sample rate 44100 Hz; desempate final por relative_path",128000,44100,true,INFERRED
Sertanejao/Amigos - A história continua (Ao vivo) 2019/28 Amigos - Pra não pensar em você.mp3,196a1153be4c80b19f88ab47b00498a5bbedab5f6da5d1213fc32a518f8442b0,IMPORT,preserved,,Sertanejao/Amigos - A história continua (Ao vivo) 2019/28 Amigos - Pra não pensar em você.mp3,"sem erro de leitura; metadata INFERRED; título HIGH; artista HIGH; cover presente; bitrate 128 kbps; sample rate 44100 Hz; desempate final por relative_path",128000,44100,true,INFERRED
Sertanejao/Amigos - A história continua (Ao vivo) 2019/29 Amigos - Se Deus me ouvisse.mp3,c2328a506a559fb8ddd800f208db013f8b460254e4280e89d0cfd54a60a22d3f,IMPORT,preserved,,Sertanejao/Amigos - A história continua (Ao vivo) 2019/29 Amigos - Se Deus me ouvisse.mp3,"sem erro de leitura; metadata INFERRED; título HIGH; artista HIGH; cover presente; bitrate 128 kbps; sample rate 44100 Hz; desempate final por relative_path",128000,44100,true,INFERRED
Sertanejao/Amigos - A história continua (Ao vivo) 2019/30 Amigos - Como um anjo.mp3,d4b1dec08ca463c943f1c70b8eb7fdd42a4ec9b88c27df8cce254ddfb193603a,IMPORT,preserved,,Sertanejao/Amigos - A história continua (Ao vivo) 2019/30 Amigos - Como um anjo.mp3,"sem erro de leitura; metadata INFERRED; título HIGH; artista HIGH; cover presente; bitrate 128 kbps; sample rate 44100 Hz; desempate final por relative_path",128000,44100,true,INFERRED
Sertanejao/Amigos - A história continua (Ao vivo) 2019/31 Amigos - Mano (Homenagem a Leandro).mp3,dbe0757ab53c5d21ca3078904b316255c93885cd1f9d98bd5fdeecec52e8eb06,IMPORT,preserved,,Sertanejao/Amigos - A história continua (Ao vivo) 2019/31 Amigos - Mano (Homenagem a Leandro).mp3,"sem erro de leitura; metadata INFERRED; título HIGH; artista HIGH; cover presente; bitrate 128 kbps; sample rate 44100 Hz; desempate final por relative_path",128000,44100,true,INFERRED
"Sertanejao/Amigos - A história continua (Ao vivo) 2019/32 Amigos - Um sonhador, Não olhe assim.mp3",70ebc7bc14d0f8ba84d8381217ca53b168ce9b9c734d50fc04e907aaf2cf1b76,IMPORT,preserved,,"Sertanejao/Amigos - A história continua (Ao vivo) 2019/32 Amigos - Um sonhador, Não olhe assim.mp3","sem erro de leitura; metadata INFERRED; título HIGH; artista HIGH; cover presente; bitrate 128 kbps; sample rate 44100 Hz; desempate final por relative_path",128000,44100,true,INFERRED
"Sertanejao/Amigos - A história continua (Ao vivo) 2019/33 Amigos - Desculpe, mas eu vou chorar.mp3",94f23cebb1e3c69e02a780b6ccd7b304e5512d5a3382ac134ca96e9ebaadbaf7,IMPORT,preserved,,"Sertanejao/Amigos - A história continua (Ao vivo) 2019/33 Amigos - Desculpe, mas eu vou chorar.mp3","sem erro de leitura; metadata INFERRED; título HIGH; artista HIGH; cover presente; bitrate 128 kbps; sample rate 44100 Hz; desempate final por relative_path",128000,44100,true,INFERRED
Sertanejao/Amigos - A história continua (Ao vivo) 2019/34 Amigos - Você vai ver.mp3,76fab9b3ae2df7790040a20e9e11a2fb7773222de27a898bd8399a4f78a7f2f7,IMPORT,preserved,,Sertanejao/Amigos - A história continua (Ao vivo) 2019/34 Amigos - Você vai ver.mp3,"sem erro de leitura; metadata INFERRED; título HIGH; artista HIGH; cover presente; bitrate 128 kbps; sample rate 44100 Hz; desempate final por relative_path",128000,44100,true,INFERRED
Sertanejao/Amigos - A história continua (Ao vivo) 2019/35 Amigos - Pão de mel.mp3,f1ae46b0ee0203bc49fc6fb211e66a257aa70ee2ac1b665a70b9ebe7e1060a63,IMPORT,preserved,,Sertanejao/Amigos - A história continua (Ao vivo) 2019/35 Amigos - Pão de mel.mp3,"sem erro de leitura; metadata INFERRED; título HIGH; artista HIGH; cover presente; bitrate 128 kbps; sample rate 44100 Hz; desempate final por relative_path",128000,44100,true,INFERRED
Sertanejao/Amigos - A história continua (Ao vivo) 2019/36 Amigos - Evidências.mp3,36483c916757dcf064bbc753ab65471e71c10dfbae2de9e3b586a9a0913015ad,IMPORT,preserved,,Sertanejao/Amigos - A história continua (Ao vivo) 2019/36 Amigos - Evidências.mp3,"sem erro de leitura; metadata INFERRED; título HIGH; artista HIGH; cover presente; bitrate 128 kbps; sample rate 44100 Hz; desempate final por relative_path",128000,44100,true,INFERRED
Sertanejao/Amigos - A história continua (Ao vivo) 2019/37 Amigos - Cerveja.mp3,b8e09c81f116ab551c14cdedd7cea7a3d9ca31bac5719a185f6170f7f7a0992c,IMPORT,preserved,,Sertanejao/Amigos - A história continua (Ao vivo) 2019/37 Amigos - Cerveja.mp3,"sem erro de leitura; metadata INFERRED; título HIGH; artista HIGH; cover presente; bitrate 128 kbps; sample rate 44100 Hz; desempate final por relative_path",128000,44100,true,INFERRED
"Sertanejao/Amigos - A história continua (Ao vivo) 2019/38 Amigos - Festa de rodeio, Bailão de peão, Mexe que é bom.mp3",8d90a3136a3a314d0f1e97cbfb3648265e22a7af9fbc3733a96440149d5fafa1,IMPORT,preserved,,"Sertanejao/Amigos - A história continua (Ao vivo) 2019/38 Amigos - Festa de rodeio, Bailão de peão, Mexe que é bom.mp3","sem erro de leitura; metadata INFERRED; título HIGH; artista HIGH; cover presente; bitrate 128 kbps; sample rate 44100 Hz; desempate final por relative_path",128000,44100,true,INFERRED
Sertanejao/Amigos - A história continua (Ao vivo) 2019/39 Amigos - Canção da amizade.mp3,331f216a17d6ad3cd51c856656ab6196cb31ae7f66849e1f220703c145b29a3d,IMPORT,preserved,,Sertanejao/Amigos - A história continua (Ao vivo) 2019/39 Amigos - Canção da amizade.mp3,"sem erro de leitura; metadata INFERRED; título HIGH; artista HIGH; cover presente; bitrate 128 kbps; sample rate 44100 Hz; desempate final por relative_path",128000,44100,true,INFERRED
Sertanejao/Bruno & Marrone - Studio Bar (Ao Vivo Em Uberlândia - Vol. 2) (2019)/01. Nem Mais Um Passo (Ao Vivo Em Uberlândia).mp3,cad786b7f9cf5417fbf3602ed66ef4e547fc1b8aeb161b697b2086d3e217fbfe,IMPORT,preserved,,Sertanejao/Bruno & Marrone - Studio Bar (Ao Vivo Em Uberlândia - Vol. 2) (2019)/01. Nem Mais Um Passo (Ao Vivo Em Uberlândia).mp3,"sem erro de leitura; metadata GOOD; título HIGH; artista HIGH; cover presente; bitrate 320 kbps; sample rate 44100 Hz; desempate final por relative_path",320000,44100,true,GOOD
Sertanejao/Bruno & Marrone - Studio Bar (Ao Vivo Em Uberlândia - Vol. 2) (2019)/02. Por Ti (Ao Vivo Em Uberlândia).mp3,f73d6c44ead036a99113d4c488e91ec3081b439221104c6fd61e538a56b4ca91,IMPORT,preserved,,Sertanejao/Bruno & Marrone - Studio Bar (Ao Vivo Em Uberlândia - Vol. 2) (2019)/02. Por Ti (Ao Vivo Em Uberlândia).mp3,"sem erro de leitura; metadata GOOD; título HIGH; artista HIGH; cover presente; bitrate 320 kbps; sample rate 44100 Hz; desempate final por relative_path",320000,44100,true,GOOD
Sertanejao/Bruno & Marrone - Studio Bar (Ao Vivo Em Uberlândia - Vol. 2) (2019)/03. Enganando A Despedida (Ao Vivo Em Uberlândia).mp3,12bda99a3dc95a963d4654b084beca145ed3ee45e88f8726ad770afc7029f130,IMPORT,preserved,,Sertanejao/Bruno & Marrone - Studio Bar (Ao Vivo Em Uberlândia - Vol. 2) (2019)/03. Enganando A Despedida (Ao Vivo Em Uberlândia).mp3,"sem erro de leitura; metadata GOOD; título HIGH; artista HIGH; cover presente; bitrate 320 kbps; sample rate 44100 Hz; desempate final por relative_path",320000,44100,true,GOOD
Sertanejao/Bruno & Marrone - Studio Bar (Ao Vivo Em Uberlândia - Vol. 2) (2019)/04. Ressaca De Amor (Ao Vivo Em Uberlândia).mp3,fa86d9378014277ce8f6248a7b4983344142972c6bb953697e9413289884b1b4,IMPORT,preserved,,Sertanejao/Bruno & Marrone - Studio Bar (Ao Vivo Em Uberlândia - Vol. 2) (2019)/04. Ressaca De Amor (Ao Vivo Em Uberlândia).mp3,"sem erro de leitura; metadata GOOD; título HIGH; artista HIGH; cover presente; bitrate 320 kbps; sample rate 44100 Hz; desempate final por relative_path",320000,44100,true,GOOD
Sertanejao/Bruno & Marrone - Studio Bar (Ao Vivo Em Uberlândia - Vol. 2) (2019)/05. Fogo Molhado (Ao Vivo Em Uberlândia).mp3,e0444af8fccf0db2d4f006857949d8edfbd5fdd76b27af29d9ae266336e75dd1,IMPORT,preserved,,Sertanejao/Bruno & Marrone - Studio Bar (Ao Vivo Em Uberlândia - Vol. 2) (2019)/05. Fogo Molhado (Ao Vivo Em Uberlândia).mp3,"sem erro de leitura; metadata GOOD; título HIGH; artista HIGH; cover presente; bitrate 320 kbps; sample rate 44100 Hz; desempate final por relative_path",320000,44100,true,GOOD
Sertanejao/Bruno & Marrone - Studio Bar (Ao Vivo Em Uberlândia - Vol. 2) (2019)/06. Qualquer Hora Dessas (Ao Vivo Em Uberlândia).mp3,6a81e1a1725dbf6c7627bf39b71993b6f76d9faecf8a4ca99d5876e3ec837fff,IMPORT,preserved,,Sertanejao/Bruno & Marrone - Studio Bar (Ao Vivo Em Uberlândia - Vol. 2) (2019)/06. Qualquer Hora Dessas (Ao Vivo Em Uberlândia).mp3,"sem erro de leitura; metadata GOOD; título HIGH; artista HIGH; cover presente; bitrate 320 kbps; sample rate 44100 Hz; desempate final por relative_path",320000,44100,true,GOOD
Sertanejao/Bruno & Marrone - Studio Bar (Ao Vivo Em Uberlândia - Vol. 2) (2019)/07. Show De Recaída (Ao Vivo Em Uberlândia).mp3,c9d9335aadcec297ee2af4e6f8487fc46a9d10939a130844e57b4b734b4345e7,IMPORT,preserved,,Sertanejao/Bruno & Marrone - Studio Bar (Ao Vivo Em Uberlândia - Vol. 2) (2019)/07. Show De Recaída (Ao Vivo Em Uberlândia).mp3,"sem erro de leitura; metadata GOOD; título HIGH; artista HIGH; cover presente; bitrate 320 kbps; sample rate 44100 Hz; desempate final por relative_path",320000,44100,true,GOOD
Sertanejao/Bruno & Marrone - Studio Bar (Ao Vivo Em Uberlândia - Vol. 2) (2019)/08. Isca (Ao Vivo Em Uberlândia).mp3,addd7b6f0bf77a16e23017ddf77da557977b22b3dec71399920a37adb19567a9,IMPORT,preserved,,Sertanejao/Bruno & Marrone - Studio Bar (Ao Vivo Em Uberlândia - Vol. 2) (2019)/08. Isca (Ao Vivo Em Uberlândia).mp3,"sem erro de leitura; metadata GOOD; título HIGH; artista HIGH; cover presente; bitrate 320 kbps; sample rate 44100 Hz; desempate final por relative_path",320000,44100,true,GOOD
Sertanejao/Bruno & Marrone - Studio Bar (Ao Vivo Em Uberlândia - Vol. 2) (2019)/09. Touchscreen (Ao Vivo Em Uberlândia).mp3,e2b4c4b60f8c0fd51494d518795e508bf601c9673f0813a637d2a0f47b264a9b,IMPORT,preserved,,Sertanejao/Bruno & Marrone - Studio Bar (Ao Vivo Em Uberlândia - Vol. 2) (2019)/09. Touchscreen (Ao Vivo Em Uberlândia).mp3,"sem erro de leitura; metadata GOOD; título HIGH; artista HIGH; cover presente; bitrate 320 kbps; sample rate 44100 Hz; desempate final por relative_path",320000,44100,true,GOOD
Sertanejao/Bruno & Marrone - Studio Bar (Ao Vivo Em Uberlândia - Vol. 2) (2019)/10. Te Amar Foi Ilusão (Ao Vivo Em Uberlândia).mp3,d7d50952f4b4153a33ec7f82df1ffe3c900f26457f001ba22c0fff682d62d207,IMPORT,preserved,,Sertanejao/Bruno & Marrone - Studio Bar (Ao Vivo Em Uberlândia - Vol. 2) (2019)/10. Te Amar Foi Ilusão (Ao Vivo Em Uberlândia).mp3,"sem erro de leitura; metadata GOOD; título HIGH; artista HIGH; cover presente; bitrate 320 kbps; sample rate 44100 Hz; desempate final por relative_path",320000,44100,true,GOOD
Sertanejao/Bruno & Marrone - Studio Bar (Ao Vivo Em Uberlândia - Vol. 2) (2019)/11. A Dama De Vermelho (Ao Vivo Em Uberlândia).mp3,2ac2dc550152c3688f69e96211cd98b4107c40f68f9a3b97e3de0ae83254e0f4,IMPORT,preserved,,Sertanejao/Bruno & Marrone - Studio Bar (Ao Vivo Em Uberlândia - Vol. 2) (2019)/11. A Dama De Vermelho (Ao Vivo Em Uberlândia).mp3,"sem erro de leitura; metadata GOOD; título HIGH; artista HIGH; cover presente; bitrate 320 kbps; sample rate 44100 Hz; desempate final por relative_path",320000,44100,true,GOOD
Sertanejao/Bruno & Marrone - Studio Bar (Ao Vivo Em Uberlândia - Vol. 2) (2019)/12. Inevitável (Ao Vivo Em Uberlândia).mp3,6d4da081404b6b21a4a86941014c602ff3a9eb05c4227ba83f8ee0e94d2085e3,IMPORT,preserved,,Sertanejao/Bruno & Marrone - Studio Bar (Ao Vivo Em Uberlândia - Vol. 2) (2019)/12. Inevitável (Ao Vivo Em Uberlândia).mp3,"sem erro de leitura; metadata GOOD; título HIGH; artista HIGH; cover presente; bitrate 320 kbps; sample rate 44100 Hz; desempate final por relative_path",320000,44100,true,GOOD
Sertanejao/Bruno e Marrone - Ensaio/01 Enquanto Eu Brindo Cê Chora.mp3,0e2e7f8b571ac81f4e2d26c8d7bff9250c7e31f778d11972a0a53bf8dbb1f10f,IMPORT,preserved,,Sertanejao/Bruno e Marrone - Ensaio/01 Enquanto Eu Brindo Cê Chora.mp3,"sem erro de leitura; metadata INFERRED; título MEDIUM; artista MEDIUM; cover presente; bitrate 192 kbps; sample rate 44100 Hz; desempate final por relative_path",192000,44100,true,INFERRED
Sertanejao/Bruno e Marrone - Ensaio/02 Na Conta da Loucura.mp3,4c8d6d2e4f2b9e1743102871e64a5e5e0db74acf6177198d8307f16cb85faaba,IMPORT,preserved,,Sertanejao/Bruno e Marrone - Ensaio/02 Na Conta da Loucura.mp3,"sem erro de leitura; metadata INFERRED; título MEDIUM; artista MEDIUM; cover presente; bitrate 320 kbps; sample rate 44100 Hz; desempate final por relative_path",320000,44100,true,INFERRED
Sertanejao/Bruno e Marrone - Ensaio/03 Beijo de varanda.mp3,94bfbd9e225c9a922d1a44cb4614018daf9fe395b9fc2afe269b0b221e96b1ea,IMPORT,preserved,,Sertanejao/Bruno e Marrone - Ensaio/03 Beijo de varanda.mp3,"sem erro de leitura; metadata INFERRED; título MEDIUM; artista MEDIUM; cover presente; bitrate 196 kbps; sample rate 48000 Hz; desempate final por relative_path",195719,48000,true,INFERRED
Sertanejao/Bruno e Marrone - Ensaio/04 Pensa bem.mp3,fb0562d8f0549200d2cc7676abaea04e35a4176adaf1ac09be366df98980cc8d,IMPORT,preserved,,Sertanejao/Bruno e Marrone - Ensaio/04 Pensa bem.mp3,"sem erro de leitura; metadata INFERRED; título MEDIUM; artista MEDIUM; cover presente; bitrate 190 kbps; sample rate 48000 Hz; desempate final por relative_path",190166,48000,true,INFERRED
Sertanejao/Bruno e Marrone - Ensaio/05 Andar solidão (tá doendo).mp3,17e3182fb89ae619a1110fd48fda760f91d9a6350fb8d2e944264e85761a36ce,IMPORT,preserved,,Sertanejao/Bruno e Marrone - Ensaio/05 Andar solidão (tá doendo).mp3,"sem erro de leitura; metadata INFERRED; título MEDIUM; artista MEDIUM; cover presente; bitrate 198 kbps; sample rate 48000 Hz; desempate final por relative_path",197849,48000,true,INFERRED
Sertanejao/Bruno e Marrone - Ensaio/06 Sua melhor versão.mp3,cd1aecbdc80fe52c907d8821d6a2ae5983613ad2644227e99fcfa92a7f5b58ab,IMPORT,likely_duplicate_representative,71,Sertanejao/Bruno e Marrone - Ensaio/06 Sua melhor versão.mp3,"sem erro de leitura; metadata INFERRED; título MEDIUM; artista MEDIUM; cover presente; bitrate 200 kbps; sample rate 48000 Hz; desempate final por relative_path",199972,48000,true,INFERRED
Sertanejao/Bruno e Marrone - Ensaio/07 Vou desligar.mp3,69271c91bd7e59d9e3cc1f7e72e1875a246ea58c3d5ec20acfcf6c5e0d3d589d,IMPORT,preserved,,Sertanejao/Bruno e Marrone - Ensaio/07 Vou desligar.mp3,"sem erro de leitura; metadata INFERRED; título MEDIUM; artista MEDIUM; cover presente; bitrate 189 kbps; sample rate 48000 Hz; desempate final por relative_path",188799,48000,true,INFERRED
Sertanejao/Bruno e Marrone - Ensaio/08 Trégua (eu quero trégua).mp3,8c78dfd3680c3019ce205d16950191992a0c3748a675fc8de6ff6c5871d339b2,IMPORT,preserved,,Sertanejao/Bruno e Marrone - Ensaio/08 Trégua (eu quero trégua).mp3,"sem erro de leitura; metadata INFERRED; título MEDIUM; artista MEDIUM; cover presente; bitrate 196 kbps; sample rate 48000 Hz; desempate final por relative_path",196367,48000,true,INFERRED
Sertanejao/Bruno e Marrone - Ensaio/09 Não me deixa saber.mp3,1aada78c8c616d3fcd54c6f8209bcf346c853048e9596a4e859bb2c5e58cc917,IMPORT,preserved,,Sertanejao/Bruno e Marrone - Ensaio/09 Não me deixa saber.mp3,"sem erro de leitura; metadata INFERRED; título MEDIUM; artista MEDIUM; cover presente; bitrate 197 kbps; sample rate 48000 Hz; desempate final por relative_path",197120,48000,true,INFERRED
Sertanejao/Bruno e Marrone - Ensaio/10 Motivo bobo (vestido vermelho).mp3,182165648b338877fe5193e988ed4feb9255c32f8f91aeccd25e73041ca90a97,IMPORT,preserved,,Sertanejao/Bruno e Marrone - Ensaio/10 Motivo bobo (vestido vermelho).mp3,"sem erro de leitura; metadata INFERRED; título MEDIUM; artista MEDIUM; cover presente; bitrate 199 kbps; sample rate 48000 Hz; desempate final por relative_path",198777,48000,true,INFERRED
Sertanejao/Bruno e Marrone - Ensaio/11 Saudade que me mata.mp3,36a06b6a7aef2bfc147e174b84fd30d6184d4de8c1b0f3767dbde25f46c092ff,IMPORT,preserved,,Sertanejao/Bruno e Marrone - Ensaio/11 Saudade que me mata.mp3,"sem erro de leitura; metadata INFERRED; título MEDIUM; artista MEDIUM; cover presente; bitrate 199 kbps; sample rate 48000 Hz; desempate final por relative_path",199423,48000,true,INFERRED
Sertanejao/Bruno e Marrone - Ensaio/12 Turnê de amor.mp3,b7a389354f8e1dee0cf5132cea8eda0553d8cf91d6e84943f7c448abc900c841,IMPORT,preserved,,Sertanejao/Bruno e Marrone - Ensaio/12 Turnê de amor.mp3,"sem erro de leitura; metadata INFERRED; título MEDIUM; artista MEDIUM; cover presente; bitrate 196 kbps; sample rate 48000 Hz; desempate final por relative_path",196230,48000,true,INFERRED
"Sertanejao/Bruno e Marrone - Ensaio/13 Talvez sim, talvez não (Force).mp3",ee7d88eb69849af9706acf818ff1bb0e5eef47c65b50442bdb1a3adc7bd2b58d,IMPORT,preserved,,"Sertanejao/Bruno e Marrone - Ensaio/13 Talvez sim, talvez não (Force).mp3","sem erro de leitura; metadata INFERRED; título MEDIUM; artista MEDIUM; cover presente; bitrate 198 kbps; sample rate 48000 Hz; desempate final por relative_path",197973,48000,true,INFERRED
Sertanejao/Bruno e Marrone - Ensaio/14 Desgramou comigo.mp3,0782308e62aec31c3c093f3edee72b6058d0c4a1ab375a3d01fb228f801fb654,IMPORT,preserved,,Sertanejao/Bruno e Marrone - Ensaio/14 Desgramou comigo.mp3,"sem erro de leitura; metadata INFERRED; título MEDIUM; artista MEDIUM; cover presente; bitrate 198 kbps; sample rate 48000 Hz; desempate final por relative_path",197745,48000,true,INFERRED
Sertanejao/Bruno e Marrone - Ensaio/15 Sua fotos.mp3,5b44a807cb6a5242a1669d3883b513511ddcddc3ac01e455de597bd8140a26c3,IMPORT,preserved,,Sertanejao/Bruno e Marrone - Ensaio/15 Sua fotos.mp3,"sem erro de leitura; metadata INFERRED; título MEDIUM; artista MEDIUM; cover presente; bitrate 194 kbps; sample rate 48000 Hz; desempate final por relative_path",193870,48000,true,INFERRED
Sertanejao/Bruno e Marrone - Ensaio/16 UTI (alguém fala pra ela).mp3,5325514099708aaaf4a9b8a3f12feae7f9772891f05c27ca7318115e654cc2f3,IMPORT,preserved,,Sertanejao/Bruno e Marrone - Ensaio/16 UTI (alguém fala pra ela).mp3,"sem erro de leitura; metadata INFERRED; título MEDIUM; artista MEDIUM; cover presente; bitrate 188 kbps; sample rate 48000 Hz; desempate final por relative_path",188488,48000,true,INFERRED
Sertanejao/Bruno e Marrone - Ensaio/17 Perfume.mp3,d9b6691fcbcc184b4f8233597ac49f3e5a3a9343c0fe6dfc33f326739b6cd744,IMPORT,preserved,,Sertanejao/Bruno e Marrone - Ensaio/17 Perfume.mp3,"sem erro de leitura; metadata INFERRED; título MEDIUM; artista MEDIUM; cover presente; bitrate 201 kbps; sample rate 48000 Hz; desempate final por relative_path",200735,48000,true,INFERRED
Sertanejao/Bruno e Marrone - Ensaio/18 Chega de nove hora (me escuta).mp3,f0150b253acc87fa5220d615967ed0f9ab51d03aae165277ed9adb02695083bf,IMPORT,preserved,,Sertanejao/Bruno e Marrone - Ensaio/18 Chega de nove hora (me escuta).mp3,"sem erro de leitura; metadata INFERRED; título MEDIUM; artista MEDIUM; cover presente; bitrate 199 kbps; sample rate 48000 Hz; desempate final por relative_path",198900,48000,true,INFERRED
Sertanejao/Bruno e Marrone - Ensaio/19 Jogou pro alto (bolso furado).mp3,c1d5916d7a529aaa85630a61a4a7bca8fc0e1169a9d083015f935d3c2c00f888,IMPORT,preserved,,Sertanejao/Bruno e Marrone - Ensaio/19 Jogou pro alto (bolso furado).mp3,"sem erro de leitura; metadata INFERRED; título MEDIUM; artista MEDIUM; cover presente; bitrate 197 kbps; sample rate 48000 Hz; desempate final por relative_path",196733,48000,true,INFERRED
Sertanejao/Bruno e Marrone - Ensaio/20 Fechou tamo junto.mp3,228602fe00aa81322ecdee43dd3ebdf24311a9701421429e67d58d46ba6fcbc2,IMPORT,preserved,,Sertanejao/Bruno e Marrone - Ensaio/20 Fechou tamo junto.mp3,"sem erro de leitura; metadata INFERRED; título MEDIUM; artista MEDIUM; cover presente; bitrate 197 kbps; sample rate 48000 Hz; desempate final por relative_path",197444,48000,true,INFERRED
Sertanejao/Bruno e Marrone - Ensaio/21 Foi só um susto.mp3,842b7a6d9510ae4111006b95b1c3ac8d290830bab07e99b179fdb305a4e3f5d1,IMPORT,preserved,,Sertanejao/Bruno e Marrone - Ensaio/21 Foi só um susto.mp3,"sem erro de leitura; metadata INFERRED; título MEDIUM; artista MEDIUM; cover presente; bitrate 198 kbps; sample rate 48000 Hz; desempate final por relative_path",198341,48000,true,INFERRED
Sertanejao/Bruno e Marrone - Ensaio/22 Eu não te merecia (menos um vagabundo).mp3,6b90c59248b9d0bad8c9a4984ad3990cb2729bf7506ae22777d9742f42fecd53,IMPORT,preserved,,Sertanejao/Bruno e Marrone - Ensaio/22 Eu não te merecia (menos um vagabundo).mp3,"sem erro de leitura; metadata INFERRED; título MEDIUM; artista MEDIUM; cover presente; bitrate 197 kbps; sample rate 48000 Hz; desempate final por relative_path",197280,48000,true,INFERRED
Sertanejao/César Menotti e Fabiano - CD Memórias Anos 80 e 90 (2 CDS) - 2014/CD 01 ANOS 80/01 - Memórias.mp3,55f40380f306fef9bac27fa67b62ae9316deb352ed9c9e2e34759259256d17b8,IMPORT,preserved,,Sertanejao/César Menotti e Fabiano - CD Memórias Anos 80 e 90 (2 CDS) - 2014/CD 01 ANOS 80/01 - Memórias.mp3,"sem erro de leitura; metadata NEEDS_REVIEW; título HIGH; artista LOW; cover presente; bitrate 128 kbps; sample rate 44100 Hz; desempate final por relative_path",128000,44100,true,NEEDS_REVIEW
Sertanejao/César Menotti e Fabiano - CD Memórias Anos 80 e 90 (2 CDS) - 2014/CD 01 ANOS 80/02 - Pout Pourri - Chora Peito - Ausência.mp3,c6f05335ea17563acf792724e58cd051c23f5f4dcc4c6ec6a69e567b3abc39f9,IMPORT,preserved,,Sertanejao/César Menotti e Fabiano - CD Memórias Anos 80 e 90 (2 CDS) - 2014/CD 01 ANOS 80/02 - Pout Pourri - Chora Peito - Ausência.mp3,"sem erro de leitura; metadata INFERRED; título HIGH; artista HIGH; cover presente; bitrate 128 kbps; sample rate 44100 Hz; desempate final por relative_path",128000,44100,true,INFERRED
Sertanejao/César Menotti e Fabiano - CD Memórias Anos 80 e 90 (2 CDS) - 2014/CD 01 ANOS 80/03 - Pout Pourri - Espinhos da vida - Pedaço de minha vida (Part.) Tio Alalino.mp3,623b81c4ea40718245d31df1198daf45462fdac23ba3cb023f79a913846b38c8,IMPORT,preserved,,Sertanejao/César Menotti e Fabiano - CD Memórias Anos 80 e 90 (2 CDS) - 2014/CD 01 ANOS 80/03 - Pout Pourri - Espinhos da vida - Pedaço de minha vida (Part.) Tio Alalino.mp3,"sem erro de leitura; metadata INFERRED; título HIGH; artista HIGH; cover presente; bitrate 128 kbps; sample rate 44100 Hz; desempate final por relative_path",128000,44100,true,INFERRED
Sertanejao/César Menotti e Fabiano - CD Memórias Anos 80 e 90 (2 CDS) - 2014/CD 01 ANOS 80/04 - Meus Pedaços.mp3,fb19af63310c1768922f53dc387a08f1247903e154f657a5be9f2752753843fa,IMPORT,preserved,,Sertanejao/César Menotti e Fabiano - CD Memórias Anos 80 e 90 (2 CDS) - 2014/CD 01 ANOS 80/04 - Meus Pedaços.mp3,"sem erro de leitura; metadata NEEDS_REVIEW; título HIGH; artista LOW; cover presente; bitrate 128 kbps; sample rate 44100 Hz; desempate final por relative_path",128000,44100,true,NEEDS_REVIEW
Sertanejao/César Menotti e Fabiano - CD Memórias Anos 80 e 90 (2 CDS) - 2014/CD 01 ANOS 80/05 - De Igual Pra Igual.mp3,078204749d3677eb2d2b84abd89cd0d7b352662090183ef1c2379fcf5600f393,IMPORT,preserved,,Sertanejao/César Menotti e Fabiano - CD Memórias Anos 80 e 90 (2 CDS) - 2014/CD 01 ANOS 80/05 - De Igual Pra Igual.mp3,"sem erro de leitura; metadata NEEDS_REVIEW; título HIGH; artista LOW; cover presente; bitrate 128 kbps; sample rate 44100 Hz; desempate final por relative_path",128000,44100,true,NEEDS_REVIEW
Sertanejao/César Menotti e Fabiano - CD Memórias Anos 80 e 90 (2 CDS) - 2014/CD 01 ANOS 80/06 - Fim de Noite.mp3,2c29bf2c3fc5875cdf3a1da95b87689f16aeada68c09471f068d1adff1f3ce75,IMPORT,preserved,,Sertanejao/César Menotti e Fabiano - CD Memórias Anos 80 e 90 (2 CDS) - 2014/CD 01 ANOS 80/06 - Fim de Noite.mp3,"sem erro de leitura; metadata NEEDS_REVIEW; título HIGH; artista LOW; cover presente; bitrate 128 kbps; sample rate 44100 Hz; desempate final por relative_path",128000,44100,true,NEEDS_REVIEW
Sertanejao/César Menotti e Fabiano - CD Memórias Anos 80 e 90 (2 CDS) - 2014/CD 01 ANOS 80/07 - Pout Pourri - Seu Amor Ainda é Tudo - Ainda Ontem Chorei de Saudade.mp3,6ebdd92eae5aee3b2ce265c8d4e0b686a6e3030c006433c2ba4b3dbb3a540d4b,IMPORT,preserved,,Sertanejao/César Menotti e Fabiano - CD Memórias Anos 80 e 90 (2 CDS) - 2014/CD 01 ANOS 80/07 - Pout Pourri - Seu Amor Ainda é Tudo - Ainda Ontem Chorei de Saudade.mp3,"sem erro de leitura; metadata INFERRED; título HIGH; artista HIGH; cover presente; bitrate 128 kbps; sample rate 44100 Hz; desempate final por relative_path",128000,44100,true,INFERRED
Sertanejao/César Menotti e Fabiano - CD Memórias Anos 80 e 90 (2 CDS) - 2014/CD 01 ANOS 80/08 - Deixa Eu Te Amar Por Favor.mp3,1a6097707d934b97b819df3434c8363b1e0611842eec8970a849282f0f78740e,IMPORT,preserved,,Sertanejao/César Menotti e Fabiano - CD Memórias Anos 80 e 90 (2 CDS) - 2014/CD 01 ANOS 80/08 - Deixa Eu Te Amar Por Favor.mp3,"sem erro de leitura; metadata NEEDS_REVIEW; título HIGH; artista LOW; cover presente; bitrate 128 kbps; sample rate 44100 Hz; desempate final por relative_path",128000,44100,true,NEEDS_REVIEW
Sertanejao/César Menotti e Fabiano - CD Memórias Anos 80 e 90 (2 CDS) - 2014/CD 01 ANOS 80/09 - Pout Pourri - Esperando Você Chegar - São Tantas Coisas.mp3,06c3d5c2d1181746b591f84976347e3cf540fa1d6e89a7c696337bb2c66a9db9,IMPORT,preserved,,Sertanejao/César Menotti e Fabiano - CD Memórias Anos 80 e 90 (2 CDS) - 2014/CD 01 ANOS 80/09 - Pout Pourri - Esperando Você Chegar - São Tantas Coisas.mp3,"sem erro de leitura; metadata INFERRED; título HIGH; artista HIGH; cover presente; bitrate 128 kbps; sample rate 44100 Hz; desempate final por relative_path",128000,44100,true,INFERRED
Sertanejao/César Menotti e Fabiano - CD Memórias Anos 80 e 90 (2 CDS) - 2014/CD 01 ANOS 80/10 - Sonhei Com Você.mp3,fd6bae341d1d648ab3e35fde7ef8f0d141baa2af72a92e25ab0ad950e7e0cb20,SKIP_EXACT,exact_duplicate,3,00 - Modao Pra Churrasco/25 - Sonhei Com Você.mp3,"sem erro de leitura; metadata NEEDS_REVIEW; título HIGH; artista LOW; cover presente; bitrate 128 kbps; sample rate 44100 Hz; desempate final por relative_path",128000,44100,true,NEEDS_REVIEW
Sertanejao/César Menotti e Fabiano - CD Memórias Anos 80 e 90 (2 CDS) - 2014/CD 01 ANOS 80/11 - Camisa Branca (Part.) Tia Neiva.mp3,ff7dfd11ef1965f7a51317f8c880da1d126ee16bfd3595d1a6f79c293a2e7e99,IMPORT,preserved,,Sertanejao/César Menotti e Fabiano - CD Memórias Anos 80 e 90 (2 CDS) - 2014/CD 01 ANOS 80/11 - Camisa Branca (Part.) Tia Neiva.mp3,"sem erro de leitura; metadata NEEDS_REVIEW; título HIGH; artista LOW; cover presente; bitrate 128 kbps; sample rate 44100 Hz; desempate final por relative_path",128000,44100,true,NEEDS_REVIEW
Sertanejao/César Menotti e Fabiano - CD Memórias Anos 80 e 90 (2 CDS) - 2014/CD 01 ANOS 80/12 - Pedacinhos.mp3,fa86b753c24b340901dd6e919721f1ab9491ab9754ab78dfc6113c778b1d583d,IMPORT,preserved,,Sertanejao/César Menotti e Fabiano - CD Memórias Anos 80 e 90 (2 CDS) - 2014/CD 01 ANOS 80/12 - Pedacinhos.mp3,"sem erro de leitura; metadata NEEDS_REVIEW; título HIGH; artista LOW; cover presente; bitrate 128 kbps; sample rate 44100 Hz; desempate final por relative_path",128000,44100,true,NEEDS_REVIEW
Sertanejao/César Menotti e Fabiano - CD Memórias Anos 80 e 90 (2 CDS) - 2014/CD 01 ANOS 80/13 - No Rancho Fundo.mp3,8ae53255d4c331eaa77104b5c178e2eecbab0060e6954ccaf9c3d8c787184bf7,IMPORT,preserved,,Sertanejao/César Menotti e Fabiano - CD Memórias Anos 80 e 90 (2 CDS) - 2014/CD 01 ANOS 80/13 - No Rancho Fundo.mp3,"sem erro de leitura; metadata NEEDS_REVIEW; título HIGH; artista LOW; cover presente; bitrate 128 kbps; sample rate 44100 Hz; desempate final por relative_path",128000,44100,true,NEEDS_REVIEW
Sertanejao/César Menotti e Fabiano - CD Memórias Anos 80 e 90 (2 CDS) - 2014/CD 01 ANOS 80/14 - Filho Pródigo.mp3,5531cd7f7ff0a89f938b6602b469301f07bb1d85f21a2817f0d15526bf61e457,IMPORT,preserved,,Sertanejao/César Menotti e Fabiano - CD Memórias Anos 80 e 90 (2 CDS) - 2014/CD 01 ANOS 80/14 - Filho Pródigo.mp3,"sem erro de leitura; metadata NEEDS_REVIEW; título HIGH; artista LOW; cover presente; bitrate 128 kbps; sample rate 44100 Hz; desempate final por relative_path",128000,44100,true,NEEDS_REVIEW
Sertanejao/César Menotti e Fabiano - CD Memórias Anos 80 e 90 (2 CDS) - 2014/CD 02 ANOS 90/01 - Pout Pourri - Hoje Eu Sei - Preciso Te Encontrar.mp3,81aa866364674d7c26df3e584b062d178644b634c977640c48990ff1e1330220,IMPORT,preserved,,Sertanejao/César Menotti e Fabiano - CD Memórias Anos 80 e 90 (2 CDS) - 2014/CD 02 ANOS 90/01 - Pout Pourri - Hoje Eu Sei - Preciso Te Encontrar.mp3,"sem erro de leitura; metadata INFERRED; título HIGH; artista HIGH; cover presente; bitrate 128 kbps; sample rate 44100 Hz; desempate final por relative_path",128000,44100,true,INFERRED
Sertanejao/César Menotti e Fabiano - CD Memórias Anos 80 e 90 (2 CDS) - 2014/CD 02 ANOS 90/02 - Outra Vez Por Amor.mp3,6de735f22667ee8c57ab1be262097374305149a09000a532e635bcd55378070f,IMPORT,preserved,,Sertanejao/César Menotti e Fabiano - CD Memórias Anos 80 e 90 (2 CDS) - 2014/CD 02 ANOS 90/02 - Outra Vez Por Amor.mp3,"sem erro de leitura; metadata NEEDS_REVIEW; título HIGH; artista LOW; cover presente; bitrate 128 kbps; sample rate 44100 Hz; desempate final por relative_path",128000,44100,true,NEEDS_REVIEW
Sertanejao/César Menotti e Fabiano - CD Memórias Anos 80 e 90 (2 CDS) - 2014/CD 02 ANOS 90/03 - Pout Pourri - Faz Ela Feliz - Você Ainda Vai Voltar.mp3,ee7f0353bfdc8a6446ed36e78c3630b46ffaa46eba84f863d9b2db1eeacc94c7,IMPORT,preserved,,Sertanejao/César Menotti e Fabiano - CD Memórias Anos 80 e 90 (2 CDS) - 2014/CD 02 ANOS 90/03 - Pout Pourri - Faz Ela Feliz - Você Ainda Vai Voltar.mp3,"sem erro de leitura; metadata INFERRED; título HIGH; artista HIGH; cover presente; bitrate 128 kbps; sample rate 44100 Hz; desempate final por relative_path",128000,44100,true,INFERRED
Sertanejao/César Menotti e Fabiano - CD Memórias Anos 80 e 90 (2 CDS) - 2014/CD 02 ANOS 90/04 - Nuvém de Lágrimas.mp3,d28f6bcd8cc0da821d066220bd29f22ce17241aed5a5cd55752fa52d066f12a3,SKIP_EXACT,exact_duplicate,4,00 - Modao Pra Churrasco/26 - Nuvém de Lágrimas.mp3,"sem erro de leitura; metadata NEEDS_REVIEW; título HIGH; artista LOW; cover presente; bitrate 128 kbps; sample rate 44100 Hz; desempate final por relative_path",128000,44100,true,NEEDS_REVIEW
Sertanejao/César Menotti e Fabiano - CD Memórias Anos 80 e 90 (2 CDS) - 2014/CD 02 ANOS 90/05 - Leão Domado.mp3,36b3b56e44ae19732d8605eeeb02f6fe046fe660dd4a27034707a749436f3f1e,IMPORT,preserved,,Sertanejao/César Menotti e Fabiano - CD Memórias Anos 80 e 90 (2 CDS) - 2014/CD 02 ANOS 90/05 - Leão Domado.mp3,"sem erro de leitura; metadata NEEDS_REVIEW; título HIGH; artista LOW; cover presente; bitrate 128 kbps; sample rate 44100 Hz; desempate final por relative_path",128000,44100,true,NEEDS_REVIEW
Sertanejao/César Menotti e Fabiano - CD Memórias Anos 80 e 90 (2 CDS) - 2014/CD 02 ANOS 90/06 - Me Mata de Uma Vez.mp3,102197a21cee16b92e5d8636ac2a265bc3bb92419b9ff967c3c56904cc59399b,IMPORT,preserved,,Sertanejao/César Menotti e Fabiano - CD Memórias Anos 80 e 90 (2 CDS) - 2014/CD 02 ANOS 90/06 - Me Mata de Uma Vez.mp3,"sem erro de leitura; metadata NEEDS_REVIEW; título HIGH; artista LOW; cover presente; bitrate 128 kbps; sample rate 44100 Hz; desempate final por relative_path",128000,44100,true,NEEDS_REVIEW
Sertanejao/César Menotti e Fabiano - CD Memórias Anos 80 e 90 (2 CDS) - 2014/CD 02 ANOS 90/07 - Cara Ou Coroa (A Cara O Cruz).mp3,bd6745ae195e57fb4f839604ffea90fda89fd83b518564f52de2549720c84e35,IMPORT,preserved,,Sertanejao/César Menotti e Fabiano - CD Memórias Anos 80 e 90 (2 CDS) - 2014/CD 02 ANOS 90/07 - Cara Ou Coroa (A Cara O Cruz).mp3,"sem erro de leitura; metadata NEEDS_REVIEW; título HIGH; artista LOW; cover presente; bitrate 128 kbps; sample rate 44100 Hz; desempate final por relative_path",128000,44100,true,NEEDS_REVIEW
Sertanejao/César Menotti e Fabiano - CD Memórias Anos 80 e 90 (2 CDS) - 2014/CD 02 ANOS 90/08 - De Carona Com a Saudade.mp3,e213afb16593913fbde108ce4905febd9dd09dd75b8390a3b766a04822098cf0,IMPORT,preserved,,Sertanejao/César Menotti e Fabiano - CD Memórias Anos 80 e 90 (2 CDS) - 2014/CD 02 ANOS 90/08 - De Carona Com a Saudade.mp3,"sem erro de leitura; metadata NEEDS_REVIEW; título HIGH; artista LOW; cover presente; bitrate 128 kbps; sample rate 44100 Hz; desempate final por relative_path",128000,44100,true,NEEDS_REVIEW
Sertanejao/César Menotti e Fabiano - CD Memórias Anos 80 e 90 (2 CDS) - 2014/CD 02 ANOS 90/09 - Brincar de Ser Feliz.mp3,bc7bdda65fbe7f6be5e68734cc10c2da508acfcc7c12100813c17794a99011fc,IMPORT,preserved,,Sertanejao/César Menotti e Fabiano - CD Memórias Anos 80 e 90 (2 CDS) - 2014/CD 02 ANOS 90/09 - Brincar de Ser Feliz.mp3,"sem erro de leitura; metadata NEEDS_REVIEW; título HIGH; artista LOW; cover presente; bitrate 128 kbps; sample rate 44100 Hz; desempate final por relative_path",128000,44100,true,NEEDS_REVIEW
Sertanejao/César Menotti e Fabiano - CD Memórias Anos 80 e 90 (2 CDS) - 2014/CD 02 ANOS 90/10 - Talismã.mp3,fefb854ff92eaae17c482d66831086f8ca2bd829b5049c65d65273543eefbd50,IMPORT,preserved,,Sertanejao/César Menotti e Fabiano - CD Memórias Anos 80 e 90 (2 CDS) - 2014/CD 02 ANOS 90/10 - Talismã.mp3,"sem erro de leitura; metadata NEEDS_REVIEW; título HIGH; artista LOW; cover presente; bitrate 128 kbps; sample rate 44100 Hz; desempate final por relative_path",128000,44100,true,NEEDS_REVIEW
Sertanejao/César Menotti e Fabiano - CD Memórias Anos 80 e 90 (2 CDS) - 2014/CD 02 ANOS 90/11 - Pout Pourri - Diz Pra Mim - Só Quem Amou Demais.mp3,a15a3c36946cb3a006b941cba0aea29f5b778084d61c37d566f12e953ec7c70f,IMPORT,preserved,,Sertanejao/César Menotti e Fabiano - CD Memórias Anos 80 e 90 (2 CDS) - 2014/CD 02 ANOS 90/11 - Pout Pourri - Diz Pra Mim - Só Quem Amou Demais.mp3,"sem erro de leitura; metadata INFERRED; título HIGH; artista HIGH; cover presente; bitrate 128 kbps; sample rate 44100 Hz; desempate final por relative_path",128000,44100,true,INFERRED
Sertanejao/César Menotti e Fabiano - CD Memórias Anos 80 e 90 (2 CDS) - 2014/CD 02 ANOS 90/12 - Amanhã .mp3,d0e4ceeb3d81b36b02cad738cf91f2027f476a737b8acb961cc91fb782337779,IMPORT,preserved,,Sertanejao/César Menotti e Fabiano - CD Memórias Anos 80 e 90 (2 CDS) - 2014/CD 02 ANOS 90/12 - Amanhã .mp3,"sem erro de leitura; metadata NEEDS_REVIEW; título HIGH; artista LOW; cover presente; bitrate 128 kbps; sample rate 44100 Hz; desempate final por relative_path",128000,44100,true,NEEDS_REVIEW
Sertanejao/César Menotti e Fabiano - CD Memórias Anos 80 e 90 (2 CDS) - 2014/CD 02 ANOS 90/13 - Tranque a Porta e Me Beija.mp3,bb4a64135efef9b03f2a81e5de9f9b4efcc345e5036f23a082c3c92a8724fbd4,IMPORT,preserved,,Sertanejao/César Menotti e Fabiano - CD Memórias Anos 80 e 90 (2 CDS) - 2014/CD 02 ANOS 90/13 - Tranque a Porta e Me Beija.mp3,"sem erro de leitura; metadata NEEDS_REVIEW; título HIGH; artista LOW; cover presente; bitrate 128 kbps; sample rate 44100 Hz; desempate final por relative_path",128000,44100,true,NEEDS_REVIEW
Sertanejao/César Menotti e Fabiano - CD Memórias Anos 80 e 90 (2 CDS) - 2014/CD 02 ANOS 90/14 - O Último Julgamento.mp3,6d33c79e646f5b6ab96965ace56f775e104fe646ac8c1a700d847ec82951d029,IMPORT,preserved,,Sertanejao/César Menotti e Fabiano - CD Memórias Anos 80 e 90 (2 CDS) - 2014/CD 02 ANOS 90/14 - O Último Julgamento.mp3,"sem erro de leitura; metadata NEEDS_REVIEW; título HIGH; artista LOW; cover presente; bitrate 128 kbps; sample rate 44100 Hz; desempate final por relative_path",128000,44100,true,NEEDS_REVIEW
Sertanejao/Chico Rey e Parana/01-Canarinho Prisioneiro.mp3,bacd2c179ef9dbb7d247d92832ff04850ebf22921d26460f3e298846b02e9f22,IMPORT,likely_duplicate_representative,22,Sertanejao/Chico Rey e Parana/01-Canarinho Prisioneiro.mp3,"sem erro de leitura; metadata GOOD; título HIGH; artista HIGH; sem cover; bitrate 128 kbps; sample rate 44100 Hz; desempate final por relative_path",128000,44100,false,GOOD
Sertanejao/Chico Rey e Parana/02-Leão Domado.mp3,584f9f8f684bc1cc62033eab016f1b4041e1fb5ffd41409966756756756f286c,IMPORT,preserved,,Sertanejao/Chico Rey e Parana/02-Leão Domado.mp3,"sem erro de leitura; metadata GOOD; título HIGH; artista HIGH; sem cover; bitrate 128 kbps; sample rate 44100 Hz; desempate final por relative_path",128000,44100,false,GOOD
Sertanejao/Chico Rey e Parana/03-Volta Pra Mim.mp3,8d1ac008e8a0385bad6e56640fb23340ef563874e6c81dc3fe669d80b1529df9,IMPORT,preserved,,Sertanejao/Chico Rey e Parana/03-Volta Pra Mim.mp3,"sem erro de leitura; metadata GOOD; título HIGH; artista HIGH; sem cover; bitrate 128 kbps; sample rate 44100 Hz; desempate final por relative_path",128000,44100,false,GOOD
Sertanejao/Chico Rey e Parana/04-Você Não Sabe Amar.mp3,6d4334972618b503e2c56510973901b322aaf9ac8e59203b4d0b93df6ffb95a0,IMPORT,preserved,,Sertanejao/Chico Rey e Parana/04-Você Não Sabe Amar.mp3,"sem erro de leitura; metadata GOOD; título HIGH; artista HIGH; sem cover; bitrate 128 kbps; sample rate 44100 Hz; desempate final por relative_path",128000,44100,false,GOOD
Sertanejao/Chico Rey e Parana/05-Pé De Bode.mp3,72fbc101a3a40cfc9733ab8c9f6d73fb8a1bc473f52b68fb2010d9eddb7f9679,IMPORT,preserved,,Sertanejao/Chico Rey e Parana/05-Pé De Bode.mp3,"sem erro de leitura; metadata GOOD; título HIGH; artista HIGH; sem cover; bitrate 128 kbps; sample rate 44100 Hz; desempate final por relative_path",128000,44100,false,GOOD
Sertanejao/Chico Rey e Parana/06-Amor Rebelde.mp3,38998c79bb1bc7e3175f224a7b3c5cbf4918db05c9a30d2c0be3952d4802b3e6,IMPORT,preserved,,Sertanejao/Chico Rey e Parana/06-Amor Rebelde.mp3,"sem erro de leitura; metadata GOOD; título HIGH; artista HIGH; sem cover; bitrate 128 kbps; sample rate 44100 Hz; desempate final por relative_path",128000,44100,false,GOOD
Sertanejao/Chico Rey e Parana/07-Tá Com Raiva De Mim.mp3,00db491bdc47908cde7f7e2e7a5941a1bf0fc8bc538472eb8dd7d73ec8b1db40,IMPORT,preserved,,Sertanejao/Chico Rey e Parana/07-Tá Com Raiva De Mim.mp3,"sem erro de leitura; metadata GOOD; título HIGH; artista HIGH; sem cover; bitrate 128 kbps; sample rate 44100 Hz; desempate final por relative_path",128000,44100,false,GOOD
Sertanejao/Chico Rey e Parana/08-Minha Serenata.mp3,9127bef795e4d5da44e764adad6e03eb3fa54684aa624f414c24d4bd2a5d5360,IMPORT,preserved,,Sertanejao/Chico Rey e Parana/08-Minha Serenata.mp3,"sem erro de leitura; metadata GOOD; título HIGH; artista HIGH; sem cover; bitrate 128 kbps; sample rate 44100 Hz; desempate final por relative_path",128000,44100,false,GOOD
Sertanejao/Chico Rey e Parana/09-Um Degrau Na Escada.mp3,17953efe5cdcbcdc361c30fba18349d2e31bda85942f3ae2eb1f392658ff70a3,SKIP_LIKELY,likely_duplicate,24,00 - Modão de Buteco/21 a 40/32 - Um Degrau Na Escada.mp3,"sem erro de leitura; metadata GOOD; título HIGH; artista HIGH; sem cover; bitrate 128 kbps; sample rate 44100 Hz; desempate final por relative_path",128000,44100,false,GOOD
Sertanejao/Chico Rey e Parana/10-De Lé Prá Cá.mp3,4b036fb4a6a8bb41015e5a65bb4080be8c4f435d83ca4e70c955586ab4dd7d60,IMPORT,preserved,,Sertanejao/Chico Rey e Parana/10-De Lé Prá Cá.mp3,"sem erro de leitura; metadata GOOD; título HIGH; artista HIGH; sem cover; bitrate 128 kbps; sample rate 44100 Hz; desempate final por relative_path",128000,44100,false,GOOD
Sertanejao/Chico Rey e Parana/11-Coração Aberto.mp3,4f4c76d20e8cd2c9bdb7bffe3b416a4220ba81b1b1060fd878cb1f398830bc8b,IMPORT,preserved,,Sertanejao/Chico Rey e Parana/11-Coração Aberto.mp3,"sem erro de leitura; metadata GOOD; título HIGH; artista HIGH; sem cover; bitrate 128 kbps; sample rate 44100 Hz; desempate final por relative_path",128000,44100,false,GOOD
Sertanejao/Chico Rey e Parana/12-Tranque A Porta E Me Beija.mp3,302f6884da4706312bdf14af5ae88aa10c12fd45315e3675b034fcee26c0f3f2,IMPORT,preserved,,Sertanejao/Chico Rey e Parana/12-Tranque A Porta E Me Beija.mp3,"sem erro de leitura; metadata GOOD; título HIGH; artista HIGH; sem cover; bitrate 128 kbps; sample rate 44100 Hz; desempate final por relative_path",128000,44100,false,GOOD
Sertanejao/Chico Rey e Parana/13-Alma Transparente.mp3,518e99f0996fa4b982c7cada245a2bdde4f848d0996ffa43d042071ffadf1367,IMPORT,likely_duplicate_representative,26,Sertanejao/Chico Rey e Parana/13-Alma Transparente.mp3,"sem erro de leitura; metadata GOOD; título HIGH; artista HIGH; sem cover; bitrate 128 kbps; sample rate 44100 Hz; desempate final por relative_path",128000,44100,false,GOOD
Sertanejao/Chico Rey e Parana/14-Operário Vida Viola.mp3,950123681ba754eefc7e0b36f392eca7bf66b5e2837d1d026c61c67a41aeb1f0,IMPORT,preserved,,Sertanejao/Chico Rey e Parana/14-Operário Vida Viola.mp3,"sem erro de leitura; metadata GOOD; título HIGH; artista HIGH; sem cover; bitrate 128 kbps; sample rate 44100 Hz; desempate final por relative_path",128000,44100,false,GOOD
Sertanejao/Chico Rey e Parana/15-Se a Casa Cair.mp3,0e438ccad7da5e72cc1a714314e77fc553d33c62d8f92c6e193a1e60b3d95f61,IMPORT,preserved,,Sertanejao/Chico Rey e Parana/15-Se a Casa Cair.mp3,"sem erro de leitura; metadata GOOD; título HIGH; artista HIGH; sem cover; bitrate 128 kbps; sample rate 44100 Hz; desempate final por relative_path",128000,44100,false,GOOD
Sertanejao/Chico Rey e Parana/16-Quem Será Seu Outro Amor.mp3,239fd0b261b4ca77013262adfde54098eb049b7d4d4a620e5f5480d611c9abb1,IMPORT,preserved,76,Sertanejao/Chico Rey e Parana/16-Quem Será Seu Outro Amor.mp3,"sem erro de leitura; metadata GOOD; título HIGH; artista HIGH; sem cover; bitrate 128 kbps; sample rate 44100 Hz; desempate final por relative_path",128000,44100,false,GOOD
Sertanejao/Chitaozinho e Xororo/01 - Saudade de Minha Terra.mp3,58f1b4f8e1291a0e6a03b9b01b9d9aace403270bc15754931ad6bb67499c6f63,IMPORT,preserved,,Sertanejao/Chitaozinho e Xororo/01 - Saudade de Minha Terra.mp3,"sem erro de leitura; metadata GOOD; título HIGH; artista HIGH; sem cover; bitrate 177 kbps; sample rate 48000 Hz; desempate final por relative_path",176580,48000,false,GOOD
Sertanejao/Chitaozinho e Xororo/02 - Obras de Poeta.mp3,1c76630373e207d4f12ff84c02e47ef7e99984c5d876e3b8306077d99f8f7e88,IMPORT,preserved,,Sertanejao/Chitaozinho e Xororo/02 - Obras de Poeta.mp3,"sem erro de leitura; metadata GOOD; título HIGH; artista HIGH; sem cover; bitrate 172 kbps; sample rate 48000 Hz; desempate final por relative_path",171932,48000,false,GOOD
Sertanejao/Chitaozinho e Xororo/03 - Faz Um Ano.mp3,da5c290903b49729399de84f0669d5c6d73e106328eca598268bd3e1b93aa3ba,IMPORT,preserved,,Sertanejao/Chitaozinho e Xororo/03 - Faz Um Ano.mp3,"sem erro de leitura; metadata GOOD; título HIGH; artista HIGH; sem cover; bitrate 175 kbps; sample rate 48000 Hz; desempate final por relative_path",175458,48000,false,GOOD
Sertanejao/Chitaozinho e Xororo/04 - Desde Que Te Vi.mp3,943e2b7b7f59cdfc51ab8f8c15bcc046e575ce28f22f021caf162136a0383033,IMPORT,preserved,,Sertanejao/Chitaozinho e Xororo/04 - Desde Que Te Vi.mp3,"sem erro de leitura; metadata GOOD; título HIGH; artista HIGH; sem cover; bitrate 172 kbps; sample rate 48000 Hz; desempate final por relative_path",172156,48000,false,GOOD
Sertanejao/Chitaozinho e Xororo/05 - Caipira.mp3,4f27dd231c1ba9a96b4a6fb1a1611407cb0469ff819c48913d4a6790fc99a2a8,IMPORT,preserved,,Sertanejao/Chitaozinho e Xororo/05 - Caipira.mp3,"sem erro de leitura; metadata GOOD; título HIGH; artista HIGH; sem cover; bitrate 178 kbps; sample rate 48000 Hz; desempate final por relative_path",177678,48000,false,GOOD
Sertanejao/Chitaozinho e Xororo/06 - Castelo de Amor.mp3,74cd4ea69e27aa8092fb7ab5bd953df1b4143e8d4eec0101025cf0d3ca9a031a,IMPORT,preserved,,Sertanejao/Chitaozinho e Xororo/06 - Castelo de Amor.mp3,"sem erro de leitura; metadata GOOD; título HIGH; artista HIGH; sem cover; bitrate 172 kbps; sample rate 48000 Hz; desempate final por relative_path",171581,48000,false,GOOD
Sertanejao/Chitaozinho e Xororo/07 - Rio de Lágrimas.mp3,2e08f0f437bef7facb4eeac6cad10071ab8086806a9eee2b610852c1d2c19938,IMPORT,preserved,,Sertanejao/Chitaozinho e Xororo/07 - Rio de Lágrimas.mp3,"sem erro de leitura; metadata GOOD; título HIGH; artista HIGH; sem cover; bitrate 176 kbps; sample rate 48000 Hz; desempate final por relative_path",176480,48000,false,GOOD
Sertanejao/Chitaozinho e Xororo/08 - Brincar de Ser Feliz.mp3,f7b547cbee53881603a967dfa4f87ccdefb18dc80f57663456a7ca66f525ae20,IMPORT,preserved,,Sertanejao/Chitaozinho e Xororo/08 - Brincar de Ser Feliz.mp3,"sem erro de leitura; metadata GOOD; título HIGH; artista HIGH; sem cover; bitrate 178 kbps; sample rate 48000 Hz; desempate final por relative_path",178434,48000,false,GOOD
Sertanejao/Chitaozinho e Xororo/09 - Sinônimos.mp3,3119a1eb8f5406fa6f712602b0b0c3c41ed56bc148ede1573896fd564b9f52d8,IMPORT,preserved,,Sertanejao/Chitaozinho e Xororo/09 - Sinônimos.mp3,"sem erro de leitura; metadata GOOD; título HIGH; artista HIGH; sem cover; bitrate 182 kbps; sample rate 48000 Hz; desempate final por relative_path",181729,48000,false,GOOD
Sertanejao/Chitaozinho e Xororo/10 - Saudade de Matão.mp3,8e7f8e63071624bd7a4699ef33486f08e607e2eded85d034a0fcf07c8623963d,IMPORT,preserved,,Sertanejao/Chitaozinho e Xororo/10 - Saudade de Matão.mp3,"sem erro de leitura; metadata GOOD; título HIGH; artista HIGH; sem cover; bitrate 173 kbps; sample rate 48000 Hz; desempate final por relative_path",173336,48000,false,GOOD
Sertanejao/Chitaozinho e Xororo/11 - Fio de Cabelo.mp3,c3810ac0ba64b0b0ef08f525d453c8356f8d53985480f829b3b5a2636b1338cf,IMPORT,preserved,,Sertanejao/Chitaozinho e Xororo/11 - Fio de Cabelo.mp3,"sem erro de leitura; metadata GOOD; título HIGH; artista HIGH; sem cover; bitrate 177 kbps; sample rate 48000 Hz; desempate final por relative_path",176792,48000,false,GOOD
Sertanejao/Chitaozinho e Xororo/12 - Porque Brigamos.mp3,3c7d7d19d2724ef2ffb79a461dd00df825f65efde41d746ff0257dbe3b4e93ff,IMPORT,preserved,,Sertanejao/Chitaozinho e Xororo/12 - Porque Brigamos.mp3,"sem erro de leitura; metadata GOOD; título HIGH; artista HIGH; sem cover; bitrate 183 kbps; sample rate 48000 Hz; desempate final por relative_path",182859,48000,false,GOOD
Sertanejao/Chitaozinho e Xororo/13 - Chitãozinho e Xororó.mp3,d91ad77636832fad7de66b1aac0bb4545afc7bdc9fbfef352eeaa0c835dd2dfd,IMPORT,preserved,,Sertanejao/Chitaozinho e Xororo/13 - Chitãozinho e Xororó.mp3,"sem erro de leitura; metadata GOOD; título HIGH; artista HIGH; sem cover; bitrate 176 kbps; sample rate 48000 Hz; desempate final por relative_path",175829,48000,false,GOOD
Sertanejao/Chitaozinho e Xororo/14 - No Rancho Fundo.mp3,55b4c36de667baa765371558a63b39b69e9675f1589db3fcff53d0245b85d4a9,SKIP_EXACT,exact_duplicate,6,00 - Modao Pra Churrasco/34 - No Rancho Fundo.mp3,"sem erro de leitura; metadata GOOD; título HIGH; artista HIGH; sem cover; bitrate 173 kbps; sample rate 48000 Hz; desempate final por relative_path",173074,48000,false,GOOD
Sertanejao/Chitaozinho e Xororo/15 - Chuá Chuá.mp3,7149dc2af65673d9136b4728c7b9c0adbf9a59b7ef48065152d2a3ac46c2e767,IMPORT,preserved,,Sertanejao/Chitaozinho e Xororo/15 - Chuá Chuá.mp3,"sem erro de leitura; metadata GOOD; título HIGH; artista HIGH; sem cover; bitrate 175 kbps; sample rate 48000 Hz; desempate final por relative_path",175364,48000,false,GOOD
Sertanejao/Chitaozinho e Xororo/16 - História de um Prego.mp3,961f642c854e209771bd193cbb55fae134af919e15365916a25d570d2c7ac902,IMPORT,preserved,,Sertanejao/Chitaozinho e Xororo/16 - História de um Prego.mp3,"sem erro de leitura; metadata GOOD; título HIGH; artista HIGH; sem cover; bitrate 168 kbps; sample rate 48000 Hz; desempate final por relative_path",167666,48000,false,GOOD
Sertanejao/Chitaozinho e Xororo/17 - Tropeiro.mp3,3cd647bd095739e65d05bafd45cdb49e030d8bebac8b50ede65a8064330ed644,IMPORT,preserved,,Sertanejao/Chitaozinho e Xororo/17 - Tropeiro.mp3,"sem erro de leitura; metadata GOOD; título HIGH; artista HIGH; sem cover; bitrate 181 kbps; sample rate 48000 Hz; desempate final por relative_path",180722,48000,false,GOOD
Sertanejao/Chitaozinho e Xororo/18 - Cavalo Enxuto.mp3,d87f9b760fae25031956ee676cc9e5500a53ad88ac1cf75f153e094e222443de,IMPORT,preserved,,Sertanejao/Chitaozinho e Xororo/18 - Cavalo Enxuto.mp3,"sem erro de leitura; metadata GOOD; título HIGH; artista HIGH; sem cover; bitrate 183 kbps; sample rate 48000 Hz; desempate final por relative_path",182752,48000,false,GOOD
Sertanejao/Chitaozinho e Xororo/19 - Menino da Porteira.mp3,bd0fd2483b418ff5fe4eb2e0fbcc6b321646812bcc31322177c98e2ce372dcb0,SKIP_EXACT,exact_duplicate,5,00 - Modao Pra Churrasco/28 - Menino da Porteira.mp3,"sem erro de leitura; metadata GOOD; título HIGH; artista HIGH; sem cover; bitrate 183 kbps; sample rate 48000 Hz; desempate final por relative_path",182576,48000,false,GOOD
Sertanejao/Chitaozinho e Xororo/20 - Ela Fez Minha Cabeça.mp3,44110a520e77ce404586663a774a5758a8e407cd03ba731cabc565da0021f537,IMPORT,preserved,,Sertanejao/Chitaozinho e Xororo/20 - Ela Fez Minha Cabeça.mp3,"sem erro de leitura; metadata GOOD; título HIGH; artista HIGH; sem cover; bitrate 194 kbps; sample rate 48000 Hz; desempate final por relative_path",194273,48000,false,GOOD
Sertanejao/Chitaozinho e Xororo/21 - Vá Pro Inferno Com Seu Amor.mp3,7d063855bec1fa526727cf55c8d31b857e81ca36007ace271c0549ffb6a9ff63,IMPORT,preserved,,Sertanejao/Chitaozinho e Xororo/21 - Vá Pro Inferno Com Seu Amor.mp3,"sem erro de leitura; metadata GOOD; título HIGH; artista HIGH; sem cover; bitrate 183 kbps; sample rate 48000 Hz; desempate final por relative_path",183024,48000,false,GOOD
Sertanejao/Chitaozinho e Xororo/22 - Amor de Verão.mp3,97b54af30810887401b4aee4d99fd7cb4fe133d2998948f7e44f40e4c393a04f,IMPORT,preserved,,Sertanejao/Chitaozinho e Xororo/22 - Amor de Verão.mp3,"sem erro de leitura; metadata GOOD; título HIGH; artista HIGH; sem cover; bitrate 177 kbps; sample rate 48000 Hz; desempate final por relative_path",176760,48000,false,GOOD
Sertanejao/Chrystian & Ralf (1998) - Vol. 13/01 Cheiro de shampoo.mp3,aa611b815f801e5b75498c41b0df309f3246d6fe5901d88d2d85907b391b7089,IMPORT,preserved,,Sertanejao/Chrystian & Ralf (1998) - Vol. 13/01 Cheiro de shampoo.mp3,"sem erro de leitura; metadata GOOD; título HIGH; artista HIGH; sem cover; bitrate 128 kbps; sample rate 44100 Hz; desempate final por relative_path",128000,44100,false,GOOD
Sertanejao/Chrystian & Ralf (1998) - Vol. 13/02 Sem Documento.mp3,f50eda31165164db55e91d541353a5faadb8496d902a4bde532415e5b624eea6,IMPORT,preserved,,Sertanejao/Chrystian & Ralf (1998) - Vol. 13/02 Sem Documento.mp3,"sem erro de leitura; metadata GOOD; título HIGH; artista HIGH; sem cover; bitrate 128 kbps; sample rate 44100 Hz; desempate final por relative_path",128000,44100,false,GOOD
Sertanejao/Chrystian & Ralf (1998) - Vol. 13/03 Sou Eu.mp3,72d10259618cb574cfa5bb4704afc996b338612db2c539f32e5718adc29f1d27,SKIP_EXACT,exact_duplicate,8,00 - Modao Pra Churrasco/42 - Sou Eu.mp3,"sem erro de leitura; metadata GOOD; título HIGH; artista HIGH; sem cover; bitrate 128 kbps; sample rate 44100 Hz; desempate final por relative_path",128000,44100,false,GOOD
Sertanejao/Chrystian & Ralf (1998) - Vol. 13/04 Trato é trato.mp3,ba263b6e42ec33c57d378d82601be768e2e9305cda512131375c151877db00d2,IMPORT,preserved,,Sertanejao/Chrystian & Ralf (1998) - Vol. 13/04 Trato é trato.mp3,"sem erro de leitura; metadata GOOD; título HIGH; artista HIGH; sem cover; bitrate 128 kbps; sample rate 44100 Hz; desempate final por relative_path",128000,44100,false,GOOD
Sertanejao/Chrystian & Ralf (1998) - Vol. 13/05 Saudade.mp3,d6b90caada4633cce262c76c2c9d282f75f1670c0aee4b503dfeaf9040d44ec5,IMPORT,preserved,,Sertanejao/Chrystian & Ralf (1998) - Vol. 13/05 Saudade.mp3,"sem erro de leitura; metadata GOOD; título HIGH; artista HIGH; sem cover; bitrate 128 kbps; sample rate 44100 Hz; desempate final por relative_path",128000,44100,false,GOOD
Sertanejao/Chrystian & Ralf (1998) - Vol. 13/06 Desejo de amar.mp3,75528b70e33507521a1455219f4d7c2d4d87a4d4406ead08c28867ac4f11910e,IMPORT,preserved,,Sertanejao/Chrystian & Ralf (1998) - Vol. 13/06 Desejo de amar.mp3,"sem erro de leitura; metadata GOOD; título HIGH; artista HIGH; sem cover; bitrate 128 kbps; sample rate 44100 Hz; desempate final por relative_path",128000,44100,false,GOOD
Sertanejao/Chrystian & Ralf (1998) - Vol. 13/07 Chora Peito.mp3,ecb76144532a22e03e08ef50462c9e5111b615b4a556010abfe563cfde23126c,IMPORT,preserved,,Sertanejao/Chrystian & Ralf (1998) - Vol. 13/07 Chora Peito.mp3,"sem erro de leitura; metadata GOOD; título HIGH; artista HIGH; sem cover; bitrate 128 kbps; sample rate 44100 Hz; desempate final por relative_path",128000,44100,false,GOOD
Sertanejao/Chrystian & Ralf (1998) - Vol. 13/08 Yolanda.mp3,4f160ef23d92f3febc60f19ff38cec5995c325e9eaa7b6442ed80111cdd1a161,IMPORT,preserved,,Sertanejao/Chrystian & Ralf (1998) - Vol. 13/08 Yolanda.mp3,"sem erro de leitura; metadata GOOD; título HIGH; artista HIGH; sem cover; bitrate 128 kbps; sample rate 44100 Hz; desempate final por relative_path",128000,44100,false,GOOD
Sertanejao/Chrystian & Ralf (1998) - Vol. 13/09 La Copa Rota.mp3,9c15a6d6f5b0350dbcc227b72cf2c90a42fe7a1fa9a411507c8eae86d4f7ed15,IMPORT,preserved,,Sertanejao/Chrystian & Ralf (1998) - Vol. 13/09 La Copa Rota.mp3,"sem erro de leitura; metadata GOOD; título HIGH; artista HIGH; sem cover; bitrate 128 kbps; sample rate 44100 Hz; desempate final por relative_path",128000,44100,false,GOOD
Sertanejao/Chrystian & Ralf (1998) - Vol. 13/10 Oito Segundos.mp3,dbfe52739ac255375d850306a9bdcc21109ae8e8c65c23de440e7173d9f3f904,IMPORT,preserved,,Sertanejao/Chrystian & Ralf (1998) - Vol. 13/10 Oito Segundos.mp3,"sem erro de leitura; metadata GOOD; título HIGH; artista HIGH; sem cover; bitrate 128 kbps; sample rate 44100 Hz; desempate final por relative_path",128000,44100,false,GOOD
Sertanejao/Chrystian & Ralf (1998) - Vol. 13/11 O Que Será de Mim.mp3,020cf5cd0dd075f96f28ae65c60b3ba56fae512046861ecdac4d042e36890112,IMPORT,preserved,,Sertanejao/Chrystian & Ralf (1998) - Vol. 13/11 O Que Será de Mim.mp3,"sem erro de leitura; metadata GOOD; título HIGH; artista HIGH; sem cover; bitrate 128 kbps; sample rate 44100 Hz; desempate final por relative_path",128000,44100,false,GOOD
Sertanejao/Chrystian & Ralf (1998) - Vol. 13/12 Ausência.mp3,5fde65ef233728ed02ad4198471f4cd639c5e37cc9e609737ce1ae969f122089,IMPORT,preserved,,Sertanejao/Chrystian & Ralf (1998) - Vol. 13/12 Ausência.mp3,"sem erro de leitura; metadata GOOD; título HIGH; artista HIGH; sem cover; bitrate 128 kbps; sample rate 44100 Hz; desempate final por relative_path",128000,44100,false,GOOD
Sertanejao/Chrystian & Ralf (1998) - Vol. 13/13 O Que Tiver Que Vir Virá.mp3,4bd615fecbf67827828dc039f467c24160eff8c826acceacf885aa276b13404f,IMPORT,preserved,,Sertanejao/Chrystian & Ralf (1998) - Vol. 13/13 O Que Tiver Que Vir Virá.mp3,"sem erro de leitura; metadata GOOD; título HIGH; artista HIGH; sem cover; bitrate 128 kbps; sample rate 44100 Hz; desempate final por relative_path",128000,44100,false,GOOD
Sertanejao/Chrystian & Ralf (1998) - Vol. 13/14 Noite.mp3,ed441281cbf384076cd16c15222d897e8c75806c9eb46c524a4539ca258fa6eb,IMPORT,preserved,,Sertanejao/Chrystian & Ralf (1998) - Vol. 13/14 Noite.mp3,"sem erro de leitura; metadata GOOD; título HIGH; artista HIGH; sem cover; bitrate 128 kbps; sample rate 44100 Hz; desempate final por relative_path",128000,44100,false,GOOD
Sertanejao/Chrystian & Ralf (1998) - Vol. 13/15 Sensível Demais.mp3,46144834ea4c95a2ff6209b151aa413113baf34ddd74085dfce77ead3e58a22c,IMPORT,preserved,,Sertanejao/Chrystian & Ralf (1998) - Vol. 13/15 Sensível Demais.mp3,"sem erro de leitura; metadata GOOD; título HIGH; artista HIGH; sem cover; bitrate 128 kbps; sample rate 44100 Hz; desempate final por relative_path",128000,44100,false,GOOD
Sertanejao/Chrystian & Ralf (1998) - Vol. 13/16 Nova York.mp3,cd53d54e51c00216c61abbd84127dee715ce48c14b74e333c8d8f998e7599a2e,IMPORT,preserved,,Sertanejao/Chrystian & Ralf (1998) - Vol. 13/16 Nova York.mp3,"sem erro de leitura; metadata GOOD; título HIGH; artista HIGH; sem cover; bitrate 128 kbps; sample rate 44100 Hz; desempate final por relative_path",128000,44100,false,GOOD
Sertanejao/Daniel 40 anos Canta João Paulo e Daniel/01 - Daniel - Estou Apaixonado (Ao Vivo).mp3,0bd4044b25df7494f2af2552c874a633de5061c47ac3447f6fbcaadf4c49b43e,IMPORT,likely_duplicate_representative,18,Sertanejao/Daniel 40 anos Canta João Paulo e Daniel/01 - Daniel - Estou Apaixonado (Ao Vivo).mp3,"sem erro de leitura; metadata GOOD; título HIGH; artista HIGH; cover presente; bitrate 128 kbps; sample rate 44100 Hz; desempate final por relative_path",128000,44100,true,GOOD
Sertanejao/Daniel 40 anos Canta João Paulo e Daniel/02 - Daniel - Com Qual Carícia (Ao Vivo).mp3,cab9f47dc273d08707b359790377111aa136e7552a37060ac338d40dd8b9f353,IMPORT,preserved,,Sertanejao/Daniel 40 anos Canta João Paulo e Daniel/02 - Daniel - Com Qual Carícia (Ao Vivo).mp3,"sem erro de leitura; metadata GOOD; título HIGH; artista HIGH; cover presente; bitrate 128 kbps; sample rate 44100 Hz; desempate final por relative_path",128000,44100,true,GOOD
Sertanejao/Daniel 40 anos Canta João Paulo e Daniel/03 - Daniel - Ela Tem o Dom de Me Fazer Chorar (Ao Vivo).mp3,b77133e4402a70def5e3cbbab2071ea128b6b320465c4dcefa28c69db05bc707,IMPORT,preserved,,Sertanejao/Daniel 40 anos Canta João Paulo e Daniel/03 - Daniel - Ela Tem o Dom de Me Fazer Chorar (Ao Vivo).mp3,"sem erro de leitura; metadata GOOD; título HIGH; artista HIGH; cover presente; bitrate 128 kbps; sample rate 44100 Hz; desempate final por relative_path",128000,44100,true,GOOD
Sertanejao/Daniel 40 anos Canta João Paulo e Daniel/04 - Daniel - Que Dure para Sempre (Ao Vivo).mp3,a71de2b6f09dd7f48152aa8b26b1d1e81386e3132442d009879b7389e6ef000c,IMPORT,preserved,,Sertanejao/Daniel 40 anos Canta João Paulo e Daniel/04 - Daniel - Que Dure para Sempre (Ao Vivo).mp3,"sem erro de leitura; metadata GOOD; título HIGH; artista HIGH; cover presente; bitrate 128 kbps; sample rate 44100 Hz; desempate final por relative_path",128000,44100,true,GOOD
Sertanejao/Daniel 40 anos Canta João Paulo e Daniel/05 - Daniel - A Loira do Carro Branco (Ao Vivo).mp3,46eca7ce2967568e2a13606588f4466c62f285cbfc1ee54b8e210a6950c803ff,IMPORT,preserved,,Sertanejao/Daniel 40 anos Canta João Paulo e Daniel/05 - Daniel - A Loira do Carro Branco (Ao Vivo).mp3,"sem erro de leitura; metadata GOOD; título HIGH; artista HIGH; cover presente; bitrate 128 kbps; sample rate 44100 Hz; desempate final por relative_path",128000,44100,true,GOOD
Sertanejao/Daniel 40 anos Canta João Paulo e Daniel/06 - Daniel - Mil Loucuras de Amor (Ao Vivo).mp3,78202461778f11fd3d1c1409ecfc1addaaba5a37b62e76f0d1b6e29c8332e254,IMPORT,preserved,,Sertanejao/Daniel 40 anos Canta João Paulo e Daniel/06 - Daniel - Mil Loucuras de Amor (Ao Vivo).mp3,"sem erro de leitura; metadata GOOD; título HIGH; artista HIGH; cover presente; bitrate 128 kbps; sample rate 44100 Hz; desempate final por relative_path",128000,44100,true,GOOD
Sertanejao/Daniel 40 anos Canta João Paulo e Daniel/07 - Daniel - Alguém (Ao Vivo).mp3,a4c6ca144625e8b434ce38814bb2d7b5313e49803ea3b29ec645f6ab3b86f2ed,IMPORT,preserved,,Sertanejao/Daniel 40 anos Canta João Paulo e Daniel/07 - Daniel - Alguém (Ao Vivo).mp3,"sem erro de leitura; metadata GOOD; título HIGH; artista HIGH; cover presente; bitrate 128 kbps; sample rate 44100 Hz; desempate final por relative_path",128000,44100,true,GOOD
Sertanejao/Daniel 40 anos Canta João Paulo e Daniel/08 - Daniel - Se Você Quiser Voltar (Ao Vivo).mp3,eaac669b5325f98b34e9fe014c8a154e8535ebdaf379886ffeaef865bca87293,IMPORT,preserved,,Sertanejao/Daniel 40 anos Canta João Paulo e Daniel/08 - Daniel - Se Você Quiser Voltar (Ao Vivo).mp3,"sem erro de leitura; metadata GOOD; título HIGH; artista HIGH; cover presente; bitrate 128 kbps; sample rate 44100 Hz; desempate final por relative_path",128000,44100,true,GOOD
Sertanejao/Daniel 40 anos Canta João Paulo e Daniel/09 - Daniel - Só da Você na Minha Vida (Ao Vivo).mp3,01783b544312b7998bc8ee6dc4002c0808640a1ffbeee52d4adf82078d35c930,IMPORT,preserved,,Sertanejao/Daniel 40 anos Canta João Paulo e Daniel/09 - Daniel - Só da Você na Minha Vida (Ao Vivo).mp3,"sem erro de leitura; metadata GOOD; título HIGH; artista HIGH; cover presente; bitrate 128 kbps; sample rate 44100 Hz; desempate final por relative_path",128000,44100,true,GOOD
Sertanejao/Daniel 40 anos Canta João Paulo e Daniel/10 - Daniel - Minha Estrela Perdida (Ao Vivo).mp3,513592bf661175a2a85df3a5cfdc27e5356cd3eabe4cfd1e01ff21007dc375a6,IMPORT,preserved,,Sertanejao/Daniel 40 anos Canta João Paulo e Daniel/10 - Daniel - Minha Estrela Perdida (Ao Vivo).mp3,"sem erro de leitura; metadata GOOD; título HIGH; artista HIGH; cover presente; bitrate 128 kbps; sample rate 44100 Hz; desempate final por relative_path",128000,44100,true,GOOD
Sertanejao/Daniel 40 anos Canta João Paulo e Daniel/11 - Daniel - Malícia de Mulher (Ao Vivo).mp3,9a8e6d85bbb1a092fdcafdff5a3dc2e8fa4ef61faa9920e38317e6c361b5e116,IMPORT,preserved,,Sertanejao/Daniel 40 anos Canta João Paulo e Daniel/11 - Daniel - Malícia de Mulher (Ao Vivo).mp3,"sem erro de leitura; metadata GOOD; título HIGH; artista HIGH; cover presente; bitrate 128 kbps; sample rate 44100 Hz; desempate final por relative_path",128000,44100,true,GOOD
Sertanejao/Daniel 40 anos Canta João Paulo e Daniel/12 - Daniel - Fogo de Amor (Ao Vivo).mp3,8346947b1d88b7ea78019696f67e24f71aa0987ea44f7fdf37a10ff72b420e83,IMPORT,preserved,,Sertanejao/Daniel 40 anos Canta João Paulo e Daniel/12 - Daniel - Fogo de Amor (Ao Vivo).mp3,"sem erro de leitura; metadata GOOD; título HIGH; artista HIGH; cover presente; bitrate 128 kbps; sample rate 44100 Hz; desempate final por relative_path",128000,44100,true,GOOD
Sertanejao/Daniel 40 anos Canta João Paulo e Daniel/13 - Daniel - O Cheiro Dela (Ao Vivo).mp3,aec167b37076426c51dcb4ebaa844689ad24e9f5d3909a916144efc120b5cb3c,IMPORT,preserved,,Sertanejao/Daniel 40 anos Canta João Paulo e Daniel/13 - Daniel - O Cheiro Dela (Ao Vivo).mp3,"sem erro de leitura; metadata GOOD; título HIGH; artista HIGH; cover presente; bitrate 128 kbps; sample rate 44100 Hz; desempate final por relative_path",128000,44100,true,GOOD
Sertanejao/Daniel 40 anos Canta João Paulo e Daniel/14 - Daniel - Aos Trancos e Barrancos (Ao Vivo).mp3,53c77085f7aad58a3bc642a176dbde65ad563c73551abb0dbf3d99794824d24c,IMPORT,preserved,,Sertanejao/Daniel 40 anos Canta João Paulo e Daniel/14 - Daniel - Aos Trancos e Barrancos (Ao Vivo).mp3,"sem erro de leitura; metadata GOOD; título HIGH; artista HIGH; cover presente; bitrate 128 kbps; sample rate 44100 Hz; desempate final por relative_path",128000,44100,true,GOOD
Sertanejao/Daniel 40 anos Canta João Paulo e Daniel/15 - Daniel - A Culpa É Sua (Ao Vivo).mp3,d47eba8a28b705a938c9a8d96ac632d29acb8416512ae1d7ff9198a9696291fd,IMPORT,preserved,,Sertanejao/Daniel 40 anos Canta João Paulo e Daniel/15 - Daniel - A Culpa É Sua (Ao Vivo).mp3,"sem erro de leitura; metadata GOOD; título HIGH; artista HIGH; cover presente; bitrate 128 kbps; sample rate 44100 Hz; desempate final por relative_path",128000,44100,true,GOOD
Sertanejao/Daniel 40 anos Canta João Paulo e Daniel/16 - Daniel - Hoje Eu Sei (Ao Vivo).mp3,7d688055552117bbd60d5f4e58e1419cc122ecdc1cfae195eab19d3bf59e5557,IMPORT,preserved,,Sertanejao/Daniel 40 anos Canta João Paulo e Daniel/16 - Daniel - Hoje Eu Sei (Ao Vivo).mp3,"sem erro de leitura; metadata GOOD; título HIGH; artista HIGH; cover presente; bitrate 128 kbps; sample rate 44100 Hz; desempate final por relative_path",128000,44100,true,GOOD
Sertanejao/Daniel 40 anos Canta João Paulo e Daniel/17 - Daniel - Não Precisa Perdão (Ao Vivo).mp3,7f085fa18acd198b9458181f94ff04d5615e2b067eedbeefe13383d7722553d9,IMPORT,preserved,,Sertanejao/Daniel 40 anos Canta João Paulo e Daniel/17 - Daniel - Não Precisa Perdão (Ao Vivo).mp3,"sem erro de leitura; metadata GOOD; título HIGH; artista HIGH; cover presente; bitrate 128 kbps; sample rate 44100 Hz; desempate final por relative_path",128000,44100,true,GOOD
Sertanejao/Daniel 40 anos Canta João Paulo e Daniel/18 - Daniel - Muda (Ao Vivo).mp3,9ab26bb2f346364cb123abc4295297c4ad7be47211fd0c0597cb9f61b90500f9,IMPORT,preserved,,Sertanejao/Daniel 40 anos Canta João Paulo e Daniel/18 - Daniel - Muda (Ao Vivo).mp3,"sem erro de leitura; metadata GOOD; título HIGH; artista HIGH; cover presente; bitrate 128 kbps; sample rate 44100 Hz; desempate final por relative_path",128000,44100,true,GOOD
Sertanejao/Daniel 40 anos Canta João Paulo e Daniel/19 - Daniel - Por Que Fui Te Amar Assim (Ao Vivo).mp3,37bc3ca7f423c6621444d1ae2c8bc05d4cca277e78b0b73083ccffe1651eb9dd,IMPORT,preserved,,Sertanejao/Daniel 40 anos Canta João Paulo e Daniel/19 - Daniel - Por Que Fui Te Amar Assim (Ao Vivo).mp3,"sem erro de leitura; metadata GOOD; título HIGH; artista HIGH; cover presente; bitrate 128 kbps; sample rate 44100 Hz; desempate final por relative_path",128000,44100,true,GOOD
Sertanejao/Daniel 40 anos Canta João Paulo e Daniel/20 - Daniel - Apaixonado por Você (Ao Vivo).mp3,b6d5e37da9664363c3a8bb3abb526bfd0b18991ac844fd88937f6d369625d4c8,IMPORT,preserved,,Sertanejao/Daniel 40 anos Canta João Paulo e Daniel/20 - Daniel - Apaixonado por Você (Ao Vivo).mp3,"sem erro de leitura; metadata GOOD; título HIGH; artista HIGH; cover presente; bitrate 128 kbps; sample rate 44100 Hz; desempate final por relative_path",128000,44100,true,GOOD
Sertanejao/Di Paulo e Paulino - Ao vivo em Goiânia/01-Abertura.mp3,581c748cdb0aa85f7f61cacf316435579cadea3c457219b0a2f2e1cc37ab74d9,IMPORT,preserved,,Sertanejao/Di Paulo e Paulino - Ao vivo em Goiânia/01-Abertura.mp3,"sem erro de leitura; metadata INFERRED; título HIGH; artista HIGH; sem cover; bitrate 128 kbps; sample rate 44100 Hz; desempate final por relative_path",128000,44100,false,INFERRED
Sertanejao/Di Paulo e Paulino - Ao vivo em Goiânia/02-Amor de Primavera.mp3,56f8a8853ca5cf73a4ee9879647adbb374d9a88b774f628c2e9e5afe84166b6b,SKIP_LIKELY,likely_duplicate,25,00 - Modão de Buteco/21 a 40/39 - Amor de Primavera.mp3,"sem erro de leitura; metadata GOOD; título HIGH; artista HIGH; sem cover; bitrate 128 kbps; sample rate 44100 Hz; desempate final por relative_path",128000,44100,false,INFERRED
Sertanejao/Di Paulo e Paulino - Ao vivo em Goiânia/03-Passarinho do Sertão.mp3,f5ac87b0b74957fd6e4e19267b827329fc729f49e7faa04a93148156c230e499,IMPORT,preserved,,Sertanejao/Di Paulo e Paulino - Ao vivo em Goiânia/03-Passarinho do Sertão.mp3,"sem erro de leitura; metadata INFERRED; título HIGH; artista HIGH; sem cover; bitrate 128 kbps; sample rate 44100 Hz; desempate final por relative_path",128000,44100,false,INFERRED
Sertanejao/Di Paulo e Paulino - Ao vivo em Goiânia/04-Sonhei Com Você.mp3,efcc1783d5eb87a438cbfe2ff95cac6620674aaecfd9b5c673f186edb8e26e0d,IMPORT,preserved,,Sertanejao/Di Paulo e Paulino - Ao vivo em Goiânia/04-Sonhei Com Você.mp3,"sem erro de leitura; metadata INFERRED; título HIGH; artista HIGH; sem cover; bitrate 128 kbps; sample rate 44100 Hz; desempate final por relative_path",128000,44100,false,INFERRED
Sertanejao/Di Paulo e Paulino - Ao vivo em Goiânia/05-O Coração Chora.mp3,ad46d4c6a355a281f6cf9f731c5cc7bb95ebc7347c240f2a5ad4cb1426022c7a,IMPORT,preserved,,Sertanejao/Di Paulo e Paulino - Ao vivo em Goiânia/05-O Coração Chora.mp3,"sem erro de leitura; metadata INFERRED; título HIGH; artista HIGH; sem cover; bitrate 128 kbps; sample rate 44100 Hz; desempate final por relative_path",128000,44100,false,INFERRED
Sertanejao/Di Paulo e Paulino - Ao vivo em Goiânia/06-Tempo do Tempo  A Noite do Nosso Amor.mp3,b7e0de339ff9b5b8dbb795b81e22e1f10b2c21fa3ed40edd3f42e17589e8c611,IMPORT,preserved,,Sertanejao/Di Paulo e Paulino - Ao vivo em Goiânia/06-Tempo do Tempo  A Noite do Nosso Amor.mp3,"sem erro de leitura; metadata INFERRED; título HIGH; artista HIGH; sem cover; bitrate 128 kbps; sample rate 44100 Hz; desempate final por relative_path",128000,44100,false,INFERRED
Sertanejao/Di Paulo e Paulino - Ao vivo em Goiânia/07-Tudo Passa.mp3,931ad62c9d59589958e62a3f03d5edd3024d1d0efd968869502a8f4bea4c03e7,IMPORT,likely_duplicate_representative,65,Sertanejao/Di Paulo e Paulino - Ao vivo em Goiânia/07-Tudo Passa.mp3,"sem erro de leitura; metadata INFERRED; título HIGH; artista HIGH; sem cover; bitrate 128 kbps; sample rate 44100 Hz; desempate final por relative_path",128000,44100,false,INFERRED
"Sertanejao/Di Paulo e Paulino - Ao vivo em Goiânia/08-O Que Que Eu Sou Sem Você ( Nada, Nada )  Onde Anda Você.mp3",530366052fb21b7ca40eef6f78f71de98f9d9b741eab4ddc7eb38bdadb7dd853,IMPORT,preserved,,"Sertanejao/Di Paulo e Paulino - Ao vivo em Goiânia/08-O Que Que Eu Sou Sem Você ( Nada, Nada )  Onde Anda Você.mp3","sem erro de leitura; metadata INFERRED; título HIGH; artista HIGH; sem cover; bitrate 128 kbps; sample rate 44100 Hz; desempate final por relative_path",128000,44100,false,INFERRED
Sertanejao/Di Paulo e Paulino - Ao vivo em Goiânia/09-Telefone Mudo  Ainda Ontem Chorei de Saudade.mp3,4d1bb45bf78d919cdfc11e14406719907a2c8f8a1c5d639433d57749e8fe8146,IMPORT,preserved,,Sertanejao/Di Paulo e Paulino - Ao vivo em Goiânia/09-Telefone Mudo  Ainda Ontem Chorei de Saudade.mp3,"sem erro de leitura; metadata INFERRED; título HIGH; artista HIGH; sem cover; bitrate 128 kbps; sample rate 44100 Hz; desempate final por relative_path",128000,44100,false,INFERRED
Sertanejao/Di Paulo e Paulino - Ao vivo em Goiânia/10-Um Outro Alguém.mp3,32511668f08e40ed85f8f4ed51bb0266b2a51d37d61c832765dad41eda7593d2,IMPORT,preserved,,Sertanejao/Di Paulo e Paulino - Ao vivo em Goiânia/10-Um Outro Alguém.mp3,"sem erro de leitura; metadata INFERRED; título HIGH; artista HIGH; sem cover; bitrate 128 kbps; sample rate 44100 Hz; desempate final por relative_path",128000,44100,false,INFERRED
Sertanejao/Di Paulo e Paulino - Ao vivo em Goiânia/11-Não Põe a Mão no Meu Chapéu  Coração de Cowboy  Peão Apaixonado.mp3,7ada4ad9e505cfffa1b6ef944886e0bca031e3a4cbfdc8826eb81fb5b4e0b5ba,IMPORT,preserved,,Sertanejao/Di Paulo e Paulino - Ao vivo em Goiânia/11-Não Põe a Mão no Meu Chapéu  Coração de Cowboy  Peão Apaixonado.mp3,"sem erro de leitura; metadata INFERRED; título HIGH; artista HIGH; sem cover; bitrate 128 kbps; sample rate 44100 Hz; desempate final por relative_path",128000,44100,false,INFERRED
Sertanejao/Di Paulo e Paulino - Ao vivo em Goiânia/12-Barco de Papel.mp3,df13a11a04f643ff4dd8c49e177d433a1cb224069d89dc340dda670ad60dcb7a,IMPORT,likely_duplicate_representative,68,Sertanejao/Di Paulo e Paulino - Ao vivo em Goiânia/12-Barco de Papel.mp3,"sem erro de leitura; metadata INFERRED; título HIGH; artista HIGH; sem cover; bitrate 128 kbps; sample rate 44100 Hz; desempate final por relative_path",128000,44100,false,INFERRED
Sertanejao/Di Paulo e Paulino - Ao vivo em Goiânia/13-Linguaruda.mp3,1b575d5d8a05c496969c823b9f86843ee7c8d27380848b2b26ad1ee337fef3f5,IMPORT,likely_duplicate_representative,70,Sertanejao/Di Paulo e Paulino - Ao vivo em Goiânia/13-Linguaruda.mp3,"sem erro de leitura; metadata INFERRED; título HIGH; artista HIGH; sem cover; bitrate 128 kbps; sample rate 44100 Hz; desempate final por relative_path",128000,44100,false,INFERRED
Sertanejao/Di Paulo e Paulino - Ao vivo em Goiânia/14-Tô Indo Embora.mp3,b319988aef3d34af613db7d2fe2d2320d2dbe5ae3f871b7ec050fa92fb1ee8b5,IMPORT,likely_duplicate_representative,69,Sertanejao/Di Paulo e Paulino - Ao vivo em Goiânia/14-Tô Indo Embora.mp3,"sem erro de leitura; metadata INFERRED; título HIGH; artista HIGH; sem cover; bitrate 128 kbps; sample rate 44100 Hz; desempate final por relative_path",128000,44100,false,INFERRED
Sertanejao/Di Paulo e Paulino - Ao vivo em Goiânia/15-Hora Certa.mp3,f33634227de3416942eddd8c6275096db9a8bb86c1037df861a3a2e8bbfb493e,IMPORT,likely_duplicate_representative,66,Sertanejao/Di Paulo e Paulino - Ao vivo em Goiânia/15-Hora Certa.mp3,"sem erro de leitura; metadata INFERRED; título HIGH; artista HIGH; sem cover; bitrate 128 kbps; sample rate 44100 Hz; desempate final por relative_path",128000,44100,false,INFERRED
Sertanejao/Di Paulo e Paulino - Ao vivo em Goiânia/16-El Condor Pasa - Instrumental.mp3,8c87c021b40e69e0918cddf07f857ce09efbe9184e7d4240ba19bf8535bab8db,IMPORT,likely_duplicate_representative,67,Sertanejao/Di Paulo e Paulino - Ao vivo em Goiânia/16-El Condor Pasa - Instrumental.mp3,"sem erro de leitura; metadata INFERRED; título HIGH; artista HIGH; sem cover; bitrate 128 kbps; sample rate 44100 Hz; desempate final por relative_path",128000,44100,false,INFERRED
Sertanejao/Di Paulo e Paulino - Ao vivo em Goiânia/17-Asa Branca  Moreninha Linda.mp3,2ea9197a1055f4ed09e410abb8c5256ab2bdf8bb088f546971129a5c18df9b3c,IMPORT,preserved,,Sertanejao/Di Paulo e Paulino - Ao vivo em Goiânia/17-Asa Branca  Moreninha Linda.mp3,"sem erro de leitura; metadata INFERRED; título HIGH; artista HIGH; sem cover; bitrate 128 kbps; sample rate 44100 Hz; desempate final por relative_path",128000,44100,false,INFERRED
Sertanejao/Di Paulo e Paulino - Ao vivo em Goiânia/18-Tô Por Ai.mp3,127ac7029b715ec0fb08eca840aeaf2d332b95fd01774b871f00a73fdd7079ef,IMPORT,preserved,,Sertanejao/Di Paulo e Paulino - Ao vivo em Goiânia/18-Tô Por Ai.mp3,"sem erro de leitura; metadata INFERRED; título HIGH; artista HIGH; sem cover; bitrate 128 kbps; sample rate 44100 Hz; desempate final por relative_path",128000,44100,false,INFERRED
Sertanejao/Di Paulo e Paulino - Ao vivo em Goiânia/19-Nada Mudou.mp3,952d50a6f6cd123244fc30cac5ebb4dbc5aeb3a68b024ccee5d5976dd93af0bc,IMPORT,preserved,,Sertanejao/Di Paulo e Paulino - Ao vivo em Goiânia/19-Nada Mudou.mp3,"sem erro de leitura; metadata INFERRED; título HIGH; artista HIGH; sem cover; bitrate 128 kbps; sample rate 44100 Hz; desempate final por relative_path",128000,44100,false,INFERRED
Sertanejao/Di Paulo e Paulino - Ao vivo em Goiânia/20-Amor de Primavera - Part. Especial Gino & Geno.mp3,6a968826b9299ae57d0d18928eacabb4bde2cdd9e833672850a02f4fcf6ac6a0,IMPORT,preserved,,Sertanejao/Di Paulo e Paulino - Ao vivo em Goiânia/20-Amor de Primavera - Part. Especial Gino & Geno.mp3,"sem erro de leitura; metadata INFERRED; título HIGH; artista HIGH; sem cover; bitrate 128 kbps; sample rate 44100 Hz; desempate final por relative_path",128000,44100,false,INFERRED
Sertanejao/Di Paulo e Paulino - Ao vivo em Goiânia/21-O Que Tem a Rosa  Cai Sereno  Tchau Amor  Brincando Com a Viola - Instrumental.mp3,26021bbcb9c1c9e660f4a03938760ea67b0e796d03bd5920a38b3b0052a3a9a3,IMPORT,preserved,,Sertanejao/Di Paulo e Paulino - Ao vivo em Goiânia/21-O Que Tem a Rosa  Cai Sereno  Tchau Amor  Brincando Com a Viola - Instrumental.mp3,"sem erro de leitura; metadata INFERRED; título HIGH; artista HIGH; sem cover; bitrate 128 kbps; sample rate 44100 Hz; desempate final por relative_path",128000,44100,false,INFERRED
Sertanejao/Di Paulo e Paulino - Ao vivo em Goiânia/22-Magnificent Seven - Instrumental.mp3,9d42988040f384da876b677d996ccf8c06a5db53470c2034bba089b7c46a690a,IMPORT,preserved,,Sertanejao/Di Paulo e Paulino - Ao vivo em Goiânia/22-Magnificent Seven - Instrumental.mp3,"sem erro de leitura; metadata INFERRED; título HIGH; artista HIGH; sem cover; bitrate 128 kbps; sample rate 44100 Hz; desempate final por relative_path",128000,44100,false,INFERRED
Sertanejao/Eduardo Costa - #40Tena 2020/00 - CUIDADO -  Eduardo Costa.mp3,b333aae8d2ec32cf94e8131d27afe5be931c8ce2815acb167f4ad2bf2d0c754f,IMPORT,preserved,,Sertanejao/Eduardo Costa - #40Tena 2020/00 - CUIDADO -  Eduardo Costa.mp3,"sem erro de leitura; metadata INFERRED; título HIGH; artista HIGH; sem cover; bitrate 128 kbps; sample rate 32000 Hz; desempate final por relative_path",128000,32000,false,INFERRED
Sertanejao/Eduardo Costa - #40Tena 2020/01 Eduardo Costa - Dona da verdade.mp3,1d78149e134a2ee9769376e609c0a1e28fdc9424631f5ebad9dfcb30f9bda2c2,IMPORT,preserved,,Sertanejao/Eduardo Costa - #40Tena 2020/01 Eduardo Costa - Dona da verdade.mp3,"sem erro de leitura; metadata INFERRED; título HIGH; artista HIGH; cover presente; bitrate 128 kbps; sample rate 44100 Hz; desempate final por relative_path",128000,44100,true,INFERRED
Sertanejao/Eduardo Costa - #40Tena 2020/02 Eduardo Costa - A dor desse amor.mp3,5ac693f41b6cb9a14df61a1c736a2d42b7937ae2460db2850717b7c33d246828,IMPORT,preserved,78,Sertanejao/Eduardo Costa - #40Tena 2020/02 Eduardo Costa - A dor desse amor.mp3,"sem erro de leitura; metadata INFERRED; título HIGH; artista HIGH; cover presente; bitrate 128 kbps; sample rate 44100 Hz; desempate final por relative_path",128000,44100,true,INFERRED
Sertanejao/Eduardo Costa - #40Tena 2020/03 Eduardo Costa - Passou da conta.mp3,23a406692a60cfeb72918766ee2f389fa69cdd4955e41fab5420a8ed82a988eb,IMPORT,preserved,,Sertanejao/Eduardo Costa - #40Tena 2020/03 Eduardo Costa - Passou da conta.mp3,"sem erro de leitura; metadata INFERRED; título HIGH; artista HIGH; cover presente; bitrate 128 kbps; sample rate 44100 Hz; desempate final por relative_path",128000,44100,true,INFERRED
Sertanejao/Eduardo Costa - #40Tena 2020/04 Eduardo Costa - Catedral.mp3,0f07a65b376b1a8f900891b4e365580fa8ba18a9c9efe582e8feb7ae184f4a75,IMPORT,preserved,,Sertanejao/Eduardo Costa - #40Tena 2020/04 Eduardo Costa - Catedral.mp3,"sem erro de leitura; metadata INFERRED; título HIGH; artista HIGH; cover presente; bitrate 128 kbps; sample rate 44100 Hz; desempate final por relative_path",128000,44100,true,INFERRED
Sertanejao/Eduardo Costa - #40Tena 2020/05 Eduardo Costa - Vida minha.mp3,d0e5916274dae3e944a38bdd4591072e1eced3020b618b47f1560ff77f08c5f4,IMPORT,preserved,,Sertanejao/Eduardo Costa - #40Tena 2020/05 Eduardo Costa - Vida minha.mp3,"sem erro de leitura; metadata INFERRED; título HIGH; artista HIGH; cover presente; bitrate 128 kbps; sample rate 44100 Hz; desempate final por relative_path",128000,44100,true,INFERRED
Sertanejao/Eduardo Costa - #40Tena 2020/06 Eduardo Costa - Enamorado (Part. Iciar Diaz).mp3,241dbdac373eb12e829d144efff618a2d677442ffb42e7b6ff1bfa017c558a5f,IMPORT,preserved,,Sertanejao/Eduardo Costa - #40Tena 2020/06 Eduardo Costa - Enamorado (Part. Iciar Diaz).mp3,"sem erro de leitura; metadata INFERRED; título HIGH; artista HIGH; cover presente; bitrate 128 kbps; sample rate 44100 Hz; desempate final por relative_path",128000,44100,true,INFERRED
Sertanejao/Eduardo Costa - #40Tena 2020/07 Eduardo Costa - Outra vez.mp3,d0c2653ef8e04089d57c46f8c2df77cfe362c66f09524c17527332b060ed364d,IMPORT,preserved,,Sertanejao/Eduardo Costa - #40Tena 2020/07 Eduardo Costa - Outra vez.mp3,"sem erro de leitura; metadata INFERRED; título HIGH; artista HIGH; cover presente; bitrate 128 kbps; sample rate 44100 Hz; desempate final por relative_path",128000,44100,true,INFERRED
Sertanejao/Eduardo Costa - #40Tena 2020/08 Eduardo Costa - Só eu e você.mp3,aec4181682d40a51323d2071e0319396d8b8806d6baeffad2e36c026cbf7c156,IMPORT,preserved,,Sertanejao/Eduardo Costa - #40Tena 2020/08 Eduardo Costa - Só eu e você.mp3,"sem erro de leitura; metadata INFERRED; título HIGH; artista HIGH; cover presente; bitrate 128 kbps; sample rate 44100 Hz; desempate final por relative_path",128000,44100,true,INFERRED
Sertanejao/Eduardo Costa - #40Tena 2020/09 Eduardo Costa - Romântica.mp3,8dbb269af8e3e2d81bb122f6253ff18caa3bc1285b272293d0b117a586cc0ae3,IMPORT,preserved,,Sertanejao/Eduardo Costa - #40Tena 2020/09 Eduardo Costa - Romântica.mp3,"sem erro de leitura; metadata INFERRED; título HIGH; artista HIGH; cover presente; bitrate 128 kbps; sample rate 44100 Hz; desempate final por relative_path",128000,44100,true,INFERRED
Sertanejao/Eduardo Costa - #40Tena 2020/10 Eduardo Costa - Ainda tô aí.mp3,f0603ae0c6a321fb8b9a8edc930d5865c45ab7514288ff06a6b44a714ef02be3,IMPORT,preserved,,Sertanejao/Eduardo Costa - #40Tena 2020/10 Eduardo Costa - Ainda tô aí.mp3,"sem erro de leitura; metadata INFERRED; título HIGH; artista HIGH; cover presente; bitrate 128 kbps; sample rate 44100 Hz; desempate final por relative_path",128000,44100,true,INFERRED
Sertanejao/Eduardo Costa - #40Tena 2020/11 Eduardo Costa - Calma respira.mp3,d9d9c8930734dd63ecb33d5c56d19743eebf30f017d9a1106aeffe0bf9c55202,IMPORT,preserved,,Sertanejao/Eduardo Costa - #40Tena 2020/11 Eduardo Costa - Calma respira.mp3,"sem erro de leitura; metadata INFERRED; título HIGH; artista HIGH; cover presente; bitrate 128 kbps; sample rate 44100 Hz; desempate final por relative_path",128000,44100,true,INFERRED
Sertanejao/Eduardo Costa - #40Tena 2020/12 Eduardo Costa - Duas vezes você.mp3,485d9ec0d69cc17f22df4a35ec123b9fd2bea1232213a7251c78bdc3afa02513,IMPORT,preserved,,Sertanejao/Eduardo Costa - #40Tena 2020/12 Eduardo Costa - Duas vezes você.mp3,"sem erro de leitura; metadata INFERRED; título HIGH; artista HIGH; cover presente; bitrate 128 kbps; sample rate 44100 Hz; desempate final por relative_path",128000,44100,true,INFERRED
Sertanejao/Eduardo Costa - #40Tena 2020/13 Eduardo Costa - Essa noite foi maravilhosa.mp3,252bfb5573ea262d6b5076459042f5062a5659ae8a2ee8c02dbe0e4be562d8dc,IMPORT,preserved,,Sertanejao/Eduardo Costa - #40Tena 2020/13 Eduardo Costa - Essa noite foi maravilhosa.mp3,"sem erro de leitura; metadata INFERRED; título HIGH; artista HIGH; cover presente; bitrate 128 kbps; sample rate 44100 Hz; desempate final por relative_path",128000,44100,true,INFERRED
Sertanejao/Eduardo Costa - #40Tena 2020/14 Eduardo Costa - Culpados.mp3,03447a7f2cbd017e814c2042d985401276c7bc4ed97f8ac3430f452a97c15be0,IMPORT,preserved,,Sertanejao/Eduardo Costa - #40Tena 2020/14 Eduardo Costa - Culpados.mp3,"sem erro de leitura; metadata INFERRED; título HIGH; artista HIGH; cover presente; bitrate 128 kbps; sample rate 44100 Hz; desempate final por relative_path",128000,44100,true,INFERRED
"Sertanejao/Eduardo Costa - #40Tena 2020/15 Eduardo Costa - Para, não fala.mp3",d11b2cfda7eda284f1cf2ce01de1963698f8130f390d0f857eaa0f3e8a50d128,IMPORT,preserved,,"Sertanejao/Eduardo Costa - #40Tena 2020/15 Eduardo Costa - Para, não fala.mp3","sem erro de leitura; metadata INFERRED; título HIGH; artista HIGH; cover presente; bitrate 128 kbps; sample rate 44100 Hz; desempate final por relative_path",128000,44100,true,INFERRED
Sertanejao/Eduardo Costa - #40Tena 2020/16 Eduardo Costa - É isso aí.mp3,369527f6ef37f25be7bbc0e3f3623bc451eed3dc755e6b766415f46697c2c2bd,IMPORT,preserved,,Sertanejao/Eduardo Costa - #40Tena 2020/16 Eduardo Costa - É isso aí.mp3,"sem erro de leitura; metadata INFERRED; título HIGH; artista HIGH; cover presente; bitrate 128 kbps; sample rate 44100 Hz; desempate final por relative_path",128000,44100,true,INFERRED
Sertanejao/Eduardo Costa - #40Tena 2020/17 Eduardo Costa - No momento em que eu te amei.mp3,c806f0698b8c312ae549a5cff6b1e8076cd9642191415e74592aeb5a9c3ffe63,IMPORT,preserved,,Sertanejao/Eduardo Costa - #40Tena 2020/17 Eduardo Costa - No momento em que eu te amei.mp3,"sem erro de leitura; metadata INFERRED; título HIGH; artista HIGH; cover presente; bitrate 128 kbps; sample rate 44100 Hz; desempate final por relative_path",128000,44100,true,INFERRED
Sertanejao/Eduardo Costa - #40Tena 2020/18 Eduardo Costa - Vida pelo avesso (Part. Bruno).mp3,c67c3819cf638094fd4dbf16608d034e045fb99194f82e309f0498b8ee978d8f,IMPORT,preserved,,Sertanejao/Eduardo Costa - #40Tena 2020/18 Eduardo Costa - Vida pelo avesso (Part. Bruno).mp3,"sem erro de leitura; metadata INFERRED; título HIGH; artista HIGH; cover presente; bitrate 128 kbps; sample rate 44100 Hz; desempate final por relative_path",128000,44100,true,INFERRED
Sertanejao/Eduardo Costa - #40Tena 2020/19 Eduardo Costa - Se você quiser voltar.mp3,aa1338860d9aeec531f4ea2c85657b4798e76c16383f96eaeb01866253c5938b,IMPORT,preserved,,Sertanejao/Eduardo Costa - #40Tena 2020/19 Eduardo Costa - Se você quiser voltar.mp3,"sem erro de leitura; metadata INFERRED; título HIGH; artista HIGH; cover presente; bitrate 128 kbps; sample rate 44100 Hz; desempate final por relative_path",128000,44100,true,INFERRED
Sertanejao/Eduardo Costa - #40Tena 2020/20 Eduardo Costa - A força desse amor.mp3,a75efa2b8c156b218ba45b56722a2b53817205db007ad31201f9785b41f21dad,IMPORT,preserved,78,Sertanejao/Eduardo Costa - #40Tena 2020/20 Eduardo Costa - A força desse amor.mp3,"sem erro de leitura; metadata INFERRED; título HIGH; artista HIGH; cover presente; bitrate 128 kbps; sample rate 44100 Hz; desempate final por relative_path",128000,44100,true,INFERRED
Sertanejao/Eduardo Costa - #40Tena 2020/21 Eduardo Costa - Solidão.mp3,4c87b00145ef0454e872ffbd82c0b54fe161f80811f22276489aa21c5f4ff627,IMPORT,preserved,,Sertanejao/Eduardo Costa - #40Tena 2020/21 Eduardo Costa - Solidão.mp3,"sem erro de leitura; metadata INFERRED; título HIGH; artista HIGH; cover presente; bitrate 128 kbps; sample rate 44100 Hz; desempate final por relative_path",128000,44100,true,INFERRED
Sertanejao/Eduardo Costa - #40Tena 2020/22 Eduardo Costa - Liguei pra dizer que te amo.mp3,6218b635fcf04f0f0c74f4ed4750e14bd5cc5b5d86a1855af591376397c715a9,IMPORT,preserved,,Sertanejao/Eduardo Costa - #40Tena 2020/22 Eduardo Costa - Liguei pra dizer que te amo.mp3,"sem erro de leitura; metadata INFERRED; título HIGH; artista HIGH; cover presente; bitrate 128 kbps; sample rate 44100 Hz; desempate final por relative_path",128000,44100,true,INFERRED
Sertanejao/Eduardo Costa - #40Tena 2020/23 Eduardo Costa - Seguir em frente.mp3,87fef20f4fbc10280239b9892fb12dbdf5ff3cb3268e8a0c6199ba1b1c310365,IMPORT,preserved,,Sertanejao/Eduardo Costa - #40Tena 2020/23 Eduardo Costa - Seguir em frente.mp3,"sem erro de leitura; metadata INFERRED; título HIGH; artista HIGH; cover presente; bitrate 128 kbps; sample rate 44100 Hz; desempate final por relative_path",128000,44100,true,INFERRED
Sertanejao/Eduardo Costa - #40Tena 2020/24 Eduardo Costa - Vai viver a sua vida.mp3,4d1278c93d10eb0e29c1246455db31c61c84b3f3419e639f0a2a97168238f689,IMPORT,preserved,,Sertanejao/Eduardo Costa - #40Tena 2020/24 Eduardo Costa - Vai viver a sua vida.mp3,"sem erro de leitura; metadata INFERRED; título HIGH; artista HIGH; cover presente; bitrate 128 kbps; sample rate 44100 Hz; desempate final por relative_path",128000,44100,true,INFERRED
Sertanejao/Eduardo Costa - #40Tena 2020/25 Eduardo Costa - Horizonte azul.mp3,c57ff7e5aad0b042f83e10ed19b8214df37696b96e1843bedc4c1a8159513854,IMPORT,preserved,,Sertanejao/Eduardo Costa - #40Tena 2020/25 Eduardo Costa - Horizonte azul.mp3,"sem erro de leitura; metadata INFERRED; título HIGH; artista HIGH; cover presente; bitrate 128 kbps; sample rate 44100 Hz; desempate final por relative_path",128000,44100,true,INFERRED
Sertanejao/Eduardo Costa - #40Tena 2020/26 Eduardo Costa - Sem direção.mp3,acfe2408ad70072337bcf687f7ae28b9c76e933c62073cc3b62f46e05887d45f,IMPORT,preserved,,Sertanejao/Eduardo Costa - #40Tena 2020/26 Eduardo Costa - Sem direção.mp3,"sem erro de leitura; metadata INFERRED; título HIGH; artista HIGH; cover presente; bitrate 128 kbps; sample rate 44100 Hz; desempate final por relative_path",128000,44100,true,INFERRED
Sertanejao/Eduardo Costa - De Pele Alma E Coração - Ao Vivo/01 - Cachaceiro.mp3,424aa297f2a8b4417058f2c86a0db5ba29aee6ce5bfac7c77871159aeccbb790,IMPORT,preserved,74,Sertanejao/Eduardo Costa - De Pele Alma E Coração - Ao Vivo/01 - Cachaceiro.mp3,"sem erro de leitura; metadata GOOD; título HIGH; artista HIGH; sem cover; bitrate 96 kbps; sample rate 32000 Hz; desempate final por relative_path",96000,32000,false,GOOD
Sertanejao/Eduardo Costa - De Pele Alma E Coração - Ao Vivo/02 - Ela Saiu Á Francesa.mp3,a6e6e65032002919e855339b9e6994e39bd1d728266398e11f1d171e8ca5fb9d,IMPORT,preserved,,Sertanejao/Eduardo Costa - De Pele Alma E Coração - Ao Vivo/02 - Ela Saiu Á Francesa.mp3,"sem erro de leitura; metadata GOOD; título HIGH; artista HIGH; sem cover; bitrate 96 kbps; sample rate 32000 Hz; desempate final por relative_path",96000,32000,false,GOOD
Sertanejao/Eduardo Costa - De Pele Alma E Coração - Ao Vivo/03 - Eu Quero Te Amar.mp3,ced6c4c6ec6f61e6f35f24a03b55f413acca9519b2b9679a9462feea68b771b8,IMPORT,preserved,,Sertanejao/Eduardo Costa - De Pele Alma E Coração - Ao Vivo/03 - Eu Quero Te Amar.mp3,"sem erro de leitura; metadata GOOD; título HIGH; artista HIGH; sem cover; bitrate 96 kbps; sample rate 32000 Hz; desempate final por relative_path",96000,32000,false,GOOD
Sertanejao/Eduardo Costa - De Pele Alma E Coração - Ao Vivo/04 - Meu Grito De Amor (Part) Paula Fernandes.mp3,6b49e2c003e52db7ec6fedec6e6ce4b4b6d55eaf41f1de46051fea724c5c2d01,IMPORT,preserved,,Sertanejao/Eduardo Costa - De Pele Alma E Coração - Ao Vivo/04 - Meu Grito De Amor (Part) Paula Fernandes.mp3,"sem erro de leitura; metadata GOOD; título HIGH; artista HIGH; sem cover; bitrate 96 kbps; sample rate 32000 Hz; desempate final por relative_path",96000,32000,false,GOOD
Sertanejao/Eduardo Costa - De Pele Alma E Coração - Ao Vivo/05 - Nenhuma Esperança.mp3,2b93a87919fda9ba2ebeea4e20eebcc9d6b79523c7f0660ca4cb855dcfc28c1d,IMPORT,preserved,,Sertanejao/Eduardo Costa - De Pele Alma E Coração - Ao Vivo/05 - Nenhuma Esperança.mp3,"sem erro de leitura; metadata GOOD; título HIGH; artista HIGH; sem cover; bitrate 96 kbps; sample rate 32000 Hz; desempate final por relative_path",96000,32000,false,GOOD
Sertanejao/Eduardo Costa - De Pele Alma E Coração - Ao Vivo/06  - Paguei Pra Ver.mp3,43d6fbc20a2c3f1d5735ca2dff998175ff178bf8d1b587e6237c192cf43da668,IMPORT,preserved,,Sertanejao/Eduardo Costa - De Pele Alma E Coração - Ao Vivo/06  - Paguei Pra Ver.mp3,"sem erro de leitura; metadata GOOD; título HIGH; artista HIGH; sem cover; bitrate 96 kbps; sample rate 32000 Hz; desempate final por relative_path",96000,32000,false,GOOD
Sertanejao/Eduardo Costa - De Pele Alma E Coração - Ao Vivo/08 - Pele Alma E Coração.mp3,281a29140032c07e1bcec8fc62ee18df48e03df3ffd13e0bdb18489a67285414,IMPORT,preserved,,Sertanejao/Eduardo Costa - De Pele Alma E Coração - Ao Vivo/08 - Pele Alma E Coração.mp3,"sem erro de leitura; metadata GOOD; título HIGH; artista HIGH; sem cover; bitrate 96 kbps; sample rate 32000 Hz; desempate final por relative_path",96000,32000,false,GOOD
Sertanejao/Eduardo Costa - De Pele Alma E Coração - Ao Vivo/09  - 1 De Abril  (Part) Belo.mp3,c11301d78582d4ef8cd905b6e65a80c2314a070cf79f69a97f9f7adefcc3b266,IMPORT,preserved,,Sertanejao/Eduardo Costa - De Pele Alma E Coração - Ao Vivo/09  - 1 De Abril  (Part) Belo.mp3,"sem erro de leitura; metadata GOOD; título HIGH; artista HIGH; sem cover; bitrate 96 kbps; sample rate 32000 Hz; desempate final por relative_path",96000,32000,false,GOOD
Sertanejao/Eduardo Costa - De Pele Alma E Coração - Ao Vivo/10  - Quem é.mp3,92b3f7bee741d44f259a2038661a052a44dae3a0c60e30e7f5d04cc6f216ad57,SKIP_LIKELY,likely_duplicate,30,00 - Modão de Buteco/61 a 87/68 - Quem é.mp3,"sem erro de leitura; metadata GOOD; título HIGH; artista HIGH; sem cover; bitrate 128 kbps; sample rate 44100 Hz; desempate final por relative_path",96000,32000,false,GOOD
Sertanejao/Eduardo Costa - De Pele Alma E Coração - Ao Vivo/11  - Solidão Por Perto.mp3,d24a97d51ce1ff3aa6d36e1f8e2532913eb7c0c2f8a649b1412d78eea7d5192d,IMPORT,preserved,,Sertanejao/Eduardo Costa - De Pele Alma E Coração - Ao Vivo/11  - Solidão Por Perto.mp3,"sem erro de leitura; metadata GOOD; título HIGH; artista HIGH; sem cover; bitrate 96 kbps; sample rate 32000 Hz; desempate final por relative_path",96000,32000,false,GOOD
Sertanejao/Eduardo Costa - De Pele Alma E Coração - Ao Vivo/12 - Sou Seu Fã N° 1.mp3,89bf4eb153e429e8549964ae1c1ea0c3e943801047e2f343b9f4474472643939,IMPORT,preserved,,Sertanejao/Eduardo Costa - De Pele Alma E Coração - Ao Vivo/12 - Sou Seu Fã N° 1.mp3,"sem erro de leitura; metadata GOOD; título HIGH; artista HIGH; sem cover; bitrate 96 kbps; sample rate 32000 Hz; desempate final por relative_path",96000,32000,false,GOOD
Sertanejao/Eduardo Costa - De Pele Alma E Coração - Ao Vivo/13 - Tem Tudo A Ver.mp3,b034496a3d233eb68cbe459fa194622b13cb386d1bf1b59ba045252ba736c7b8,IMPORT,preserved,,Sertanejao/Eduardo Costa - De Pele Alma E Coração - Ao Vivo/13 - Tem Tudo A Ver.mp3,"sem erro de leitura; metadata GOOD; título HIGH; artista HIGH; sem cover; bitrate 96 kbps; sample rate 32000 Hz; desempate final por relative_path",96000,32000,false,GOOD
Sertanejao/Eduardo Costa - De Pele Alma E Coração - Ao Vivo/14 - Tomara A Deus.mp3,d6ab100a7aa521e5eb00dea33783b4537655af6465ac25a2d19a7a6af5a6597c,IMPORT,preserved,,Sertanejao/Eduardo Costa - De Pele Alma E Coração - Ao Vivo/14 - Tomara A Deus.mp3,"sem erro de leitura; metadata GOOD; título HIGH; artista HIGH; sem cover; bitrate 96 kbps; sample rate 32000 Hz; desempate final por relative_path",96000,32000,false,GOOD
Sertanejao/Eduardo Costa - De Pele Alma E Coração - Ao Vivo/15  - Vontade Dividida.mp3,4cc4ab7558b71db86a68343410c15114a15982a248764dcba67d41972629807d,IMPORT,preserved,,Sertanejao/Eduardo Costa - De Pele Alma E Coração - Ao Vivo/15  - Vontade Dividida.mp3,"sem erro de leitura; metadata GOOD; título HIGH; artista HIGH; sem cover; bitrate 96 kbps; sample rate 32000 Hz; desempate final por relative_path",96000,32000,false,GOOD
Sertanejao/Eduardo Costa - De Pele Alma E Coração - Ao Vivo/7. Eduardo Costa - Pé De Macaco.mp3,859c1f00bfe10ebb6cce1682c2dce83fb7aad0a3aa7c951c7c763a849d92b1f6,IMPORT,preserved,,Sertanejao/Eduardo Costa - De Pele Alma E Coração - Ao Vivo/7. Eduardo Costa - Pé De Macaco.mp3,"sem erro de leitura; metadata GOOD; título HIGH; artista HIGH; sem cover; bitrate 96 kbps; sample rate 32000 Hz; desempate final por relative_path",96000,32000,false,GOOD
Sertanejao/Eduardo Costa - Pantanal 2021/01 Eduardo Costa - Tocando em frente.mp3,c15fc097e7fb11cc7780c0643dd49f00e61a7e950f920847f2424ab968187d3a,IMPORT,preserved,,Sertanejao/Eduardo Costa - Pantanal 2021/01 Eduardo Costa - Tocando em frente.mp3,"sem erro de leitura; metadata INFERRED; título HIGH; artista HIGH; cover presente; bitrate 128 kbps; sample rate 44100 Hz; desempate final por relative_path",128000,44100,true,INFERRED
Sertanejao/Eduardo Costa - Pantanal 2021/02 Eduardo Costa - Chega.mp3,cab7047676b9f1865d706a337f3da9bf6e1880532285bad6edef335ba171e2ba,IMPORT,preserved,,Sertanejao/Eduardo Costa - Pantanal 2021/02 Eduardo Costa - Chega.mp3,"sem erro de leitura; metadata INFERRED; título HIGH; artista HIGH; cover presente; bitrate 128 kbps; sample rate 44100 Hz; desempate final por relative_path",128000,44100,true,INFERRED
Sertanejao/Eduardo Costa - Pantanal 2021/03 Eduardo Costa - Boiadeiro errante.mp3,5c5de7c489a83aaed7129a4ac14b9034e2ed11cd2712651c2d8881745a84bab2,IMPORT,preserved,,Sertanejao/Eduardo Costa - Pantanal 2021/03 Eduardo Costa - Boiadeiro errante.mp3,"sem erro de leitura; metadata INFERRED; título HIGH; artista HIGH; cover presente; bitrate 128 kbps; sample rate 44100 Hz; desempate final por relative_path",128000,44100,true,INFERRED
Sertanejao/Eduardo Costa - Pantanal 2021/04 Eduardo Costa - A vaca foi pro brejo.mp3,d6b254b32a90039305c6bb25a8a9c58b2cba8da7280c23744791fe064225e729,IMPORT,preserved,,Sertanejao/Eduardo Costa - Pantanal 2021/04 Eduardo Costa - A vaca foi pro brejo.mp3,"sem erro de leitura; metadata INFERRED; título HIGH; artista HIGH; cover presente; bitrate 128 kbps; sample rate 44100 Hz; desempate final por relative_path",128000,44100,true,INFERRED
Sertanejao/Eduardo Costa - Pantanal 2021/05 Eduardo Costa - A dor do adeus.mp3,9430c48e565b350ab255fe8e4ede05937c74d88b1e2fb0122f947abfd9ecfe53,IMPORT,preserved,,Sertanejao/Eduardo Costa - Pantanal 2021/05 Eduardo Costa - A dor do adeus.mp3,"sem erro de leitura; metadata INFERRED; título HIGH; artista HIGH; cover presente; bitrate 128 kbps; sample rate 44100 Hz; desempate final por relative_path",128000,44100,true,INFERRED
Sertanejao/Eduardo Costa - Pantanal 2021/06 Eduardo Costa - Franguinho na panela.mp3,625f9360379589c01596b9664bf58e19d24078bee70c599b65c8b90702d348e6,IMPORT,preserved,,Sertanejao/Eduardo Costa - Pantanal 2021/06 Eduardo Costa - Franguinho na panela.mp3,"sem erro de leitura; metadata INFERRED; título HIGH; artista HIGH; cover presente; bitrate 128 kbps; sample rate 44100 Hz; desempate final por relative_path",128000,44100,true,INFERRED
Sertanejao/Eduardo Costa - Pantanal 2021/07 Eduardo Costa - A mão do tempo.mp3,32a7063cb083ccad1ef9f000cd047a0f209273b7cdbdf74b1c66094292f9479a,IMPORT,preserved,,Sertanejao/Eduardo Costa - Pantanal 2021/07 Eduardo Costa - A mão do tempo.mp3,"sem erro de leitura; metadata INFERRED; título HIGH; artista HIGH; cover presente; bitrate 128 kbps; sample rate 44100 Hz; desempate final por relative_path",128000,44100,true,INFERRED
Sertanejao/Eduardo Costa - Pantanal 2021/08 Eduardo Costa - Chega de sujeira.mp3,5818bb9b3a98fb22053e751958f3e59765704dc53262c5eddeac1270f38be2e6,IMPORT,preserved,,Sertanejao/Eduardo Costa - Pantanal 2021/08 Eduardo Costa - Chega de sujeira.mp3,"sem erro de leitura; metadata INFERRED; título HIGH; artista HIGH; cover presente; bitrate 128 kbps; sample rate 44100 Hz; desempate final por relative_path",128000,44100,true,INFERRED
Sertanejao/Eduardo Costa - Pantanal 2021/09 Eduardo Costa - A saudade é uma estrada longa.mp3,8f3d82adf894f2367be7af33ac04b745bc6f5003c72efd245ca535dde1d13dc3,IMPORT,preserved,,Sertanejao/Eduardo Costa - Pantanal 2021/09 Eduardo Costa - A saudade é uma estrada longa.mp3,"sem erro de leitura; metadata INFERRED; título HIGH; artista HIGH; cover presente; bitrate 128 kbps; sample rate 44100 Hz; desempate final por relative_path",128000,44100,true,INFERRED
Sertanejao/Eduardo Costa - Pantanal 2021/10 Eduardo Costa - Chalana.mp3,af293bd8c8492b76b36b7ed60b332e9edf824e9dc98b1d4b4655d4374a095b8d,IMPORT,preserved,,Sertanejao/Eduardo Costa - Pantanal 2021/10 Eduardo Costa - Chalana.mp3,"sem erro de leitura; metadata INFERRED; título HIGH; artista HIGH; cover presente; bitrate 128 kbps; sample rate 44100 Hz; desempate final por relative_path",128000,44100,true,INFERRED
Sertanejao/Eduardo Costa - Pantanal 2021/11 Eduardo Costa - Saudade pesada.mp3,9a5dd5efc7324841e5c10a4922258a5c891b6a0496a351069fed56e0bd3afce2,IMPORT,preserved,,Sertanejao/Eduardo Costa - Pantanal 2021/11 Eduardo Costa - Saudade pesada.mp3,"sem erro de leitura; metadata INFERRED; título HIGH; artista HIGH; cover presente; bitrate 128 kbps; sample rate 44100 Hz; desempate final por relative_path",128000,44100,true,INFERRED
Sertanejao/Eduardo Costa - Pantanal 2021/12 Eduardo Costa - Cabocla Tereza.mp3,b048e33344779048e4e033de21cbff9ae67a1e3b44982c92c8fa42120ae0490b,IMPORT,preserved,,Sertanejao/Eduardo Costa - Pantanal 2021/12 Eduardo Costa - Cabocla Tereza.mp3,"sem erro de leitura; metadata INFERRED; título HIGH; artista HIGH; cover presente; bitrate 128 kbps; sample rate 44100 Hz; desempate final por relative_path",128000,44100,true,INFERRED
Sertanejao/Eduardo Costa - Pantanal 2021/13 Eduardo Costa - Serafim e seus filhos.mp3,3215684515a78a127b4e6ee5411e12b3a8128686a634456d292d80451d2b4b94,IMPORT,preserved,,Sertanejao/Eduardo Costa - Pantanal 2021/13 Eduardo Costa - Serafim e seus filhos.mp3,"sem erro de leitura; metadata INFERRED; título HIGH; artista HIGH; cover presente; bitrate 128 kbps; sample rate 44100 Hz; desempate final por relative_path",128000,44100,true,INFERRED
Sertanejao/Eduardo Costa - Pantanal 2021/14 Eduardo Costa - Pagode do casamento.mp3,adef816eda4234e9cf0a67ae7d1ea014c0ee47ebe26d0508822d397990f15f0a,IMPORT,preserved,,Sertanejao/Eduardo Costa - Pantanal 2021/14 Eduardo Costa - Pagode do casamento.mp3,"sem erro de leitura; metadata INFERRED; título HIGH; artista HIGH; cover presente; bitrate 128 kbps; sample rate 44100 Hz; desempate final por relative_path",128000,44100,true,INFERRED
Sertanejao/Eduardo Costa - Pantanal 2021/15 Eduardo Costa - Cuitelinho.mp3,5d449e54bd449fb43b3fc967126a4c3b77995c6d8c52814610a67c8b3f8aa4e4,IMPORT,preserved,,Sertanejao/Eduardo Costa - Pantanal 2021/15 Eduardo Costa - Cuitelinho.mp3,"sem erro de leitura; metadata INFERRED; título HIGH; artista HIGH; cover presente; bitrate 128 kbps; sample rate 44100 Hz; desempate final por relative_path",128000,44100,true,INFERRED
"Sertanejao/EP Rionegro e Solimões - Só lembranças (Acústico, Ep4) 2021 - www.sistemasertanejo.com/01 Rionegro e Solimões - Romântica.mp3",bb54c2ac3db15ac49ce35bf582f2e8e85593d61d2c938fa743e6427925d08073,IMPORT,preserved,,"Sertanejao/EP Rionegro e Solimões - Só lembranças (Acústico, Ep4) 2021 - www.sistemasertanejo.com/01 Rionegro e Solimões - Romântica.mp3","sem erro de leitura; metadata INFERRED; título HIGH; artista HIGH; cover presente; bitrate 128 kbps; sample rate 44100 Hz; desempate final por relative_path",128000,44100,true,INFERRED
"Sertanejao/EP Rionegro e Solimões - Só lembranças (Acústico, Ep4) 2021 - www.sistemasertanejo.com/02 Rionegro e Solimões - Na sola da bota.mp3",f1c8bb5c8018b8e996376e3bec6dd75818e2e588100ed6e666829fb800082a93,IMPORT,preserved,,"Sertanejao/EP Rionegro e Solimões - Só lembranças (Acústico, Ep4) 2021 - www.sistemasertanejo.com/02 Rionegro e Solimões - Na sola da bota.mp3","sem erro de leitura; metadata INFERRED; título HIGH; artista HIGH; cover presente; bitrate 128 kbps; sample rate 44100 Hz; desempate final por relative_path",128000,44100,true,INFERRED
"Sertanejao/EP Rionegro e Solimões - Só lembranças (Acústico, Ep4) 2021 - www.sistemasertanejo.com/03 Rionegro e Solimões - Tô mal.mp3",1c6858ad2665c6cb01e12b37917c2713b062fd78ea0dae15b76f4dc3520496a1,IMPORT,preserved,,"Sertanejao/EP Rionegro e Solimões - Só lembranças (Acústico, Ep4) 2021 - www.sistemasertanejo.com/03 Rionegro e Solimões - Tô mal.mp3","sem erro de leitura; metadata INFERRED; título HIGH; artista HIGH; cover presente; bitrate 128 kbps; sample rate 44100 Hz; desempate final por relative_path",128000,44100,true,INFERRED
"Sertanejao/EP Rionegro e Solimões - Só lembranças (Acústico, Ep4) 2021 - www.sistemasertanejo.com/04 Rionegro e Solimões - Só alegria, Bate o pé, De bem com a vida.mp3",f8421c8772d154cde458b6192755152a40000fee635e9720b0ab2c81bf04a278,IMPORT,preserved,,"Sertanejao/EP Rionegro e Solimões - Só lembranças (Acústico, Ep4) 2021 - www.sistemasertanejo.com/04 Rionegro e Solimões - Só alegria, Bate o pé, De bem com a vida.mp3","sem erro de leitura; metadata INFERRED; título HIGH; artista HIGH; cover presente; bitrate 128 kbps; sample rate 44100 Hz; desempate final por relative_path",128000,44100,true,INFERRED
"Sertanejao/EP Rionegro e Solimões - Só lembranças (Acústico, Ep4) 2021 - www.sistemasertanejo.com/05 Rionegro e Solimões - Lenha.mp3",40711525703772adfddad9e73baf1dbdd52b6e96c6a70bd4cc46801f81c2bd7f,IMPORT,preserved,,"Sertanejao/EP Rionegro e Solimões - Só lembranças (Acústico, Ep4) 2021 - www.sistemasertanejo.com/05 Rionegro e Solimões - Lenha.mp3","sem erro de leitura; metadata INFERRED; título HIGH; artista HIGH; cover presente; bitrate 128 kbps; sample rate 44100 Hz; desempate final por relative_path",128000,44100,true,INFERRED
"Sertanejao/EP Rionegro e Solimões - Só lembranças (Acústico, Ep4) 2021 - www.sistemasertanejo.com/06 Rionegro e Solimões - À sua maneira.mp3",3b9152600c00b005527956549400a9c6b596bdd4d904305cb14a2ed0a4e194e9,IMPORT,preserved,,"Sertanejao/EP Rionegro e Solimões - Só lembranças (Acústico, Ep4) 2021 - www.sistemasertanejo.com/06 Rionegro e Solimões - À sua maneira.mp3","sem erro de leitura; metadata INFERRED; título HIGH; artista HIGH; cover presente; bitrate 128 kbps; sample rate 44100 Hz; desempate final por relative_path",128000,44100,true,INFERRED
"Sertanejao/EP Rionegro e Solimões - Só lembranças (Acústico, Ep4) 2021 - www.sistemasertanejo.com/07 Rionegro e Solimões - Depois que perde.mp3",3fc38dbe84a8f846b72b5b32216ffa251c0edc440d6bfca67242db48cb44fddc,IMPORT,preserved,,"Sertanejao/EP Rionegro e Solimões - Só lembranças (Acústico, Ep4) 2021 - www.sistemasertanejo.com/07 Rionegro e Solimões - Depois que perde.mp3","sem erro de leitura; metadata INFERRED; título HIGH; artista HIGH; cover presente; bitrate 128 kbps; sample rate 44100 Hz; desempate final por relative_path",128000,44100,true,INFERRED
Sertanejao/Felipe e Falcão - 30 anos de história (Ao vivo) 2020/01 Felipe e Falcão - Não te perdoo.mp3,5edc707e6c96eed0a87c834752335b6cae7739f46b86ed4d10176b4cc1e0619e,IMPORT,preserved,,Sertanejao/Felipe e Falcão - 30 anos de história (Ao vivo) 2020/01 Felipe e Falcão - Não te perdoo.mp3,"sem erro de leitura; metadata INFERRED; título HIGH; artista HIGH; cover presente; bitrate 128 kbps; sample rate 44100 Hz; desempate final por relative_path",128000,44100,true,INFERRED
Sertanejao/Felipe e Falcão - 30 anos de história (Ao vivo) 2020/02 Felipe e Falcão - Eu quero é não prestar.mp3,c3a6979893e831c603763ec71c5ab4120a00cf439dd9f6e5d16a5439de921541,IMPORT,preserved,,Sertanejao/Felipe e Falcão - 30 anos de história (Ao vivo) 2020/02 Felipe e Falcão - Eu quero é não prestar.mp3,"sem erro de leitura; metadata INFERRED; título HIGH; artista HIGH; cover presente; bitrate 128 kbps; sample rate 44100 Hz; desempate final por relative_path",128000,44100,true,INFERRED
Sertanejao/Felipe e Falcão - 30 anos de história (Ao vivo) 2020/03 Felipe e Falcão - Duas feras no cio (Part. César Menotti e Fabiano).mp3,b7a372a59e05982baa6142637306a2a0291db598ee125b7c4fd682ab5368859b,IMPORT,preserved,,Sertanejao/Felipe e Falcão - 30 anos de história (Ao vivo) 2020/03 Felipe e Falcão - Duas feras no cio (Part. César Menotti e Fabiano).mp3,"sem erro de leitura; metadata INFERRED; título HIGH; artista HIGH; cover presente; bitrate 128 kbps; sample rate 44100 Hz; desempate final por relative_path",128000,44100,true,INFERRED
Sertanejao/Felipe e Falcão - 30 anos de história (Ao vivo) 2020/04 Felipe e Falcão - Avisa o próximo.mp3,5adaeea21869a281c2769fa972029bac8cc2a0e9a487f4e82f946ab4bc66f7ad,IMPORT,preserved,,Sertanejao/Felipe e Falcão - 30 anos de história (Ao vivo) 2020/04 Felipe e Falcão - Avisa o próximo.mp3,"sem erro de leitura; metadata INFERRED; título HIGH; artista HIGH; cover presente; bitrate 128 kbps; sample rate 44100 Hz; desempate final por relative_path",128000,44100,true,INFERRED
Sertanejao/Felipe e Falcão - 30 anos de história (Ao vivo) 2020/05 Felipe e Falcão - Grito de amor.mp3,ecb54d4bc6334e83651a20a9aa99ac9f7112201d7e2ec7e02d17ccfd066ba9d5,IMPORT,preserved,,Sertanejao/Felipe e Falcão - 30 anos de história (Ao vivo) 2020/05 Felipe e Falcão - Grito de amor.mp3,"sem erro de leitura; metadata INFERRED; título HIGH; artista HIGH; cover presente; bitrate 128 kbps; sample rate 44100 Hz; desempate final por relative_path",128000,44100,true,INFERRED
Sertanejao/Felipe e Falcão - 30 anos de história (Ao vivo) 2020/06 Felipe e Falcão - Noventa por cento mais mulher (Part. João Bosco e Vinícius).mp3,e0ecb330a9b94a59c54dbc57e1512f22ad5371fca8b9baf14a451edd0bfcee08,IMPORT,preserved,,Sertanejao/Felipe e Falcão - 30 anos de história (Ao vivo) 2020/06 Felipe e Falcão - Noventa por cento mais mulher (Part. João Bosco e Vinícius).mp3,"sem erro de leitura; metadata INFERRED; título HIGH; artista HIGH; cover presente; bitrate 128 kbps; sample rate 44100 Hz; desempate final por relative_path",128000,44100,true,INFERRED
Sertanejao/Felipe e Falcão - 30 anos de história (Ao vivo) 2020/07 Felipe e Falcão - Desatino.mp3,02944bf5964c93a61cb5bdf6458be09ae042d5db8c1c414847909abf403790b7,IMPORT,preserved,,Sertanejao/Felipe e Falcão - 30 anos de história (Ao vivo) 2020/07 Felipe e Falcão - Desatino.mp3,"sem erro de leitura; metadata INFERRED; título HIGH; artista HIGH; cover presente; bitrate 128 kbps; sample rate 44100 Hz; desempate final por relative_path",128000,44100,true,INFERRED
Sertanejao/Felipe e Falcão - 30 anos de história (Ao vivo) 2020/08 Felipe e Falcão - Dói.mp3,089a9671a3a9bd0eee29ac28d6a31f19105b3f09ed9cd8d1901a09093a0a7abe,IMPORT,preserved,,Sertanejao/Felipe e Falcão - 30 anos de história (Ao vivo) 2020/08 Felipe e Falcão - Dói.mp3,"sem erro de leitura; metadata INFERRED; título HIGH; artista HIGH; cover presente; bitrate 128 kbps; sample rate 44100 Hz; desempate final por relative_path",128000,44100,true,INFERRED
"Sertanejao/Felipe e Falcão - 30 anos de história (Ao vivo) 2020/09 Felipe e Falcão - O saco ficou de fora, Homem tem que ter mulher, Quer verdura.mp3",19d2e8ab6dcc7554ef77959127a5a9c6e8ac7cdbec3a30a1f1541377e5bd9f66,IMPORT,preserved,,"Sertanejao/Felipe e Falcão - 30 anos de história (Ao vivo) 2020/09 Felipe e Falcão - O saco ficou de fora, Homem tem que ter mulher, Quer verdura.mp3","sem erro de leitura; metadata INFERRED; título HIGH; artista HIGH; cover presente; bitrate 128 kbps; sample rate 44100 Hz; desempate final por relative_path",128000,44100,true,INFERRED
Sertanejao/Felipe e Falcão - 30 anos de história (Ao vivo) 2020/10 Felipe e Falcão - Deixa eu te amar por favor (Part. Rionegro e Solimões).mp3,976ea03b6461d3b5b1c596e7909ec23457e7af449f7a8b453f74d70f18b9da76,IMPORT,preserved,,Sertanejao/Felipe e Falcão - 30 anos de história (Ao vivo) 2020/10 Felipe e Falcão - Deixa eu te amar por favor (Part. Rionegro e Solimões).mp3,"sem erro de leitura; metadata INFERRED; título HIGH; artista HIGH; cover presente; bitrate 128 kbps; sample rate 44100 Hz; desempate final por relative_path",128000,44100,true,INFERRED
Sertanejao/Felipe e Falcão - 30 anos de história (Ao vivo) 2020/11 Felipe e Falcão - Pau d'água.mp3,63d51ceb991cf6dd2d846cd39677e6f5e87e933b94e206f4b0d5b787dfa147f3,IMPORT,preserved,,Sertanejao/Felipe e Falcão - 30 anos de história (Ao vivo) 2020/11 Felipe e Falcão - Pau d'água.mp3,"sem erro de leitura; metadata INFERRED; título HIGH; artista HIGH; cover presente; bitrate 128 kbps; sample rate 44100 Hz; desempate final por relative_path",128000,44100,true,INFERRED
Sertanejao/Felipe e Falcão - 30 anos de história (Ao vivo) 2020/12 Felipe e Falcão - Dar pra nóis ninguém qué.mp3,25f10cd1f97a4d9f4c86c77b7052d00650f2e0958c85cc8d4d9c53f00a6b9438,IMPORT,preserved,,Sertanejao/Felipe e Falcão - 30 anos de história (Ao vivo) 2020/12 Felipe e Falcão - Dar pra nóis ninguém qué.mp3,"sem erro de leitura; metadata INFERRED; título HIGH; artista HIGH; cover presente; bitrate 128 kbps; sample rate 44100 Hz; desempate final por relative_path",128000,44100,true,INFERRED
Sertanejao/Felipe e Falcão - 30 anos de história (Ao vivo) 2020/13 Felipe e Falcão - Nãna nina não.mp3,ae1efce951e2b5c990ad1b2047d7150aa6ae11c4c0f40e6c666a8ed2cb2b65d7,IMPORT,preserved,,Sertanejao/Felipe e Falcão - 30 anos de história (Ao vivo) 2020/13 Felipe e Falcão - Nãna nina não.mp3,"sem erro de leitura; metadata INFERRED; título HIGH; artista HIGH; cover presente; bitrate 128 kbps; sample rate 44100 Hz; desempate final por relative_path",128000,44100,true,INFERRED
Sertanejao/Felipe e Falcão - 30 anos de história (Ao vivo) 2020/14 Felipe e Falcão - Quer tirar a dúvida (Part. Naiara Azevedo).mp3,d8e566809056454f4c656a1329d60e3fb1785c93657b5206d630c6f1bfdecb4f,IMPORT,preserved,,Sertanejao/Felipe e Falcão - 30 anos de história (Ao vivo) 2020/14 Felipe e Falcão - Quer tirar a dúvida (Part. Naiara Azevedo).mp3,"sem erro de leitura; metadata INFERRED; título HIGH; artista HIGH; cover presente; bitrate 128 kbps; sample rate 44100 Hz; desempate final por relative_path",128000,44100,true,INFERRED
Sertanejao/Felipe e Falcão - 30 anos de história (Ao vivo) 2020/15 Felipe e Falcão - Hoje não é nosso dia.mp3,58631f5f261cf8812e88dc32236c67861520f30ffa56ae89eef05aa3a940369a,IMPORT,preserved,,Sertanejao/Felipe e Falcão - 30 anos de história (Ao vivo) 2020/15 Felipe e Falcão - Hoje não é nosso dia.mp3,"sem erro de leitura; metadata INFERRED; título HIGH; artista HIGH; cover presente; bitrate 128 kbps; sample rate 44100 Hz; desempate final por relative_path",128000,44100,true,INFERRED
Sertanejao/Felipe e Falcão - 30 anos de história (Ao vivo) 2020/16 Felipe e Falcão - Que pena.mp3,01a5c63743012453ac11cfa09547e0bab4c6ed9f0b75fe5f91d2b59bc2fc2a26,IMPORT,preserved,,Sertanejao/Felipe e Falcão - 30 anos de história (Ao vivo) 2020/16 Felipe e Falcão - Que pena.mp3,"sem erro de leitura; metadata INFERRED; título HIGH; artista HIGH; cover presente; bitrate 128 kbps; sample rate 44100 Hz; desempate final por relative_path",128000,44100,true,INFERRED
Sertanejao/Felipe e Falcão - Só Modão/01 - Crises de Ciumes.mp3,8bde9657167111fa24493198a16cbd636e6b50bd25e32d78483fe55ec1f04d3d,IMPORT,preserved,,Sertanejao/Felipe e Falcão - Só Modão/01 - Crises de Ciumes.mp3,"sem erro de leitura; metadata GOOD; título HIGH; artista HIGH; cover presente; bitrate 128 kbps; sample rate 44100 Hz; desempate final por relative_path",128000,44100,true,GOOD
Sertanejao/Felipe e Falcão - Só Modão/02 - Parede e Meia.mp3,2a92b13412a37306757d5abf1acb023a4257d74d4be165b769cbdc429f84f5c3,IMPORT,preserved,,Sertanejao/Felipe e Falcão - Só Modão/02 - Parede e Meia.mp3,"sem erro de leitura; metadata GOOD; título HIGH; artista HIGH; cover presente; bitrate 128 kbps; sample rate 44100 Hz; desempate final por relative_path",128000,44100,true,GOOD
Sertanejao/Felipe e Falcão - Só Modão/03 - Quarto Vizinho.mp3,e45eab5c673a4c9b2f4c73431a2baee0c1e666e0c74c35d9caa1669dc88a7f67,IMPORT,preserved,,Sertanejao/Felipe e Falcão - Só Modão/03 - Quarto Vizinho.mp3,"sem erro de leitura; metadata GOOD; título HIGH; artista HIGH; cover presente; bitrate 128 kbps; sample rate 44100 Hz; desempate final por relative_path",128000,44100,true,GOOD
Sertanejao/Felipe e Falcão - Só Modão/04 - Velho Amor.mp3,9c5e755337d97fdb1ee4fa510988a34a8c366710bb98baadca98d6167549ab11,IMPORT,preserved,,Sertanejao/Felipe e Falcão - Só Modão/04 - Velho Amor.mp3,"sem erro de leitura; metadata GOOD; título HIGH; artista HIGH; cover presente; bitrate 128 kbps; sample rate 44100 Hz; desempate final por relative_path",128000,44100,true,GOOD
Sertanejao/Felipe e Falcão - Só Modão/05 - Prisioneiro.mp3,2fddb7398d295be69325e28ab1ec61e1eacc473b7095418f6700ca9709cdaa8b,IMPORT,preserved,,Sertanejao/Felipe e Falcão - Só Modão/05 - Prisioneiro.mp3,"sem erro de leitura; metadata GOOD; título HIGH; artista HIGH; cover presente; bitrate 128 kbps; sample rate 44100 Hz; desempate final por relative_path",128000,44100,true,GOOD
Sertanejao/Felipe e Falcão - Só Modão/06 - No Colo da Noite.mp3,f5ee5a589589f7f6771517eb050139adb0ca77fc33531fac2a213d1c72ff4c66,IMPORT,preserved,,Sertanejao/Felipe e Falcão - Só Modão/06 - No Colo da Noite.mp3,"sem erro de leitura; metadata GOOD; título HIGH; artista HIGH; cover presente; bitrate 128 kbps; sample rate 44100 Hz; desempate final por relative_path",128000,44100,true,GOOD
Sertanejao/Felipe e Falcão - Só Modão/07 - Decida.mp3,a21921e05756591b388618975602a1bbad5347d190e8341f4fb1b190e1906ef8,IMPORT,preserved,,Sertanejao/Felipe e Falcão - Só Modão/07 - Decida.mp3,"sem erro de leitura; metadata GOOD; título HIGH; artista HIGH; cover presente; bitrate 128 kbps; sample rate 44100 Hz; desempate final por relative_path",128000,44100,true,GOOD
Sertanejao/Felipe e Falcão - Só Modão/08 - Hoje eu Sei.mp3,ce14b849d9dd226864895ecd98d3eeaa90cd3dc0f89aa5c52fe23f4c2bfa35d4,IMPORT,preserved,,Sertanejao/Felipe e Falcão - Só Modão/08 - Hoje eu Sei.mp3,"sem erro de leitura; metadata GOOD; título HIGH; artista HIGH; cover presente; bitrate 128 kbps; sample rate 44100 Hz; desempate final por relative_path",128000,44100,true,GOOD
Sertanejao/Felipe e Falcão - Só Modão/09 - Amantes e Inimigos.mp3,eb149ac8d54ddd9282ca624c556993b4a4f689be6183d351b9584eb476ca4e7a,IMPORT,preserved,,Sertanejao/Felipe e Falcão - Só Modão/09 - Amantes e Inimigos.mp3,"sem erro de leitura; metadata GOOD; título HIGH; artista HIGH; cover presente; bitrate 128 kbps; sample rate 44100 Hz; desempate final por relative_path",128000,44100,true,GOOD
Sertanejao/Felipe e Falcão - Só Modão/10 - Estrela de Ouro.mp3,8f685390d184a5d2a760cf37b47d8e948238992bd514ac06bf6f5e6e89cf9c8d,IMPORT,preserved,,Sertanejao/Felipe e Falcão - Só Modão/10 - Estrela de Ouro.mp3,"sem erro de leitura; metadata GOOD; título HIGH; artista HIGH; cover presente; bitrate 128 kbps; sample rate 44100 Hz; desempate final por relative_path",128000,44100,true,GOOD
Sertanejao/Felipe e Falcão - Só Modão/11 - Copia da Chave.mp3,96819cb3e3bd1b859c5a39e0a136cc28a02d3af134f38304899984681f6e8386,IMPORT,preserved,,Sertanejao/Felipe e Falcão - Só Modão/11 - Copia da Chave.mp3,"sem erro de leitura; metadata GOOD; título HIGH; artista HIGH; cover presente; bitrate 128 kbps; sample rate 44100 Hz; desempate final por relative_path",128000,44100,true,GOOD
Sertanejao/Felipe e Falcão - Só Modão/12 - Quarto de Porão.mp3,8603f8ce99884e6405862e3b27542c6f13de7b6b2dd587c71e1d8f4b86099457,IMPORT,preserved,,Sertanejao/Felipe e Falcão - Só Modão/12 - Quarto de Porão.mp3,"sem erro de leitura; metadata GOOD; título HIGH; artista HIGH; cover presente; bitrate 128 kbps; sample rate 44100 Hz; desempate final por relative_path",128000,44100,true,GOOD
Sertanejao/Gian e Giovani -  Jóia Rara Vol. 18 Ao Vivo/01 - Atende o telefone.mp3,88b1558f1e47a1d877c4cd932fcc03fd92fe844a1a035e0446322708d0fc05d5,IMPORT,preserved,,Sertanejao/Gian e Giovani -  Jóia Rara Vol. 18 Ao Vivo/01 - Atende o telefone.mp3,"sem erro de leitura; metadata INFERRED; título HIGH; artista MEDIUM; sem cover; bitrate 128 kbps; sample rate 44100 Hz; desempate final por relative_path",128000,44100,false,INFERRED
Sertanejao/Gian e Giovani -  Jóia Rara Vol. 18 Ao Vivo/02 - Eramos três.mp3,67591932cdec136023ef709d86b11fa2b3818c34b7211b5d323cff5595d2454b,IMPORT,preserved,,Sertanejao/Gian e Giovani -  Jóia Rara Vol. 18 Ao Vivo/02 - Eramos três.mp3,"sem erro de leitura; metadata INFERRED; título HIGH; artista MEDIUM; sem cover; bitrate 128 kbps; sample rate 44100 Hz; desempate final por relative_path",128000,44100,false,INFERRED
Sertanejao/Gian e Giovani -  Jóia Rara Vol. 18 Ao Vivo/03 - Esperanças não morrem assim.mp3,c4e027c0363539bb81ce55b23bb3899aa984d3481258d4d547a5f7e2bfbf6f59,IMPORT,preserved,,Sertanejao/Gian e Giovani -  Jóia Rara Vol. 18 Ao Vivo/03 - Esperanças não morrem assim.mp3,"sem erro de leitura; metadata INFERRED; título HIGH; artista MEDIUM; sem cover; bitrate 128 kbps; sample rate 44100 Hz; desempate final por relative_path",128000,44100,false,INFERRED
Sertanejao/Gian e Giovani -  Jóia Rara Vol. 18 Ao Vivo/04 - Eu vou te mimar.mp3,e1722098caf2fac47eedad827eaecc9a46a7c03ada37627c3babf344bbfea4bd,IMPORT,preserved,,Sertanejao/Gian e Giovani -  Jóia Rara Vol. 18 Ao Vivo/04 - Eu vou te mimar.mp3,"sem erro de leitura; metadata INFERRED; título HIGH; artista MEDIUM; sem cover; bitrate 128 kbps; sample rate 44100 Hz; desempate final por relative_path",128000,44100,false,INFERRED
Sertanejao/Gian e Giovani -  Jóia Rara Vol. 18 Ao Vivo/05 - Jóia Rara.mp3,5af95531fa395c25e82e02cc9eb662a5e3ed83adc6ddce3805338b2cf6746a02,IMPORT,preserved,,Sertanejao/Gian e Giovani -  Jóia Rara Vol. 18 Ao Vivo/05 - Jóia Rara.mp3,"sem erro de leitura; metadata INFERRED; título HIGH; artista MEDIUM; sem cover; bitrate 128 kbps; sample rate 44100 Hz; desempate final por relative_path",128000,44100,false,INFERRED
Sertanejao/Gian e Giovani -  Jóia Rara Vol. 18 Ao Vivo/06 - Medo de amar.mp3,722ae77e664aeed951815898deb3b636ca06b6213c6e22ccd732d9e26948958d,IMPORT,preserved,,Sertanejao/Gian e Giovani -  Jóia Rara Vol. 18 Ao Vivo/06 - Medo de amar.mp3,"sem erro de leitura; metadata INFERRED; título HIGH; artista MEDIUM; sem cover; bitrate 128 kbps; sample rate 44100 Hz; desempate final por relative_path",128000,44100,false,INFERRED
Sertanejao/Gian e Giovani -  Jóia Rara Vol. 18 Ao Vivo/07 - Para Tudo.mp3,c4cf6eb85d8105309f1cc9880a197bd1f4cd0994a4aa5d9cbb4e3bc630e554bd,IMPORT,preserved,,Sertanejao/Gian e Giovani -  Jóia Rara Vol. 18 Ao Vivo/07 - Para Tudo.mp3,"sem erro de leitura; metadata INFERRED; título HIGH; artista MEDIUM; sem cover; bitrate 128 kbps; sample rate 44100 Hz; desempate final por relative_path",128000,44100,false,INFERRED
Sertanejao/Gian e Giovani -  Jóia Rara Vol. 18 Ao Vivo/08 - Por toda vida.mp3,e9ac193fc881b30386a5756059603800211f4fb10f77ba9ccc5b7fe17fb5880f,IMPORT,preserved,,Sertanejao/Gian e Giovani -  Jóia Rara Vol. 18 Ao Vivo/08 - Por toda vida.mp3,"sem erro de leitura; metadata INFERRED; título HIGH; artista MEDIUM; sem cover; bitrate 128 kbps; sample rate 44100 Hz; desempate final por relative_path",128000,44100,false,INFERRED
Sertanejao/Gian e Giovani -  Jóia Rara Vol. 18 Ao Vivo/09 - Amigo seu - Tatuagem - Escravo do Amor - Olha amor.mp3,7ff01382ca731b8592d074c074e82762d416fd5e9e1f2c815d7c1a3dd3bbefac,IMPORT,preserved,,Sertanejao/Gian e Giovani -  Jóia Rara Vol. 18 Ao Vivo/09 - Amigo seu - Tatuagem - Escravo do Amor - Olha amor.mp3,"sem erro de leitura; metadata INFERRED; título HIGH; artista HIGH; sem cover; bitrate 128 kbps; sample rate 44100 Hz; desempate final por relative_path",128000,44100,false,INFERRED
Sertanejao/Gian e Giovani -  Jóia Rara Vol. 18 Ao Vivo/10 - Solidão - Amor Clandestino - São tantas coisas.mp3,dc67e34ce3c84dc43caac0c4abb7ba32e7a844bd7388bf878cd920044d4f7554,IMPORT,preserved,,Sertanejao/Gian e Giovani -  Jóia Rara Vol. 18 Ao Vivo/10 - Solidão - Amor Clandestino - São tantas coisas.mp3,"sem erro de leitura; metadata INFERRED; título HIGH; artista HIGH; sem cover; bitrate 128 kbps; sample rate 44100 Hz; desempate final por relative_path",128000,44100,false,INFERRED
Sertanejao/Gian e Giovani -  Jóia Rara Vol. 18 Ao Vivo/11 - Sonhei com você - Vontade dividida - Agenda rabiscada.mp3,3565011f759935f99538bb46719559d1eaa65dff4977a5c7fe9d4bbcd5cd682e,IMPORT,preserved,,Sertanejao/Gian e Giovani -  Jóia Rara Vol. 18 Ao Vivo/11 - Sonhei com você - Vontade dividida - Agenda rabiscada.mp3,"sem erro de leitura; metadata INFERRED; título HIGH; artista HIGH; sem cover; bitrate 128 kbps; sample rate 44100 Hz; desempate final por relative_path",128000,44100,false,INFERRED
Sertanejao/Gian e Giovani -  Jóia Rara Vol. 18 Ao Vivo/12 - Você em minha vida - Sua vez - Espuma da Cerveja - Amante Anonimo.mp3,ee16c5a393525cc79db69c6f0463e5c62999a174e37bc1d661cfad2355248023,IMPORT,preserved,,Sertanejao/Gian e Giovani -  Jóia Rara Vol. 18 Ao Vivo/12 - Você em minha vida - Sua vez - Espuma da Cerveja - Amante Anonimo.mp3,"sem erro de leitura; metadata INFERRED; título HIGH; artista HIGH; sem cover; bitrate 128 kbps; sample rate 44100 Hz; desempate final por relative_path",128000,44100,false,INFERRED
Sertanejao/Gian e Giovani -  Jóia Rara Vol. 18 Ao Vivo/13 - Paixão ou loucura - Amar Demais - Mercedita.mp3,7e03e57858294d34fa2962cf6ce2e4b769cf625a8af6342daac12b15b52eb936,IMPORT,preserved,,Sertanejao/Gian e Giovani -  Jóia Rara Vol. 18 Ao Vivo/13 - Paixão ou loucura - Amar Demais - Mercedita.mp3,"sem erro de leitura; metadata INFERRED; título HIGH; artista HIGH; sem cover; bitrate 128 kbps; sample rate 44100 Hz; desempate final por relative_path",128000,44100,false,INFERRED
Sertanejao/Gian e Giovani -  Jóia Rara Vol. 18 Ao Vivo/14 - Um Louco.mp3,7366e748f00e72a85f40243fffeb105ed61cb1f488caabe3357ba65b4d7d98e6,IMPORT,preserved,,Sertanejao/Gian e Giovani -  Jóia Rara Vol. 18 Ao Vivo/14 - Um Louco.mp3,"sem erro de leitura; metadata INFERRED; título HIGH; artista MEDIUM; sem cover; bitrate 128 kbps; sample rate 44100 Hz; desempate final por relative_path",128000,44100,false,INFERRED
Sertanejao/Gian e Giovani -  Jóia Rara Vol. 18 Ao Vivo/15 - Beijo bom.mp3,6da25ba6a222992c8227cd9ac3b0d70833100dc4be0c3dd2879aad9ac3b17f87,IMPORT,preserved,,Sertanejao/Gian e Giovani -  Jóia Rara Vol. 18 Ao Vivo/15 - Beijo bom.mp3,"sem erro de leitura; metadata INFERRED; título HIGH; artista MEDIUM; sem cover; bitrate 128 kbps; sample rate 44100 Hz; desempate final por relative_path",128000,44100,false,INFERRED
Sertanejao/Gilberto e Gilmar - Show 30 Anos de Carreira/Gilberto & Gilmar - Show 30 Anos De carreira - 01 Só Mais Uma Vez.mp3,539ceb86e80e8699c6b48100b7e4200e221b9de46824bc71d8ff2687769a6dcb,IMPORT,preserved,,Sertanejao/Gilberto e Gilmar - Show 30 Anos de Carreira/Gilberto & Gilmar - Show 30 Anos De carreira - 01 Só Mais Uma Vez.mp3,"sem erro de leitura; metadata INFERRED; título HIGH; artista HIGH; sem cover; bitrate 128 kbps; sample rate 44100 Hz; desempate final por relative_path",128000,44100,false,INFERRED
Sertanejao/Gilberto e Gilmar - Show 30 Anos de Carreira/Gilberto & Gilmar - Show 30 Anos De carreira - 03 Música da Saudade.mp3,372990d6b2b21ded832b42aa1c3b70dbcda78c4bd34274e8fcb7a701755e4941,IMPORT,preserved,,Sertanejao/Gilberto e Gilmar - Show 30 Anos de Carreira/Gilberto & Gilmar - Show 30 Anos De carreira - 03 Música da Saudade.mp3,"sem erro de leitura; metadata INFERRED; título HIGH; artista HIGH; sem cover; bitrate 128 kbps; sample rate 44100 Hz; desempate final por relative_path",128000,44100,false,INFERRED
Sertanejao/Gilberto e Gilmar - Show 30 Anos de Carreira/Gilberto & Gilmar - Show 30 Anos De Carreira - 04 Pout-Porri de Rancheira- O pinguço - Homem pássaro - Amor amor amor.mp3,b709ff51d0c5631bace933eddea40399939805ee0a87e6c9182d3ad2fe4379d9,IMPORT,preserved,,Sertanejao/Gilberto e Gilmar - Show 30 Anos de Carreira/Gilberto & Gilmar - Show 30 Anos De Carreira - 04 Pout-Porri de Rancheira- O pinguço - Homem pássaro - Amor amor amor.mp3,"sem erro de leitura; metadata INFERRED; título HIGH; artista HIGH; sem cover; bitrate 128 kbps; sample rate 44100 Hz; desempate final por relative_path",128000,44100,false,INFERRED
Sertanejao/Gilberto e Gilmar - Show 30 Anos de Carreira/Gilberto & Gilmar - Show 30 Anos de Carreira - 05 Capa de Revista.mp3,4080418d448ce48dc0b4d0451073f57d0a936f952d4026a95357ddaa689dc855,IMPORT,preserved,,Sertanejao/Gilberto e Gilmar - Show 30 Anos de Carreira/Gilberto & Gilmar - Show 30 Anos de Carreira - 05 Capa de Revista.mp3,"sem erro de leitura; metadata INFERRED; título HIGH; artista HIGH; sem cover; bitrate 128 kbps; sample rate 44100 Hz; desempate final por relative_path",128000,44100,false,INFERRED
Sertanejao/Gilberto e Gilmar - Show 30 Anos de Carreira/Gilberto & Gilmar - Show 30 Anos De Carreira - 06 Tá Ruim Mais Tá Bom.mp3,33034637a66b1f6aa5d9ad27d4ed0bf21911069e4ec55ed45aa04347c71194de,IMPORT,preserved,,Sertanejao/Gilberto e Gilmar - Show 30 Anos de Carreira/Gilberto & Gilmar - Show 30 Anos De Carreira - 06 Tá Ruim Mais Tá Bom.mp3,"sem erro de leitura; metadata INFERRED; título HIGH; artista HIGH; sem cover; bitrate 128 kbps; sample rate 44100 Hz; desempate final por relative_path",128000,44100,false,INFERRED
Sertanejao/Gilberto e Gilmar - Show 30 Anos de Carreira/Gilberto & Gilmar - Show 30 Anos De Carreira - 07 Luz do Amanhecer.mp3,1dbfc962eefecf8e90dbec3a758d309bbf5a6def04daf0b9f3800c3732e4f174,IMPORT,preserved,,Sertanejao/Gilberto e Gilmar - Show 30 Anos de Carreira/Gilberto & Gilmar - Show 30 Anos De Carreira - 07 Luz do Amanhecer.mp3,"sem erro de leitura; metadata INFERRED; título HIGH; artista HIGH; sem cover; bitrate 128 kbps; sample rate 44100 Hz; desempate final por relative_path",128000,44100,false,INFERRED
Sertanejao/Gilberto e Gilmar - Show 30 Anos de Carreira/Gilberto & Gilmar - Show 30 Anos De carreira - 08 Assino Com X.mp3,88f3f87ce396a32c9b3593180593c98f941c510aec17bf52b35ef4bc0ecd1898,SKIP_EXACT,exact_duplicate,11,00 - Modao Pra Churrasco/64 - Gilberto & Gilmar - Show 30 Anos De carreira - 08 Assino Com X.mp3,"sem erro de leitura; metadata INFERRED; título HIGH; artista HIGH; sem cover; bitrate 128 kbps; sample rate 44100 Hz; desempate final por relative_path",128000,44100,false,INFERRED
Sertanejao/Gilberto e Gilmar - Show 30 Anos de Carreira/Gilberto & Gilmar - Show 30 Anos De carreira - 09 Mais Que Paixão.mp3,42f4c1b5a4d42be654a07c52d859ba30af64909613a2f3361820043d1eb21602,IMPORT,preserved,,Sertanejao/Gilberto e Gilmar - Show 30 Anos de Carreira/Gilberto & Gilmar - Show 30 Anos De carreira - 09 Mais Que Paixão.mp3,"sem erro de leitura; metadata INFERRED; título HIGH; artista HIGH; sem cover; bitrate 128 kbps; sample rate 44100 Hz; desempate final por relative_path",128000,44100,false,INFERRED
Sertanejao/Gilberto e Gilmar - Show 30 Anos de Carreira/Gilberto & Gilmar - Show 30 Anos De carreira - 11 Praia de Solidão.mp3,ab56d70d0f0c2878f56ce6484efa7aaf9d56d00b27dda6c9fe4db8347261b713,IMPORT,preserved,,Sertanejao/Gilberto e Gilmar - Show 30 Anos de Carreira/Gilberto & Gilmar - Show 30 Anos De carreira - 11 Praia de Solidão.mp3,"sem erro de leitura; metadata INFERRED; título HIGH; artista HIGH; sem cover; bitrate 128 kbps; sample rate 44100 Hz; desempate final por relative_path",128000,44100,false,INFERRED
Sertanejao/Gilberto e Gilmar - Show 30 Anos de Carreira/Gilberto & Gilmar - Show 30 Anos De carreira - 12 Paixão.mp3,dcfeea74520d32aaeef493fc3931ca3e779ddee0385a176fad140959fee69055,IMPORT,preserved,,Sertanejao/Gilberto e Gilmar - Show 30 Anos de Carreira/Gilberto & Gilmar - Show 30 Anos De carreira - 12 Paixão.mp3,"sem erro de leitura; metadata INFERRED; título HIGH; artista HIGH; sem cover; bitrate 128 kbps; sample rate 44100 Hz; desempate final por relative_path",128000,44100,false,INFERRED
Sertanejao/Gilberto e Gilmar - Show 30 Anos de Carreira/Gilberto & Gilmar - Show 30 Anos De carreira - 13 Palavras de Amor.mp3,2b1b36a12d8aecb4652d3d23d68ce5ec36e363feb435dc554f5bcc2798dfb900,IMPORT,preserved,,Sertanejao/Gilberto e Gilmar - Show 30 Anos de Carreira/Gilberto & Gilmar - Show 30 Anos De carreira - 13 Palavras de Amor.mp3,"sem erro de leitura; metadata INFERRED; título HIGH; artista HIGH; sem cover; bitrate 128 kbps; sample rate 44100 Hz; desempate final por relative_path",128000,44100,false,INFERRED
Sertanejao/Gilberto e Gilmar - Show 30 Anos de Carreira/Gilberto & Gilmar - Show 30 Anos De carreira - 14 Quebrando Tudo.mp3,ef673348704dae8e21566e1b6e11a73d33ac6e0aa5edd59691d2fc905263b115,IMPORT,preserved,,Sertanejao/Gilberto e Gilmar - Show 30 Anos de Carreira/Gilberto & Gilmar - Show 30 Anos De carreira - 14 Quebrando Tudo.mp3,"sem erro de leitura; metadata INFERRED; título HIGH; artista HIGH; sem cover; bitrate 128 kbps; sample rate 44100 Hz; desempate final por relative_path",128000,44100,false,INFERRED
Sertanejao/Gilberto e Gilmar - Show 30 Anos de Carreira/Gilberto & Gilmar - Show 30 Anos De carreira - 15 Fome de Amor.mp3,5254525b8fbe7fde0c701a3846fbcffee8035eb48dae38b9d256dba2411bed79,IMPORT,preserved,,Sertanejao/Gilberto e Gilmar - Show 30 Anos de Carreira/Gilberto & Gilmar - Show 30 Anos De carreira - 15 Fome de Amor.mp3,"sem erro de leitura; metadata INFERRED; título HIGH; artista HIGH; sem cover; bitrate 128 kbps; sample rate 44100 Hz; desempate final por relative_path",128000,44100,false,INFERRED
Sertanejao/Gilberto e Gilmar - Show 30 Anos de Carreira/Gilberto & Gilmar - Show 30 Anos De carreira - 16 Tá Embolado o Meio de Campo.mp3,911072ac0294f43c32adb56a618f4c09a8e1dff16fe0103f000259c5caf4ff29,IMPORT,preserved,,Sertanejao/Gilberto e Gilmar - Show 30 Anos de Carreira/Gilberto & Gilmar - Show 30 Anos De carreira - 16 Tá Embolado o Meio de Campo.mp3,"sem erro de leitura; metadata INFERRED; título HIGH; artista HIGH; sem cover; bitrate 128 kbps; sample rate 44100 Hz; desempate final por relative_path",128000,44100,false,INFERRED
"Sertanejao/Gilberto e Gilmar - Show 30 Anos de Carreira/Gilberto & Gilmar - Show 30 Anos De carreira - 17 Arrepia, Arrepia.mp3",ca6cdd4e7c78336dcaca8d9cf013bf896550c2f58de40107055c54ff1033bc4f,IMPORT,preserved,,"Sertanejao/Gilberto e Gilmar - Show 30 Anos de Carreira/Gilberto & Gilmar - Show 30 Anos De carreira - 17 Arrepia, Arrepia.mp3","sem erro de leitura; metadata INFERRED; título HIGH; artista HIGH; sem cover; bitrate 128 kbps; sample rate 44100 Hz; desempate final por relative_path",128000,44100,false,INFERRED
Sertanejao/Gino e Geno - 40 Anos/1. Gino e Geno - Vacinado.mp3,73d391ce15409b24a5c7a476137c657c6521d7580cd2c37cbdba957567f27708,IMPORT,preserved,,Sertanejao/Gino e Geno - 40 Anos/1. Gino e Geno - Vacinado.mp3,"sem erro de leitura; metadata INFERRED; título HIGH; artista HIGH; sem cover; bitrate 128 kbps; sample rate 44100 Hz; desempate final por relative_path",128000,44100,false,INFERRED
Sertanejao/Gino e Geno - 40 Anos/10. Gino e Geno - Diplomado.mp3,c17313ec2a24e085eeb047540bc4ed817b991f4a3b9e4e97cec66f453b690648,IMPORT,preserved,,Sertanejao/Gino e Geno - 40 Anos/10. Gino e Geno - Diplomado.mp3,"sem erro de leitura; metadata INFERRED; título HIGH; artista HIGH; sem cover; bitrate 128 kbps; sample rate 44100 Hz; desempate final por relative_path",128000,44100,false,INFERRED
Sertanejao/Gino e Geno - 40 Anos/11. Gino e Geno - Fruta proibida.mp3,aae1aa21b1f6aa081f90a2e3df6de77cd07f9b0d30c877662c1859cd6f809e4a,IMPORT,preserved,,Sertanejao/Gino e Geno - 40 Anos/11. Gino e Geno - Fruta proibida.mp3,"sem erro de leitura; metadata INFERRED; título HIGH; artista HIGH; sem cover; bitrate 128 kbps; sample rate 44100 Hz; desempate final por relative_path",128000,44100,false,INFERRED
Sertanejao/Gino e Geno - 40 Anos/12. Gino e Geno - Copa da paixao - (Part)Rick e Renner.mp3,731936a8d4008160ebcad4ff7446bc05e451069012b0aaf075002dd9d00557cc,IMPORT,preserved,,Sertanejao/Gino e Geno - 40 Anos/12. Gino e Geno - Copa da paixao - (Part)Rick e Renner.mp3,"sem erro de leitura; metadata INFERRED; título HIGH; artista HIGH; sem cover; bitrate 128 kbps; sample rate 44100 Hz; desempate final por relative_path",127694,44100,false,INFERRED
Sertanejao/Gino e Geno - 40 Anos/2. Gino e Geno - Quem ama chora.mp3,29c6d674dfa6c9196ff051807ca2f40a3628c0c6591b06f385cc60fc224eeafb,IMPORT,preserved,,Sertanejao/Gino e Geno - 40 Anos/2. Gino e Geno - Quem ama chora.mp3,"sem erro de leitura; metadata INFERRED; título HIGH; artista HIGH; sem cover; bitrate 128 kbps; sample rate 44100 Hz; desempate final por relative_path",128000,44100,false,INFERRED
Sertanejao/Gino e Geno - 40 Anos/3. Gino e Geno - Voa sabiá.mp3,6259444f8bf43cdc067abce35bea6f90c6042b40266e353921841baccda0ca8f,SKIP_EXACT,exact_duplicate,2,00 - Modao Pra Churrasco/07 - Gino e Geno - Voa sabiá.mp3,"sem erro de leitura; metadata INFERRED; título HIGH; artista HIGH; sem cover; bitrate 128 kbps; sample rate 44100 Hz; desempate final por relative_path",128000,44100,false,INFERRED
Sertanejao/Gino e Geno - 40 Anos/4. Gino e Geno - Proibida.mp3,2447e66c15167da8a5102e8242e118738e9d40f5da4fd0878bdadcd67c1beeee,IMPORT,preserved,,Sertanejao/Gino e Geno - 40 Anos/4. Gino e Geno - Proibida.mp3,"sem erro de leitura; metadata INFERRED; título HIGH; artista HIGH; sem cover; bitrate 128 kbps; sample rate 44100 Hz; desempate final por relative_path",128000,44100,false,INFERRED
Sertanejao/Gino e Geno - 40 Anos/5. Gino e Geno - Liga pra ela.mp3,7ea77874ffd553602e4bdfc4c0c997384865b74c19d209abe1dd758f1c7d32ea,IMPORT,preserved,,Sertanejao/Gino e Geno - 40 Anos/5. Gino e Geno - Liga pra ela.mp3,"sem erro de leitura; metadata INFERRED; título HIGH; artista HIGH; sem cover; bitrate 128 kbps; sample rate 44100 Hz; desempate final por relative_path",128000,44100,false,INFERRED
Sertanejao/Gino e Geno - 40 Anos/6. Gino e Geno - Tô ficando.mp3,f7383f9858e3c8192b72cfafddb4b28a01865d16e488febcbbc1ae3cd6f7c11b,IMPORT,preserved,,Sertanejao/Gino e Geno - 40 Anos/6. Gino e Geno - Tô ficando.mp3,"sem erro de leitura; metadata INFERRED; título HIGH; artista HIGH; sem cover; bitrate 128 kbps; sample rate 44100 Hz; desempate final por relative_path",128000,44100,false,INFERRED
Sertanejao/Gino e Geno - 40 Anos/7. Gino e Geno - Te entregando o coração.mp3,ee15e10343ef4129b999b4fc4db598ad17175b19d835df1a45b640f2ef2f06f3,IMPORT,preserved,,Sertanejao/Gino e Geno - 40 Anos/7. Gino e Geno - Te entregando o coração.mp3,"sem erro de leitura; metadata INFERRED; título HIGH; artista HIGH; sem cover; bitrate 128 kbps; sample rate 44100 Hz; desempate final por relative_path",128000,44100,false,INFERRED
Sertanejao/Gino e Geno - 40 Anos/8. Gino e Geno - Pára de falar de mim.mp3,42a4bded57b7f1faca6bba7c2851b3f80b76522e8db850cfa59ca73c278584db,IMPORT,preserved,,Sertanejao/Gino e Geno - 40 Anos/8. Gino e Geno - Pára de falar de mim.mp3,"sem erro de leitura; metadata INFERRED; título HIGH; artista HIGH; sem cover; bitrate 128 kbps; sample rate 44100 Hz; desempate final por relative_path",128000,44100,false,INFERRED
Sertanejao/Gino e Geno - 40 Anos/9. Gino e Geno - Meu amor meu beija flôr.mp3,b515f509c773944361fd651bf41148ed80dfcda365bfef1fa0b36d6d8fa9b0ab,IMPORT,preserved,,Sertanejao/Gino e Geno - 40 Anos/9. Gino e Geno - Meu amor meu beija flôr.mp3,"sem erro de leitura; metadata INFERRED; título HIGH; artista HIGH; sem cover; bitrate 128 kbps; sample rate 44100 Hz; desempate final por relative_path",128000,44100,false,INFERRED
Sertanejao/Gino e Geno - 40 Anos/Gino e Geno Part. Rick e Renner - Cê Quer Matar o Tio - LANÇAMENTO 2013.mp3,19a585e5853288c13b96317a879ddfe7c7ffc51fb126314f0451ad944c70a4e4,IMPORT,likely_duplicate_representative,34,Sertanejao/Gino e Geno - 40 Anos/Gino e Geno Part. Rick e Renner - Cê Quer Matar o Tio - LANÇAMENTO 2013.mp3,"sem erro de leitura; metadata INFERRED; título HIGH; artista HIGH; sem cover; bitrate 192 kbps; sample rate 44100 Hz; desempate final por relative_path",192000,44100,false,INFERRED
"Sertanejao/Joao Paulo e Daniel/01 Voce Só Me Faz Feliz (Fátima Leão, Elias Muniz).mp3",37bb85a87ff6817f50007c5decf5f30ff0705aa8d30f5a5a7acc16863527a04a,IMPORT,preserved,,"Sertanejao/Joao Paulo e Daniel/01 Voce Só Me Faz Feliz (Fátima Leão, Elias Muniz).mp3","sem erro de leitura; metadata GOOD; título HIGH; artista HIGH; cover presente; bitrate 128 kbps; sample rate 44100 Hz; desempate final por relative_path",128000,44100,true,GOOD
"Sertanejao/Joao Paulo e Daniel/02 Te Cuida Coração (Ana Paula, Pinochio).mp3",289111338cbcb695d60a6a98a67e8966faa7d71c72cd18cc5a3b6e09a746207b,IMPORT,preserved,,"Sertanejao/Joao Paulo e Daniel/02 Te Cuida Coração (Ana Paula, Pinochio).mp3","sem erro de leitura; metadata GOOD; título HIGH; artista HIGH; cover presente; bitrate 128 kbps; sample rate 44100 Hz; desempate final por relative_path",128000,44100,true,GOOD
"Sertanejao/Joao Paulo e Daniel/03 Cuida De Mim (Silmara Pierini, Edinho da Matta).mp3",901c8a6dcc843a39d4fa8e52a845c8c58a01a0c8c6596928a9e84be64e540546,IMPORT,preserved,,"Sertanejao/Joao Paulo e Daniel/03 Cuida De Mim (Silmara Pierini, Edinho da Matta).mp3","sem erro de leitura; metadata GOOD; título HIGH; artista HIGH; cover presente; bitrate 128 kbps; sample rate 44100 Hz; desempate final por relative_path",128000,44100,true,GOOD
"Sertanejao/Joao Paulo e Daniel/04 Malicia De Mulher (Tivas, Peninha).mp3",2b00069981b51163d9793dbc7084db7bf143163007887695fe19a5f54c0b2996,IMPORT,preserved,,"Sertanejao/Joao Paulo e Daniel/04 Malicia De Mulher (Tivas, Peninha).mp3","sem erro de leitura; metadata GOOD; título HIGH; artista HIGH; cover presente; bitrate 128 kbps; sample rate 44100 Hz; desempate final por relative_path",128000,44100,true,GOOD
Sertanejao/Joao Paulo e Daniel/05 Fogo De Amor (Jefferson Farias).mp3,942aecbb6767892ea489efc4befbbbe983cd7727e205f0aee9af621657d6c1ed,IMPORT,preserved,,Sertanejao/Joao Paulo e Daniel/05 Fogo De Amor (Jefferson Farias).mp3,"sem erro de leitura; metadata GOOD; título HIGH; artista HIGH; cover presente; bitrate 128 kbps; sample rate 44100 Hz; desempate final por relative_path",128000,44100,true,GOOD
Sertanejao/Joao Paulo e Daniel/06 Medley de viola- Chora Viola-Caminheiro.mp3,6ff80193860f9314ea2f5658d758bfe98019579f7a47199950cb3bba2969c383,IMPORT,preserved,,Sertanejao/Joao Paulo e Daniel/06 Medley de viola- Chora Viola-Caminheiro.mp3,"sem erro de leitura; metadata GOOD; título HIGH; artista HIGH; cover presente; bitrate 128 kbps; sample rate 44100 Hz; desempate final por relative_path",128000,44100,true,GOOD
Sertanejao/Joao Paulo e Daniel/07 Dia De Visita (Moacyr Franco).mp3,184fefaf03c5d9f949973862b04afca2b73ebc91717a0d5fba0fea0e74333e33,IMPORT,preserved,,Sertanejao/Joao Paulo e Daniel/07 Dia De Visita (Moacyr Franco).mp3,"sem erro de leitura; metadata GOOD; título HIGH; artista HIGH; cover presente; bitrate 128 kbps; sample rate 44100 Hz; desempate final por relative_path",128000,44100,true,GOOD
"Sertanejao/Joao Paulo e Daniel/08 Olhos Claros (Daniel, João Paulo, Rick).mp3",944bee9b7494c0e0579af804ec043af3c7b489dbbb165b34673bcb93207b9e34,IMPORT,preserved,,"Sertanejao/Joao Paulo e Daniel/08 Olhos Claros (Daniel, João Paulo, Rick).mp3","sem erro de leitura; metadata GOOD; título HIGH; artista HIGH; cover presente; bitrate 128 kbps; sample rate 44100 Hz; desempate final por relative_path",128000,44100,true,GOOD
"Sertanejao/Joao Paulo e Daniel/09 Desejo De Amar (Gabu, Marinheiro).mp3",58f4b9f030b03c35010b0cc49640171a96b07a902567c05f24a92c84577aca89,IMPORT,preserved,,"Sertanejao/Joao Paulo e Daniel/09 Desejo De Amar (Gabu, Marinheiro).mp3","sem erro de leitura; metadata GOOD; título HIGH; artista HIGH; cover presente; bitrate 128 kbps; sample rate 44100 Hz; desempate final por relative_path",128000,44100,true,GOOD
Sertanejao/Joao Paulo e Daniel/10 Rosto Molhado (José Fortuna).mp3,88b554124e31eb463583c02fad598e3bc845f4373acdf4db62567a4eb940791b,IMPORT,preserved,,Sertanejao/Joao Paulo e Daniel/10 Rosto Molhado (José Fortuna).mp3,"sem erro de leitura; metadata GOOD; título HIGH; artista HIGH; cover presente; bitrate 128 kbps; sample rate 44100 Hz; desempate final por relative_path",128000,44100,true,GOOD
"Sertanejao/Joao Paulo e Daniel/11 Vai e Volta (Odilon Santos, Rui Barbosa).mp3",c93d28755d7f8f19c37b303c64d8044185b398c21ea2e74a750bd3c7976a06af,IMPORT,preserved,,"Sertanejao/Joao Paulo e Daniel/11 Vai e Volta (Odilon Santos, Rui Barbosa).mp3","sem erro de leitura; metadata GOOD; título HIGH; artista HIGH; cover presente; bitrate 128 kbps; sample rate 44100 Hz; desempate final por relative_path",128000,44100,true,GOOD
"Sertanejao/Joao Paulo e Daniel/12 Alguem (Piska, César Augusto).mp3",b43a7abde097e64a24d8492bf123a5adf1852b14528197e0d98dff1c8333cb55,IMPORT,preserved,,"Sertanejao/Joao Paulo e Daniel/12 Alguem (Piska, César Augusto).mp3","sem erro de leitura; metadata GOOD; título HIGH; artista HIGH; cover presente; bitrate 128 kbps; sample rate 44100 Hz; desempate final por relative_path",128000,44100,true,GOOD
"Sertanejao/Joao Paulo e Daniel/13 O Cheiro Dela (Rick, Renner).mp3",9f1f7985f3c64cff87cfa86ae422ebe0a1c5592d7b3e4304f157cf15161a4b2f,IMPORT,preserved,,"Sertanejao/Joao Paulo e Daniel/13 O Cheiro Dela (Rick, Renner).mp3","sem erro de leitura; metadata GOOD; título HIGH; artista HIGH; cover presente; bitrate 128 kbps; sample rate 44100 Hz; desempate final por relative_path",128000,44100,true,GOOD
"Sertanejao/Joao Paulo e Daniel/14 Hoje Eu Sei (Alexandre, Rick).mp3",d41443bc63ba4edae595d420c6e1d32b90ce3d26a1928f9d5f14a9e1f2065a1d,SKIP_EXACT,exact_duplicate,7,"00 - Modao Pra Churrasco/40 - Hoje Eu Sei (Alexandre, Rick).mp3","sem erro de leitura; metadata GOOD; título HIGH; artista HIGH; cover presente; bitrate 128 kbps; sample rate 44100 Hz; desempate final por relative_path",128000,44100,true,GOOD
"Sertanejao/Joao Paulo e Daniel/15 Eu Me Amarrei (Tivas, Waldir Luz).mp3",132e88800603711c0fab9776efddf073fb445c9c1f7cb5f2d1fb99cbc30210f1,IMPORT,preserved,,"Sertanejao/Joao Paulo e Daniel/15 Eu Me Amarrei (Tivas, Waldir Luz).mp3","sem erro de leitura; metadata GOOD; título HIGH; artista HIGH; cover presente; bitrate 128 kbps; sample rate 44100 Hz; desempate final por relative_path",128000,44100,true,GOOD
Sertanejao/Joao Paulo e Daniel/16 Só Dá Você Na Minha Vida (Rick).mp3,985b54233a7b36c8b6c073fc0ff71792e026789ff8afdecd5bb1dede427e5c54,IMPORT,preserved,,Sertanejao/Joao Paulo e Daniel/16 Só Dá Você Na Minha Vida (Rick).mp3,"sem erro de leitura; metadata GOOD; título HIGH; artista HIGH; cover presente; bitrate 128 kbps; sample rate 44100 Hz; desempate final por relative_path",128000,44100,true,GOOD
"Sertanejao/Joao Paulo e Daniel/17 Estou Apaixonado (Estoy Enamorado) (Estefano, Donato).mp3",7c9764c86952f10e4e92c4e5a26951d8be169894d148238dab3c326a0acfa1af,IMPORT,preserved,,"Sertanejao/Joao Paulo e Daniel/17 Estou Apaixonado (Estoy Enamorado) (Estefano, Donato).mp3","sem erro de leitura; metadata GOOD; título HIGH; artista HIGH; cover presente; bitrate 128 kbps; sample rate 44100 Hz; desempate final por relative_path",128000,44100,true,GOOD
Sertanejao/Leandro e Leonardo/LEANDRO E LEONARDO--20 MAIS - Track01.mp3,bfbf338ad791fb4aaff1005b6593ac751b692809110c440d309531404cab86c3,IMPORT,preserved,79,Sertanejao/Leandro e Leonardo/LEANDRO E LEONARDO--20 MAIS - Track01.mp3,"sem erro de leitura; metadata GOOD; título HIGH; artista HIGH; sem cover; bitrate 80 kbps; sample rate 22050 Hz; desempate final por relative_path",80000,22050,false,GOOD
Sertanejao/Leandro e Leonardo/LEANDRO E LEONARDO--20 MAIS - Track02.mp3,97f2e7ee62f99c136166ca50d5dc6dad92c94c8b8f5a692ec86dbd7488204d5a,IMPORT,preserved,80,Sertanejao/Leandro e Leonardo/LEANDRO E LEONARDO--20 MAIS - Track02.mp3,"sem erro de leitura; metadata GOOD; título HIGH; artista HIGH; sem cover; bitrate 80 kbps; sample rate 22050 Hz; desempate final por relative_path",80000,22050,false,GOOD
Sertanejao/Leandro e Leonardo/LEANDRO E LEONARDO--20 MAIS - Track03.mp3,d555f929ee20cef93729565ec209eff1f3060213c163baa7d80c04fdc0708f7c,IMPORT,preserved,80,Sertanejao/Leandro e Leonardo/LEANDRO E LEONARDO--20 MAIS - Track03.mp3,"sem erro de leitura; metadata GOOD; título HIGH; artista HIGH; sem cover; bitrate 80 kbps; sample rate 22050 Hz; desempate final por relative_path",80000,22050,false,GOOD
Sertanejao/Leandro e Leonardo/LEANDRO E LEONARDO--20 MAIS - Track04.mp3,30da457809fdef27d34bd6eaf05dc22cb221667f8a2f09f08a30ad39f0de04f2,IMPORT,preserved,81,Sertanejao/Leandro e Leonardo/LEANDRO E LEONARDO--20 MAIS - Track04.mp3,"sem erro de leitura; metadata GOOD; título HIGH; artista HIGH; sem cover; bitrate 80 kbps; sample rate 22050 Hz; desempate final por relative_path",80000,22050,false,GOOD
Sertanejao/Leandro e Leonardo/LEANDRO E LEONARDO--20 MAIS - Track05.mp3,a02c541ce666060fa9774f5879929b8e99c3b1d0b987b9a1cdb3982370afc63f,IMPORT,preserved,79,Sertanejao/Leandro e Leonardo/LEANDRO E LEONARDO--20 MAIS - Track05.mp3,"sem erro de leitura; metadata GOOD; título HIGH; artista HIGH; sem cover; bitrate 80 kbps; sample rate 22050 Hz; desempate final por relative_path",80000,22050,false,GOOD
Sertanejao/Leandro e Leonardo/LEANDRO E LEONARDO--20 MAIS - Track06.mp3,6375357d2b467239ef66a8c38d02a157628c7cf02a89b59182b437880bad2428,IMPORT,preserved,80,Sertanejao/Leandro e Leonardo/LEANDRO E LEONARDO--20 MAIS - Track06.mp3,"sem erro de leitura; metadata GOOD; título HIGH; artista HIGH; sem cover; bitrate 80 kbps; sample rate 22050 Hz; desempate final por relative_path",80000,22050,false,GOOD
Sertanejao/Leandro e Leonardo/LEANDRO E LEONARDO--20 MAIS - Track07.mp3,b14de3cee853214aa3ecb122aa13492f659209daa903945542ecb9f1dfb983b7,IMPORT,preserved,81,Sertanejao/Leandro e Leonardo/LEANDRO E LEONARDO--20 MAIS - Track07.mp3,"sem erro de leitura; metadata GOOD; título HIGH; artista HIGH; sem cover; bitrate 80 kbps; sample rate 22050 Hz; desempate final por relative_path",80000,22050,false,GOOD
Sertanejao/Leandro e Leonardo/LEANDRO E LEONARDO--20 MAIS - Track08.mp3,cfa1591bb4df4d34b2490f23055d1e27f25e85d861dd73c57ccb8f52f3231354,IMPORT,preserved,81,Sertanejao/Leandro e Leonardo/LEANDRO E LEONARDO--20 MAIS - Track08.mp3,"sem erro de leitura; metadata GOOD; título HIGH; artista HIGH; sem cover; bitrate 80 kbps; sample rate 22050 Hz; desempate final por relative_path",80000,22050,false,GOOD
Sertanejao/Leandro e Leonardo/LEANDRO E LEONARDO--20 MAIS - Track09.mp3,cbbafa8386d7baccdb92b2ee5dd7e526c371143e557d7216a3188eb1a48928f9,IMPORT,preserved,79,Sertanejao/Leandro e Leonardo/LEANDRO E LEONARDO--20 MAIS - Track09.mp3,"sem erro de leitura; metadata GOOD; título HIGH; artista HIGH; sem cover; bitrate 80 kbps; sample rate 22050 Hz; desempate final por relative_path",80000,22050,false,GOOD
Sertanejao/Leandro e Leonardo/LEANDRO E LEONARDO--20 MAIS - Track10.mp3,d2e83e308f2d50cea897aad564ea5da77680ef9c01ed4d5b50a833772f016003,IMPORT,preserved,82,Sertanejao/Leandro e Leonardo/LEANDRO E LEONARDO--20 MAIS - Track10.mp3,"sem erro de leitura; metadata GOOD; título HIGH; artista HIGH; sem cover; bitrate 80 kbps; sample rate 22050 Hz; desempate final por relative_path",80000,22050,false,GOOD
Sertanejao/Leandro e Leonardo/LEANDRO E LEONARDO--20 MAIS - Track11.mp3,49b6fea048b2f5a39033fcd9aed3df3823ed790f2c445c14db08844627afc599,IMPORT,preserved,83,Sertanejao/Leandro e Leonardo/LEANDRO E LEONARDO--20 MAIS - Track11.mp3,"sem erro de leitura; metadata GOOD; título HIGH; artista HIGH; sem cover; bitrate 80 kbps; sample rate 22050 Hz; desempate final por relative_path",80000,22050,false,GOOD
Sertanejao/Leandro e Leonardo/LEANDRO E LEONARDO--20 MAIS - Track12.mp3,fc087b525f2ab58df6b8a6755376639655490946048393cc326d35e83d7ecdcc,IMPORT,preserved,83,Sertanejao/Leandro e Leonardo/LEANDRO E LEONARDO--20 MAIS - Track12.mp3,"sem erro de leitura; metadata GOOD; título HIGH; artista HIGH; sem cover; bitrate 80 kbps; sample rate 22050 Hz; desempate final por relative_path",80000,22050,false,GOOD
Sertanejao/Leandro e Leonardo/LEANDRO E LEONARDO--20 MAIS - Track13.mp3,8063e47e1443cc9ef2310ee806fd67cf315ea04f00d73f48ea372103dcc81c17,IMPORT,preserved,83,Sertanejao/Leandro e Leonardo/LEANDRO E LEONARDO--20 MAIS - Track13.mp3,"sem erro de leitura; metadata GOOD; título HIGH; artista HIGH; sem cover; bitrate 80 kbps; sample rate 22050 Hz; desempate final por relative_path",80000,22050,false,GOOD
Sertanejao/Leandro e Leonardo/LEANDRO E LEONARDO--20 MAIS - Track14.mp3,a4f46c072739cd84d261eb3f66f28b31ee4c448d6b7c84bccf4b1510cccbb5f5,IMPORT,preserved,,Sertanejao/Leandro e Leonardo/LEANDRO E LEONARDO--20 MAIS - Track14.mp3,"sem erro de leitura; metadata GOOD; título HIGH; artista HIGH; sem cover; bitrate 80 kbps; sample rate 22050 Hz; desempate final por relative_path",80000,22050,false,GOOD
Sertanejao/Leandro e Leonardo/LEANDRO E LEONARDO--20 MAIS - Track15.mp3,4faec3c4ad1c4b37c970bd5e297f92cc73e970b69beed8db92415a9faa77a990,IMPORT,preserved,84,Sertanejao/Leandro e Leonardo/LEANDRO E LEONARDO--20 MAIS - Track15.mp3,"sem erro de leitura; metadata GOOD; título HIGH; artista HIGH; sem cover; bitrate 80 kbps; sample rate 22050 Hz; desempate final por relative_path",80000,22050,false,GOOD
Sertanejao/Leandro e Leonardo/LEANDRO E LEONARDO--20 MAIS - Track16.mp3,359030d22046e7be64a5b63e17e9be81187aab92ed45bca8a3f277dbb0888cb7,IMPORT,preserved,85,Sertanejao/Leandro e Leonardo/LEANDRO E LEONARDO--20 MAIS - Track16.mp3,"sem erro de leitura; metadata GOOD; título HIGH; artista HIGH; sem cover; bitrate 80 kbps; sample rate 22050 Hz; desempate final por relative_path",80000,22050,false,GOOD
Sertanejao/Leandro e Leonardo/LEANDRO E LEONARDO--20 MAIS - Track17.mp3,9584b8ce394008f825d870d7efda8d8e9de98bca363db944017226e8732dce67,IMPORT,preserved,84,Sertanejao/Leandro e Leonardo/LEANDRO E LEONARDO--20 MAIS - Track17.mp3,"sem erro de leitura; metadata GOOD; título HIGH; artista HIGH; sem cover; bitrate 80 kbps; sample rate 22050 Hz; desempate final por relative_path",80000,22050,false,GOOD
Sertanejao/Leandro e Leonardo/LEANDRO E LEONARDO--20 MAIS - Track18.mp3,71f039ccd9a79e10d1d1b13037feca7116dc38186d3a40d0b124faacf81649ba,IMPORT,preserved,82,Sertanejao/Leandro e Leonardo/LEANDRO E LEONARDO--20 MAIS - Track18.mp3,"sem erro de leitura; metadata GOOD; título HIGH; artista HIGH; sem cover; bitrate 80 kbps; sample rate 22050 Hz; desempate final por relative_path",80000,22050,false,GOOD
Sertanejao/Leandro e Leonardo/LEANDRO E LEONARDO--20 MAIS - Track19.mp3,b8b67035081236fd5eb520ae107920d3216276023f9e2b5c73cd76b3d3a22984,IMPORT,preserved,85,Sertanejao/Leandro e Leonardo/LEANDRO E LEONARDO--20 MAIS - Track19.mp3,"sem erro de leitura; metadata GOOD; título HIGH; artista HIGH; sem cover; bitrate 80 kbps; sample rate 22050 Hz; desempate final por relative_path",80000,22050,false,GOOD
Sertanejao/Leandro e Leonardo/LEANDRO E LEONARDO--20 MAIS - Track20.mp3,7493a0479b34654a87723821d9acd22aed71b22581d91790187b3af490ed9da4,IMPORT,preserved,,Sertanejao/Leandro e Leonardo/LEANDRO E LEONARDO--20 MAIS - Track20.mp3,"sem erro de leitura; metadata GOOD; título HIGH; artista HIGH; sem cover; bitrate 80 kbps; sample rate 22050 Hz; desempate final por relative_path",80000,22050,false,GOOD
Sertanejao/Leonardo e Eduardo Costa - Cabaré night club 2016/01 Leonardo e Eduardo Costa - As andorinhas.mp3,ba9e399674268954b513b9a0782b62dd69dc7bd9d2bda650153d81c3abfb8168,IMPORT,preserved,,Sertanejao/Leonardo e Eduardo Costa - Cabaré night club 2016/01 Leonardo e Eduardo Costa - As andorinhas.mp3,"sem erro de leitura; metadata INFERRED; título HIGH; artista HIGH; sem cover; bitrate 96 kbps; sample rate 32000 Hz; desempate final por relative_path",96000,32000,false,INFERRED
Sertanejao/Leonardo e Eduardo Costa - Cabaré night club 2016/02 Leonardo e Eduardo Costa - Só mais uma vez.mp3,ca8bf9e1ab3649d40328ac7cc59510c5b786d25ca0534c4d284a9c8fe0130284,IMPORT,preserved,,Sertanejao/Leonardo e Eduardo Costa - Cabaré night club 2016/02 Leonardo e Eduardo Costa - Só mais uma vez.mp3,"sem erro de leitura; metadata INFERRED; título HIGH; artista HIGH; sem cover; bitrate 96 kbps; sample rate 32000 Hz; desempate final por relative_path",96000,32000,false,INFERRED
Sertanejao/Leonardo e Eduardo Costa - Cabaré night club 2016/03 Leonardo e Eduardo Costa - Laço aberto.mp3,265bb6f7c3d0c3af6d543077e03d7d929eac81cd0d29af220558471cb931044d,IMPORT,preserved,,Sertanejao/Leonardo e Eduardo Costa - Cabaré night club 2016/03 Leonardo e Eduardo Costa - Laço aberto.mp3,"sem erro de leitura; metadata INFERRED; título HIGH; artista HIGH; sem cover; bitrate 96 kbps; sample rate 32000 Hz; desempate final por relative_path",96000,32000,false,INFERRED
Sertanejao/Leonardo e Eduardo Costa - Cabaré night club 2016/04 Leonardo e Eduardo Costa - Mal acostumada (Part. Ivete Santago).mp3,cdf99206709cf245500d2ccac3b5435f590aaff80f9a45df88dac1af273011e1,IMPORT,preserved,,Sertanejao/Leonardo e Eduardo Costa - Cabaré night club 2016/04 Leonardo e Eduardo Costa - Mal acostumada (Part. Ivete Santago).mp3,"sem erro de leitura; metadata INFERRED; título HIGH; artista HIGH; sem cover; bitrate 96 kbps; sample rate 32000 Hz; desempate final por relative_path",96000,32000,false,INFERRED
Sertanejao/Leonardo e Eduardo Costa - Cabaré night club 2016/05 Leonardo e Eduardo Costa - Se eu não puder te esquecer.mp3,3c397f44daee99f2847b3f63b508293ec5a78cd0342750c6f76e982c676e4879,IMPORT,preserved,,Sertanejao/Leonardo e Eduardo Costa - Cabaré night club 2016/05 Leonardo e Eduardo Costa - Se eu não puder te esquecer.mp3,"sem erro de leitura; metadata INFERRED; título HIGH; artista HIGH; sem cover; bitrate 96 kbps; sample rate 32000 Hz; desempate final por relative_path",96000,32000,false,INFERRED
Sertanejao/Leonardo e Eduardo Costa - Cabaré night club 2016/06 Leonardo e Eduardo Costa - São tantas coisas.mp3,713b3cb207412f14069fcc52c844b3fa1eacb0b91f1fdbbf2da2101aba92016d,IMPORT,preserved,,Sertanejao/Leonardo e Eduardo Costa - Cabaré night club 2016/06 Leonardo e Eduardo Costa - São tantas coisas.mp3,"sem erro de leitura; metadata INFERRED; título HIGH; artista HIGH; sem cover; bitrate 96 kbps; sample rate 32000 Hz; desempate final por relative_path",96000,32000,false,INFERRED
Sertanejao/Leonardo e Eduardo Costa - Cabaré night club 2016/07 Leonardo e Eduardo Costa - Não quero piedade.mp3,942960127c0e13bb85c6ee3b6fb5290040ec61882bea684f61f0e79de2e59efc,IMPORT,preserved,,Sertanejao/Leonardo e Eduardo Costa - Cabaré night club 2016/07 Leonardo e Eduardo Costa - Não quero piedade.mp3,"sem erro de leitura; metadata INFERRED; título HIGH; artista HIGH; sem cover; bitrate 96 kbps; sample rate 32000 Hz; desempate final por relative_path",96000,32000,false,INFERRED
Sertanejao/Leonardo e Eduardo Costa - Cabaré night club 2016/08 Leonardo e Eduardo Costa - Crises de amor.mp3,0d997005d1b09b97a10645b63b17ad6bfea24581de9e6b9dcc9bfb698b6fba04,IMPORT,preserved,,Sertanejao/Leonardo e Eduardo Costa - Cabaré night club 2016/08 Leonardo e Eduardo Costa - Crises de amor.mp3,"sem erro de leitura; metadata INFERRED; título HIGH; artista HIGH; sem cover; bitrate 96 kbps; sample rate 32000 Hz; desempate final por relative_path",96000,32000,false,INFERRED
Sertanejao/Leonardo e Eduardo Costa - Cabaré night club 2016/09 Leonardo e Eduardo Costa - Passe livre.mp3,66e9a64237d781cdb67a7cd425092baf49083e0f0119178e5246d7759dc13b17,IMPORT,preserved,,Sertanejao/Leonardo e Eduardo Costa - Cabaré night club 2016/09 Leonardo e Eduardo Costa - Passe livre.mp3,"sem erro de leitura; metadata INFERRED; título HIGH; artista HIGH; sem cover; bitrate 96 kbps; sample rate 32000 Hz; desempate final por relative_path",96000,32000,false,INFERRED
Sertanejao/Leonardo e Eduardo Costa - Cabaré night club 2016/10 Leonardo e Eduardo Costa - Uma vez por mês.mp3,7b3618cb6e9ba01974f0b0cfbe4ab96208e2575bb9f02475c779d818e43c266d,IMPORT,preserved,,Sertanejao/Leonardo e Eduardo Costa - Cabaré night club 2016/10 Leonardo e Eduardo Costa - Uma vez por mês.mp3,"sem erro de leitura; metadata INFERRED; título HIGH; artista HIGH; sem cover; bitrate 96 kbps; sample rate 32000 Hz; desempate final por relative_path",96000,32000,false,INFERRED
Sertanejao/Leonardo e Eduardo Costa - Cabaré night club 2016/11 Leonardo e Eduardo Costa - Decida.mp3,23349baba85539cc61d636b69ac91e8d044f4d6ee20edc4c77ea5bc0900404f0,IMPORT,preserved,,Sertanejao/Leonardo e Eduardo Costa - Cabaré night club 2016/11 Leonardo e Eduardo Costa - Decida.mp3,"sem erro de leitura; metadata INFERRED; título HIGH; artista HIGH; sem cover; bitrate 96 kbps; sample rate 32000 Hz; desempate final por relative_path",96000,32000,false,INFERRED
Sertanejao/Leonardo e Eduardo Costa - Cabaré night club 2016/12 Leonardo e Eduardo Costa - Apaixonado.mp3,87f869237601a37588ef2f0966cea0928037045aca84f1ede3e3abc4a302cccc,IMPORT,preserved,,Sertanejao/Leonardo e Eduardo Costa - Cabaré night club 2016/12 Leonardo e Eduardo Costa - Apaixonado.mp3,"sem erro de leitura; metadata INFERRED; título HIGH; artista HIGH; sem cover; bitrate 96 kbps; sample rate 32000 Hz; desempate final por relative_path",96000,32000,false,INFERRED
Sertanejao/Leonardo e Eduardo Costa - Cabaré night club 2016/13 Leonardo e Eduardo Costa - Tranque a porta e me beija.mp3,3572bbb0948ba972207e1c92c68f0e159ce31ed68521ca4cadef9642489852df,IMPORT,preserved,,Sertanejao/Leonardo e Eduardo Costa - Cabaré night club 2016/13 Leonardo e Eduardo Costa - Tranque a porta e me beija.mp3,"sem erro de leitura; metadata INFERRED; título HIGH; artista HIGH; sem cover; bitrate 96 kbps; sample rate 32000 Hz; desempate final por relative_path",96000,32000,false,INFERRED
Sertanejao/Leonardo e Eduardo Costa - Cabaré night club 2016/14 Leonardo e Eduardo Costa - Pedaço de minha vida.mp3,66a8ff632d78eaf9ffa2427611a8e211be75b7fc936763de759214bb40139a2d,IMPORT,preserved,,Sertanejao/Leonardo e Eduardo Costa - Cabaré night club 2016/14 Leonardo e Eduardo Costa - Pedaço de minha vida.mp3,"sem erro de leitura; metadata INFERRED; título HIGH; artista HIGH; sem cover; bitrate 96 kbps; sample rate 32000 Hz; desempate final por relative_path",96000,32000,false,INFERRED
Sertanejao/Leonardo e Eduardo Costa - Cabaré night club 2016/15 Leonardo e Eduardo Costa - Me mata de uma vez.mp3,e37d61060e8268d37590fcd334f8f1712299ffd183c5d434f0f0934200ac1ed9,IMPORT,preserved,,Sertanejao/Leonardo e Eduardo Costa - Cabaré night club 2016/15 Leonardo e Eduardo Costa - Me mata de uma vez.mp3,"sem erro de leitura; metadata INFERRED; título HIGH; artista HIGH; sem cover; bitrate 96 kbps; sample rate 32000 Hz; desempate final por relative_path",96000,32000,false,INFERRED
Sertanejao/Leonardo e Eduardo Costa - Cabaré night club 2016/16 Leonardo e Eduardo Costa - Vá com Deus.mp3,18b597f18ba8776b7f2057a2d9bae5c121efd8f6c2b0cded7f558d5a9a7861df,IMPORT,preserved,,Sertanejao/Leonardo e Eduardo Costa - Cabaré night club 2016/16 Leonardo e Eduardo Costa - Vá com Deus.mp3,"sem erro de leitura; metadata INFERRED; título HIGH; artista HIGH; sem cover; bitrate 96 kbps; sample rate 32000 Hz; desempate final por relative_path",96000,32000,false,INFERRED
Sertanejao/Leonardo e Eduardo Costa - Cabaré/01 - Seu Amor Ainda É Tudo.mp3,9c8479a5bcc911ae714c3d6b36d13a3ac043e1b8ed565f0a443b28e51ef7e1da,IMPORT,preserved,,Sertanejao/Leonardo e Eduardo Costa - Cabaré/01 - Seu Amor Ainda É Tudo.mp3,"sem erro de leitura; metadata INFERRED; título MEDIUM; artista MEDIUM; sem cover; bitrate 96 kbps; sample rate 32000 Hz; desempate final por relative_path",96000,32000,false,INFERRED
Sertanejao/Leonardo e Eduardo Costa - Cabaré/02 - Ainda Ontem Chorei De Saudade.mp3,729752f771119ef9a4a7cb39f75de84f6700fc88e179ef170589e588a5dc5aa5,IMPORT,preserved,,Sertanejao/Leonardo e Eduardo Costa - Cabaré/02 - Ainda Ontem Chorei De Saudade.mp3,"sem erro de leitura; metadata INFERRED; título MEDIUM; artista MEDIUM; sem cover; bitrate 96 kbps; sample rate 32000 Hz; desempate final por relative_path",96000,32000,false,INFERRED
Sertanejao/Leonardo e Eduardo Costa - Cabaré/03 - Último Adeus.mp3,bdad1c8e62d50de52095c80fa591e2618751af790df2006cac34c52bc6262c89,IMPORT,preserved,,Sertanejao/Leonardo e Eduardo Costa - Cabaré/03 - Último Adeus.mp3,"sem erro de leitura; metadata INFERRED; título MEDIUM; artista MEDIUM; sem cover; bitrate 96 kbps; sample rate 32000 Hz; desempate final por relative_path",96000,32000,false,INFERRED
Sertanejao/Leonardo e Eduardo Costa - Cabaré/04 - Princesa.mp3,e0c5bd818df34968229a2546b3ff4c2482df0568b7574a0cf012dffc9191ae39,IMPORT,preserved,,Sertanejao/Leonardo e Eduardo Costa - Cabaré/04 - Princesa.mp3,"sem erro de leitura; metadata INFERRED; título MEDIUM; artista MEDIUM; sem cover; bitrate 96 kbps; sample rate 32000 Hz; desempate final por relative_path",96000,32000,false,INFERRED
Sertanejao/Leonardo e Eduardo Costa - Cabaré/05 - As Paredes Azuis.mp3,84919d6ea84e8c3cf11875128fc8a19ea5032e0232691e16e286bb345bddab8e,IMPORT,preserved,,Sertanejao/Leonardo e Eduardo Costa - Cabaré/05 - As Paredes Azuis.mp3,"sem erro de leitura; metadata INFERRED; título MEDIUM; artista MEDIUM; sem cover; bitrate 96 kbps; sample rate 32000 Hz; desempate final por relative_path",96000,32000,false,INFERRED
Sertanejao/Leonardo e Eduardo Costa - Cabaré/06 - Borbulhas De Amor.mp3,b03a238310d8abd9f624621742f7818fd08d7fa467480caba65f880f815e425e,IMPORT,preserved,,Sertanejao/Leonardo e Eduardo Costa - Cabaré/06 - Borbulhas De Amor.mp3,"sem erro de leitura; metadata INFERRED; título MEDIUM; artista MEDIUM; sem cover; bitrate 96 kbps; sample rate 32000 Hz; desempate final por relative_path",96000,32000,false,INFERRED
Sertanejao/Leonardo e Eduardo Costa - Cabaré/07 - Vestido De Seda.mp3,19faffe84457fbabb3182e19a8a8cb540cf6ed1e999db85454fb54470c08e892,IMPORT,preserved,,Sertanejao/Leonardo e Eduardo Costa - Cabaré/07 - Vestido De Seda.mp3,"sem erro de leitura; metadata INFERRED; título MEDIUM; artista MEDIUM; sem cover; bitrate 96 kbps; sample rate 32000 Hz; desempate final por relative_path",96000,32000,false,INFERRED
Sertanejao/Leonardo e Eduardo Costa - Cabaré/08 - Um Degrau Na Escada.mp3,8d201e19d6f7a92c6b6cda1316000673f9d4d764a9f7b05b07afb0c502271504,IMPORT,preserved,,Sertanejao/Leonardo e Eduardo Costa - Cabaré/08 - Um Degrau Na Escada.mp3,"sem erro de leitura; metadata INFERRED; título MEDIUM; artista MEDIUM; sem cover; bitrate 96 kbps; sample rate 32000 Hz; desempate final por relative_path",96000,32000,false,INFERRED
"Sertanejao/Leonardo e Eduardo Costa - Cabaré/09 - Paixão De Um Homem, Dama De Vermelho.mp3",a42f9e537d3846486e7f30d60de19608fcc9dc1037718fff7d30f48085435b43,IMPORT,preserved,,"Sertanejao/Leonardo e Eduardo Costa - Cabaré/09 - Paixão De Um Homem, Dama De Vermelho.mp3","sem erro de leitura; metadata INFERRED; título MEDIUM; artista MEDIUM; sem cover; bitrate 96 kbps; sample rate 32000 Hz; desempate final por relative_path",96000,32000,false,INFERRED
Sertanejao/Leonardo e Eduardo Costa - Cabaré/10 - Sonhei Com Você.mp3,b5eef1e37cf9c6de3fc7d6d401ef13d1e584f0de61ce8b3b08fa2f7e92190898,IMPORT,preserved,,Sertanejao/Leonardo e Eduardo Costa - Cabaré/10 - Sonhei Com Você.mp3,"sem erro de leitura; metadata INFERRED; título MEDIUM; artista MEDIUM; sem cover; bitrate 96 kbps; sample rate 32000 Hz; desempate final por relative_path",96000,32000,false,INFERRED
Sertanejao/Leonardo e Eduardo Costa - Cabaré/11 - Como Eu Chorei.mp3,49a538accd0f5333546fe8ad6ee1671f55c3dc0e7427eb19f67898e74249ab16,IMPORT,preserved,,Sertanejao/Leonardo e Eduardo Costa - Cabaré/11 - Como Eu Chorei.mp3,"sem erro de leitura; metadata INFERRED; título MEDIUM; artista MEDIUM; sem cover; bitrate 96 kbps; sample rate 32000 Hz; desempate final por relative_path",96000,32000,false,INFERRED
Sertanejao/Leonardo e Eduardo Costa - Cabaré/12 - Quem Será Seu Outro Amor.mp3,1c86a5c5a838dd4292336ff83123e59d04151a3d9caec9e83d25bdc355d8629d,IMPORT,preserved,,Sertanejao/Leonardo e Eduardo Costa - Cabaré/12 - Quem Será Seu Outro Amor.mp3,"sem erro de leitura; metadata INFERRED; título MEDIUM; artista MEDIUM; sem cover; bitrate 96 kbps; sample rate 32000 Hz; desempate final por relative_path",96000,32000,false,INFERRED
Sertanejao/Leonardo e Eduardo Costa - Cabaré/13 - Blusa Vermelha.mp3,1ca41bb00a315f5d480a6eb12b87273d2d5502502afce52606c98d7e080c5007,IMPORT,preserved,,Sertanejao/Leonardo e Eduardo Costa - Cabaré/13 - Blusa Vermelha.mp3,"sem erro de leitura; metadata INFERRED; título MEDIUM; artista MEDIUM; sem cover; bitrate 96 kbps; sample rate 32000 Hz; desempate final por relative_path",96000,32000,false,INFERRED
Sertanejao/Leonardo e Eduardo Costa - Cabaré/14 - De Igual Pra Igual.mp3,b4360d90fc70a3b7a3005b6f10151ed583e442967b74f797a9f852c552022688,IMPORT,preserved,,Sertanejao/Leonardo e Eduardo Costa - Cabaré/14 - De Igual Pra Igual.mp3,"sem erro de leitura; metadata INFERRED; título MEDIUM; artista MEDIUM; sem cover; bitrate 96 kbps; sample rate 32000 Hz; desempate final por relative_path",96000,32000,false,INFERRED
Sertanejao/Leonardo e Eduardo Costa - Cabaré/15 - Liguei Pra Dizer Que Te Amo.mp3,ebaca2c3ecac7c133f9f821941be288e901e78a639dbe6940eb5acb1f413d508,IMPORT,preserved,,Sertanejao/Leonardo e Eduardo Costa - Cabaré/15 - Liguei Pra Dizer Que Te Amo.mp3,"sem erro de leitura; metadata INFERRED; título MEDIUM; artista MEDIUM; sem cover; bitrate 96 kbps; sample rate 32000 Hz; desempate final por relative_path",96000,32000,false,INFERRED
Sertanejao/Leonardo e Eduardo Costa - Cabaré/16 - Na Hora Do Adeus.mp3,b7e542090e826b1b5dbd76fa203ae44ba4a53d8443344779c619fc2428fe97ad,IMPORT,preserved,,Sertanejao/Leonardo e Eduardo Costa - Cabaré/16 - Na Hora Do Adeus.mp3,"sem erro de leitura; metadata INFERRED; título MEDIUM; artista MEDIUM; sem cover; bitrate 96 kbps; sample rate 32000 Hz; desempate final por relative_path",96000,32000,false,INFERRED
Sertanejao/Leonardo/01. MAIS UMA NOITE SEM VOCÊ.mp3,d64996e61021ab3dc053466f2f5d16389d37b6479e8ee81ababaf2705ed66be0,IMPORT,preserved,,Sertanejao/Leonardo/01. MAIS UMA NOITE SEM VOCÊ.mp3,"sem erro de leitura; metadata GOOD; título HIGH; artista HIGH; sem cover; bitrate 96 kbps; sample rate 32000 Hz; desempate final por relative_path",96000,32000,false,GOOD
Sertanejao/Leonardo/02. QUEM É.mp3,161706784516c3540e08c55c158a7c69243b3b73cf2e6c9d045c38a97978e199,IMPORT,preserved,,Sertanejao/Leonardo/02. QUEM É.mp3,"sem erro de leitura; metadata GOOD; título HIGH; artista HIGH; sem cover; bitrate 96 kbps; sample rate 32000 Hz; desempate final por relative_path",96000,32000,false,GOOD
Sertanejao/Leonardo/03. O QUANTO NOSSO AMOR VALEU.mp3,4516f1f21371e2181712e6515c5007c48e9da1cdfaf479d9dd6c924b0af7afa3,IMPORT,preserved,,Sertanejao/Leonardo/03. O QUANTO NOSSO AMOR VALEU.mp3,"sem erro de leitura; metadata GOOD; título HIGH; artista HIGH; sem cover; bitrate 96 kbps; sample rate 32000 Hz; desempate final por relative_path",96000,32000,false,GOOD
Sertanejao/Leonardo/04. MENTIROSA.mp3,e1cbe0108820d90c65a34e21ca8eab1e1e07bd05948eff17037e72c93a17281f,IMPORT,preserved,,Sertanejao/Leonardo/04. MENTIROSA.mp3,"sem erro de leitura; metadata GOOD; título HIGH; artista HIGH; sem cover; bitrate 96 kbps; sample rate 32000 Hz; desempate final por relative_path",96000,32000,false,GOOD
Sertanejao/Leonardo/05. ESSE ALGUÉM SOU EU.mp3,7a152aac5f550a09a80a9bee3a743fa24314a0658bad198b5a1a6d18d31b3d8d,IMPORT,preserved,,Sertanejao/Leonardo/05. ESSE ALGUÉM SOU EU.mp3,"sem erro de leitura; metadata GOOD; título HIGH; artista HIGH; sem cover; bitrate 96 kbps; sample rate 32000 Hz; desempate final por relative_path",96000,32000,false,GOOD
Sertanejao/Leonardo/06. DOR DE AMOR NÃO TEM JEITO.mp3,f0140e599571f1b0fa75d24c6b41f028699e1e241475b9d1c7ad1bc0afd4adb0,IMPORT,preserved,,Sertanejao/Leonardo/06. DOR DE AMOR NÃO TEM JEITO.mp3,"sem erro de leitura; metadata GOOD; título HIGH; artista HIGH; sem cover; bitrate 96 kbps; sample rate 32000 Hz; desempate final por relative_path",96000,32000,false,GOOD
Sertanejao/Leonardo/07. VOCÊ AINDA VAI VOLTAR.mp3,cc5316421d22f680464dde922dcb6b7a908d5135bcdf2e3e4de9932d78b69b2d,IMPORT,preserved,,Sertanejao/Leonardo/07. VOCÊ AINDA VAI VOLTAR.mp3,"sem erro de leitura; metadata GOOD; título HIGH; artista HIGH; sem cover; bitrate 96 kbps; sample rate 32000 Hz; desempate final por relative_path",96000,32000,false,GOOD
Sertanejao/Leonardo/08. FLOR DO MEU SERTÃO.mp3,258b959e9a0505177db0a98a6f8ca94e1ba70c62128dd99671fd9b620d5cd42b,IMPORT,preserved,,Sertanejao/Leonardo/08. FLOR DO MEU SERTÃO.mp3,"sem erro de leitura; metadata GOOD; título HIGH; artista HIGH; sem cover; bitrate 96 kbps; sample rate 32000 Hz; desempate final por relative_path",96000,32000,false,GOOD
Sertanejao/Leonardo/09. LÁGRIMAS DE UM HOMEM (Só fazendo amor).mp3,83c55959b8f7328cedcf5963db648042826c49bc1828ded19aa40324c3c63c32,IMPORT,preserved,,Sertanejao/Leonardo/09. LÁGRIMAS DE UM HOMEM (Só fazendo amor).mp3,"sem erro de leitura; metadata GOOD; título HIGH; artista HIGH; sem cover; bitrate 96 kbps; sample rate 32000 Hz; desempate final por relative_path",96000,32000,false,GOOD
Sertanejao/Leonardo/10. PAIXÃO DE UM HOMEM -  NA HORA DE UM ADEUS - EU NÃO SOU CACHORRO NÃO.mp3,679b394bd755bd4b37f48cc935f04627ff181259d544e39a3a0dd72c97a4cde0,IMPORT,preserved,,Sertanejao/Leonardo/10. PAIXÃO DE UM HOMEM -  NA HORA DE UM ADEUS - EU NÃO SOU CACHORRO NÃO.mp3,"sem erro de leitura; metadata GOOD; título HIGH; artista HIGH; sem cover; bitrate 96 kbps; sample rate 32000 Hz; desempate final por relative_path",96000,32000,false,GOOD
Sertanejao/Leonardo/11. O CARA ERRADO.mp3,677300a5c4612e5c516d97c20b585c443947d9ad62297aa740c25e4e5c702db3,IMPORT,preserved,,Sertanejao/Leonardo/11. O CARA ERRADO.mp3,"sem erro de leitura; metadata GOOD; título HIGH; artista HIGH; sem cover; bitrate 96 kbps; sample rate 32000 Hz; desempate final por relative_path",96000,32000,false,GOOD
Sertanejao/Leonardo/12. CORAÇÃO BANDIDO.mp3,74f8d108de5c11693688d5a5ee31b9dde5d2b7a2a7705a2690658fbe6727948c,IMPORT,preserved,,Sertanejao/Leonardo/12. CORAÇÃO BANDIDO.mp3,"sem erro de leitura; metadata GOOD; título HIGH; artista HIGH; sem cover; bitrate 96 kbps; sample rate 32000 Hz; desempate final por relative_path",96000,32000,false,GOOD
Sertanejao/Leonardo/13. DE LATINHA NA MÃO.mp3,b90326d72f9519b74fe38a053d8b49dfe3fd0cc182c9dcbac91002283d803d4d,IMPORT,preserved,,Sertanejao/Leonardo/13. DE LATINHA NA MÃO.mp3,"sem erro de leitura; metadata GOOD; título HIGH; artista HIGH; sem cover; bitrate 96 kbps; sample rate 32000 Hz; desempate final por relative_path",96000,32000,false,GOOD
Sertanejao/Leonardo/14. FANTASIAS.mp3,d3d231b7236c59ac987682b9d268c139008127fb22d3eb6a2341a60aed7a5a6b,IMPORT,preserved,,Sertanejao/Leonardo/14. FANTASIAS.mp3,"sem erro de leitura; metadata GOOD; título HIGH; artista HIGH; sem cover; bitrate 96 kbps; sample rate 32000 Hz; desempate final por relative_path",96000,32000,false,GOOD
Sertanejao/Leonardo/15. A FILA ANDA.mp3,ef64d2b64117635ea8d744bc7bca0d7b090ea180b3524c21f79baced64335dd9,IMPORT,preserved,,Sertanejao/Leonardo/15. A FILA ANDA.mp3,"sem erro de leitura; metadata GOOD; título HIGH; artista HIGH; sem cover; bitrate 96 kbps; sample rate 32000 Hz; desempate final por relative_path",96000,32000,false,GOOD
Sertanejao/Leonardo/16. PRA NUNCA DIZER ADEUS.mp3,063979209fc7d1f86537d0e6b3fe3bb6858acab9cf67711a2f7f954c45ff160e,IMPORT,preserved,,Sertanejao/Leonardo/16. PRA NUNCA DIZER ADEUS.mp3,"sem erro de leitura; metadata GOOD; título HIGH; artista HIGH; sem cover; bitrate 96 kbps; sample rate 32000 Hz; desempate final por relative_path",96000,32000,false,GOOD
"Sertanejao/Leonardo/17. VOLTA, AMOR.mp3",1a12be9ae5f363babe47e399e334465345112e48c448357f37352593f1a2619a,IMPORT,preserved,,"Sertanejao/Leonardo/17. VOLTA, AMOR.mp3","sem erro de leitura; metadata GOOD; título HIGH; artista HIGH; sem cover; bitrate 96 kbps; sample rate 32000 Hz; desempate final por relative_path",96000,32000,false,GOOD
Sertanejao/Leonardo/18. ÁGUA DE COCO.mp3,1fb534764a2bc9f1baef28da107543f1d9e7bda337ee6bc940f4e30977623b26,IMPORT,preserved,,Sertanejao/Leonardo/18. ÁGUA DE COCO.mp3,"sem erro de leitura; metadata GOOD; título HIGH; artista HIGH; sem cover; bitrate 96 kbps; sample rate 32000 Hz; desempate final por relative_path",96000,32000,false,GOOD
Sertanejao/Matogrosso & Mathias - Conversando Com o Abajur (2019)/01. Conversando Com o Abajur (feat. Zé Neto e Cristiano).mp3,2c04b5298d2bcbca58230bff49086b0a6e93bc2926c091efaad9098391e07292,IMPORT,preserved,,Sertanejao/Matogrosso & Mathias - Conversando Com o Abajur (2019)/01. Conversando Com o Abajur (feat. Zé Neto e Cristiano).mp3,"sem erro de leitura; metadata GOOD; título HIGH; artista HIGH; cover presente; bitrate 128 kbps; sample rate 44100 Hz; desempate final por relative_path",128000,44100,true,GOOD
Sertanejao/Matogrosso & Mathias - Conversando Com o Abajur (2019)/02. Só Mais um.mp3,659e851cb1d596ebcf96d3548590bdd1a3b5d066e9403c0d1e1078d1353de69f,IMPORT,preserved,,Sertanejao/Matogrosso & Mathias - Conversando Com o Abajur (2019)/02. Só Mais um.mp3,"sem erro de leitura; metadata GOOD; título HIGH; artista HIGH; cover presente; bitrate 128 kbps; sample rate 44100 Hz; desempate final por relative_path",128000,44100,true,GOOD
Sertanejao/Matogrosso & Mathias - Conversando Com o Abajur (2019)/03. Mariposa.mp3,feb9ed18ad5b92a5486b4b2ff65e22dafa1f39273a4202c54093498eaa9c5e9c,IMPORT,preserved,,Sertanejao/Matogrosso & Mathias - Conversando Com o Abajur (2019)/03. Mariposa.mp3,"sem erro de leitura; metadata GOOD; título HIGH; artista HIGH; cover presente; bitrate 128 kbps; sample rate 44100 Hz; desempate final por relative_path",128000,44100,true,GOOD
"Sertanejao/Matogrosso & Mathias - Conversando Com o Abajur (2019)/04. Caiu, Quebrou.mp3",0d2ff23d5be665fa9c7fc3f69960ac720b3a23a69c00651583081ff0c6bfc811,IMPORT,preserved,,"Sertanejao/Matogrosso & Mathias - Conversando Com o Abajur (2019)/04. Caiu, Quebrou.mp3","sem erro de leitura; metadata GOOD; título HIGH; artista HIGH; cover presente; bitrate 128 kbps; sample rate 44100 Hz; desempate final por relative_path",128000,44100,true,GOOD
Sertanejao/Matogrosso & Mathias - Conversando Com o Abajur (2019)/05. Confusão na Cama (Cabaré).mp3,eb90a929afa8fc8612035d38724b3119c1abcc1f4826aad240de0701185c8a4a,IMPORT,preserved,,Sertanejao/Matogrosso & Mathias - Conversando Com o Abajur (2019)/05. Confusão na Cama (Cabaré).mp3,"sem erro de leitura; metadata GOOD; título HIGH; artista HIGH; cover presente; bitrate 128 kbps; sample rate 44100 Hz; desempate final por relative_path",128000,44100,true,GOOD
Sertanejao/Matogrosso e Mathias - Zona rural (Ao vivo) 2021/01 Matogrosso e Mathias - Tentei te esquecer.mp3,adbedc84bf7f046dbd7e4e1b0b640fc45a0d71b57c306304229d74a8eeab208e,IMPORT,preserved,,Sertanejao/Matogrosso e Mathias - Zona rural (Ao vivo) 2021/01 Matogrosso e Mathias - Tentei te esquecer.mp3,"sem erro de leitura; metadata INFERRED; título HIGH; artista HIGH; cover presente; bitrate 128 kbps; sample rate 44100 Hz; desempate final por relative_path",128000,44100,true,INFERRED
"Sertanejao/Matogrosso e Mathias - Zona rural (Ao vivo) 2021/02 Matogrosso e Mathias - Levando a vida, Dama de vermelho.mp3",abb495b9a1c334d7e57a5c7f3f68a26ed6ca470ccdd24a569526e76e02e07e1c,IMPORT,preserved,,"Sertanejao/Matogrosso e Mathias - Zona rural (Ao vivo) 2021/02 Matogrosso e Mathias - Levando a vida, Dama de vermelho.mp3","sem erro de leitura; metadata INFERRED; título HIGH; artista HIGH; cover presente; bitrate 128 kbps; sample rate 44100 Hz; desempate final por relative_path",128000,44100,true,INFERRED
Sertanejao/Matogrosso e Mathias - Zona rural (Ao vivo) 2021/03 Matogrosso e Mathias - Desatino.mp3,d1883b616343b08d7d1ca098e5fdc968bc80e0e0d590ff98190e904b94455a79,IMPORT,preserved,,Sertanejao/Matogrosso e Mathias - Zona rural (Ao vivo) 2021/03 Matogrosso e Mathias - Desatino.mp3,"sem erro de leitura; metadata INFERRED; título HIGH; artista HIGH; cover presente; bitrate 128 kbps; sample rate 44100 Hz; desempate final por relative_path",128000,44100,true,INFERRED
Sertanejao/Matogrosso e Mathias - Zona rural (Ao vivo) 2021/04 Matogrosso e Mathias - Amargurado.mp3,6682c45edcaecc5a6a117cf0a2a44e78780fbd6a8db87336da830421a455aaa5,IMPORT,preserved,,Sertanejao/Matogrosso e Mathias - Zona rural (Ao vivo) 2021/04 Matogrosso e Mathias - Amargurado.mp3,"sem erro de leitura; metadata INFERRED; título HIGH; artista HIGH; cover presente; bitrate 128 kbps; sample rate 44100 Hz; desempate final por relative_path",128000,44100,true,INFERRED
Sertanejao/Matogrosso e Mathias - Zona rural (Ao vivo) 2021/05 Matogrosso e Mathias - Vou.mp3,c9c80a82b9787debcba28a835603e72deafaf59f6589d4b09f9e895fae41bb48,IMPORT,preserved,,Sertanejao/Matogrosso e Mathias - Zona rural (Ao vivo) 2021/05 Matogrosso e Mathias - Vou.mp3,"sem erro de leitura; metadata INFERRED; título HIGH; artista HIGH; cover presente; bitrate 128 kbps; sample rate 44100 Hz; desempate final por relative_path",128000,44100,true,INFERRED
Sertanejao/Matogrosso e Mathias - Zona rural (Ao vivo) 2021/06 Matogrosso e Mathias - Selva de pedra.mp3,2bc6d1e741c59d664573352d6a5b12b9c2de99842d13ada9f436a559c2f3ff3a,IMPORT,preserved,,Sertanejao/Matogrosso e Mathias - Zona rural (Ao vivo) 2021/06 Matogrosso e Mathias - Selva de pedra.mp3,"sem erro de leitura; metadata INFERRED; título HIGH; artista HIGH; cover presente; bitrate 128 kbps; sample rate 44100 Hz; desempate final por relative_path",128000,44100,true,INFERRED
Sertanejao/Matogrosso e Mathias - Zona rural (Ao vivo) 2021/07 Matogrosso e Mathias - Ponto de chegada (Part. João Bosco e Vinícius).mp3,f59a16c9839074730d05d74b25f91b8711d03b4ff89bb930cd5fceb8e79ba58a,IMPORT,preserved,,Sertanejao/Matogrosso e Mathias - Zona rural (Ao vivo) 2021/07 Matogrosso e Mathias - Ponto de chegada (Part. João Bosco e Vinícius).mp3,"sem erro de leitura; metadata INFERRED; título HIGH; artista HIGH; cover presente; bitrate 128 kbps; sample rate 44100 Hz; desempate final por relative_path",128000,44100,true,INFERRED
Sertanejao/Matogrosso e Mathias - Zona rural (Ao vivo) 2021/08 Matogrosso e Mathias - Porque (Volta pra mim).mp3,7349b2279de43bb53e81675d165ca492d6c9f5baa12a5f6c047b5b072b4f701c,IMPORT,preserved,,Sertanejao/Matogrosso e Mathias - Zona rural (Ao vivo) 2021/08 Matogrosso e Mathias - Porque (Volta pra mim).mp3,"sem erro de leitura; metadata INFERRED; título HIGH; artista HIGH; cover presente; bitrate 128 kbps; sample rate 44100 Hz; desempate final por relative_path",128000,44100,true,INFERRED
"Sertanejao/Matogrosso e Mathias - Zona rural (Ao vivo) 2021/09 Matogrosso e Mathias - Ela chorou de amor, Se a casa cair.mp3",965066629094a2c27728464e9db7d26e448d1e69ad85c8f66541172c02757281,IMPORT,preserved,,"Sertanejao/Matogrosso e Mathias - Zona rural (Ao vivo) 2021/09 Matogrosso e Mathias - Ela chorou de amor, Se a casa cair.mp3","sem erro de leitura; metadata INFERRED; título HIGH; artista HIGH; cover presente; bitrate 128 kbps; sample rate 44100 Hz; desempate final por relative_path",128000,44100,true,INFERRED
Sertanejao/Matogrosso e Mathias - Zona rural (Ao vivo) 2021/10 Matogrosso e Mathias - Secando várias garrafas (Part. Henrique e Juliano).mp3,5e3d1bb1733fcabc6da99df668d8c6de963672bd8a2bd01697d353a6d6817ae7,IMPORT,preserved,,Sertanejao/Matogrosso e Mathias - Zona rural (Ao vivo) 2021/10 Matogrosso e Mathias - Secando várias garrafas (Part. Henrique e Juliano).mp3,"sem erro de leitura; metadata INFERRED; título HIGH; artista HIGH; cover presente; bitrate 128 kbps; sample rate 44100 Hz; desempate final por relative_path",128000,44100,true,INFERRED
"Sertanejao/Matogrosso e Mathias - Zona rural (Ao vivo) 2021/11 Matogrosso e Mathias - Boiadeiro errante, Viola está chorando.mp3",d8c4ec8f0e25c741dd392bbe9303f94964b49508aad033a45b9e6a4004c01f35,IMPORT,preserved,,"Sertanejao/Matogrosso e Mathias - Zona rural (Ao vivo) 2021/11 Matogrosso e Mathias - Boiadeiro errante, Viola está chorando.mp3","sem erro de leitura; metadata INFERRED; título HIGH; artista HIGH; cover presente; bitrate 128 kbps; sample rate 44100 Hz; desempate final por relative_path",128000,44100,true,INFERRED
Sertanejao/Matogrosso e Mathias - Zona rural (Ao vivo) 2021/12 Matogrosso e Mathias - Som de cristal.mp3,9435c0353c687b546ca731ca8ba0737cb2bcbad535c981060557b5d3bbc17f87,IMPORT,preserved,,Sertanejao/Matogrosso e Mathias - Zona rural (Ao vivo) 2021/12 Matogrosso e Mathias - Som de cristal.mp3,"sem erro de leitura; metadata INFERRED; título HIGH; artista HIGH; cover presente; bitrate 128 kbps; sample rate 44100 Hz; desempate final por relative_path",128000,44100,true,INFERRED
Sertanejao/Matogrosso e Mathias - Zona rural (Ao vivo) 2021/13 Matogrosso e Mathias - Seguindo seus passos.mp3,510438711c10aa6140ad107b72bf517a1375b70ac94415c1e3c445e3ed3bdd07,IMPORT,preserved,,Sertanejao/Matogrosso e Mathias - Zona rural (Ao vivo) 2021/13 Matogrosso e Mathias - Seguindo seus passos.mp3,"sem erro de leitura; metadata INFERRED; título HIGH; artista HIGH; cover presente; bitrate 128 kbps; sample rate 44100 Hz; desempate final por relative_path",128000,44100,true,INFERRED
Sertanejao/Matogrosso e Mathias - Zona rural (Ao vivo) 2021/14 Matogrosso e Mathias - Um dia eu saio dessa (Part. Felipe Araújo).mp3,a4acfb3dd067abc8c8655cbc2d9b92a9a5bc8fbdf3876c98d2baa67d6dc75a4f,IMPORT,preserved,,Sertanejao/Matogrosso e Mathias - Zona rural (Ao vivo) 2021/14 Matogrosso e Mathias - Um dia eu saio dessa (Part. Felipe Araújo).mp3,"sem erro de leitura; metadata INFERRED; título HIGH; artista HIGH; cover presente; bitrate 128 kbps; sample rate 44100 Hz; desempate final por relative_path",128000,44100,true,INFERRED
Sertanejao/Matogrosso e Mathias - Zona rural (Ao vivo) 2021/15 Matogrosso e Mathias - Boate azul.mp3,0b41cf8763d28d602695099d015550fda54e127c8cce0cb80cd1474a54a6c98b,IMPORT,preserved,,Sertanejao/Matogrosso e Mathias - Zona rural (Ao vivo) 2021/15 Matogrosso e Mathias - Boate azul.mp3,"sem erro de leitura; metadata INFERRED; título HIGH; artista HIGH; cover presente; bitrate 128 kbps; sample rate 44100 Hz; desempate final por relative_path",128000,44100,true,INFERRED
Sertanejao/Matogrosso e Mathias - Zona rural (Ao vivo) 2021/16 Matogrosso e Mathias - Ainda te amo.mp3,b2cc250b34642f29a3631da9ced5d9c8231e3290f60f863b6748e3d303e163a9,IMPORT,preserved,,Sertanejao/Matogrosso e Mathias - Zona rural (Ao vivo) 2021/16 Matogrosso e Mathias - Ainda te amo.mp3,"sem erro de leitura; metadata INFERRED; título HIGH; artista HIGH; cover presente; bitrate 128 kbps; sample rate 44100 Hz; desempate final por relative_path",128000,44100,true,INFERRED
Sertanejao/Matogrosso e Mathias - Zona rural (Ao vivo) 2021/17 Matogrosso e Mathias - Jogado na rua.mp3,cd9d34e5c26992bd26f22997ee287163479f364405faf047f468eea092ecc5dc,IMPORT,preserved,,Sertanejao/Matogrosso e Mathias - Zona rural (Ao vivo) 2021/17 Matogrosso e Mathias - Jogado na rua.mp3,"sem erro de leitura; metadata INFERRED; título HIGH; artista HIGH; cover presente; bitrate 128 kbps; sample rate 44100 Hz; desempate final por relative_path",128000,44100,true,INFERRED
"Sertanejao/Matogrosso e Mathias - Zona rural (Ao vivo) 2021/18 Matogrosso e Mathias - Assino com x, Só mais uma vez.mp3",0c7c510ebb6b42e1998ab3ea895052dca9902dfa0a7df85c99d51d347b824430,IMPORT,preserved,,"Sertanejao/Matogrosso e Mathias - Zona rural (Ao vivo) 2021/18 Matogrosso e Mathias - Assino com x, Só mais uma vez.mp3","sem erro de leitura; metadata INFERRED; título HIGH; artista HIGH; cover presente; bitrate 128 kbps; sample rate 44100 Hz; desempate final por relative_path",128000,44100,true,INFERRED
Sertanejao/Milionario e Jose Rico/01. Milionário & José Rico - Estrada Da Vida.mp3,6345e09b581e1511e0fa161e3f7d2177fec314b0d3055b9d7264f2e29dfe545e,IMPORT,preserved,,Sertanejao/Milionario e Jose Rico/01. Milionário & José Rico - Estrada Da Vida.mp3,"sem erro de leitura; metadata GOOD; título HIGH; artista HIGH; cover presente; bitrate 128 kbps; sample rate 44100 Hz; desempate final por relative_path",128000,44100,true,GOOD
Sertanejao/Milionario e Jose Rico/02. Milionário & José Rico - Migalhas De Amor.mp3,cfe2c07b5bdcddd7764616b56bbca088b8b5e95b35ea1798f991d14c3b9b0a49,IMPORT,preserved,,Sertanejao/Milionario e Jose Rico/02. Milionário & José Rico - Migalhas De Amor.mp3,"sem erro de leitura; metadata GOOD; título HIGH; artista HIGH; cover presente; bitrate 128 kbps; sample rate 44100 Hz; desempate final por relative_path",128000,44100,true,GOOD
Sertanejao/Milionario e Jose Rico/03. Milionário & José Rico - Sonho De Um Caminhoneiro.mp3,9cf77bb869b8ce0c2249476c735becef2a54dd95ce2d2504ceac1f0a865edbdf,IMPORT,preserved,,Sertanejao/Milionario e Jose Rico/03. Milionário & José Rico - Sonho De Um Caminhoneiro.mp3,"sem erro de leitura; metadata GOOD; título HIGH; artista HIGH; cover presente; bitrate 128 kbps; sample rate 44100 Hz; desempate final por relative_path",128000,44100,true,GOOD
Sertanejao/Milionario e Jose Rico/04. Milionário & José Rico - Meu Mundo Vazio.mp3,97eea0ddfcaa8965b23b13467e9ab83e121465ab72cf3053896972ad1b8c6c4e,IMPORT,preserved,,Sertanejao/Milionario e Jose Rico/04. Milionário & José Rico - Meu Mundo Vazio.mp3,"sem erro de leitura; metadata GOOD; título HIGH; artista HIGH; cover presente; bitrate 128 kbps; sample rate 44100 Hz; desempate final por relative_path",128000,44100,true,GOOD
Sertanejao/Milionario e Jose Rico/05. Milionário & José Rico - Tribunal De Amor.mp3,e127b6138a8333986b4c6e1ed1e353b3f2e30ffc08d344cbf129c7f469b2f882,IMPORT,preserved,,Sertanejao/Milionario e Jose Rico/05. Milionário & José Rico - Tribunal De Amor.mp3,"sem erro de leitura; metadata GOOD; título HIGH; artista HIGH; cover presente; bitrate 128 kbps; sample rate 44100 Hz; desempate final por relative_path",128000,44100,true,GOOD
Sertanejao/Milionario e Jose Rico/06. Milionário & José Rico - Sonhei Com Você.mp3,9ce16491041267195effd3bb7bbffa7a5bda98e8f2236aa80c08a812d7371071,IMPORT,preserved,,Sertanejao/Milionario e Jose Rico/06. Milionário & José Rico - Sonhei Com Você.mp3,"sem erro de leitura; metadata GOOD; título HIGH; artista HIGH; cover presente; bitrate 128 kbps; sample rate 44100 Hz; desempate final por relative_path",128000,44100,true,GOOD
Sertanejao/Milionario e Jose Rico/07. Milionário & José Rico - Vá Pro Inferno Com Seu Amor.mp3,b9754c10f0332c6040b8c0e977437306b18902ea3214859b012793bcd2df291b,IMPORT,preserved,,Sertanejao/Milionario e Jose Rico/07. Milionário & José Rico - Vá Pro Inferno Com Seu Amor.mp3,"sem erro de leitura; metadata GOOD; título HIGH; artista HIGH; cover presente; bitrate 128 kbps; sample rate 44100 Hz; desempate final por relative_path",128000,44100,true,GOOD
Sertanejao/Milionario e Jose Rico/08. Milionário & José Rico - Duas Camisas.mp3,fe277729a1b095c453d7122c0e62a2e63b6b24d36a70da530f7192c367dc9fdb,IMPORT,preserved,,Sertanejao/Milionario e Jose Rico/08. Milionário & José Rico - Duas Camisas.mp3,"sem erro de leitura; metadata GOOD; título HIGH; artista HIGH; cover presente; bitrate 128 kbps; sample rate 44100 Hz; desempate final por relative_path",128000,44100,true,GOOD
Sertanejao/Milionario e Jose Rico/09. Milionário & José Rico - Amor Dividido.mp3,2785fc53b1c079ec0b38ba1fd747e224b4292d1c4a92c79e40d8f5295fd6ba6c,IMPORT,preserved,,Sertanejao/Milionario e Jose Rico/09. Milionário & José Rico - Amor Dividido.mp3,"sem erro de leitura; metadata GOOD; título HIGH; artista HIGH; cover presente; bitrate 128 kbps; sample rate 44100 Hz; desempate final por relative_path",128000,44100,true,GOOD
Sertanejao/Milionario e Jose Rico/10. Milionário & José Rico - Jogo Do Amor.mp3,2cf87436eef1c38d1752e86c7bc26425d5f0108ae9f35191853a03f74792b9e7,IMPORT,preserved,,Sertanejao/Milionario e Jose Rico/10. Milionário & José Rico - Jogo Do Amor.mp3,"sem erro de leitura; metadata GOOD; título HIGH; artista HIGH; cover presente; bitrate 128 kbps; sample rate 44100 Hz; desempate final por relative_path",128000,44100,true,GOOD
Sertanejao/Milionario e Jose Rico/11. Milionário & José Rico - Do Mundo Nada Se Leva.mp3,756cbeb9980659642d927a4489f2911d3db4e55ea88c16c2ac7bb01d40ac4cd9,IMPORT,preserved,,Sertanejao/Milionario e Jose Rico/11. Milionário & José Rico - Do Mundo Nada Se Leva.mp3,"sem erro de leitura; metadata GOOD; título HIGH; artista HIGH; cover presente; bitrate 128 kbps; sample rate 44100 Hz; desempate final por relative_path",128000,44100,true,GOOD
Sertanejao/Milionario e Jose Rico/12. Milionário & José Rico - De Longe Também Se Ama.mp3,e03ac82eeecb7ce80f69ef9da8d2d8d49516d72d6a4bd9d926cf7dca1f66b4db,IMPORT,preserved,,Sertanejao/Milionario e Jose Rico/12. Milionário & José Rico - De Longe Também Se Ama.mp3,"sem erro de leitura; metadata GOOD; título HIGH; artista HIGH; cover presente; bitrate 128 kbps; sample rate 44100 Hz; desempate final por relative_path",128000,44100,true,GOOD
Sertanejao/Milionario e Jose Rico/13. Milionário & José Rico - Coração De Pedra.mp3,1563e5481cfbb176ab4b1a10f09bec33690c2b3ed3627a406968fd7f363bf8eb,IMPORT,preserved,,Sertanejao/Milionario e Jose Rico/13. Milionário & José Rico - Coração De Pedra.mp3,"sem erro de leitura; metadata GOOD; título HIGH; artista HIGH; cover presente; bitrate 128 kbps; sample rate 44100 Hz; desempate final por relative_path",128000,44100,true,GOOD
Sertanejao/Milionario e Jose Rico/14. Milionário & José Rico - Dê Amor Pra Quem Te Ama.mp3,39080c01d502a09e045a5d6da66446c2e395e3c2b7992571a5927e80502116e8,IMPORT,preserved,,Sertanejao/Milionario e Jose Rico/14. Milionário & José Rico - Dê Amor Pra Quem Te Ama.mp3,"sem erro de leitura; metadata GOOD; título HIGH; artista HIGH; cover presente; bitrate 128 kbps; sample rate 44100 Hz; desempate final por relative_path",128000,44100,true,GOOD
Sertanejao/Milionario e Jose Rico/15. Milionário & José Rico - Esquina Do Adeus.mp3,3afd06a72b986503882276ea9433b5bfe828e00b2c4367d4fb9188766eaf27ce,IMPORT,preserved,,Sertanejao/Milionario e Jose Rico/15. Milionário & José Rico - Esquina Do Adeus.mp3,"sem erro de leitura; metadata GOOD; título HIGH; artista HIGH; cover presente; bitrate 128 kbps; sample rate 44100 Hz; desempate final por relative_path",128000,44100,true,GOOD
Sertanejao/Milionario e Jose Rico/16. Milionário & José Rico - Lembranças.mp3,6d4a07fe28b3a5081ce7c0aa42910a013db715c17adb8a143672df1b1a9ba70b,IMPORT,preserved,,Sertanejao/Milionario e Jose Rico/16. Milionário & José Rico - Lembranças.mp3,"sem erro de leitura; metadata GOOD; título HIGH; artista HIGH; cover presente; bitrate 128 kbps; sample rate 44100 Hz; desempate final por relative_path",128000,44100,true,GOOD
Sertanejao/Milionario e Jose Rico/17. Milionário & José Rico - Escravo Do Amor.mp3,79ccd4da785aebe78e7601ce5ca41d34c99fe53217ef5932fef463516d6f8573,IMPORT,preserved,,Sertanejao/Milionario e Jose Rico/17. Milionário & José Rico - Escravo Do Amor.mp3,"sem erro de leitura; metadata GOOD; título HIGH; artista HIGH; cover presente; bitrate 128 kbps; sample rate 44100 Hz; desempate final por relative_path",128000,44100,true,GOOD
Sertanejao/Milionario e Jose Rico/18. Milionário & José Rico - O Tropeiro.mp3,02c36b456ed1ad0abed8cb3eaacae735c2b091770c55938ae9065993ed1a6e6b,IMPORT,preserved,,Sertanejao/Milionario e Jose Rico/18. Milionário & José Rico - O Tropeiro.mp3,"sem erro de leitura; metadata GOOD; título HIGH; artista HIGH; cover presente; bitrate 128 kbps; sample rate 44100 Hz; desempate final por relative_path",128000,44100,true,GOOD
Sertanejao/Milionario e Jose Rico/19. Milionário & José Rico - Ninguém É De Ninguém.mp3,5673af72d0f5b370bbcba0af5056fee6f949aa0c1b0b4ce36b94758f3a718b75,IMPORT,preserved,,Sertanejao/Milionario e Jose Rico/19. Milionário & José Rico - Ninguém É De Ninguém.mp3,"sem erro de leitura; metadata GOOD; título HIGH; artista HIGH; cover presente; bitrate 128 kbps; sample rate 44100 Hz; desempate final por relative_path",128000,44100,true,GOOD
Sertanejao/Milionario e Jose Rico/20. Milionário & José Rico - Nasci Pra Te Amar.mp3,5613a19418a0f781d47331ce846e304c738226de9b55b034121c76450c130f1e,IMPORT,preserved,,Sertanejao/Milionario e Jose Rico/20. Milionário & José Rico - Nasci Pra Te Amar.mp3,"sem erro de leitura; metadata GOOD; título HIGH; artista HIGH; cover presente; bitrate 128 kbps; sample rate 44100 Hz; desempate final por relative_path",128000,44100,true,GOOD
Sertanejao/Rick e Renner/01 - Só Pensando Em Você.mp3,7d5acb2481893545f4cdb38d4b9e1e2040787f047a2210c19a0591a0f91e2417,IMPORT,preserved,,Sertanejao/Rick e Renner/01 - Só Pensando Em Você.mp3,"sem erro de leitura; metadata GOOD; título HIGH; artista HIGH; sem cover; bitrate 96 kbps; sample rate 32000 Hz; desempate final por relative_path",96000,32000,false,GOOD
Sertanejao/Rick e Renner/02 - A Força Do Amor.mp3,9bcf4a3780f9522c36f700b4c3eca16b5867e475400a41be363a26bfc0d1b23a,IMPORT,preserved,,Sertanejao/Rick e Renner/02 - A Força Do Amor.mp3,"sem erro de leitura; metadata GOOD; título HIGH; artista HIGH; sem cover; bitrate 96 kbps; sample rate 32000 Hz; desempate final por relative_path",96000,32000,false,GOOD
Sertanejao/Rick e Renner/03 - Nos Bares Da Cidade.mp3,1a959693efbf8d960e3c9355a355d2a56398a89de2f73eb3236aa22df58b2091,IMPORT,preserved,,Sertanejao/Rick e Renner/03 - Nos Bares Da Cidade.mp3,"sem erro de leitura; metadata GOOD; título HIGH; artista HIGH; sem cover; bitrate 96 kbps; sample rate 32000 Hz; desempate final por relative_path",96000,32000,false,GOOD
Sertanejao/Rick e Renner/04 - Vou Ganhar Você.mp3,dc1eab4030770a33ee38931addfedf5268f225ba762813048cd57e9a7f1799ad,IMPORT,preserved,,Sertanejao/Rick e Renner/04 - Vou Ganhar Você.mp3,"sem erro de leitura; metadata GOOD; título HIGH; artista HIGH; sem cover; bitrate 96 kbps; sample rate 32000 Hz; desempate final por relative_path",96000,32000,false,GOOD
Sertanejao/Rick e Renner/05 - Mil Vezes Cantarei.mp3,6cd90c61e3b5fcd751b2f553e6b5187942adc5d761193070e69edf2baaf88a0a,IMPORT,preserved,,Sertanejao/Rick e Renner/05 - Mil Vezes Cantarei.mp3,"sem erro de leitura; metadata GOOD; título HIGH; artista HIGH; sem cover; bitrate 96 kbps; sample rate 32000 Hz; desempate final por relative_path",96000,32000,false,GOOD
Sertanejao/Rick e Renner/06 - Sem Direção.mp3,a9079bc11a7706b328234c74c2ba7af4d54acaada0ee8b958f69a319a2296932,IMPORT,preserved,,Sertanejao/Rick e Renner/06 - Sem Direção.mp3,"sem erro de leitura; metadata GOOD; título HIGH; artista HIGH; sem cover; bitrate 96 kbps; sample rate 32000 Hz; desempate final por relative_path",96000,32000,false,GOOD
Sertanejao/Rick e Renner/07 - Preciso Te Encontrar.mp3,f2759fde8328aa00de1e1c76cc84060e308ebbc929f7777a3e6ccdd64c8c3c91,IMPORT,preserved,,Sertanejao/Rick e Renner/07 - Preciso Te Encontrar.mp3,"sem erro de leitura; metadata GOOD; título HIGH; artista HIGH; sem cover; bitrate 96 kbps; sample rate 32000 Hz; desempate final por relative_path",96000,32000,false,GOOD
Sertanejao/Rick e Renner/08 - Fim De Semana.mp3,8bbfd6276e51254fd650255f78d2b2afdd0b5b9adeebe1533ce72990a23aa1f7,IMPORT,preserved,,Sertanejao/Rick e Renner/08 - Fim De Semana.mp3,"sem erro de leitura; metadata GOOD; título HIGH; artista HIGH; sem cover; bitrate 96 kbps; sample rate 32000 Hz; desempate final por relative_path",96000,32000,false,GOOD
Sertanejao/Rick e Renner/09 - Muleca.mp3,e02e4040fd88c0fb7213a7aac3cf1409a99ef4c91bbe56d8253904d0b2c25904,IMPORT,preserved,,Sertanejao/Rick e Renner/09 - Muleca.mp3,"sem erro de leitura; metadata GOOD; título HIGH; artista HIGH; sem cover; bitrate 96 kbps; sample rate 32000 Hz; desempate final por relative_path",96000,32000,false,GOOD
Sertanejao/Rick e Renner/10 - Seguir Em Frente.mp3,5f711df8ea6da5b1e95c2a34e7aea22429b0315e5dd1429b8cd3d3d983ea7623,IMPORT,preserved,,Sertanejao/Rick e Renner/10 - Seguir Em Frente.mp3,"sem erro de leitura; metadata GOOD; título HIGH; artista HIGH; sem cover; bitrate 96 kbps; sample rate 32000 Hz; desempate final por relative_path",96000,32000,false,GOOD
Sertanejao/Rick e Renner/11 - Bandida.mp3,6b93b518cb19e38fb23ce8b3492f3e510f173fe843847efde871ee60560fbe91,IMPORT,preserved,,Sertanejao/Rick e Renner/11 - Bandida.mp3,"sem erro de leitura; metadata GOOD; título HIGH; artista HIGH; sem cover; bitrate 96 kbps; sample rate 32000 Hz; desempate final por relative_path",96000,32000,false,GOOD
Sertanejao/Rick e Renner/12 - Filha.mp3,c5be9013f0cf1f6a302bb8d7257f3d1f12be36275b838ca96965409a23fcfc14,IMPORT,preserved,,Sertanejao/Rick e Renner/12 - Filha.mp3,"sem erro de leitura; metadata GOOD; título HIGH; artista HIGH; sem cover; bitrate 96 kbps; sample rate 32000 Hz; desempate final por relative_path",96000,32000,false,GOOD
Sertanejao/Rick e Renner/13 - Baby.mp3,4b1e1f5acad6c200408b26ba81f949eea9481f65c81382cfbf3b0829407e6c60,IMPORT,preserved,,Sertanejao/Rick e Renner/13 - Baby.mp3,"sem erro de leitura; metadata GOOD; título HIGH; artista HIGH; sem cover; bitrate 96 kbps; sample rate 32000 Hz; desempate final por relative_path",96000,32000,false,GOOD
Sertanejao/Rick e Renner/14 - Cara-De-Pau.mp3,d175f9cbbb44f393badcc604735c6fbba845b8ace00d54d25395fa6c081763e0,IMPORT,preserved,,Sertanejao/Rick e Renner/14 - Cara-De-Pau.mp3,"sem erro de leitura; metadata GOOD; título HIGH; artista HIGH; sem cover; bitrate 96 kbps; sample rate 32000 Hz; desempate final por relative_path",96000,32000,false,GOOD
Sertanejao/Rick e Renner/15 - Ela É Demais.mp3,f0ab93ec317d105a0d89a97eb487509a648fcfa42e92143496d938c219a99a3f,IMPORT,preserved,,Sertanejao/Rick e Renner/15 - Ela É Demais.mp3,"sem erro de leitura; metadata GOOD; título HIGH; artista HIGH; sem cover; bitrate 96 kbps; sample rate 32000 Hz; desempate final por relative_path",96000,32000,false,GOOD
Sertanejao/Rick e Renner/16 - Instante Mágico.mp3,3d576bdd317dda6c70d84c711006985715fb695b8ac600ce52120ac16c1d471e,IMPORT,preserved,,Sertanejao/Rick e Renner/16 - Instante Mágico.mp3,"sem erro de leitura; metadata GOOD; título HIGH; artista HIGH; sem cover; bitrate 96 kbps; sample rate 32000 Hz; desempate final por relative_path",96000,32000,false,GOOD
Sertanejao/Rick e Renner/17 - Ela É Demais (Versão Ao Vivo).mp3,241d7a8bbd57850978b150ae5d9b072324e1ce1ec1d274b4aae235c45dbcf321,IMPORT,preserved,,Sertanejao/Rick e Renner/17 - Ela É Demais (Versão Ao Vivo).mp3,"sem erro de leitura; metadata GOOD; título HIGH; artista HIGH; sem cover; bitrate 96 kbps; sample rate 32000 Hz; desempate final por relative_path",96000,32000,false,GOOD
Sertanejao/Rio Negro e Solimoes/01-De Bem Com a Vida.mp3,ed379e3f4ed9c71757c3f8a550ef714c64fafc142d261b5d40eeac66d5360539,IMPORT,preserved,,Sertanejao/Rio Negro e Solimoes/01-De Bem Com a Vida.mp3,"sem erro de leitura; metadata INFERRED; título HIGH; artista MEDIUM; sem cover; bitrate 64 kbps; sample rate 24000 Hz; desempate final por relative_path",64000,24000,false,INFERRED
Sertanejao/Rio Negro e Solimoes/02-Temporal de Lágrimas.mp3,822db7b1eb59dafc96d260d33e32d9d6bbbaa3755d9ab92d64d8920f54268dd6,IMPORT,preserved,,Sertanejao/Rio Negro e Solimoes/02-Temporal de Lágrimas.mp3,"sem erro de leitura; metadata INFERRED; título HIGH; artista MEDIUM; sem cover; bitrate 64 kbps; sample rate 24000 Hz; desempate final por relative_path",64000,24000,false,INFERRED
Sertanejao/Rio Negro e Solimoes/03-Na Sola da Bota.mp3,c2597caa8f6190f382e2883d28a6b4a683833df31c8fe94f7f86b23d5f8aa1b7,IMPORT,preserved,,Sertanejao/Rio Negro e Solimoes/03-Na Sola da Bota.mp3,"sem erro de leitura; metadata INFERRED; título HIGH; artista MEDIUM; sem cover; bitrate 64 kbps; sample rate 24000 Hz; desempate final por relative_path",64000,24000,false,INFERRED
Sertanejao/Rio Negro e Solimoes/04-Só Alegria.mp3,9e1de3564fdbbaed3a7565310c1b0d2d1f7b5d430c4980e1d5bab2b65dbb7b65,IMPORT,preserved,,Sertanejao/Rio Negro e Solimoes/04-Só Alegria.mp3,"sem erro de leitura; metadata INFERRED; título HIGH; artista MEDIUM; sem cover; bitrate 64 kbps; sample rate 24000 Hz; desempate final por relative_path",64000,24000,false,INFERRED
Sertanejao/Rio Negro e Solimoes/05-De Sao Paulo a Belém.mp3,c03fa326aa273f319a369a08bf002c13ff76373deb89c3513fb57d45b3b1a213,IMPORT,preserved,,Sertanejao/Rio Negro e Solimoes/05-De Sao Paulo a Belém.mp3,"sem erro de leitura; metadata INFERRED; título HIGH; artista MEDIUM; sem cover; bitrate 64 kbps; sample rate 24000 Hz; desempate final por relative_path",64000,24000,false,INFERRED
Sertanejao/Rio Negro e Solimoes/06-Clima de Rodeio.mp3,93311e4ef46f211bf3dc859099d53281f45fb4a0ba7e6ebaa8bd6dafb25ba57a,IMPORT,preserved,,Sertanejao/Rio Negro e Solimoes/06-Clima de Rodeio.mp3,"sem erro de leitura; metadata INFERRED; título HIGH; artista MEDIUM; sem cover; bitrate 64 kbps; sample rate 24000 Hz; desempate final por relative_path",64000,24000,false,INFERRED
Sertanejao/Rio Negro e Solimoes/07-Só Lembranças.mp3,88aa1b9cc2762c841e6c0cc1c05dd962a17173704e760e933060e133cad71d12,IMPORT,preserved,,Sertanejao/Rio Negro e Solimoes/07-Só Lembranças.mp3,"sem erro de leitura; metadata INFERRED; título HIGH; artista MEDIUM; sem cover; bitrate 64 kbps; sample rate 24000 Hz; desempate final por relative_path",64000,24000,false,INFERRED
Sertanejao/Rio Negro e Solimoes/08-Saudade Pulou no Peito.mp3,7df545d115796ebdffa7b3821bdd4e44b4819a8f863da80ee900511c348d8f65,IMPORT,preserved,77,Sertanejao/Rio Negro e Solimoes/08-Saudade Pulou no Peito.mp3,"sem erro de leitura; metadata INFERRED; título HIGH; artista MEDIUM; sem cover; bitrate 64 kbps; sample rate 24000 Hz; desempate final por relative_path",64000,24000,false,INFERRED
Sertanejao/Rio Negro e Solimoes/09-Frio da Madrugada.mp3,ed65991e802fc639428a65704c5838b696b99447979f486015834f130b66f667,IMPORT,preserved,,Sertanejao/Rio Negro e Solimoes/09-Frio da Madrugada.mp3,"sem erro de leitura; metadata INFERRED; título HIGH; artista MEDIUM; sem cover; bitrate 64 kbps; sample rate 24000 Hz; desempate final por relative_path",64000,24000,false,INFERRED
Sertanejao/Rio Negro e Solimoes/10-A Gente se Entrega.mp3,9858b95649fb6ddedc5e34f90fbb50501412e2ad4afd6a94cf3964a4d006f7f2,IMPORT,preserved,,Sertanejao/Rio Negro e Solimoes/10-A Gente se Entrega.mp3,"sem erro de leitura; metadata INFERRED; título HIGH; artista MEDIUM; sem cover; bitrate 64 kbps; sample rate 24000 Hz; desempate final por relative_path",64000,24000,false,INFERRED
Sertanejao/Rio Negro e Solimoes/11-Lenha.mp3,53a9964c0a66f27787f5c0d5126207b3de61e6f71b7e20ec82e16770f86c24a1,IMPORT,preserved,,Sertanejao/Rio Negro e Solimoes/11-Lenha.mp3,"sem erro de leitura; metadata INFERRED; título HIGH; artista MEDIUM; sem cover; bitrate 64 kbps; sample rate 24000 Hz; desempate final por relative_path",64000,24000,false,INFERRED
Sertanejao/Rio Negro e Solimoes/12-Esperando na Janela.mp3,1385324a07cd020df08e37e653f663dcbd65bb41ab0e6f668b72aa96b725295f,IMPORT,preserved,,Sertanejao/Rio Negro e Solimoes/12-Esperando na Janela.mp3,"sem erro de leitura; metadata INFERRED; título HIGH; artista MEDIUM; sem cover; bitrate 64 kbps; sample rate 24000 Hz; desempate final por relative_path",64000,24000,false,INFERRED
Sertanejao/Rio Negro e Solimoes/13-Amor Desencontrado.mp3,758ad13e70ca4fff3b09763888615e1d0602c7d30e6f0e6582ba0b45e55b698a,IMPORT,preserved,,Sertanejao/Rio Negro e Solimoes/13-Amor Desencontrado.mp3,"sem erro de leitura; metadata INFERRED; título HIGH; artista MEDIUM; sem cover; bitrate 64 kbps; sample rate 24000 Hz; desempate final por relative_path",64000,24000,false,INFERRED
Sertanejao/Rio Negro e Solimoes/14-Rodopiou.mp3,5c7f1919069c91dcae353960cbf44e5caeeb22d215f9c4903b27c43e33d28172,IMPORT,preserved,,Sertanejao/Rio Negro e Solimoes/14-Rodopiou.mp3,"sem erro de leitura; metadata INFERRED; título HIGH; artista MEDIUM; sem cover; bitrate 64 kbps; sample rate 24000 Hz; desempate final por relative_path",64000,24000,false,INFERRED
Sertanejao/Rio Negro e Solimoes/15-Nao Tô Nem Ai.mp3,9721c3e41a3b50356a453393a955312a04626c4ba1e05ea68eae326e42568109,IMPORT,preserved,,Sertanejao/Rio Negro e Solimoes/15-Nao Tô Nem Ai.mp3,"sem erro de leitura; metadata INFERRED; título HIGH; artista MEDIUM; sem cover; bitrate 64 kbps; sample rate 24000 Hz; desempate final por relative_path",64000,24000,false,INFERRED
Sertanejao/Rio Negro e Solimoes/16-Ainda Ontem Chorei de Saudade.mp3,fec031239deb945b14afb502d9e2466bc08166bc8c967e160fa198a4e862d82c,IMPORT,preserved,,Sertanejao/Rio Negro e Solimoes/16-Ainda Ontem Chorei de Saudade.mp3,"sem erro de leitura; metadata INFERRED; título HIGH; artista MEDIUM; sem cover; bitrate 64 kbps; sample rate 24000 Hz; desempate final por relative_path",64000,24000,false,INFERRED
Sertanejao/Rio Negro e Solimoes/17-Casa Cheia.mp3,f86c2638039cf7327945e58ed6aec303520677df5293700db5bd2cefedf11cf7,IMPORT,preserved,,Sertanejao/Rio Negro e Solimoes/17-Casa Cheia.mp3,"sem erro de leitura; metadata INFERRED; título HIGH; artista MEDIUM; sem cover; bitrate 64 kbps; sample rate 24000 Hz; desempate final por relative_path",64000,24000,false,INFERRED
Sertanejao/Rio Negro e Solimoes/18-Depois de Você.mp3,4a82820d4a0e23353982cf778d573a499ae8d4f2d5e7b9cea8557e03b85db81d,IMPORT,preserved,,Sertanejao/Rio Negro e Solimoes/18-Depois de Você.mp3,"sem erro de leitura; metadata INFERRED; título HIGH; artista MEDIUM; sem cover; bitrate 64 kbps; sample rate 24000 Hz; desempate final por relative_path",64000,24000,false,INFERRED
Sertanejao/Rio Negro e Solimoes/19-Tô por Aí.mp3,217c7e8df6216a6cf82579eddbf32cd1c6af3bdf52b920b6c82154ca96f965eb,IMPORT,preserved,,Sertanejao/Rio Negro e Solimoes/19-Tô por Aí.mp3,"sem erro de leitura; metadata INFERRED; título HIGH; artista MEDIUM; sem cover; bitrate 64 kbps; sample rate 24000 Hz; desempate final por relative_path",64000,24000,false,INFERRED
Sertanejao/Rio Negro e Solimoes/20-Bate o Pé.mp3,8c5aaed2356e5e9af7638846a1e015ab9c578011cc1cb88b4a9fc394762419ab,IMPORT,preserved,,Sertanejao/Rio Negro e Solimoes/20-Bate o Pé.mp3,"sem erro de leitura; metadata INFERRED; título HIGH; artista MEDIUM; sem cover; bitrate 64 kbps; sample rate 24000 Hz; desempate final por relative_path",64000,24000,false,INFERRED
Sertanejao/Sergio Reis/01 - Chalana.mp3,76322db88ad581e210848ede9a515d6e27136ea8310c62b61996462a9fed0ea2,IMPORT,preserved,,Sertanejao/Sergio Reis/01 - Chalana.mp3,"sem erro de leitura; metadata GOOD; título HIGH; artista HIGH; sem cover; bitrate 112 kbps; sample rate 44100 Hz; desempate final por relative_path",112000,44100,false,GOOD
Sertanejao/Sergio Reis/02 - Mágoa De Boiadeiro.mp3,70b0d25d67c85e3c5f0ef144e55329a6d44e6d205381655c6f71c4f9df8c7e4a,IMPORT,preserved,,Sertanejao/Sergio Reis/02 - Mágoa De Boiadeiro.mp3,"sem erro de leitura; metadata GOOD; título HIGH; artista HIGH; sem cover; bitrate 112 kbps; sample rate 44100 Hz; desempate final por relative_path",112000,44100,false,GOOD
Sertanejao/Sergio Reis/03 - Chico Mineiro.mp3,05238506a8e93b8bea5100d8c595ca9e7a4dc3c20bc08e8306b097f777ff01e5,IMPORT,preserved,,Sertanejao/Sergio Reis/03 - Chico Mineiro.mp3,"sem erro de leitura; metadata GOOD; título HIGH; artista HIGH; sem cover; bitrate 112 kbps; sample rate 44100 Hz; desempate final por relative_path",112000,44100,false,GOOD
Sertanejao/Sergio Reis/04 - Panela Velha.mp3,c9c7ef257e113c75bcea1ebd8757a43fa13fbf25a1bcf6f4d13b93307eee4b6c,IMPORT,preserved,,Sertanejao/Sergio Reis/04 - Panela Velha.mp3,"sem erro de leitura; metadata GOOD; título HIGH; artista HIGH; sem cover; bitrate 112 kbps; sample rate 44100 Hz; desempate final por relative_path",112000,44100,false,GOOD
Sertanejao/Sergio Reis/05 - Boiadeiro Errante.mp3,b62d696bcec6d5b69c7c8733a6ffa2cc5573358c96134fe2a6589058990cc395,IMPORT,preserved,,Sertanejao/Sergio Reis/05 - Boiadeiro Errante.mp3,"sem erro de leitura; metadata GOOD; título HIGH; artista HIGH; sem cover; bitrate 112 kbps; sample rate 44100 Hz; desempate final por relative_path",112000,44100,false,GOOD
Sertanejao/Sergio Reis/06 - Tristeza Do Jeca.mp3,3916f646f6267257d33e6c0e8f650d267657a45018003f33ccd371adfeebeef2,IMPORT,preserved,,Sertanejao/Sergio Reis/06 - Tristeza Do Jeca.mp3,"sem erro de leitura; metadata GOOD; título HIGH; artista HIGH; sem cover; bitrate 112 kbps; sample rate 44100 Hz; desempate final por relative_path",112000,44100,false,GOOD
Sertanejao/Sergio Reis/07 - Filho Adotivo.mp3,54179f388efa6a0c3279c7ca9fd2ebd50bdf6db3ec388cfd4f99998a2faed850,IMPORT,preserved,,Sertanejao/Sergio Reis/07 - Filho Adotivo.mp3,"sem erro de leitura; metadata GOOD; título HIGH; artista HIGH; sem cover; bitrate 112 kbps; sample rate 44100 Hz; desempate final por relative_path",112000,44100,false,GOOD
Sertanejao/Sergio Reis/08 - O Menino Da Porteira.mp3,4299ea631621c432ce35b1a78fbe5ab2e479bc18a4fbd27a6a416c6dbc8b82f5,IMPORT,preserved,,Sertanejao/Sergio Reis/08 - O Menino Da Porteira.mp3,"sem erro de leitura; metadata GOOD; título HIGH; artista HIGH; sem cover; bitrate 112 kbps; sample rate 44100 Hz; desempate final por relative_path",112000,44100,false,GOOD
Sertanejao/Sergio Reis/09 - Saudade Da Minha Terra.mp3,b8ce7767c5997fa18f8983b1947d9f98f0d758a833c9205f0dc2e01bf4962485,IMPORT,preserved,,Sertanejao/Sergio Reis/09 - Saudade Da Minha Terra.mp3,"sem erro de leitura; metadata GOOD; título HIGH; artista HIGH; sem cover; bitrate 112 kbps; sample rate 44100 Hz; desempate final por relative_path",112000,44100,false,GOOD
Sertanejao/Sergio Reis/10 - Adeus Mariana.mp3,a74232ca15c55e4dae5a7dafd63c9f6e3edef5fafeca4ebac3cee1699e477937,IMPORT,preserved,,Sertanejao/Sergio Reis/10 - Adeus Mariana.mp3,"sem erro de leitura; metadata GOOD; título HIGH; artista HIGH; sem cover; bitrate 112 kbps; sample rate 44100 Hz; desempate final por relative_path",112000,44100,false,GOOD
Sertanejao/Sergio Reis/11 - Pinga Ni Mim.mp3,2945d7fe91fa244584267cdcdebfb287f3a627ef2152d8867498032e16a88530,IMPORT,preserved,,Sertanejao/Sergio Reis/11 - Pinga Ni Mim.mp3,"sem erro de leitura; metadata GOOD; título HIGH; artista HIGH; sem cover; bitrate 112 kbps; sample rate 44100 Hz; desempate final por relative_path",112000,44100,false,GOOD
Sertanejao/Sergio Reis/12 - Rio De Lágrimas.mp3,a69b0f32ad128f653018d62bdb0bc7c8f7e803c0fb8bfb925e05e4a7193255b1,IMPORT,preserved,,Sertanejao/Sergio Reis/12 - Rio De Lágrimas.mp3,"sem erro de leitura; metadata GOOD; título HIGH; artista HIGH; sem cover; bitrate 112 kbps; sample rate 44100 Hz; desempate final por relative_path",112000,44100,false,GOOD
Sertanejao/Sergio Reis/13 - Casamento É Uma Gaiola.mp3,d228d68a930102fc9b8de54428215924af4861653701f54b5a19588e53270a46,IMPORT,preserved,,Sertanejao/Sergio Reis/13 - Casamento É Uma Gaiola.mp3,"sem erro de leitura; metadata GOOD; título HIGH; artista HIGH; sem cover; bitrate 112 kbps; sample rate 44100 Hz; desempate final por relative_path",112000,44100,false,GOOD
Sertanejao/Sergio Reis/14 - Cavalo Preto.mp3,f740afe50c6e712db3bc7ac17ecd49633597f1a3d47507804adffd8d65854df3,IMPORT,preserved,,Sertanejao/Sergio Reis/14 - Cavalo Preto.mp3,"sem erro de leitura; metadata GOOD; título HIGH; artista HIGH; sem cover; bitrate 112 kbps; sample rate 44100 Hz; desempate final por relative_path",112000,44100,false,GOOD
Sertanejao/Teodoro & Sampaio - 30 Anos ao Vivo/1.Vestido de Seda.mp3,197b2df253e996223fa36cdb0528544f8ed06caa4839412fd993f3109a467c8e,IMPORT,preserved,,Sertanejao/Teodoro & Sampaio - 30 Anos ao Vivo/1.Vestido de Seda.mp3,"sem erro de leitura; metadata INFERRED; título MEDIUM; artista MEDIUM; sem cover; bitrate 128 kbps; sample rate 44100 Hz; desempate final por relative_path",128000,44100,false,INFERRED
Sertanejao/Teodoro & Sampaio - 30 Anos ao Vivo/10.Bárbara.mp3,473d0c46b28eae5ac85dda98ed93539a0e11ee7fe6bde7e00206b6f4b185b25a,IMPORT,preserved,,Sertanejao/Teodoro & Sampaio - 30 Anos ao Vivo/10.Bárbara.mp3,"sem erro de leitura; metadata INFERRED; título MEDIUM; artista MEDIUM; sem cover; bitrate 128 kbps; sample rate 44100 Hz; desempate final por relative_path",128000,44100,false,INFERRED
Sertanejao/Teodoro & Sampaio - 30 Anos ao Vivo/11.Seresteiro da Lua (Participação especial Pedro Bento e Zé da Estrada).mp3,4a1139c218a5fbc9de71b0a421e3c17d0ab83e029c9febc6eb5c92e8f2c345be,IMPORT,preserved,,Sertanejao/Teodoro & Sampaio - 30 Anos ao Vivo/11.Seresteiro da Lua (Participação especial Pedro Bento e Zé da Estrada).mp3,"sem erro de leitura; metadata INFERRED; título MEDIUM; artista MEDIUM; sem cover; bitrate 128 kbps; sample rate 44100 Hz; desempate final por relative_path",128000,44100,false,INFERRED
Sertanejao/Teodoro & Sampaio - 30 Anos ao Vivo/12.O Patrão e o Puxa Saco.mp3,df26fc699fa750feece84e5429497f7544dc090548fa85f8d135ef47b13b8ae9,IMPORT,preserved,,Sertanejao/Teodoro & Sampaio - 30 Anos ao Vivo/12.O Patrão e o Puxa Saco.mp3,"sem erro de leitura; metadata INFERRED; título MEDIUM; artista MEDIUM; sem cover; bitrate 128 kbps; sample rate 44100 Hz; desempate final por relative_path",128000,44100,false,INFERRED
Sertanejao/Teodoro & Sampaio - 30 Anos ao Vivo/13.Morena criminosa (Participação especial Rick).mp3,90c2c1b91bba584ce9cc4f84a380cb02d1891a1c07b3465190a236150d89b46a,IMPORT,preserved,,Sertanejao/Teodoro & Sampaio - 30 Anos ao Vivo/13.Morena criminosa (Participação especial Rick).mp3,"sem erro de leitura; metadata INFERRED; título MEDIUM; artista MEDIUM; sem cover; bitrate 128 kbps; sample rate 44100 Hz; desempate final por relative_path",128000,44100,false,INFERRED
Sertanejao/Teodoro & Sampaio - 30 Anos ao Vivo/14.To Berrando que nem Boi (Participação especial Rick).mp3,ce7f6fc2c7af9644075ac81652fbfd2e001ade49699db74a1fe5b9a1efba38f8,IMPORT,preserved,,Sertanejao/Teodoro & Sampaio - 30 Anos ao Vivo/14.To Berrando que nem Boi (Participação especial Rick).mp3,"sem erro de leitura; metadata INFERRED; título MEDIUM; artista MEDIUM; sem cover; bitrate 128 kbps; sample rate 44100 Hz; desempate final por relative_path",128000,44100,false,INFERRED
Sertanejao/Teodoro & Sampaio - 30 Anos ao Vivo/15. Não Diga Nada.mp3,dbf8309b84f50a2e6810c60e0e1b733311a4b291b1f2bdc2930c8ad96b774439,IMPORT,preserved,,Sertanejao/Teodoro & Sampaio - 30 Anos ao Vivo/15. Não Diga Nada.mp3,"sem erro de leitura; metadata INFERRED; título MEDIUM; artista MEDIUM; sem cover; bitrate 128 kbps; sample rate 44100 Hz; desempate final por relative_path",128000,44100,false,INFERRED
Sertanejao/Teodoro & Sampaio - 30 Anos ao Vivo/16.Quero Ver Provar.mp3,1958759455c35b3d33e33e3fe30a2026ffc4e0e57ce1908470d920394d8943e4,IMPORT,preserved,,Sertanejao/Teodoro & Sampaio - 30 Anos ao Vivo/16.Quero Ver Provar.mp3,"sem erro de leitura; metadata INFERRED; título MEDIUM; artista MEDIUM; sem cover; bitrate 128 kbps; sample rate 44100 Hz; desempate final por relative_path",128000,44100,false,INFERRED
Sertanejao/Teodoro & Sampaio - 30 Anos ao Vivo/17.Aqui não Pica Pau (Participação especial João Neto e Frederico).mp3,8e48f566c9a063f98755ba27d18350bfb813d5931a32c7c9cf95910bf926bb32,IMPORT,preserved,,Sertanejao/Teodoro & Sampaio - 30 Anos ao Vivo/17.Aqui não Pica Pau (Participação especial João Neto e Frederico).mp3,"sem erro de leitura; metadata INFERRED; título MEDIUM; artista MEDIUM; sem cover; bitrate 128 kbps; sample rate 44100 Hz; desempate final por relative_path",128000,44100,false,INFERRED
Sertanejao/Teodoro & Sampaio - 30 Anos ao Vivo/18.Boate Azul (Participação especial João Neto e Frederico).mp3,8756368eadcf7f76b5436fb59c829008d018a5eecbe698a053cb14637cea08fa,IMPORT,preserved,,Sertanejao/Teodoro & Sampaio - 30 Anos ao Vivo/18.Boate Azul (Participação especial João Neto e Frederico).mp3,"sem erro de leitura; metadata INFERRED; título MEDIUM; artista MEDIUM; sem cover; bitrate 128 kbps; sample rate 44100 Hz; desempate final por relative_path",128000,44100,false,INFERRED
Sertanejao/Teodoro & Sampaio - 30 Anos ao Vivo/19.Trairagem.mp3,f24ea7f9eec03b74aec5ce609909ca45ca1e120d2080a7daa8c3d1bba47fcdf0,IMPORT,preserved,,Sertanejao/Teodoro & Sampaio - 30 Anos ao Vivo/19.Trairagem.mp3,"sem erro de leitura; metadata INFERRED; título MEDIUM; artista MEDIUM; sem cover; bitrate 128 kbps; sample rate 44100 Hz; desempate final por relative_path",128000,44100,false,INFERRED
Sertanejao/Teodoro & Sampaio - 30 Anos ao Vivo/2.Peso na Cama - Delícias de Amor.mp3,f38b9960851ba328c8aafcdc940423d94b67c202a175043bd01265e9e0932995,IMPORT,preserved,,Sertanejao/Teodoro & Sampaio - 30 Anos ao Vivo/2.Peso na Cama - Delícias de Amor.mp3,"sem erro de leitura; metadata INFERRED; título HIGH; artista HIGH; sem cover; bitrate 128 kbps; sample rate 44100 Hz; desempate final por relative_path",128000,44100,false,INFERRED
Sertanejao/Teodoro & Sampaio - 30 Anos ao Vivo/20.Estrada do Meu Destino ( Participação especial Marcello Teodoro).mp3,22993c9a289030a526386d69bab2c58ef2f4f8798e70e76d73364af81734a703,IMPORT,preserved,,Sertanejao/Teodoro & Sampaio - 30 Anos ao Vivo/20.Estrada do Meu Destino ( Participação especial Marcello Teodoro).mp3,"sem erro de leitura; metadata INFERRED; título MEDIUM; artista MEDIUM; sem cover; bitrate 128 kbps; sample rate 44100 Hz; desempate final por relative_path",128000,44100,false,INFERRED
Sertanejao/Teodoro & Sampaio - 30 Anos ao Vivo/21.Mobylete.mp3,a42bfd1ebbbe71fd42b13ab4de9f9b0bf93f380039415ed5c1ff4761464be256,IMPORT,preserved,,Sertanejao/Teodoro & Sampaio - 30 Anos ao Vivo/21.Mobylete.mp3,"sem erro de leitura; metadata INFERRED; título MEDIUM; artista MEDIUM; sem cover; bitrate 128 kbps; sample rate 44100 Hz; desempate final por relative_path",128000,44100,false,INFERRED
Sertanejao/Teodoro & Sampaio - 30 Anos ao Vivo/22.Eu e a Lua.mp3,c2431c842e7fca1bf05337420c31e87c8c83f81692e3078845cc6ed035734021,IMPORT,preserved,,Sertanejao/Teodoro & Sampaio - 30 Anos ao Vivo/22.Eu e a Lua.mp3,"sem erro de leitura; metadata INFERRED; título MEDIUM; artista MEDIUM; sem cover; bitrate 128 kbps; sample rate 44100 Hz; desempate final por relative_path",128000,44100,false,INFERRED
Sertanejao/Teodoro & Sampaio - 30 Anos ao Vivo/23.Tem um Veado me Olhando ( Participação especial Evandro e Agnaldo).mp3,466133a321a502012f19699cd542fe059e5eaa9c3996ad64c8cb4f3fcf77acc8,IMPORT,preserved,,Sertanejao/Teodoro & Sampaio - 30 Anos ao Vivo/23.Tem um Veado me Olhando ( Participação especial Evandro e Agnaldo).mp3,"sem erro de leitura; metadata INFERRED; título MEDIUM; artista MEDIUM; sem cover; bitrate 192 kbps; sample rate 44100 Hz; desempate final por relative_path",192000,44100,false,INFERRED
Sertanejao/Teodoro & Sampaio - 30 Anos ao Vivo/24.Ah Moleque!.mp3,c66525b80b7f7cc9648727152351011eb5fdb35af0a338f13d68f813f26ec0b5,IMPORT,preserved,,Sertanejao/Teodoro & Sampaio - 30 Anos ao Vivo/24.Ah Moleque!.mp3,"sem erro de leitura; metadata INFERRED; título MEDIUM; artista MEDIUM; sem cover; bitrate 192 kbps; sample rate 44100 Hz; desempate final por relative_path",192000,44100,false,INFERRED
Sertanejao/Teodoro & Sampaio - 30 Anos ao Vivo/3.Cunhada - Quem vai Mandar no Mundo é a Mulher.mp3,91a53580af9db2e1f02915961caf5c678da14fb1cfd0067123d7c61995f8a229,IMPORT,preserved,,Sertanejao/Teodoro & Sampaio - 30 Anos ao Vivo/3.Cunhada - Quem vai Mandar no Mundo é a Mulher.mp3,"sem erro de leitura; metadata INFERRED; título HIGH; artista HIGH; sem cover; bitrate 128 kbps; sample rate 44100 Hz; desempate final por relative_path",128000,44100,false,INFERRED
Sertanejao/Teodoro & Sampaio - 30 Anos ao Vivo/4.Não sou Páreo pra Você - Carisma.mp3,f04b360e6d8dae95a9cb2f91cd1732a1dd30dde88fd00c8a34f2d9d8ff93b9c7,IMPORT,preserved,,Sertanejao/Teodoro & Sampaio - 30 Anos ao Vivo/4.Não sou Páreo pra Você - Carisma.mp3,"sem erro de leitura; metadata INFERRED; título HIGH; artista HIGH; sem cover; bitrate 128 kbps; sample rate 44100 Hz; desempate final por relative_path",128000,44100,false,INFERRED
Sertanejao/Teodoro & Sampaio - 30 Anos ao Vivo/5.Passe Livre (Participação especial Leonito).mp3,8369c263423c52b0280ed3332ba38fd87a1b789857aca2d6830bcf83d738337c,IMPORT,preserved,,Sertanejao/Teodoro & Sampaio - 30 Anos ao Vivo/5.Passe Livre (Participação especial Leonito).mp3,"sem erro de leitura; metadata INFERRED; título MEDIUM; artista MEDIUM; sem cover; bitrate 128 kbps; sample rate 44100 Hz; desempate final por relative_path",128000,44100,false,INFERRED
Sertanejao/Teodoro & Sampaio - 30 Anos ao Vivo/6.Quem Tem...Tem Medo  Roela do Eno.mp3,e2cfb26ea375d04d760c3b18ea36685f7d72f03680e7fe3fc016cdd235813af5,IMPORT,preserved,,Sertanejao/Teodoro & Sampaio - 30 Anos ao Vivo/6.Quem Tem...Tem Medo  Roela do Eno.mp3,"sem erro de leitura; metadata INFERRED; título MEDIUM; artista MEDIUM; sem cover; bitrate 128 kbps; sample rate 44100 Hz; desempate final por relative_path",128000,44100,false,INFERRED
Sertanejao/Teodoro & Sampaio - 30 Anos ao Vivo/7.A Volta do Seresteiro (Participação especial Zalo).mp3,4ecc8b0e6abaded6c4e4af7c0d9058ea1a0266af7a80b29a146e21edb001c562,IMPORT,preserved,,Sertanejao/Teodoro & Sampaio - 30 Anos ao Vivo/7.A Volta do Seresteiro (Participação especial Zalo).mp3,"sem erro de leitura; metadata INFERRED; título MEDIUM; artista MEDIUM; sem cover; bitrate 128 kbps; sample rate 44100 Hz; desempate final por relative_path",128000,44100,false,INFERRED
Sertanejao/Teodoro & Sampaio - 30 Anos ao Vivo/8.O Bilau.mp3,6e6660f2219f895c7bd046ce78c1215e96a66be799d46b5edb1109595bc94557,IMPORT,preserved,,Sertanejao/Teodoro & Sampaio - 30 Anos ao Vivo/8.O Bilau.mp3,"sem erro de leitura; metadata INFERRED; título MEDIUM; artista MEDIUM; sem cover; bitrate 128 kbps; sample rate 44100 Hz; desempate final por relative_path",128000,44100,false,INFERRED
Sertanejao/Teodoro & Sampaio - 30 Anos ao Vivo/9.Pode Brigar Comigo.mp3,bf004bbe5486ab9b836481fc19f7e3f1082bfa3e6a444d6724c41122cb400676,IMPORT,preserved,,Sertanejao/Teodoro & Sampaio - 30 Anos ao Vivo/9.Pode Brigar Comigo.mp3,"sem erro de leitura; metadata INFERRED; título MEDIUM; artista MEDIUM; sem cover; bitrate 128 kbps; sample rate 44100 Hz; desempate final por relative_path",128000,44100,false,INFERRED
Sertanejao/Tião Carreiro e Pardinho/01 Rei do Gado.mp3,462d4cea9cc10e72306f4758e108235e99bb9fee84ec7865645151d557e54d62,IMPORT,likely_duplicate_representative,46,Sertanejao/Tião Carreiro e Pardinho/01 Rei do Gado.mp3,"sem erro de leitura; metadata GOOD; título HIGH; artista HIGH; sem cover; bitrate 128 kbps; sample rate 44100 Hz; desempate final por relative_path",128000,44100,false,GOOD
Sertanejao/Tião Carreiro e Pardinho/02 Boi Soberano.mp3,eb84e161c93b76554437e04f6ba95f38911ffccaa2f505c010adc3046524964d,IMPORT,likely_duplicate_representative,50,Sertanejao/Tião Carreiro e Pardinho/02 Boi Soberano.mp3,"sem erro de leitura; metadata GOOD; título HIGH; artista HIGH; sem cover; bitrate 128 kbps; sample rate 44100 Hz; desempate final por relative_path",128000,44100,false,GOOD
Sertanejao/Tião Carreiro e Pardinho/03 Pagode em Brasília.mp3,e03c4a8cd58a0beaf99d3eb841fd122a81d3c0f5f7d185b8fd81c206d444cf26,IMPORT,likely_duplicate_representative,53,Sertanejao/Tião Carreiro e Pardinho/03 Pagode em Brasília.mp3,"sem erro de leitura; metadata GOOD; título HIGH; artista HIGH; sem cover; bitrate 128 kbps; sample rate 44100 Hz; desempate final por relative_path",128000,44100,false,GOOD
Sertanejao/Tião Carreiro e Pardinho/04 A morte do Carreiro.mp3,5c62b08e15bd2622b9abff385dfc0b7e0a66d835c46459979fc1acf89910ef05,IMPORT,likely_duplicate_representative,55,Sertanejao/Tião Carreiro e Pardinho/04 A morte do Carreiro.mp3,"sem erro de leitura; metadata GOOD; título HIGH; artista HIGH; sem cover; bitrate 128 kbps; sample rate 44100 Hz; desempate final por relative_path",128000,44100,false,GOOD
Sertanejao/Tião Carreiro e Pardinho/05 Saudade do Araraquara.mp3,4aaafca24933c2f3db7f372fd906dd6a1ef82a54362cc8a405a4026ccdacf4df,IMPORT,likely_duplicate_representative,57,Sertanejao/Tião Carreiro e Pardinho/05 Saudade do Araraquara.mp3,"sem erro de leitura; metadata GOOD; título HIGH; artista HIGH; sem cover; bitrate 128 kbps; sample rate 44100 Hz; desempate final por relative_path",128000,44100,false,GOOD
Sertanejao/Tião Carreiro e Pardinho/06 Irmão de Ferreirinha.mp3,1c267e8e3c86ff3de4081236522214eca04d34838d0dcda3ff30bbc2ab3e0f8b,IMPORT,likely_duplicate_representative,58,Sertanejao/Tião Carreiro e Pardinho/06 Irmão de Ferreirinha.mp3,"sem erro de leitura; metadata GOOD; título HIGH; artista HIGH; sem cover; bitrate 128 kbps; sample rate 44100 Hz; desempate final por relative_path",128000,44100,false,GOOD
Sertanejao/Tião Carreiro e Pardinho/07 Três Cuiabanas.mp3,b984f889723a6723d2e5209ed3c1de082cf3b2f79883af078c934a6c52b3d065,IMPORT,likely_duplicate_representative,60,Sertanejao/Tião Carreiro e Pardinho/07 Três Cuiabanas.mp3,"sem erro de leitura; metadata GOOD; título HIGH; artista HIGH; sem cover; bitrate 128 kbps; sample rate 44100 Hz; desempate final por relative_path",128000,44100,false,GOOD
Sertanejao/Tião Carreiro e Pardinho/08 Sucuri.mp3,8c65105f51960f60500935bb108f577cd9a08a8b161256befb5d74638c401caa,IMPORT,likely_duplicate_representative,61,Sertanejao/Tião Carreiro e Pardinho/08 Sucuri.mp3,"sem erro de leitura; metadata GOOD; título HIGH; artista HIGH; sem cover; bitrate 128 kbps; sample rate 44100 Hz; desempate final por relative_path",128000,44100,false,GOOD
Sertanejao/Tião Carreiro e Pardinho/09 Triste Desengano.mp3,291e4d73ace11052a89f431ffe55262c7adbf51383e6041c3564ec0da6736700,IMPORT,likely_duplicate_representative,63,Sertanejao/Tião Carreiro e Pardinho/09 Triste Desengano.mp3,"sem erro de leitura; metadata GOOD; título HIGH; artista HIGH; sem cover; bitrate 128 kbps; sample rate 44100 Hz; desempate final por relative_path",128000,44100,false,GOOD
Sertanejao/Tião Carreiro e Pardinho/10 Teu nome tem sete letras.mp3,c700ee9799cef715211341934a50771c529030a1393fb914603f96ee01a7b53f,IMPORT,likely_duplicate_representative,64,Sertanejao/Tião Carreiro e Pardinho/10 Teu nome tem sete letras.mp3,"sem erro de leitura; metadata GOOD; título HIGH; artista HIGH; sem cover; bitrate 128 kbps; sample rate 44100 Hz; desempate final por relative_path",128000,44100,false,GOOD
Sertanejao/Tião Carreiro e Pardinho/11 Violeiro solteiro.mp3,57d0943c427ab296f5d587fae6b7f187a552d178dd095c4393a62a67dcde6a83,IMPORT,preserved,,Sertanejao/Tião Carreiro e Pardinho/11 Violeiro solteiro.mp3,"sem erro de leitura; metadata GOOD; título HIGH; artista HIGH; sem cover; bitrate 128 kbps; sample rate 44100 Hz; desempate final por relative_path",128000,44100,false,GOOD
Sertanejao/Tião Carreiro e Pardinho/12 Preto fugido.mp3,bb4614e9092322475af5edf4dcd0b71b88962ed3bb50735090fee65491262bb1,IMPORT,preserved,,Sertanejao/Tião Carreiro e Pardinho/12 Preto fugido.mp3,"sem erro de leitura; metadata GOOD; título HIGH; artista HIGH; sem cover; bitrate 128 kbps; sample rate 44100 Hz; desempate final por relative_path",128000,44100,false,GOOD
Sertanejao/Tião Carreiro e Pardinho/13 Alma de boêmio.mp3,9be430f6c06622e997af61b71d58f7b43c564c6710dab03e1f0cfdd11ec62829,IMPORT,preserved,,Sertanejao/Tião Carreiro e Pardinho/13 Alma de boêmio.mp3,"sem erro de leitura; metadata GOOD; título HIGH; artista HIGH; sem cover; bitrate 128 kbps; sample rate 44100 Hz; desempate final por relative_path",128000,44100,false,GOOD
Sertanejao/Tião Carreiro e Pardinho/14 Borboleta do asfalto.mp3,a2123ea491fc70a4b660baf0a67a5e41d7368fe3deda69829fad7c7f45e4d3e5,IMPORT,preserved,,Sertanejao/Tião Carreiro e Pardinho/14 Borboleta do asfalto.mp3,"sem erro de leitura; metadata GOOD; título HIGH; artista HIGH; sem cover; bitrate 128 kbps; sample rate 44100 Hz; desempate final por relative_path",128000,44100,false,GOOD
Sertanejao/Tião Carreiro e Pardinho/15 Punhal da falsidade.mp3,9c090daba5a093ca39f81d23aa0d6387da9b88568c1c543ed341edfc7ef2b403,IMPORT,preserved,,Sertanejao/Tião Carreiro e Pardinho/15 Punhal da falsidade.mp3,"sem erro de leitura; metadata GOOD; título HIGH; artista HIGH; sem cover; bitrate 128 kbps; sample rate 44100 Hz; desempate final por relative_path",128000,44100,false,GOOD
Sertanejao/Tião Carreiro e Pardinho/16 Amigo sincero.mp3,93de18acaf3ab42bcb746e4d1d37312229e6bbf0e2891e2c210f0202f5b0d379,IMPORT,preserved,,Sertanejao/Tião Carreiro e Pardinho/16 Amigo sincero.mp3,"sem erro de leitura; metadata GOOD; título HIGH; artista HIGH; sem cover; bitrate 128 kbps; sample rate 44100 Hz; desempate final por relative_path",128000,44100,false,GOOD
Sertanejao/Tião Carreiro e Pardinho/17 Teus beijos.mp3,605b6284371a605c596d695eff7d11dfa41b7f8399331fabedfd8625d5c7e193,IMPORT,preserved,,Sertanejao/Tião Carreiro e Pardinho/17 Teus beijos.mp3,"sem erro de leitura; metadata GOOD; título HIGH; artista HIGH; sem cover; bitrate 128 kbps; sample rate 44100 Hz; desempate final por relative_path",128000,44100,false,GOOD
Sertanejao/Tião Carreiro e Pardinho/18 Despedida.mp3,7259b07c8aeee7e3e2391aeacb8cc366e0ab92d130592f8c703dd2d2101d912e,IMPORT,preserved,,Sertanejao/Tião Carreiro e Pardinho/18 Despedida.mp3,"sem erro de leitura; metadata GOOD; título HIGH; artista HIGH; sem cover; bitrate 128 kbps; sample rate 44100 Hz; desempate final por relative_path",128000,44100,false,GOOD
Sertanejao/Tião Carreiro e Pardinho/19 Nove e nove.mp3,421803d2cb13c9b99480b1cb57495a6ce968d4597945f14dfa319487caf6f6e9,IMPORT,preserved,,Sertanejao/Tião Carreiro e Pardinho/19 Nove e nove.mp3,"sem erro de leitura; metadata GOOD; título HIGH; artista HIGH; sem cover; bitrate 128 kbps; sample rate 44100 Hz; desempate final por relative_path",128000,44100,false,GOOD
Sertanejao/Tião Carreiro e Pardinho/20 Urutu cruzeiro.mp3,b37968ef75c67cf6c5b99d3153a04979a05abf6baa91184aeb9e371160c2791b,IMPORT,preserved,,Sertanejao/Tião Carreiro e Pardinho/20 Urutu cruzeiro.mp3,"sem erro de leitura; metadata GOOD; título HIGH; artista HIGH; sem cover; bitrate 128 kbps; sample rate 44100 Hz; desempate final por relative_path",128000,44100,false,GOOD
Sertanejao/Tião Carreiro e Pardinho/21 Minas Gerais.mp3,bf5d544de41413b1ad1f1e1d423bdda3f2070df160099cf64e2a86e3f54ef177,IMPORT,preserved,,Sertanejao/Tião Carreiro e Pardinho/21 Minas Gerais.mp3,"sem erro de leitura; metadata GOOD; título HIGH; artista HIGH; sem cover; bitrate 128 kbps; sample rate 44100 Hz; desempate final por relative_path",128000,44100,false,GOOD
Sertanejao/Tião Carreiro e Pardinho/22 Carteiro.mp3,b2d025260fbbf692a18416784dbe098459fcd7c5b222b1b33b6fdf95183da767,IMPORT,preserved,,Sertanejao/Tião Carreiro e Pardinho/22 Carteiro.mp3,"sem erro de leitura; metadata GOOD; título HIGH; artista HIGH; sem cover; bitrate 128 kbps; sample rate 44100 Hz; desempate final por relative_path",128000,44100,false,GOOD
Sertanejao/Tião Carreiro e Pardinho/23 Cobra Venenosa.mp3,c133ea76a34196e7641dc0b9a625419e702f983df17e591119a373ddf60e40f0,IMPORT,preserved,,Sertanejao/Tião Carreiro e Pardinho/23 Cobra Venenosa.mp3,"sem erro de leitura; metadata GOOD; título HIGH; artista HIGH; sem cover; bitrate 128 kbps; sample rate 44100 Hz; desempate final por relative_path",128000,44100,false,GOOD
Sertanejao/Trio Parada Dura - Raizes Sertanejas/01 Castelo de Amor.mp3,2cc7e87ad2be4392b1176935731bd1d99b23e94c99515227168c7dbfd542ae2c,IMPORT,preserved,,Sertanejao/Trio Parada Dura - Raizes Sertanejas/01 Castelo de Amor.mp3,"sem erro de leitura; metadata INFERRED; título MEDIUM; artista MEDIUM; sem cover; bitrate 128 kbps; sample rate 44100 Hz; desempate final por relative_path",128000,44100,false,INFERRED
Sertanejao/Trio Parada Dura - Raizes Sertanejas/02 O Carro e a Faculdade.mp3,cb92489adc9ed6f9e4357488a9bd5b2ee9f26839414992f6fd86029221f503d6,IMPORT,preserved,,Sertanejao/Trio Parada Dura - Raizes Sertanejas/02 O Carro e a Faculdade.mp3,"sem erro de leitura; metadata INFERRED; título MEDIUM; artista MEDIUM; sem cover; bitrate 128 kbps; sample rate 44100 Hz; desempate final por relative_path",128000,44100,false,INFERRED
Sertanejao/Trio Parada Dura - Raizes Sertanejas/03 Telefone Mudo.mp3,b34cc50ce4bf3f22b9aac52c4612bd121546fe1d35d0ceb00bb59c294cc84eb9,SKIP_LIKELY,likely_duplicate,28,00 - Modão de Buteco/61 a 87/61- Telefone Mudo.mp3,"sem erro de leitura; metadata GOOD; título HIGH; artista HIGH; sem cover; bitrate 192 kbps; sample rate 44100 Hz; desempate final por relative_path",128000,44100,false,INFERRED
Sertanejao/Trio Parada Dura - Raizes Sertanejas/04 Bobeou... A Gente Pimba.mp3,9901c6338e9cf4cdd544b099c8d779d38139d7566e6a7047b5f9c4709569ec9c,IMPORT,preserved,,Sertanejao/Trio Parada Dura - Raizes Sertanejas/04 Bobeou... A Gente Pimba.mp3,"sem erro de leitura; metadata INFERRED; título MEDIUM; artista MEDIUM; sem cover; bitrate 128 kbps; sample rate 44100 Hz; desempate final por relative_path",128000,44100,false,INFERRED
Sertanejao/Trio Parada Dura - Raizes Sertanejas/05 Espinho Na Cama.mp3,ae2634c9af92a041f52fee3111affd0cf60788a490beb1e92d9b8272d8fb6267,IMPORT,preserved,,Sertanejao/Trio Parada Dura - Raizes Sertanejas/05 Espinho Na Cama.mp3,"sem erro de leitura; metadata INFERRED; título MEDIUM; artista MEDIUM; sem cover; bitrate 128 kbps; sample rate 44100 Hz; desempate final por relative_path",128000,44100,false,INFERRED
Sertanejao/Trio Parada Dura - Raizes Sertanejas/06 As Andorinhas.mp3,16718346acf65453faa26f517fb83777c5199c8e87aa7091bb90bb245ebcc1cb,IMPORT,preserved,,Sertanejao/Trio Parada Dura - Raizes Sertanejas/06 As Andorinhas.mp3,"sem erro de leitura; metadata INFERRED; título MEDIUM; artista MEDIUM; sem cover; bitrate 128 kbps; sample rate 44100 Hz; desempate final por relative_path",128000,44100,false,INFERRED
Sertanejao/Trio Parada Dura - Raizes Sertanejas/07 Soca Pilão.mp3,558034f5166aee60d8e117a178770e03ea636b64781309d132db0e9aedfe3fd3,IMPORT,preserved,,Sertanejao/Trio Parada Dura - Raizes Sertanejas/07 Soca Pilão.mp3,"sem erro de leitura; metadata INFERRED; título MEDIUM; artista MEDIUM; sem cover; bitrate 128 kbps; sample rate 44100 Hz; desempate final por relative_path",128000,44100,false,INFERRED
Sertanejao/Trio Parada Dura - Raizes Sertanejas/08 Passa Lá.mp3,3bb53f7bca1de8cdc03ba83d126fc02420c0b89d933a10fb3ee2f46fc38a25df,IMPORT,preserved,,Sertanejao/Trio Parada Dura - Raizes Sertanejas/08 Passa Lá.mp3,"sem erro de leitura; metadata INFERRED; título MEDIUM; artista MEDIUM; sem cover; bitrate 128 kbps; sample rate 44100 Hz; desempate final por relative_path",128000,44100,false,INFERRED
Sertanejao/Trio Parada Dura - Raizes Sertanejas/09 Panela Velha.mp3,0ca37f39525dc373efde113749013de40aa135512b584a334eae38b44de73f7f,IMPORT,preserved,,Sertanejao/Trio Parada Dura - Raizes Sertanejas/09 Panela Velha.mp3,"sem erro de leitura; metadata INFERRED; título MEDIUM; artista MEDIUM; sem cover; bitrate 128 kbps; sample rate 44100 Hz; desempate final por relative_path",128000,44100,false,INFERRED
Sertanejao/Trio Parada Dura - Raizes Sertanejas/10 O Doutor e a Empregada.mp3,6264b0ca6481a2fdf0bce7319c6e1bbf5c8d263d8acc72127641414f3c1e42ef,IMPORT,preserved,,Sertanejao/Trio Parada Dura - Raizes Sertanejas/10 O Doutor e a Empregada.mp3,"sem erro de leitura; metadata INFERRED; título MEDIUM; artista MEDIUM; sem cover; bitrate 128 kbps; sample rate 44100 Hz; desempate final por relative_path",128000,44100,false,INFERRED
Sertanejao/Trio Parada Dura - Raizes Sertanejas/11 Blusa Vermelha.mp3,e832a5f8895f9374528e7302c59500d2d588b32979e36d1058b765c3d1d85394,IMPORT,preserved,,Sertanejao/Trio Parada Dura - Raizes Sertanejas/11 Blusa Vermelha.mp3,"sem erro de leitura; metadata INFERRED; título MEDIUM; artista MEDIUM; sem cover; bitrate 128 kbps; sample rate 44100 Hz; desempate final por relative_path",128000,44100,false,INFERRED
Sertanejao/Trio Parada Dura - Raizes Sertanejas/12 Um Homem e Duas Mulheres.mp3,fdc565e3b92e85a429b96e278396efcd1e4fbf64bf46a3292414339ba7098e05,IMPORT,preserved,,Sertanejao/Trio Parada Dura - Raizes Sertanejas/12 Um Homem e Duas Mulheres.mp3,"sem erro de leitura; metadata INFERRED; título MEDIUM; artista MEDIUM; sem cover; bitrate 128 kbps; sample rate 44100 Hz; desempate final por relative_path",128000,44100,false,INFERRED
Sertanejao/Trio Parada Dura - Raizes Sertanejas/13 Barco de Papel.mp3,02e3add75b021e8719c79939239772a23398c43d5a75a30e6bcc2edfe60c6a9e,IMPORT,preserved,,Sertanejao/Trio Parada Dura - Raizes Sertanejas/13 Barco de Papel.mp3,"sem erro de leitura; metadata INFERRED; título MEDIUM; artista MEDIUM; sem cover; bitrate 128 kbps; sample rate 44100 Hz; desempate final por relative_path",128000,44100,false,INFERRED
Sertanejao/Trio Parada Dura - Raizes Sertanejas/14 Uma Vez Por Mes.mp3,c56bcadea4ab27b588fc5e0dc63b70fe8c3f15b6fa2834241fd93e8da667a668,IMPORT,preserved,,Sertanejao/Trio Parada Dura - Raizes Sertanejas/14 Uma Vez Por Mes.mp3,"sem erro de leitura; metadata INFERRED; título MEDIUM; artista MEDIUM; sem cover; bitrate 128 kbps; sample rate 44100 Hz; desempate final por relative_path",128000,44100,false,INFERRED
Sertanejao/Trio Parada Dura - Raizes Sertanejas/15 Fuscão Preto.mp3,4e54ac2ef8a37e39f0b7a9c6ef09f0e2e781edeac98f7e212c3abc2d995370cd,IMPORT,preserved,,Sertanejao/Trio Parada Dura - Raizes Sertanejas/15 Fuscão Preto.mp3,"sem erro de leitura; metadata INFERRED; título MEDIUM; artista MEDIUM; sem cover; bitrate 128 kbps; sample rate 44100 Hz; desempate final por relative_path",128000,44100,false,INFERRED
Sertanejao/Trio Parada Dura - Raizes Sertanejas/16 Beco Sem Saida.mp3,d05caa60938497babc89f509c62e44768b1a211cd269d1ad2b6466d54cfb6253,IMPORT,preserved,,Sertanejao/Trio Parada Dura - Raizes Sertanejas/16 Beco Sem Saida.mp3,"sem erro de leitura; metadata INFERRED; título MEDIUM; artista MEDIUM; sem cover; bitrate 128 kbps; sample rate 44100 Hz; desempate final por relative_path",128000,44100,false,INFERRED
Sertanejao/Trio Parada Dura - Raizes Sertanejas/17 Parede e Meia.mp3,ed351f3d5855a5d085de058b5cc0af6e45737a6a38bcbfd6f9ec5866d7a6474e,IMPORT,preserved,,Sertanejao/Trio Parada Dura - Raizes Sertanejas/17 Parede e Meia.mp3,"sem erro de leitura; metadata INFERRED; título MEDIUM; artista MEDIUM; sem cover; bitrate 128 kbps; sample rate 44100 Hz; desempate final por relative_path",128000,44100,false,INFERRED
Sertanejao/Trio Parada Dura - Raizes Sertanejas/18 Homem de Pedra.mp3,931ee4d3d64f1a445b4fff32c51efa854d5f677831b14e51b213fef90bcf9bc8,IMPORT,preserved,,Sertanejao/Trio Parada Dura - Raizes Sertanejas/18 Homem de Pedra.mp3,"sem erro de leitura; metadata INFERRED; título MEDIUM; artista MEDIUM; sem cover; bitrate 128 kbps; sample rate 44100 Hz; desempate final por relative_path",128000,44100,false,INFERRED
Sertanejao/Trio Parada Dura - Raizes Sertanejas/19 Camisola Preta.mp3,2c4f731628cda4efd75eedb5036081f0823d19ad6c3d5903cd9f35a515879d94,IMPORT,preserved,,Sertanejao/Trio Parada Dura - Raizes Sertanejas/19 Camisola Preta.mp3,"sem erro de leitura; metadata INFERRED; título MEDIUM; artista MEDIUM; sem cover; bitrate 128 kbps; sample rate 44100 Hz; desempate final por relative_path",128000,44100,false,INFERRED
Sertanejao/Trio Parada Dura - Raizes Sertanejas/20 Avião das Nove.mp3,9ddceb37a73a07aece939081399e6bbcf713bfd6d9d014508767536442ac8a0d,IMPORT,preserved,,Sertanejao/Trio Parada Dura - Raizes Sertanejas/20 Avião das Nove.mp3,"sem erro de leitura; metadata INFERRED; título MEDIUM; artista MEDIUM; sem cover; bitrate 128 kbps; sample rate 44100 Hz; desempate final por relative_path",128000,44100,false,INFERRED
Sertanejao/Zezé Di Camargo e Luciano - As Melhores/01 No Dia Em Que Eu Sai De Casa.mp3,86d4304aaadf17134b8343c031628d013e38a69903d34d91f4f3a7bd73b3f521,SKIP_EXACT,exact_duplicate,12,00 - Modão de Buteco/61 a 87/80 - No Dia Em Que Eu Sai De Casa.mp3,"sem erro de leitura; metadata GOOD; título HIGH; artista HIGH; sem cover; bitrate 128 kbps; sample rate 44100 Hz; desempate final por relative_path",64000,24000,false,GOOD
Sertanejao/Zezé Di Camargo e Luciano - As Melhores/02 Pare!.mp3,3d75d7e845364515195f15c664230130b636fbb52bf4fb023c02188af773bf7f,IMPORT,preserved,,Sertanejao/Zezé Di Camargo e Luciano - As Melhores/02 Pare!.mp3,"sem erro de leitura; metadata GOOD; título HIGH; artista HIGH; sem cover; bitrate 64 kbps; sample rate 24000 Hz; desempate final por relative_path",64000,24000,false,GOOD
Sertanejao/Zezé Di Camargo e Luciano - As Melhores/03 É o Amor.mp3,0757856dab0ec38e18b5d8856da7acf1baf275b2e01719bb73f6241ec3f7fc28,SKIP_EXACT,exact_duplicate,9,00 - Modão de Buteco/41 a 60/45 - É o Amor.mp3,"sem erro de leitura; metadata GOOD; título HIGH; artista HIGH; sem cover; bitrate 128 kbps; sample rate 44100 Hz; desempate final por relative_path",64000,24000,false,GOOD
Sertanejao/Zezé Di Camargo e Luciano - As Melhores/04 Pão de Mel.mp3,e4151a1dca64378076927f2361a6283067cd2c84fb133d3161bf75ac41aeade5,IMPORT,preserved,,Sertanejao/Zezé Di Camargo e Luciano - As Melhores/04 Pão de Mel.mp3,"sem erro de leitura; metadata GOOD; título HIGH; artista HIGH; sem cover; bitrate 64 kbps; sample rate 24000 Hz; desempate final por relative_path",64000,24000,false,GOOD
Sertanejao/Zezé Di Camargo e Luciano - As Melhores/05 Dou a Vida Por Um Beijo.mp3,b0db2662700f0c2375c4d435666e7158e3cf60ba64c3df022ce12b476a2a5620,SKIP_LIKELY,likely_duplicate,33,00 - Modão de Buteco/61 a 87/86 - Dou a Vida Por Um Beijo.mp3,"sem erro de leitura; metadata GOOD; título HIGH; artista HIGH; sem cover; bitrate 128 kbps; sample rate 44100 Hz; desempate final por relative_path",64000,24000,false,GOOD
Sertanejao/Zezé Di Camargo e Luciano - As Melhores/06 Dois Corações e Uma Historia.mp3,8746c80eced4d13d12a88ea15685413f0774875551c9fc36285bd35b5d11c773,IMPORT,preserved,,Sertanejao/Zezé Di Camargo e Luciano - As Melhores/06 Dois Corações e Uma Historia.mp3,"sem erro de leitura; metadata GOOD; título HIGH; artista HIGH; sem cover; bitrate 64 kbps; sample rate 24000 Hz; desempate final por relative_path",64000,24000,false,GOOD
Sertanejao/Zezé Di Camargo e Luciano - As Melhores/07 Menina Veneno.mp3,eb1fe0e3afacc16a1394d1e18d4d3c4da38aca301782647d58e2a196cc70a459,SKIP_EXACT,exact_duplicate,10,00 - Modao Pra Churrasco/62 - Menina Veneno.mp3,"sem erro de leitura; metadata GOOD; título HIGH; artista HIGH; sem cover; bitrate 64 kbps; sample rate 24000 Hz; desempate final por relative_path",64000,24000,false,GOOD
Sertanejao/Zezé Di Camargo e Luciano - As Melhores/08 A Ferro e Fogo.mp3,2ac3f1b4130c7f93bf23dcfb3d0f8f6e7a95a64286af63beb3c203b3f034bbdc,IMPORT,preserved,,Sertanejao/Zezé Di Camargo e Luciano - As Melhores/08 A Ferro e Fogo.mp3,"sem erro de leitura; metadata GOOD; título HIGH; artista HIGH; sem cover; bitrate 64 kbps; sample rate 24000 Hz; desempate final por relative_path",64000,24000,false,GOOD
Sertanejao/Zezé Di Camargo e Luciano - As Melhores/09 Não Quero Te Perder.mp3,52ce22b11839eb20b9c65467e9f99104d03aee66702f798a49b5d1e7a47b5342,IMPORT,preserved,,Sertanejao/Zezé Di Camargo e Luciano - As Melhores/09 Não Quero Te Perder.mp3,"sem erro de leitura; metadata GOOD; título HIGH; artista HIGH; sem cover; bitrate 64 kbps; sample rate 24000 Hz; desempate final por relative_path",64000,24000,false,GOOD
Sertanejao/Zezé Di Camargo e Luciano - As Melhores/10 Faz Mais Uma Vez Comigo.mp3,5d09889c2fe42273881e59b5e2cfda4894ae39b79ebba17a543f48965990a34d,IMPORT,preserved,,Sertanejao/Zezé Di Camargo e Luciano - As Melhores/10 Faz Mais Uma Vez Comigo.mp3,"sem erro de leitura; metadata GOOD; título HIGH; artista HIGH; sem cover; bitrate 64 kbps; sample rate 24000 Hz; desempate final por relative_path",64000,24000,false,GOOD
Sertanejao/Zezé Di Camargo e Luciano - As Melhores/11 Fui Eu.mp3,6010b36ba8a00b1cee64733dd30b5bd5d0d951dd08f2a49a1fb28d43bb9918e3,IMPORT,preserved,,Sertanejao/Zezé Di Camargo e Luciano - As Melhores/11 Fui Eu.mp3,"sem erro de leitura; metadata GOOD; título HIGH; artista HIGH; sem cover; bitrate 64 kbps; sample rate 24000 Hz; desempate final por relative_path",64000,24000,false,GOOD
Sertanejao/Zezé Di Camargo e Luciano - As Melhores/12 Cada Volta é Um Recomeço (Ao Vivo).mp3,551054694d4283676e9425d30d1af8ab13425f47258e02f496f2f74c19bf32db,IMPORT,preserved,,Sertanejao/Zezé Di Camargo e Luciano - As Melhores/12 Cada Volta é Um Recomeço (Ao Vivo).mp3,"sem erro de leitura; metadata GOOD; título HIGH; artista HIGH; sem cover; bitrate 64 kbps; sample rate 24000 Hz; desempate final por relative_path",64000,24000,false,GOOD
Sertanejao/Zezé Di Camargo e Luciano - As Melhores/13 Voce Vai Ver.mp3,2662f5830590409cbb7eb9fed1e149b8192dba68fbb7b5dbaf3c935df7e2848f,IMPORT,preserved,,Sertanejao/Zezé Di Camargo e Luciano - As Melhores/13 Voce Vai Ver.mp3,"sem erro de leitura; metadata GOOD; título HIGH; artista HIGH; sem cover; bitrate 64 kbps; sample rate 24000 Hz; desempate final por relative_path",64000,24000,false,GOOD
Sertanejao/Zezé Di Camargo e Luciano - As Melhores/14 Mexe Mexe Que é Bom (Ao Vivo).mp3,af3da87eddc4bb3a775a67746a9cc01e87940dbe74fe9bab951bc6e59a432f39,IMPORT,preserved,,Sertanejao/Zezé Di Camargo e Luciano - As Melhores/14 Mexe Mexe Que é Bom (Ao Vivo).mp3,"sem erro de leitura; metadata GOOD; título HIGH; artista HIGH; sem cover; bitrate 64 kbps; sample rate 24000 Hz; desempate final por relative_path",64000,24000,false,GOOD
Sertanejao/Zezé Di Camargo e Luciano - As Melhores/15 Nosso Amor é Ouro.mp3,2c4d49cb9be745b01105b717846130c3055e2b3ece172e8926981db073121fa5,SKIP_LIKELY,likely_duplicate,29,00 - Modão de Buteco/61 a 87/63 - Nosso Amor é Ouro.mp3,"sem erro de leitura; metadata GOOD; título HIGH; artista HIGH; sem cover; bitrate 128 kbps; sample rate 44100 Hz; desempate final por relative_path",64000,24000,false,GOOD
Sertanejao/Zezé Di Camargo e Luciano - As Melhores/16 Pedras.mp3,e8cf1e6191597668dd5d4a4f0315d0cba8a7782230da68ac57445644f061f5f9,IMPORT,preserved,,Sertanejao/Zezé Di Camargo e Luciano - As Melhores/16 Pedras.mp3,"sem erro de leitura; metadata GOOD; título HIGH; artista HIGH; sem cover; bitrate 64 kbps; sample rate 24000 Hz; desempate final por relative_path",64000,24000,false,GOOD
Sertanejao/Zezé Di Camargo e Luciano - As Melhores/17 O Melhor é Dar Um Tempo.mp3,48e82f639862cfd01642f933f4934cf724d7fc582f7a1cb2dcf51245056d9a1f,IMPORT,preserved,,Sertanejao/Zezé Di Camargo e Luciano - As Melhores/17 O Melhor é Dar Um Tempo.mp3,"sem erro de leitura; metadata GOOD; título HIGH; artista HIGH; sem cover; bitrate 64 kbps; sample rate 24000 Hz; desempate final por relative_path",64000,24000,false,GOOD
Sertanejao/Zezé Di Camargo e Luciano - As Melhores/18 O Povo Fala.mp3,f2efe5ad7ebd5288aad64ab7ffc7f30c20acc302600cb85e4659377c842d6f94,IMPORT,preserved,,Sertanejao/Zezé Di Camargo e Luciano - As Melhores/18 O Povo Fala.mp3,"sem erro de leitura; metadata GOOD; título HIGH; artista HIGH; sem cover; bitrate 64 kbps; sample rate 24000 Hz; desempate final por relative_path",64000,24000,false,GOOD
Thiago Brava - Um Violao e Uma Catuaba/01 - Thiago Brava Part. Jorge - Dona Maria.mp3,0b5c45312f25a7383e57c3c9f8de1f6e3b75afc8a15c2ed875affe7e346479b3,IMPORT,preserved,,Thiago Brava - Um Violao e Uma Catuaba/01 - Thiago Brava Part. Jorge - Dona Maria.mp3,"sem erro de leitura; metadata INFERRED; título HIGH; artista HIGH; sem cover; bitrate 40 kbps; sample rate 16000 Hz; desempate final por relative_path",40000,16000,false,INFERRED
Thiago Brava - Um Violao e Uma Catuaba/01 Thiago Brava - Foi de Anitta pra Marília (Part. Israel e Rodolffo).mp3,39a7d5e28bfd2c4d493af2489096f0127debf6cd1f34eb14da24d65671f80102,IMPORT,preserved,,Thiago Brava - Um Violao e Uma Catuaba/01 Thiago Brava - Foi de Anitta pra Marília (Part. Israel e Rodolffo).mp3,"sem erro de leitura; metadata INFERRED; título HIGH; artista HIGH; sem cover; bitrate 40 kbps; sample rate 16000 Hz; desempate final por relative_path",40000,16000,false,INFERRED
Thiago Brava - Um Violao e Uma Catuaba/02 - Thiago Brava - Distanciou.mp3,85351eb8d1783abee8b332921450523b74b1765771c47c73eb63d81144b94606,IMPORT,preserved,,Thiago Brava - Um Violao e Uma Catuaba/02 - Thiago Brava - Distanciou.mp3,"sem erro de leitura; metadata INFERRED; título HIGH; artista HIGH; sem cover; bitrate 40 kbps; sample rate 16000 Hz; desempate final por relative_path",40000,16000,false,INFERRED
Thiago Brava - Um Violao e Uma Catuaba/03 - Thiago Brava - Não Desgrudo Mais.mp3,95344259ed241ee06b915c25bb560b7497f2c3d5899779685aeadd841e1cddd9,IMPORT,preserved,,Thiago Brava - Um Violao e Uma Catuaba/03 - Thiago Brava - Não Desgrudo Mais.mp3,"sem erro de leitura; metadata INFERRED; título HIGH; artista HIGH; sem cover; bitrate 40 kbps; sample rate 16000 Hz; desempate final por relative_path",40000,16000,false,INFERRED
Thiago Brava - Um Violao e Uma Catuaba/04 - Thiago Brava - Passarinho.mp3,1547897719b2960918cba91dc38e9877b7e568fc5101877bc8825444b5e2d54f,IMPORT,preserved,,Thiago Brava - Um Violao e Uma Catuaba/04 - Thiago Brava - Passarinho.mp3,"sem erro de leitura; metadata INFERRED; título HIGH; artista HIGH; sem cover; bitrate 40 kbps; sample rate 16000 Hz; desempate final por relative_path",40000,16000,false,INFERRED
Thiago Brava - Um Violao e Uma Catuaba/04 Thiago Brava - Timidez.mp3,324f570511a374a800ee3db07d92608649bc758a44a7a07f87e50eb0e984a78e,IMPORT,preserved,,Thiago Brava - Um Violao e Uma Catuaba/04 Thiago Brava - Timidez.mp3,"sem erro de leitura; metadata INFERRED; título HIGH; artista HIGH; sem cover; bitrate 40 kbps; sample rate 16000 Hz; desempate final por relative_path",40000,16000,false,INFERRED
Top 50 Sertanejo 2024/01 - Diego & Victor Hugo - Entregador de Flor (#Quintou Ao Vivo).mp3,5f724c0d7d8768a95a48266e85649dd61c66241fa420ffd8576d8c73462e982f,IMPORT,preserved,,Top 50 Sertanejo 2024/01 - Diego & Victor Hugo - Entregador de Flor (#Quintou Ao Vivo).mp3,"sem erro de leitura; metadata GOOD; título HIGH; artista HIGH; cover presente; bitrate 128 kbps; sample rate 44100 Hz; desempate final por relative_path",128000,44100,true,GOOD
Top 50 Sertanejo 2024/02 - Matheus & Kauan - Cronômetro (Ao Vivo).mp3,5b6cfdbcb13c794f4866d9a18e94154c3cdb60485cab5047b10b56b2c0f12295,IMPORT,preserved,,Top 50 Sertanejo 2024/02 - Matheus & Kauan - Cronômetro (Ao Vivo).mp3,"sem erro de leitura; metadata GOOD; título HIGH; artista HIGH; cover presente; bitrate 128 kbps; sample rate 44100 Hz; desempate final por relative_path",128000,44100,true,GOOD
Top 50 Sertanejo 2024/03 - Jorge & Mateus - Xonei.mp3,02d29d8eea66e446d00ae16cb967c87678c668bad7085e67807814cb4024c9ad,IMPORT,preserved,,Top 50 Sertanejo 2024/03 - Jorge & Mateus - Xonei.mp3,"sem erro de leitura; metadata GOOD; título HIGH; artista HIGH; cover presente; bitrate 128 kbps; sample rate 44100 Hz; desempate final por relative_path",128000,44100,true,GOOD
Top 50 Sertanejo 2024/04 - Henrique & Juliano - Romântico (Ao Vivo).mp3,05fcb38da6a5cb64f3cee1f685ea16bf1c25e29c7026774d584aa62e3388c42c,IMPORT,preserved,,Top 50 Sertanejo 2024/04 - Henrique & Juliano - Romântico (Ao Vivo).mp3,"sem erro de leitura; metadata GOOD; título HIGH; artista HIGH; cover presente; bitrate 128 kbps; sample rate 44100 Hz; desempate final por relative_path",128000,44100,true,GOOD
Top 50 Sertanejo 2024/05 - Kevi Jonny - Veneno (Ao Vivo).mp3,de81beda77f3164acafe5d6f9e9dc5f1d63a113376baa2525e319df7eb95bac5,IMPORT,preserved,,Top 50 Sertanejo 2024/05 - Kevi Jonny - Veneno (Ao Vivo).mp3,"sem erro de leitura; metadata GOOD; título HIGH; artista HIGH; cover presente; bitrate 128 kbps; sample rate 44100 Hz; desempate final por relative_path",128000,44100,true,GOOD
Top 50 Sertanejo 2024/06 - Rayane & Rafaela - Pra Dar Certo Comigo (Ao Vivo).mp3,96c55c71b3a503b77ba74a5b96428b5fe00dd8b7d2ce1be69ab1806cba221944,IMPORT,preserved,,Top 50 Sertanejo 2024/06 - Rayane & Rafaela - Pra Dar Certo Comigo (Ao Vivo).mp3,"sem erro de leitura; metadata GOOD; título HIGH; artista HIGH; cover presente; bitrate 128 kbps; sample rate 44100 Hz; desempate final por relative_path",128000,44100,true,GOOD
Top 50 Sertanejo 2024/07 - Clayton & Romário - Aproveita (Ao Vivo).mp3,4bb44d985a364925b0a04357baa9ff49819a4cd4ea8daae4cb739cb819b2f129,SKIP_EXACT,exact_duplicate,14,000 Top Sertanejo ⭐ Hits Sertanejos!/068 - Clayton & Romário - Aproveita (Ao Vivo).mp3,"sem erro de leitura; metadata GOOD; título HIGH; artista HIGH; cover presente; bitrate 128 kbps; sample rate 44100 Hz; desempate final por relative_path",128000,44100,true,GOOD
Top 50 Sertanejo 2024/08 - Simone Mendes - Mulher Foda (Ao Vivo).mp3,530ff0923afc16160649c28592e1c8b8a90c9edbebd73e2a616aaa048c0bc3c8,IMPORT,preserved,,Top 50 Sertanejo 2024/08 - Simone Mendes - Mulher Foda (Ao Vivo).mp3,"sem erro de leitura; metadata GOOD; título HIGH; artista HIGH; cover presente; bitrate 128 kbps; sample rate 44100 Hz; desempate final por relative_path",128000,44100,true,GOOD
Top 50 Sertanejo 2024/09 - Murilo Huff - Peça Íntima.mp3,91a5a384856faa66557aac810c2a4ce13e9ee689d52564151d9a0312b219e4bc,IMPORT,preserved,,Top 50 Sertanejo 2024/09 - Murilo Huff - Peça Íntima.mp3,"sem erro de leitura; metadata GOOD; título HIGH; artista HIGH; cover presente; bitrate 128 kbps; sample rate 44100 Hz; desempate final por relative_path",128000,44100,true,GOOD
Top 50 Sertanejo 2024/10 - Maiara & Maraisa - Vai Lá (Ao Vivo em Goiânia).mp3,6a76cdec74762ae7bf83d3f3a2dea5b2cdd790052437bd941fa6b331d9beebc1,IMPORT,preserved,,Top 50 Sertanejo 2024/10 - Maiara & Maraisa - Vai Lá (Ao Vivo em Goiânia).mp3,"sem erro de leitura; metadata GOOD; título HIGH; artista HIGH; cover presente; bitrate 128 kbps; sample rate 44100 Hz; desempate final por relative_path",128000,44100,true,GOOD
Top 50 Sertanejo 2024/11 - Gusttavo Lima - A Noite (La Notte) (Ao Vivo).mp3,2c295d2bfb5ef31ce73a8b1abf3e3f23310576cebd01e42833898ae36ef67d71,IMPORT,preserved,,Top 50 Sertanejo 2024/11 - Gusttavo Lima - A Noite (La Notte) (Ao Vivo).mp3,"sem erro de leitura; metadata GOOD; título HIGH; artista HIGH; cover presente; bitrate 128 kbps; sample rate 44100 Hz; desempate final por relative_path",128000,44100,true,GOOD
Top 50 Sertanejo 2024/12 - Guilherme & Benuto - Chorosa (Ao Vivo).mp3,e637c3fc63ae80b4a60526f1e88189da3aba3f75f925b3807f9af64b6516429c,IMPORT,preserved,,Top 50 Sertanejo 2024/12 - Guilherme & Benuto - Chorosa (Ao Vivo).mp3,"sem erro de leitura; metadata GOOD; título HIGH; artista HIGH; cover presente; bitrate 128 kbps; sample rate 44100 Hz; desempate final por relative_path",128000,44100,true,GOOD
Top 50 Sertanejo 2024/13 - Fred & Fabrício - Sexta Feira (Ao Vivo).mp3,0b15bc2db59cb5f254635448d0448389f2bc85c50e9fa163fab99003977e7a5e,IMPORT,preserved,,Top 50 Sertanejo 2024/13 - Fred & Fabrício - Sexta Feira (Ao Vivo).mp3,"sem erro de leitura; metadata GOOD; título HIGH; artista HIGH; cover presente; bitrate 128 kbps; sample rate 44100 Hz; desempate final por relative_path",128000,44100,true,GOOD
Top 50 Sertanejo 2024/14 - Zé Neto & Cristiano - Melação (Ao Vivo).mp3,45e1a0bc951728effc454d6458d706f26f08c281bb6bc4def1e9c1cc9843ea53,SKIP_LIKELY,likely_duplicate,36,000 Top Sertanejo ⭐ Hits Sertanejos!/048 - Zé Neto & Cristiano - Melação (Ao Vivo).mp3,"sem erro de leitura; metadata GOOD; título HIGH; artista HIGH; cover presente; bitrate 128 kbps; sample rate 44100 Hz; desempate final por relative_path",128000,44100,true,GOOD
Top 50 Sertanejo 2024/15 - Hugo & Guilherme - O Meu Coração Em Suas Mãos (Colgando en tu manos) (Ao Vivo).mp3,8e37efebc9dba30f691504b567570f902cf2d2d4e4eed2e6b46f97ceded2120d,IMPORT,preserved,,Top 50 Sertanejo 2024/15 - Hugo & Guilherme - O Meu Coração Em Suas Mãos (Colgando en tu manos) (Ao Vivo).mp3,"sem erro de leitura; metadata GOOD; título HIGH; artista HIGH; cover presente; bitrate 128 kbps; sample rate 44100 Hz; desempate final por relative_path",128000,44100,true,GOOD
Top 50 Sertanejo 2024/16 - Pedro Libe - Nem Balancei (Ao Vivo).mp3,d1336a8293ef1b2502a05f468037ae13435ef26194916c8b463e7fb130db6b76,IMPORT,preserved,,Top 50 Sertanejo 2024/16 - Pedro Libe - Nem Balancei (Ao Vivo).mp3,"sem erro de leitura; metadata GOOD; título HIGH; artista HIGH; cover presente; bitrate 128 kbps; sample rate 44100 Hz; desempate final por relative_path",128000,44100,true,GOOD
Top 50 Sertanejo 2024/17 - Lauana Prado - Sombra Desconhecida (Ao Vivo).mp3,ed970db82967944633fead740fe5180fc7db2a570629dcde3a885d4614668fcb,IMPORT,preserved,,Top 50 Sertanejo 2024/17 - Lauana Prado - Sombra Desconhecida (Ao Vivo).mp3,"sem erro de leitura; metadata GOOD; título HIGH; artista HIGH; cover presente; bitrate 128 kbps; sample rate 44100 Hz; desempate final por relative_path",128000,44100,true,GOOD
Top 50 Sertanejo 2024/18 - Guilherme e Santiago - Jogado Na Rua _ Casa Amarela (Ao Vivo).mp3,ca5b983bebfcfde88cd32d33c54bf4116559551c7b1d3cbeb82566ac160a694f,IMPORT,preserved,,Top 50 Sertanejo 2024/18 - Guilherme e Santiago - Jogado Na Rua _ Casa Amarela (Ao Vivo).mp3,"sem erro de leitura; metadata GOOD; título HIGH; artista HIGH; cover presente; bitrate 128 kbps; sample rate 44100 Hz; desempate final por relative_path",128000,44100,true,GOOD
Top 50 Sertanejo 2024/19 - Traia Véia - Wi-Fi (Ao Vivo).mp3,05cd6a1c897376f64998307c37de4bb0ba6812d1f9f5a7b00ce0d05698f4a040,IMPORT,preserved,,Top 50 Sertanejo 2024/19 - Traia Véia - Wi-Fi (Ao Vivo).mp3,"sem erro de leitura; metadata GOOD; título HIGH; artista HIGH; cover presente; bitrate 128 kbps; sample rate 44100 Hz; desempate final por relative_path",128000,44100,true,GOOD
Top 50 Sertanejo 2024/20 - Marília Mendonça - Bem Pior Que Eu (Ao Vivo).mp3,55f30db09edc295f3a6fd94ce63b5f28763b28480d258c8953c850b9d068f0ec,IMPORT,likely_duplicate_representative,43,Top 50 Sertanejo 2024/20 - Marília Mendonça - Bem Pior Que Eu (Ao Vivo).mp3,"sem erro de leitura; metadata GOOD; título HIGH; artista HIGH; cover presente; bitrate 128 kbps; sample rate 44100 Hz; desempate final por relative_path",128000,44100,true,GOOD
Top 50 Sertanejo 2024/21 - Luan Santana - CLONE (Ao Vivo).mp3,61b6b7b0c7eba0307071e8fa9737b56acd942d9d88c458da8a5b71b4888be1b8,IMPORT,preserved,,Top 50 Sertanejo 2024/21 - Luan Santana - CLONE (Ao Vivo).mp3,"sem erro de leitura; metadata GOOD; título HIGH; artista HIGH; cover presente; bitrate 128 kbps; sample rate 44100 Hz; desempate final por relative_path",128000,44100,true,GOOD
Top 50 Sertanejo 2024/22 - Felipe e Rodrigo - Aham (Ao Vivo).mp3,d171fa5e89add9970374bc6b93608313e857e46f0894f5f93665e4a0fcf95df9,IMPORT,preserved,,Top 50 Sertanejo 2024/22 - Felipe e Rodrigo - Aham (Ao Vivo).mp3,"sem erro de leitura; metadata GOOD; título HIGH; artista HIGH; cover presente; bitrate 128 kbps; sample rate 44100 Hz; desempate final por relative_path",128000,44100,true,GOOD
Top 50 Sertanejo 2024/23 - Marcos & Belutti - Abandonando (Ao Vivo).mp3,ebac6402eba072c777e3576d40d2f8f28c6e5da39931b26029d6f42635f54a21,IMPORT,preserved,,Top 50 Sertanejo 2024/23 - Marcos & Belutti - Abandonando (Ao Vivo).mp3,"sem erro de leitura; metadata GOOD; título HIGH; artista HIGH; cover presente; bitrate 128 kbps; sample rate 44100 Hz; desempate final por relative_path",128000,44100,true,GOOD
Top 50 Sertanejo 2024/24 - Israel & Rodolffo - Arruma Um Bão.mp3,ef003dec610277fbd014ee71b858c014268a82ef4992eb2616ec2144888ff13e,IMPORT,preserved,,Top 50 Sertanejo 2024/24 - Israel & Rodolffo - Arruma Um Bão.mp3,"sem erro de leitura; metadata GOOD; título HIGH; artista HIGH; cover presente; bitrate 128 kbps; sample rate 44100 Hz; desempate final por relative_path",128000,44100,true,GOOD
Top 50 Sertanejo 2024/25 - Bruno Cesar e Rodrigo - Eu Posso Mudar.mp3,d593ddf6df90c69d0e89c61b39f3d3fe84d4f85fd8430e6a80c8cbaae053a5cf,IMPORT,preserved,,Top 50 Sertanejo 2024/25 - Bruno Cesar e Rodrigo - Eu Posso Mudar.mp3,"sem erro de leitura; metadata GOOD; título HIGH; artista HIGH; cover presente; bitrate 128 kbps; sample rate 44100 Hz; desempate final por relative_path",128000,44100,true,GOOD
Top 50 Sertanejo 2024/26 - Fernando & Sorocaba - Gosta de Caras Assim.mp3,f92880b103857d0e616d47ad41985c716f0f0ba38b05cc2a49ea23142f2e28c2,IMPORT,preserved,,Top 50 Sertanejo 2024/26 - Fernando & Sorocaba - Gosta de Caras Assim.mp3,"sem erro de leitura; metadata GOOD; título HIGH; artista HIGH; cover presente; bitrate 128 kbps; sample rate 44100 Hz; desempate final por relative_path",128000,44100,true,GOOD
Top 50 Sertanejo 2024/27 - Ana Castela - Veterinário (Ao Vivo).mp3,b47c025007e74b312716bb54c1f9bc74b285623dcfe965e76bc5d83b81107554,IMPORT,preserved,,Top 50 Sertanejo 2024/27 - Ana Castela - Veterinário (Ao Vivo).mp3,"sem erro de leitura; metadata GOOD; título HIGH; artista HIGH; cover presente; bitrate 128 kbps; sample rate 44100 Hz; desempate final por relative_path",128000,44100,true,GOOD
Top 50 Sertanejo 2024/28 - Thauane - Fica Comigo.mp3,1fa2b5ae254107e1ef63c141a916f6ff0e09f93e9fffce2a55fb9376dd930db7,IMPORT,preserved,,Top 50 Sertanejo 2024/28 - Thauane - Fica Comigo.mp3,"sem erro de leitura; metadata GOOD; título HIGH; artista HIGH; cover presente; bitrate 128 kbps; sample rate 44100 Hz; desempate final por relative_path",128000,44100,true,GOOD
Top 50 Sertanejo 2024/29 - Heitor e Murilo - Olho Encharcado.mp3,da48d435a6e19c70ad89f576ab3c00cee557601484987a0e0a7883f61ed25489,IMPORT,preserved,,Top 50 Sertanejo 2024/29 - Heitor e Murilo - Olho Encharcado.mp3,"sem erro de leitura; metadata GOOD; título HIGH; artista HIGH; cover presente; bitrate 128 kbps; sample rate 44100 Hz; desempate final por relative_path",128000,44100,true,GOOD
Top 50 Sertanejo 2024/30 - Gustavo Mioto - Eu Fujo.mp3,ada3049118b7e46fdefbf42bda808a61446764b2f80ced33f14d467fd60b3c3c,IMPORT,preserved,,Top 50 Sertanejo 2024/30 - Gustavo Mioto - Eu Fujo.mp3,"sem erro de leitura; metadata GOOD; título HIGH; artista HIGH; cover presente; bitrate 128 kbps; sample rate 44100 Hz; desempate final por relative_path",128000,44100,true,GOOD
Top 50 Sertanejo 2024/31 - Diego & Arnaldo - Desconhecido (Ao Vivo).mp3,005838c7fe5d682ed8e8f2c27f3a58b2ceb83759312d4db146d99eb0604b14ea,IMPORT,preserved,,Top 50 Sertanejo 2024/31 - Diego & Arnaldo - Desconhecido (Ao Vivo).mp3,"sem erro de leitura; metadata GOOD; título HIGH; artista HIGH; cover presente; bitrate 128 kbps; sample rate 44100 Hz; desempate final por relative_path",128000,44100,true,GOOD
Top 50 Sertanejo 2024/32 - Luan Pereira - FALTA DE QUÊ_.mp3,1f75b0fcc85ac627a69961eb0a9fe25380af5879f94a0f2ae3123128e028e8b9,SKIP_EXACT,exact_duplicate,13,000 Top Sertanejo ⭐ Hits Sertanejos!/010 - Luan Pereira - FALTA DE QUÊ_.mp3,"sem erro de leitura; metadata GOOD; título HIGH; artista HIGH; cover presente; bitrate 128 kbps; sample rate 44100 Hz; desempate final por relative_path",128000,44100,true,GOOD
Top 50 Sertanejo 2024/33 - Edson & Hudson - Mala Pronta (Ao Vivo).mp3,720544936a340d6db576bb1942664fd9dbae4d333a11c21b51a5075f2a3815a9,IMPORT,preserved,,Top 50 Sertanejo 2024/33 - Edson & Hudson - Mala Pronta (Ao Vivo).mp3,"sem erro de leitura; metadata GOOD; título HIGH; artista HIGH; cover presente; bitrate 128 kbps; sample rate 44100 Hz; desempate final por relative_path",128000,44100,true,GOOD
Top 50 Sertanejo 2024/34 - Pedro Paulo & Alex - Se Eu Beber Uma Lata (Ao Vivo) (Ao Vivo).mp3,55d991989248123b363ae3204c7f92097c84fedca0d6e60e85c0269981ff7b67,IMPORT,preserved,,Top 50 Sertanejo 2024/34 - Pedro Paulo & Alex - Se Eu Beber Uma Lata (Ao Vivo) (Ao Vivo).mp3,"sem erro de leitura; metadata GOOD; título HIGH; artista HIGH; cover presente; bitrate 128 kbps; sample rate 44100 Hz; desempate final por relative_path",128000,44100,true,GOOD
Top 50 Sertanejo 2024/35 - Hugo Henrique - Dia 1 (Ao Vivo).mp3,2d771a1d9c9c7f19317c87fc9778055775c0077a9c4b0ad970c2c197ee49f971,IMPORT,preserved,,Top 50 Sertanejo 2024/35 - Hugo Henrique - Dia 1 (Ao Vivo).mp3,"sem erro de leitura; metadata GOOD; título HIGH; artista HIGH; cover presente; bitrate 128 kbps; sample rate 44100 Hz; desempate final por relative_path",128000,44100,true,GOOD
Top 50 Sertanejo 2024/36 - Bruno & Marrone - Receita de Amar (feat. George Henrique e Rodrigo) (Ao Vivo _ Bônus Track).mp3,a0faba8401050f5aea19f17bd5cf51b10e6d5bc1b48411540cc7d5fc97edc74e,IMPORT,preserved,,Top 50 Sertanejo 2024/36 - Bruno & Marrone - Receita de Amar (feat. George Henrique e Rodrigo) (Ao Vivo _ Bônus Track).mp3,"sem erro de leitura; metadata GOOD; título HIGH; artista HIGH; cover presente; bitrate 128 kbps; sample rate 44100 Hz; desempate final por relative_path",128000,44100,true,GOOD
Top 50 Sertanejo 2024/37 - Humberto & Ronaldo - Pretinha.mp3,6e5c19c66cf2ba998d32a9a571345642caa381521b750fe5b4eddd8a19bb3291,IMPORT,preserved,,Top 50 Sertanejo 2024/37 - Humberto & Ronaldo - Pretinha.mp3,"sem erro de leitura; metadata GOOD; título HIGH; artista HIGH; cover presente; bitrate 128 kbps; sample rate 44100 Hz; desempate final por relative_path",128000,44100,true,GOOD
Top 50 Sertanejo 2024/38 - Felipe Araújo - Sorte Da Porra (Ao Vivo).mp3,4355ad35df412379d96031a51c9fed4b9c363f935ce549d1e07027739da2791d,IMPORT,preserved,,Top 50 Sertanejo 2024/38 - Felipe Araújo - Sorte Da Porra (Ao Vivo).mp3,"sem erro de leitura; metadata GOOD; título HIGH; artista HIGH; cover presente; bitrate 128 kbps; sample rate 44100 Hz; desempate final por relative_path",128000,44100,true,GOOD
Top 50 Sertanejo 2024/39 - César Menotti & Fabiano - Caso Marcado (Ao Vivo).mp3,2fafbfabef52b8cb184c6a5e6fc1a3ad36e6472a00fa5fe5ba8b11c49bfb91e8,IMPORT,preserved,,Top 50 Sertanejo 2024/39 - César Menotti & Fabiano - Caso Marcado (Ao Vivo).mp3,"sem erro de leitura; metadata GOOD; título HIGH; artista HIGH; cover presente; bitrate 128 kbps; sample rate 44100 Hz; desempate final por relative_path",128000,44100,true,GOOD
Top 50 Sertanejo 2024/40 - Marília Tavares - Água de Sal.mp3,c67739eaa017019587f0e253c0381193a7abdb72ba823764282f1ecfb783dd03,IMPORT,preserved,,Top 50 Sertanejo 2024/40 - Marília Tavares - Água de Sal.mp3,"sem erro de leitura; metadata GOOD; título HIGH; artista HIGH; cover presente; bitrate 128 kbps; sample rate 44100 Hz; desempate final por relative_path",128000,44100,true,GOOD
Top 50 Sertanejo 2024/41 - US Agroboy - Chuva de Arroz na Fazenda.mp3,bf60c24e68541dbfdca4b1418c8b4d6a2558a79524be622dedd7f23cb63305ab,IMPORT,preserved,,Top 50 Sertanejo 2024/41 - US Agroboy - Chuva de Arroz na Fazenda.mp3,"sem erro de leitura; metadata GOOD; título HIGH; artista HIGH; cover presente; bitrate 128 kbps; sample rate 44100 Hz; desempate final por relative_path",128000,44100,true,GOOD
Top 50 Sertanejo 2024/42 - Allana Macedo - Não Sou Ex de Ninguém (Ao Vivo).mp3,5e2ff19fa352115a010ba991cf5fa3e9ef61e7e69f47969d15b190dcb6b7eef7,IMPORT,preserved,,Top 50 Sertanejo 2024/42 - Allana Macedo - Não Sou Ex de Ninguém (Ao Vivo).mp3,"sem erro de leitura; metadata GOOD; título HIGH; artista HIGH; cover presente; bitrate 128 kbps; sample rate 44100 Hz; desempate final por relative_path",128000,44100,true,GOOD
Top 50 Sertanejo 2024/43 - Thiago e Samuel - Amor Diferente (Ao Vivo).mp3,e066d584ab4db13a8e03032a9b9bd7498fc93b6b0dfb25f9eb2acbd4a40712ed,IMPORT,preserved,,Top 50 Sertanejo 2024/43 - Thiago e Samuel - Amor Diferente (Ao Vivo).mp3,"sem erro de leitura; metadata GOOD; título HIGH; artista HIGH; cover presente; bitrate 128 kbps; sample rate 44100 Hz; desempate final por relative_path",128000,44100,true,GOOD
Top 50 Sertanejo 2024/44 - Yasmin Santos - Nem a Pau (feat. Simone Mendes) (Ao Vivo).mp3,64cf157612df43ac00fad5f72f159f4d1b17b8ef87f1620d101554cd27296817,IMPORT,preserved,,Top 50 Sertanejo 2024/44 - Yasmin Santos - Nem a Pau (feat. Simone Mendes) (Ao Vivo).mp3,"sem erro de leitura; metadata GOOD; título HIGH; artista HIGH; cover presente; bitrate 128 kbps; sample rate 44100 Hz; desempate final por relative_path",128000,44100,true,GOOD
Top 50 Sertanejo 2024/45 - Fiorella - Espontânea Saudade.mp3,c4642d70fa40815d6beb260050bcfabb67a3d27ea2f5e0a5a416b9220e91c6c9,IMPORT,preserved,,Top 50 Sertanejo 2024/45 - Fiorella - Espontânea Saudade.mp3,"sem erro de leitura; metadata GOOD; título HIGH; artista HIGH; cover presente; bitrate 128 kbps; sample rate 44100 Hz; desempate final por relative_path",128000,44100,true,GOOD
Top 50 Sertanejo 2024/46 - Luiz Henrique e Leo - Piti (Ao Vivo).mp3,0bfaa53ba009acf11bd4252acd5e415ef8d745282754c400be2c14e986f56317,IMPORT,preserved,,Top 50 Sertanejo 2024/46 - Luiz Henrique e Leo - Piti (Ao Vivo).mp3,"sem erro de leitura; metadata GOOD; título HIGH; artista HIGH; cover presente; bitrate 128 kbps; sample rate 44100 Hz; desempate final por relative_path",128000,44100,true,GOOD
Top 50 Sertanejo 2024/47 - Cristiano Araújo - Tempo Ao Tempo.mp3,766ada8936ff7b6b5a2bd1dd77ebdd1ccf04cfcaf58dfe0b35f6a537e54cde15,IMPORT,likely_duplicate_representative,17,Top 50 Sertanejo 2024/47 - Cristiano Araújo - Tempo Ao Tempo.mp3,"sem erro de leitura; metadata GOOD; título HIGH; artista HIGH; cover presente; bitrate 128 kbps; sample rate 44100 Hz; desempate final por relative_path",128000,44100,true,GOOD
Top 50 Sertanejo 2024/48 - João Bosco & Vinícius - 300 Celular (Ao Vivo).mp3,94f9b18386b9f1eeb33a99fecb60a66ca4791111a761f7d5253cab98d0d1c431,IMPORT,preserved,,Top 50 Sertanejo 2024/48 - João Bosco & Vinícius - 300 Celular (Ao Vivo).mp3,"sem erro de leitura; metadata GOOD; título HIGH; artista HIGH; cover presente; bitrate 128 kbps; sample rate 44100 Hz; desempate final por relative_path",128000,44100,true,GOOD
Top 50 Sertanejo 2024/49 - George Henrique & Rodrigo - Resquícios.mp3,759f6f5b12cf943d22456a8fb0b59ff8e6d60d97c51f15d3370372ca67a61ccd,IMPORT,preserved,,Top 50 Sertanejo 2024/49 - George Henrique & Rodrigo - Resquícios.mp3,"sem erro de leitura; metadata GOOD; título HIGH; artista HIGH; cover presente; bitrate 128 kbps; sample rate 44100 Hz; desempate final por relative_path",128000,44100,true,GOOD
Top 50 Sertanejo 2024/50 - João Carreiro - Volta Pro Meu Coração.mp3,04ea963eef645bb2b49d1f986203b00e6870b8b1e8c6c21e02614f425f2cf514,IMPORT,preserved,,Top 50 Sertanejo 2024/50 - João Carreiro - Volta Pro Meu Coração.mp3,"sem erro de leitura; metadata GOOD; título HIGH; artista HIGH; cover presente; bitrate 128 kbps; sample rate 44100 Hz; desempate final por relative_path",128000,44100,true,GOOD
